system_id,system_short,system,module_id,module,gene,w_g,role,confidence,w_g_source,anchor,evidence,citation,review_flag
1,oxytocin,"Oxytocin, vasopressin & CICR",1.1,"Oxytocin/vasopressin peptide biosynthesis, processing and receptors",AVP,1,driver-adjacent,medium,curated,TRUE,PI curated: vasopressin arm ligand,,
1,oxytocin,"Oxytocin, vasopressin & CICR",1.1,"Oxytocin/vasopressin peptide biosynthesis, processing and receptors",AVPR1A,1,driver-adjacent,medium,curated,TRUE,PI curated: V1a social receptor,,
1,oxytocin,"Oxytocin, vasopressin & CICR",1.1,"Oxytocin/vasopressin peptide biosynthesis, processing and receptors",AVPR1B,1,driver-adjacent,low,curated,FALSE,PI curated: V1b pituitary receptor,,low_confidence_signed
1,oxytocin,"Oxytocin, vasopressin & CICR",1.1,"Oxytocin/vasopressin peptide biosynthesis, processing and receptors",AVPR2,0,specificity-control,high,curated,FALSE,PI curated: renal Gs receptor; deliberately included as a negative control,,
1,oxytocin,"Oxytocin, vasopressin & CICR",1.1,"Oxytocin/vasopressin peptide biosynthesis, processing and receptors",CPE,1,synthesis,medium,rule,FALSE,rule - precursor-processing protease: trims C-terminal basic residues to yield mature OXT/AVP,,
1,oxytocin,"Oxytocin, vasopressin & CICR",1.1,"Oxytocin/vasopressin peptide biosynthesis, processing and receptors",LNPEP,-1,catabolism,high,literature,FALSE,oxytocinase/vasopressinase: LNPEP inactivates AVP and OXT (degradation-enzyme class),38452613;23889750,
1,oxytocin,"Oxytocin, vasopressin & CICR",1.1,"Oxytocin/vasopressin peptide biosynthesis, processing and receptors",MAGEL2,1,accessory,low,literature,FALSE,Magel2-deficient mice have significantly reduced oxytocin neuron counts in caudal PVN,36458331;36998737,low_confidence_signed
1,oxytocin,"Oxytocin, vasopressin & CICR",1.1,"Oxytocin/vasopressin peptide biosynthesis, processing and receptors",OXT,1,driver,high,curated,TRUE,PI curated: the ligand,,
1,oxytocin,"Oxytocin, vasopressin & CICR",1.1,"Oxytocin/vasopressin peptide biosynthesis, processing and receptors",OXTR,1,driver,high,curated,TRUE,PI curated: the receptor (0 usable probes in blood arm; check v3),,
1,oxytocin,"Oxytocin, vasopressin & CICR",1.1,"Oxytocin/vasopressin peptide biosynthesis, processing and receptors",PAM,1,synthesis,medium,rule,FALSE,rule - precursor-processing enzyme: obligate C-terminal amidation; unamidated OXT/AVP are inactive,,
1,oxytocin,"Oxytocin, vasopressin & CICR",1.1,"Oxytocin/vasopressin peptide biosynthesis, processing and receptors",PCSK1N,-1,antagonist,medium,literature,FALSE,proSAAS-derived peptides inhibit prohormone convertase PC1 (endogenous-inhibitor class),15935061,
1,oxytocin,"Oxytocin, vasopressin & CICR",1.1,"Oxytocin/vasopressin peptide biosynthesis, processing and receptors",SCG2,1,accessory,low,rule,FALSE,rule - vesicular loading/storage: granin forming the dense-core vesicle matrix for peptide storage and release,,low_confidence_signed
1,oxytocin,"Oxytocin, vasopressin & CICR",1.1,"Oxytocin/vasopressin peptide biosynthesis, processing and receptors",SCG5,1,accessory,medium,rule,FALSE,rule - obligate accessory: 7B2 chaperone required for proPC2 maturation; its CT peptide also inhibits PC2,,
1,oxytocin,"Oxytocin, vasopressin & CICR",1.2,CD38/cADPR-NAADP calcium mobilization for peptide release,BST1,1,driver,low,rule,FALSE,rule - synthesis enzyme: CD157 ADP-ribosyl cyclase paralog generating cADPR; consistent with curated CD38=+1,,low_confidence_signed
1,oxytocin,"Oxytocin, vasopressin & CICR",1.2,CD38/cADPR-NAADP calcium mobilization for peptide release,CD38,1,driver,high,curated,TRUE,PI curated: cADPR production; drives CICR,,
1,oxytocin,"Oxytocin, vasopressin & CICR",1.2,CD38/cADPR-NAADP calcium mobilization for peptide release,SIGMAR1,0,ambiguous,low,curated,FALSE,"PI curated ambiguous; retrieved lit supports isoform-dependent IP3R modulation of ER-to-mitochondrial Ca, not cytosolic release",22619170;26110381,
1,oxytocin,"Oxytocin, vasopressin & CICR",1.2,CD38/cADPR-NAADP calcium mobilization for peptide release,TPCN1,1,driver,low,rule,FALSE,rule - Ca-release channel: NAADP-gated endolysosomal two-pore channel; consistent with curated TPCN2=+1,,low_confidence_signed
1,oxytocin,"Oxytocin, vasopressin & CICR",1.2,CD38/cADPR-NAADP calcium mobilization for peptide release,TPCN2,1,driver,low,curated,FALSE,PI curated: two-pore channel; NAADP-gated Ca release,,low_confidence_signed
1,oxytocin,"Oxytocin, vasopressin & CICR",1.2,CD38/cADPR-NAADP calcium mobilization for peptide release,TRPM2,1,driver,medium,curated,FALSE,PI curated: ADPR-gated Ca entry sustaining loop,,
1,oxytocin,"Oxytocin, vasopressin & CICR",1.3,Gq-PLC-IP3 transduction,GNA11,1,transducer,medium,omnipath,FALSE,"OmniPath: GNA11 consensus-stimulates PLCB1 and PLCB2, the IP3-generating step downstream of OXTR/AVPR1A",Cui2007;SIGNOR;CA1;Wang;KEGG-MEDICUS (curation_effort=2),
1,oxytocin,"Oxytocin, vasopressin & CICR",1.3,Gq-PLC-IP3 transduction,GNA14,1,transducer,medium,omnipath,FALSE,OmniPath: GNA14 consensus-stimulates PLCB1,SIGNOR;Wang;KEGG-MEDICUS (curation_effort=1),
1,oxytocin,"Oxytocin, vasopressin & CICR",1.3,Gq-PLC-IP3 transduction,GNAQ,1,transducer,high,omnipath,FALSE,OmniPath: GNAQ consensus-stimulates PLCB1,HINT;Cui2007;SIGNOR;CA1;Wang;Lit-BM-17;HPRD;BioGRID;KEGG-MEDICUS (curation_effort=12),
1,oxytocin,"Oxytocin, vasopressin & CICR",1.3,Gq-PLC-IP3 transduction,ITPR1,1,driver,medium,curated,FALSE,PI curated: IP3R calcium release,,
1,oxytocin,"Oxytocin, vasopressin & CICR",1.3,Gq-PLC-IP3 transduction,ITPR2,1,driver,medium,rule,FALSE,rule - Ca-release channel: IP3R2; family consistency with curated ITPR1/ITPR3=+1,,
1,oxytocin,"Oxytocin, vasopressin & CICR",1.3,Gq-PLC-IP3 transduction,ITPR3,1,driver,medium,curated,FALSE,PI curated: IP3R calcium release,,
1,oxytocin,"Oxytocin, vasopressin & CICR",1.3,Gq-PLC-IP3 transduction,PLCB1,1,synthesis,medium,rule,FALSE,rule - rate-limiting synthesis of the effector IP3 that gates IP3R; confirmed Gq target in OmniPath,,
1,oxytocin,"Oxytocin, vasopressin & CICR",1.3,Gq-PLC-IP3 transduction,PLCB2,1,synthesis,medium,rule,FALSE,rule - synthesis of IP3; Gq-family target (GNA11 consensus-stimulates PLCB2 in OmniPath),,
1,oxytocin,"Oxytocin, vasopressin & CICR",1.3,Gq-PLC-IP3 transduction,PLCB3,1,synthesis,medium,rule,FALSE,rule - synthesis of the effector IP3 downstream of Gq,,
1,oxytocin,"Oxytocin, vasopressin & CICR",1.3,Gq-PLC-IP3 transduction,PLCB4,1,synthesis,low,rule,FALSE,rule - synthesis of IP3 downstream of Gq; no signed OmniPath edge for this paralog,,low_confidence_signed
1,oxytocin,"Oxytocin, vasopressin & CICR",1.3,Gq-PLC-IP3 transduction,PRKCA,-1,feedback,medium,omnipath,FALSE,OmniPath: PRKCA consensus-inhibits PLCB1 and PLCB3 - PKC feedback phosphorylation restrains the Gq-IP3 arm,SIGNOR;PhosphoSite_KEA;KEA;CA1;HPRD;ProtMapper;Cui2007;Wang;iPTMnet (curation_effort=11),
1,oxytocin,"Oxytocin, vasopressin & CICR",1.3,Gq-PLC-IP3 transduction,PRKCB,-1,feedback,low,rule,FALSE,"rule - negative-feedback mediator: PKC paralog of PRKCA, which consensus-inhibits PLCB1 in OmniPath",,low_confidence_signed
1,oxytocin,"Oxytocin, vasopressin & CICR",1.3,Gq-PLC-IP3 transduction,PRKCG,-1,feedback,low,rule,FALSE,rule - negative-feedback mediator: PKC paralog of PRKCA; no signed edge of its own,,low_confidence_signed
1,oxytocin,"Oxytocin, vasopressin & CICR",1.4,Ryanodine receptor CICR complex,ASPH,0,ambiguous,low,rule,FALSE,isoform-dependent: the junctin isoform restrains RYR via the CASQ-triadin complex; the hydroxylase isoform is off-axis,,
1,oxytocin,"Oxytocin, vasopressin & CICR",1.4,Ryanodine receptor CICR complex,CASQ1,-1,buffer,low,curated,FALSE,PI curated: ER Ca buffer,,low_confidence_signed
1,oxytocin,"Oxytocin, vasopressin & CICR",1.4,Ryanodine receptor CICR complex,CASQ2,-1,buffer,low,curated,FALSE,PI curated: ER Ca buffer,,low_confidence_signed
1,oxytocin,"Oxytocin, vasopressin & CICR",1.4,Ryanodine receptor CICR complex,FKBP1A,-1,brake,medium,literature,FALSE,FKBP12 stabilises the closed state of ryanodine receptors; its removal causes an intracellular Ca leak,17478757,
1,oxytocin,"Oxytocin, vasopressin & CICR",1.4,Ryanodine receptor CICR complex,FKBP1B,-1,brake,medium,literature,FALSE,FKBP12.6 stabilises RYR2 closed; cardiac overexpression halved Ca spark frequency,18378612,
1,oxytocin,"Oxytocin, vasopressin & CICR",1.4,Ryanodine receptor CICR complex,HRC,-1,buffer,low,rule,FALSE,rule - luminal Ca-binding buffer restraining RYR via triadin; same class as curated CASQ1/CASQ2=-1,,low_confidence_signed
1,oxytocin,"Oxytocin, vasopressin & CICR",1.4,Ryanodine receptor CICR complex,JPH1,0,ambiguous,low,rule,FALSE,junctional-tether scaffold; direction ambiguous as demonstrated for JPH2 (coupling gain lost yet RYR hyperactive),,
1,oxytocin,"Oxytocin, vasopressin & CICR",1.4,Ryanodine receptor CICR complex,JPH2,0,ambiguous,low,literature,FALSE,JPH2 knockdown lowers EC-coupling gain but yields hyperactive ryanodine receptors - both signs supported,21339484;22707157,
1,oxytocin,"Oxytocin, vasopressin & CICR",1.4,Ryanodine receptor CICR complex,JPH3,0,ambiguous,low,rule,FALSE,junctional-tether scaffold (neuronal); same two-sided direction as JPH2; also the HDL2 repeat locus,,
1,oxytocin,"Oxytocin, vasopressin & CICR",1.4,Ryanodine receptor CICR complex,JPH4,0,ambiguous,low,rule,FALSE,junctional-tether scaffold (neuronal); same two-sided direction as JPH2,,
1,oxytocin,"Oxytocin, vasopressin & CICR",1.4,Ryanodine receptor CICR complex,RYR1,1,driver,high,curated,FALSE,PI curated: CICR release channel,,
1,oxytocin,"Oxytocin, vasopressin & CICR",1.4,Ryanodine receptor CICR complex,RYR2,1,driver,high,curated,TRUE,PI curated: CICR release channel,,
1,oxytocin,"Oxytocin, vasopressin & CICR",1.4,Ryanodine receptor CICR complex,RYR3,1,driver,high,curated,FALSE,PI curated: CICR release channel,,
1,oxytocin,"Oxytocin, vasopressin & CICR",1.4,Ryanodine receptor CICR complex,SELENON,1,accessory,medium,literature,FALSE,Selenoprotein N is required for ryanodine receptor Ca release channel activity; associates with and modifies RYR,18713863,
1,oxytocin,"Oxytocin, vasopressin & CICR",1.4,Ryanodine receptor CICR complex,SRL,-1,buffer,low,rule,FALSE,rule - SR luminal Ca-binding buffer (sarcalumenin); same class as curated CASQ1/CASQ2=-1,,low_confidence_signed
1,oxytocin,"Oxytocin, vasopressin & CICR",1.4,Ryanodine receptor CICR complex,TRDN,0,ambiguous,low,rule,FALSE,"scaffold, two readings collide: triadin anchors CASQ inhibition of RYR yet is required for normal coupled release",,
1,oxytocin,"Oxytocin, vasopressin & CICR",1.5,Calcium clearance and store refilling,ATP2A1,-1,clearance,medium,rule,FALSE,rule - uptake pump terminating the cytosolic signal; consistent with curated ATP2A2/ATP2A3=-1,,
1,oxytocin,"Oxytocin, vasopressin & CICR",1.5,Calcium clearance and store refilling,ATP2A2,-1,brake,medium,curated,FALSE,PI curated: SERCA refills ER; terminates cytosolic signal,,
1,oxytocin,"Oxytocin, vasopressin & CICR",1.5,Calcium clearance and store refilling,ATP2A3,-1,brake,medium,curated,FALSE,PI curated: SERCA pump,,
1,oxytocin,"Oxytocin, vasopressin & CICR",1.5,Calcium clearance and store refilling,ATP2B1,-1,clearance,medium,rule,FALSE,rule - plasma-membrane clearance transporter: PMCA extrudes cytosolic Ca,,
1,oxytocin,"Oxytocin, vasopressin & CICR",1.5,Calcium clearance and store refilling,ATP2B2,-1,clearance,medium,rule,FALSE,rule - plasma-membrane clearance transporter: PMCA extrudes cytosolic Ca,,
1,oxytocin,"Oxytocin, vasopressin & CICR",1.5,Calcium clearance and store refilling,ATP2B3,-1,clearance,medium,rule,FALSE,rule - plasma-membrane clearance transporter: PMCA extrudes cytosolic Ca,,
1,oxytocin,"Oxytocin, vasopressin & CICR",1.5,Calcium clearance and store refilling,ATP2B4,-1,clearance,medium,rule,FALSE,rule - plasma-membrane clearance transporter: PMCA extrudes cytosolic Ca,,
1,oxytocin,"Oxytocin, vasopressin & CICR",1.5,Calcium clearance and store refilling,PLN,1,brake-of-brake,medium,omnipath,FALSE,"OmniPath: PLN consensus-inhibits ATP2A2; inhibiting the clearance pump prolongs the cytosolic Ca signal | role relabelled from ""antagonist"": inhibits the SERCA clearance pump, so it prolongs the cytosolic calcium transient: a brake on a brake",KEGG-MEDICUS;SIGNOR;Wang;HPRD;BioGRID;SPIKE_LC (curation_effort=7),
1,oxytocin,"Oxytocin, vasopressin & CICR",1.5,Calcium clearance and store refilling,SLC8A1,-1,clearance,medium,rule,FALSE,rule - plasma-membrane clearance transporter: NCX forward-mode Ca extrusion (reverse mode is the caveat),,
1,oxytocin,"Oxytocin, vasopressin & CICR",1.5,Calcium clearance and store refilling,SLC8A2,-1,clearance,low,rule,FALSE,rule - plasma-membrane clearance transporter: NCX2 Ca extrusion; reverse mode is the caveat,,low_confidence_signed
1,oxytocin,"Oxytocin, vasopressin & CICR",1.5,Calcium clearance and store refilling,SLC8A3,-1,clearance,low,rule,FALSE,rule - plasma-membrane clearance transporter: NCX3 Ca extrusion; reverse mode is the caveat,,low_confidence_signed
1,oxytocin,"Oxytocin, vasopressin & CICR",1.5,Calcium clearance and store refilling,SLN,1,brake-of-brake,medium,omnipath,FALSE,"OmniPath: SLN consensus-inhibits ATP2A1 and ATP2A2; inhibits the clearance pump | role relabelled from ""antagonist"": inhibits SERCA1/2, the clearance pump, so it raises CICR tone: a brake on a brake",HPRD;SIGNOR;KEGG-MEDICUS (curation_effort=3),
1,oxytocin,"Oxytocin, vasopressin & CICR",1.6,Store-operated calcium entry,ORAI1,1,driver,high,omnipath,FALSE,CRAC pore subunit; OmniPath: ORAI1 consensus-stimulates the Ca channel TRPC3,DIP;HPRD;TRIP (curation_effort=5),
1,oxytocin,"Oxytocin, vasopressin & CICR",1.6,Store-operated calcium entry,ORAI2,0,ambiguous,low,literature,FALSE,pore-forming SOCE subunit that negatively modulates SOCE activity in situ; net direction context-dependent,25748572;31166814,
1,oxytocin,"Oxytocin, vasopressin & CICR",1.6,Store-operated calcium entry,ORAI3,0,unresolved,low,unresolved,FALSE,no isoform-specific evidence retrieved on whether higher ORAI3 raises or lowers net SOCE; ORAI3-knockdown SOCE data would settle it,,unresolved_needs_evidence
1,oxytocin,"Oxytocin, vasopressin & CICR",1.6,Store-operated calcium entry,STIM1,1,driver,high,omnipath,FALSE,ER Ca sensor gating Ca entry; OmniPath: STIM1 consensus-stimulates TRPC1,HINT;IntAct;TRIP (curation_effort=24),
1,oxytocin,"Oxytocin, vasopressin & CICR",1.6,Store-operated calcium entry,STIM2,1,driver,low,rule,FALSE,"rule - ER Ca sensor gating Ca entry; STIM1 paralog, but its low-affinity basal-Ca role adds uncertainty",,low_confidence_signed
1,oxytocin,"Oxytocin, vasopressin & CICR",1.7,Voltage-gated calcium entry,CACNA1A,1,driver,medium,rule,FALSE,rule - Ca entry channel: P/Q-type pore subunit; family consistency with curated CACNA1C=+1,,
1,oxytocin,"Oxytocin, vasopressin & CICR",1.7,Voltage-gated calcium entry,CACNA1B,1,driver,medium,rule,FALSE,rule - Ca entry channel: N-type pore subunit driving dense-core vesicle peptide release,,
1,oxytocin,"Oxytocin, vasopressin & CICR",1.7,Voltage-gated calcium entry,CACNA1C,1,driver,medium,curated,FALSE,PI curated: L-type VGCC entry,,
1,oxytocin,"Oxytocin, vasopressin & CICR",1.7,Voltage-gated calcium entry,CACNA1D,1,driver,medium,rule,FALSE,rule - Ca entry channel: L-type pore subunit; family consistency with curated CACNA1C=+1,,
1,oxytocin,"Oxytocin, vasopressin & CICR",1.7,Voltage-gated calcium entry,CACNA1E,1,driver,low,rule,FALSE,rule - Ca entry channel: R-type pore subunit,,low_confidence_signed
1,oxytocin,"Oxytocin, vasopressin & CICR",1.7,Voltage-gated calcium entry,CACNA2D1,1,accessory,medium,rule,FALSE,rule - obligate accessory subunit: alpha2delta-1 raises channel trafficking and current; same sign as the channel,,
1,oxytocin,"Oxytocin, vasopressin & CICR",1.7,Voltage-gated calcium entry,CACNB2,1,accessory,medium,rule,FALSE,rule - obligate accessory subunit: beta2 raises surface expression and current; same sign as the channel,,
1,oxytocin,"Oxytocin, vasopressin & CICR",1.8,Calcium sensing and downstream decoding,CALB1,-1,buffer,medium,rule,FALSE,rule - cytosolic Ca buffer (calbindin-D28k) damping free Ca; buffer class as for curated CASQ=-1,,
1,oxytocin,"Oxytocin, vasopressin & CICR",1.8,Calcium sensing and downstream decoding,CALB2,-1,buffer,medium,rule,FALSE,rule - cytosolic Ca buffer (calretinin) damping free Ca,,
1,oxytocin,"Oxytocin, vasopressin & CICR",1.8,Calcium sensing and downstream decoding,CALM1,1,transducer,low,curated,FALSE,PI curated; OmniPath agrees on RYR1: CALM1 consensus-stimulates RYR1 (it consensus-inhibits ITPR1),Cui2007;Wang;CA1;HPRD;BioGRID (curation_effort=4),low_confidence_signed
1,oxytocin,"Oxytocin, vasopressin & CICR",1.8,Calcium sensing and downstream decoding,CALM2,1,transducer,low,rule,FALSE,rule - Ca sensor/transducer; family consistency with curated CALM1/CALM3=+1,,low_confidence_signed
1,oxytocin,"Oxytocin, vasopressin & CICR",1.8,Calcium sensing and downstream decoding,CALM3,1,transducer,low,curated,FALSE,PI curated; OmniPath agrees on RYR1: CALM3 consensus-stimulates RYR1,Cui2007;HINT;CA1;Wang (curation_effort=4),low_confidence_signed
1,oxytocin,"Oxytocin, vasopressin & CICR",1.8,Calcium sensing and downstream decoding,CAMK2A,1,transducer,low,rule,FALSE,rule - Ca/CaM effector kinase decoding the Ca signal; family consistency with curated CAMK2D=+1,,low_confidence_signed
1,oxytocin,"Oxytocin, vasopressin & CICR",1.8,Calcium sensing and downstream decoding,CAMK2B,1,transducer,low,rule,FALSE,rule - Ca/CaM effector kinase; family consistency with curated CAMK2D=+1,,low_confidence_signed
1,oxytocin,"Oxytocin, vasopressin & CICR",1.8,Calcium sensing and downstream decoding,CAMK2D,1,transducer,low,curated,FALSE,PI curated: Ca effector kinase,,low_confidence_signed
1,oxytocin,"Oxytocin, vasopressin & CICR",1.8,Calcium sensing and downstream decoding,CAMK2G,1,transducer,low,rule,FALSE,rule - Ca/CaM effector kinase; family consistency with curated CAMK2D=+1,,low_confidence_signed
1,oxytocin,"Oxytocin, vasopressin & CICR",1.8,Calcium sensing and downstream decoding,CAMK4,1,transducer,low,rule,FALSE,rule - Ca/CaM effector kinase relaying Ca to CREB-dependent transcription,,low_confidence_signed
1,oxytocin,"Oxytocin, vasopressin & CICR",1.8,Calcium sensing and downstream decoding,NOS1,-1,feedback,medium,literature,FALSE,endogenous NO inhibits supraoptic magnocellular firing and AVP/OXT secretion; NOS inhibition facilitates release,10964978;15064807,
1,oxytocin,"Oxytocin, vasopressin & CICR",1.9,Dense-core vesicle release machinery,CADPS2,1,accessory,low,rule,FALSE,rule - obligate accessory for dense-core vesicle exocytosis (CAPS-family priming factor),,low_confidence_signed
1,oxytocin,"Oxytocin, vasopressin & CICR",1.9,Dense-core vesicle release machinery,CPLX2,0,ambiguous,low,rule,FALSE,two readings collide: complexin clamps spontaneous fusion yet is required for fast Ca-triggered release,,
1,oxytocin,"Oxytocin, vasopressin & CICR",1.9,Dense-core vesicle release machinery,STX1B,1,accessory,medium,rule,FALSE,rule - obligate accessory: SNARE required for vesicle fusion and peptide release,,
1,oxytocin,"Oxytocin, vasopressin & CICR",1.9,Dense-core vesicle release machinery,STXBP1,1,accessory,medium,rule,FALSE,rule - obligate accessory: Munc18-1 priming; its loss abolishes secretion,,
1,oxytocin,"Oxytocin, vasopressin & CICR",1.9,Dense-core vesicle release machinery,SYT7,1,driver,medium,rule,FALSE,rule - Ca sensor triggering dense-core vesicle exocytosis (high-affinity synaptotagmin),,
1,oxytocin,"Oxytocin, vasopressin & CICR",1.9,Dense-core vesicle release machinery,UNC13A,1,accessory,medium,rule,FALSE,rule - obligate accessory: Munc13-1 priming factor required for release,,
1,oxytocin,"Oxytocin, vasopressin & CICR",1.9,Dense-core vesicle release machinery,UNC13B,1,accessory,medium,rule,FALSE,rule - obligate accessory: Munc13-2 priming factor required for release,,
2,hpa,HPA axis & glucocorticoid signalling,2.1,Hypothalamic CRH-family/PACAP drive and PVN neuroendocrine specification,ADCYAP1,1,driver,medium,literature,FALSE,PACAP-null mice show 48% lower sustained corticosterone and no restraint-induced rise in PVN CRH mRNA,19931358;21824204,
2,hpa,HPA axis & glucocorticoid signalling,2.1,Hypothalamic CRH-family/PACAP drive and PVN neuroendocrine specification,ADCYAP1R1,1,driver,high,gtopdb,FALSE,rule - Gs/Gq-coupled receptor: PAC1 transduces the PACAP drive onto PVN CRH | confirmed by GtoPdb coupling (Gs),21824204; GtoPdb Gs,
2,hpa,HPA axis & glucocorticoid signalling,2.1,Hypothalamic CRH-family/PACAP drive and PVN neuroendocrine specification,ARNT2,0,off-axis,medium,rule,FALSE,"rule - developmental/lineage TF specifying PVN neuroendocrine identity, not a signalling-level input (PHOX2B/PAX8 class)",,
2,hpa,HPA axis & glucocorticoid signalling,2.1,Hypothalamic CRH-family/PACAP drive and PVN neuroendocrine specification,CRH,1,driver,high,curated,TRUE,PI curated: initiates cascade; OmniPath confirms CRH consensus-stimulates CRHR1,SIGNOR;Guide2Pharma;KEGG-MEDICUS;IntAct;HPRD;BioGRID;HINT (curation_effort=58),
2,hpa,HPA axis & glucocorticoid signalling,2.1,Hypothalamic CRH-family/PACAP drive and PVN neuroendocrine specification,OTP,0,off-axis,medium,rule,FALSE,rule - developmental/lineage TF specifying hypothalamic neuroendocrine neurons; effect on tone runs through cell fate,,
2,hpa,HPA axis & glucocorticoid signalling,2.1,Hypothalamic CRH-family/PACAP drive and PVN neuroendocrine specification,SIM1,0,off-axis,medium,rule,FALSE,"rule - developmental/lineage TF specifying the PVN; effect on tone runs through cell fate, not signalling level",,
2,hpa,HPA axis & glucocorticoid signalling,2.1,Hypothalamic CRH-family/PACAP drive and PVN neuroendocrine specification,UCN,1,driver,medium,curated,FALSE,PI curated: CRHR1/2 ligand sustaining response beyond CRH pulse,,
2,hpa,HPA axis & glucocorticoid signalling,2.1,Hypothalamic CRH-family/PACAP drive and PVN neuroendocrine specification,UCN2,-1,brake,medium,curated,FALSE,PI curated: CRHR2-selective; recovery phase,,
2,hpa,HPA axis & glucocorticoid signalling,2.1,Hypothalamic CRH-family/PACAP drive and PVN neuroendocrine specification,UCN3,-1,brake,medium,curated,FALSE,PI curated: most CRHR2-selective; stress offset,,
2,hpa,HPA axis & glucocorticoid signalling,2.2,CRH-family receptors,CRHR1,1,driver,high,curated,TRUE,PI curated: mediates CRH->ACTH (0 usable probes),,
2,hpa,HPA axis & glucocorticoid signalling,2.2,CRH-family receptors,CRHR2,-1,brake,medium,curated,FALSE,PI curated: stress-recovery arm opposing CRHR1 (note: the Gs-receptor rule alone would give +1),,
2,hpa,HPA axis & glucocorticoid signalling,2.3,P - pituitary corticotroph and POMC processing,LIF,1,driver,medium,literature,FALSE,LIF induces ACTH secretion in vivo and potentiates CRH induction of POMC transcription,8923879;9099700,
2,hpa,HPA axis & glucocorticoid signalling,2.3,P - pituitary corticotroph and POMC processing,PCSK1,1,driver,medium,curated,FALSE,PI curated: cleaves POMC to ACTH (rate-limiting),,
2,hpa,HPA axis & glucocorticoid signalling,2.3,P - pituitary corticotroph and POMC processing,PCSK2,-1,brake,low,curated,FALSE,PI curated: diverts POMC away from ACTH branch,,low_confidence_signed
2,hpa,HPA axis & glucocorticoid signalling,2.3,P - pituitary corticotroph and POMC processing,POMC,1,driver,high,curated,TRUE,PI curated: ACTH precursor,,
2,hpa,HPA axis & glucocorticoid signalling,2.3,P - pituitary corticotroph and POMC processing,PROP1,0,off-axis,medium,rule,FALSE,rule - developmental/lineage TF for anterior-pituitary cell fate; not a signalling-level input to axis tone,,
2,hpa,HPA axis & glucocorticoid signalling,2.3,P - pituitary corticotroph and POMC processing,TBX19,1,driver,medium,curated,FALSE,PI curated: corticotroph differentiation / POMC transcription,,
2,hpa,HPA axis & glucocorticoid signalling,2.4,A - adrenal ACTH reception,MC2R,1,driver,high,curated,TRUE,PI curated: adrenal ACTH receptor; obligatory step to cortisol,,
2,hpa,HPA axis & glucocorticoid signalling,2.4,A - adrenal ACTH reception,MRAP,1,driver,medium,curated,FALSE,PI curated: required for MC2R surface expression,,
2,hpa,HPA axis & glucocorticoid signalling,2.4,A - adrenal ACTH reception,MRAP2,0,off-axis,medium,literature,FALSE,MRAP2 facilitates MC2R surface localisation but not ACTH signalling; no directional contribution to cortisol output,32679290,
2,hpa,HPA axis & glucocorticoid signalling,2.5,Pre-receptor glucocorticoid regeneration,H6PD,1,accessory,high,literature,FALSE,H6PD supplies the NADPH driving HSD11B1 as a reductase; H6PD knockdown attenuates cortisone-to-cortisol conversion,23125313;22154985,
2,hpa,HPA axis & glucocorticoid signalling,2.5,Pre-receptor glucocorticoid regeneration,HSD11B1,1,driver,high,curated,TRUE,PI curated: regenerates active cortisol in tissue,,
2,hpa,HPA axis & glucocorticoid signalling,2.6,Corticosteroid receptors and receptor chaperone complex,BAG1,1,brake-of-brake,low,curated,FALSE,PI curated: inhibits GR; same logic as FKBP5 (feedback impairment),,low_confidence_signed
2,hpa,HPA axis & glucocorticoid signalling,2.6,Corticosteroid receptors and receptor chaperone complex,DNAJB1,-1,feedback,low,rule,FALSE,rule - chaperone enabling GR maturation hence enabling feedback; class consistency with curated HSP90AA1/STIP1/FKBP4=-1,,low_confidence_signed
2,hpa,HPA axis & glucocorticoid signalling,2.6,Corticosteroid receptors and receptor chaperone complex,FKBP4,-1,feedback-enabler,low,curated,FALSE,PI curated; OmniPath agrees on direction: FKBP4 consensus-stimulates the steroid receptor AR,NetPath;Wang;SIGNOR (curation_effort=2),low_confidence_signed
2,hpa,HPA axis & glucocorticoid signalling,2.6,Corticosteroid receptors and receptor chaperone complex,FKBP5,1,brake-of-brake,high,curated,FALSE,"PI ruling 17 Aug 2026: FKBP5 restrains GR, GR mediates the negative feedback, so restraining GR disinhibits axis drive. A brake on a brake is +1 against axis-drive tone.",HINT;SIGNOR (curation_effort=3),
2,hpa,HPA axis & glucocorticoid signalling,2.6,Corticosteroid receptors and receptor chaperone complex,HSP90AA1,-1,feedback-enabler,high,curated,FALSE,"PI ruling 17 Aug 2026: Hsp90 is required for GR ligand binding, so it enables the feedback and lowers axis drive, w_g = -1. OmniPath's HSP90AA1-inhibits-NR3C1 edge (effort 44) is a maturation step misread as inhibition; not applied.",DIP;HINT;IntAct;SIGNOR;Lit-BM-17;HPRD;BioGRID;SPIKE_LC (curation_effort=44),
2,hpa,HPA axis & glucocorticoid signalling,2.6,Corticosteroid receptors and receptor chaperone complex,HSP90AB1,-1,feedback,low,rule,FALSE,rule - GR-maturation chaperone (Hsp90beta); paralog consistency with curated HSP90AA1=-1; no GR edge of its own in OmniPath,,low_confidence_signed
2,hpa,HPA axis & glucocorticoid signalling,2.6,Corticosteroid receptors and receptor chaperone complex,HSPA8,0,ambiguous,low,rule,FALSE,"two readings collide: Hsp70 is needed for GR loading (enabler, -1) yet sustained binding degrades GR (+1); no HSPA8-GR edge",,
2,hpa,HPA axis & glucocorticoid signalling,2.6,Corticosteroid receptors and receptor chaperone complex,NR3C1,-1,brake,high,curated,FALSE,"PI ruling 17 Aug 2026: system 2 tone is HPA axis drive. GR mediates the negative feedback that lowers drive, so w_g = -1. Signs in this system are read against axis drive, never against GR signalling.",,
2,hpa,HPA axis & glucocorticoid signalling,2.6,Corticosteroid receptors and receptor chaperone complex,NR3C2,-1,brake,high,curated,FALSE,PI curated: MR sets basal engagement threshold (0 usable probes),,
2,hpa,HPA axis & glucocorticoid signalling,2.6,Corticosteroid receptors and receptor chaperone complex,PPID,0,unresolved,low,unresolved,FALSE,TPR immunophilin competing with FKBP4/FKBP5 on Hsp90; no evidence retrieved on its direction for GR sensitivity,,unresolved_needs_evidence
2,hpa,HPA axis & glucocorticoid signalling,2.6,Corticosteroid receptors and receptor chaperone complex,PPP5C,1,feedback,medium,omnipath,FALSE,OmniPath: PPP5C consensus-inhibits NR3C1; restraining GR impairs feedback and raises axis tone (curated FKBP5 logic),ProtMapper;DEPOD;SIGNOR;SIGNOR_ProtMapper (curation_effort=3),
2,hpa,HPA axis & glucocorticoid signalling,2.6,Corticosteroid receptors and receptor chaperone complex,STIP1,-1,feedback-enabler,low,curated,FALSE,PI curated: GR chaperone assembly (HOP),,low_confidence_signed
2,hpa,HPA axis & glucocorticoid signalling,2.6,Corticosteroid receptors and receptor chaperone complex,STUB1,1,feedback,low,rule,FALSE,rule - E3 degrading Hsp90-client steroid receptors (OmniPath: STUB1 consensus-inhibits AR); less GR = impaired feedback,HINT;SPIKE;Cui2007;CancerCellMap;SIGNOR;Wang;Lit-BM-17;HPRD;NetPath;BioGRID (curation_effort=17),low_confidence_signed
2,hpa,HPA axis & glucocorticoid signalling,2.7,Glucocorticoid transcriptional output,DDIT4,0,readout,medium,curated,FALSE,PI curated: REDD1; GC-induced mTOR inhibitor readout,,
2,hpa,HPA axis & glucocorticoid signalling,2.7,Glucocorticoid transcriptional output,DUSP1,0,readout,medium,rule,FALSE,"rule - GC-induced anti-inflammatory effector; marks GC action, does not drive axis tone (class of curated SGK1/TSC22D3=0)",,
2,hpa,HPA axis & glucocorticoid signalling,2.7,Glucocorticoid transcriptional output,KLF15,0,readout,medium,rule,FALSE,rule - GC-induced transcription factor; a readout of GC signalling rather than a driver of axis tone,,
2,hpa,HPA axis & glucocorticoid signalling,2.7,Glucocorticoid transcriptional output,KLF9,0,readout,medium,curated,FALSE,PI curated: GC-induced feedforward amplifier; readout of GC signalling,,
2,hpa,HPA axis & glucocorticoid signalling,2.7,Glucocorticoid transcriptional output,SGK1,0,readout,high,curated,FALSE,PI curated: GC-induced reporter; marks GC action but does not drive tone,,
2,hpa,HPA axis & glucocorticoid signalling,2.7,Glucocorticoid transcriptional output,TSC22D3,0,readout,high,curated,FALSE,PI curated: GILZ; GC-induced anti-inflammatory readout,,
2,hpa,HPA axis & glucocorticoid signalling,2.7,Glucocorticoid transcriptional output,TXNIP,0,readout,medium,rule,FALSE,rule - GC-induced metabolic effector; a readout of GC signalling rather than a driver of axis tone,,
2,hpa,HPA axis & glucocorticoid signalling,2.7,Glucocorticoid transcriptional output,ZBTB16,0,readout,medium,curated,FALSE,PI curated: GC-responsive TF; developmental readout,,
2,hpa,HPA axis & glucocorticoid signalling,2.8,"Feedback, glucocorticoid availability, transport and buffering",ABCB1,0,ambiguous,medium,rule,FALSE,two readings collide: P-gp efflux lowers tissue/brain GC exposure (-1) but weakens central feedback (+1); as curated SERPINA6=0,,
2,hpa,HPA axis & glucocorticoid signalling,2.8,"Feedback, glucocorticoid availability, transport and buffering",ANXA1,-1,brake,medium,curated,FALSE,PI curated: mediates rapid GC negative feedback,,
2,hpa,HPA axis & glucocorticoid signalling,2.8,"Feedback, glucocorticoid availability, transport and buffering",CRHBP,-1,brake,high,curated,FALSE,PI curated: sequesters CRH before pituitary,,
2,hpa,HPA axis & glucocorticoid signalling,2.8,"Feedback, glucocorticoid availability, transport and buffering",HSD11B2,-1,brake,high,curated,FALSE,PI curated: inactivates cortisol,,
2,hpa,HPA axis & glucocorticoid signalling,2.8,"Feedback, glucocorticoid availability, transport and buffering",NFKBIA,0,readout,low,rule,FALSE,"rule - GC-induced IkB-alpha: a readout of GC action, not a driver of axis tone; an inflammatory-drive reading would give -1",,
2,hpa,HPA axis & glucocorticoid signalling,2.8,"Feedback, glucocorticoid availability, transport and buffering",SERPINA6,0,ambiguous,medium,curated,FALSE,PI curated: CBG shifts free fraction; sign on tone ambiguous,,
3,steroidogenesis,Steroidogenesis (adrenal & gonadal),3.1,Cholesterol supply and mitochondrial import,HMGCR,1,synthesis,medium,rule,FALSE,rule class: rate-limiting synthesis of the cholesterol substrate feeding the steroidogenic cascade,,
3,steroidogenesis,Steroidogenesis (adrenal & gonadal),3.1,Cholesterol supply and mitochondrial import,LDLR,1,capacity,medium,rule,FALSE,rule class: substrate-supply uptake receptor; LDL-derived cholesterol is a major steroidogenic substrate source,,
3,steroidogenesis,Steroidogenesis (adrenal & gonadal),3.1,Cholesterol supply and mitochondrial import,NPC1,1,capacity,medium,rule,FALSE,rule class: substrate supply; lysosomal cholesterol egress makes free cholesterol available for import,,
3,steroidogenesis,Steroidogenesis (adrenal & gonadal),3.1,Cholesterol supply and mitochondrial import,NPC2,1,capacity,medium,rule,FALSE,rule class: substrate supply; luminal partner of NPC1 in lysosomal cholesterol egress,,
3,steroidogenesis,Steroidogenesis (adrenal & gonadal),3.1,Cholesterol supply and mitochondrial import,SCARB1,1,capacity,medium,rule,FALSE,rule class: substrate supply; SR-BI selective HDL-cholesteryl-ester uptake feeds steroidogenic cells,,
3,steroidogenesis,Steroidogenesis (adrenal & gonadal),3.1,Cholesterol supply and mitochondrial import,SOAT1,0,ambiguous,low,rule,FALSE,"two rule classes collide: esterification removes free cholesterol from immediate use, yet builds the droplet reserve mobilised for steroidogenesis",,
3,steroidogenesis,Steroidogenesis (adrenal & gonadal),3.1,Cholesterol supply and mitochondrial import,STAR,1,driver,high,rule,TRUE,rule class: rate-limiting step; imports cholesterol to the inner mitochondrial membrane for CYP11A1,,
3,steroidogenesis,Steroidogenesis (adrenal & gonadal),3.1,Cholesterol supply and mitochondrial import,STARD3,1,capacity,low,rule,FALSE,rule class: substrate supply; StAR-related late-endosomal cholesterol transfer protein,,low_confidence_signed
3,steroidogenesis,Steroidogenesis (adrenal & gonadal),3.1,Cholesterol supply and mitochondrial import,STARD4,1,capacity,low,rule,FALSE,rule class: substrate supply; soluble cytosolic sterol transporter,,low_confidence_signed
3,steroidogenesis,Steroidogenesis (adrenal & gonadal),3.1,Cholesterol supply and mitochondrial import,TSPO,0,off-axis,medium,literature,FALSE,"Tspo deletion in vivo and in vitro does not impair steroidogenesis; cholesterol-transporter model refuted, acts on fatty-acid oxidation",26741196,
3,steroidogenesis,Steroidogenesis (adrenal & gonadal),3.2,Electron transfer partners,CYB5A,1,accessory,high,literature,FALSE,cytochrome b5 is the obligate cofactor for CYP17A1 17;20-lyase; CYB5A mutations cause isolated 17;20-lyase deficiency,26862015,
3,steroidogenesis,Steroidogenesis (adrenal & gonadal),3.2,Electron transfer partners,FDX1,1,accessory,high,literature,FALSE,adrenodoxin reduces mitochondrial P450s and is required to convert cholesterol to pregnenolone/aldosterone/cortisol,20547883,
3,steroidogenesis,Steroidogenesis (adrenal & gonadal),3.2,Electron transfer partners,FDX2,0,off-axis,medium,literature,FALSE,Fdx2 cannot efficiently reduce mitochondrial P450s or convert steroids; it serves Fe/S cluster and heme A biosynthesis,20547883,
3,steroidogenesis,Steroidogenesis (adrenal & gonadal),3.2,Electron transfer partners,FDXR,1,accessory,high,rule,FALSE,rule class: obligate accessory in the electron chain feeding FDX1; same sign as FDX1,,
3,steroidogenesis,Steroidogenesis (adrenal & gonadal),3.2,Electron transfer partners,POR,1,accessory,high,literature,FALSE,POR is the required cofactor for microsomal P450s; POR mutations give 17-hydroxylase/21-hydroxylase/aromatase deficiency,26862015,
3,steroidogenesis,Steroidogenesis (adrenal & gonadal),3.3,Core steroidogenic enzymes,CYP11A1,1,synthesis,high,rule,TRUE,rule class: committed first enzyme; P450scc converts cholesterol to pregnenolone,,
3,steroidogenesis,Steroidogenesis (adrenal & gonadal),3.3,Core steroidogenic enzymes,CYP11B1,1,synthesis,high,rule,FALSE,rule class: synthesis; 11-beta-hydroxylase catalyses the final step to cortisol,,
3,steroidogenesis,Steroidogenesis (adrenal & gonadal),3.3,Core steroidogenic enzymes,CYP17A1,1,synthesis,high,rule,TRUE,rule class: synthesis; 17-alpha-hydroxylase/17;20-lyase gates 19-carbon steroid output,,
3,steroidogenesis,Steroidogenesis (adrenal & gonadal),3.3,Core steroidogenic enzymes,CYP21A2,1,synthesis,high,rule,FALSE,rule class: synthesis; 21-hydroxylase in the cortisol and aldosterone routes,,
3,steroidogenesis,Steroidogenesis (adrenal & gonadal),3.3,Core steroidogenic enzymes,HSD3B1,1,synthesis,medium,rule,FALSE,rule class: synthesis; placental/peripheral 3-beta-HSD isoform converting delta-5 to delta-4 steroids,,
3,steroidogenesis,Steroidogenesis (adrenal & gonadal),3.3,Core steroidogenic enzymes,HSD3B2,1,synthesis,high,rule,FALSE,rule class: synthesis; adrenal and gonadal 3-beta-HSD converting delta-5 to delta-4 steroids,,
3,steroidogenesis,Steroidogenesis (adrenal & gonadal),3.4,Transcriptional control of steroidogenesis,GATA4,1,driver,low,rule,FALSE,rule class: transactivator of steroidogenic promoters (STAR/CYP17A1) in adrenal and gonad; part lineage factor so low confidence,,low_confidence_signed
3,steroidogenesis,Steroidogenesis (adrenal & gonadal),3.4,Transcriptional control of steroidogenesis,GATA6,1,driver,low,trrust,FALSE,rule class: transactivator of adrenal steroidogenic genes; part lineage factor so low confidence | confirmed by trrust (Activation of CYP11A1;CYP17A1),15284005,low_confidence_signed
3,steroidogenesis,Steroidogenesis (adrenal & gonadal),3.4,Transcriptional control of steroidogenesis,NR0B1,-1,brake,high,trrust,FALSE,DAX-1 represses the StAR promoter dose-dependently to 6% of control and trans-represses SF-1; OmniPath consensus_stimulation here is a PPI artifact | confirmed by TRRUST: NR0B1 repression CYP17A1 (w_g +1),10403575;20573681; PMID 11592817,
3,steroidogenesis,Steroidogenesis (adrenal & gonadal),3.4,Transcriptional control of steroidogenesis,NR5A1,1,driver,high,trrust,TRUE,"rule class: master transactivator; SF-1 dosage drives steroidogenic enzyme transcription | confirmed by trrust (Activation of STAR;CYP17A1;HSD3B2;MC2R) | TRRUST chain (NR5A1 repression CYP11B2 (w_g +1)) inverts here because the path runs through the system negative feedback; chain discarded, anchor definition holds",19022561;17786540;20650879,
3,steroidogenesis,Steroidogenesis (adrenal & gonadal),3.4,Transcriptional control of steroidogenesis,NR5A2,1,driver,medium,trrust,FALSE,rule class: transactivator; LRH-1 activates the same steroidogenic promoters as SF-1 | confirmed by trrust (Activation of STAR;HSD3B2;CYP11B1),19022561;11564608,
3,steroidogenesis,Steroidogenesis (adrenal & gonadal),3.4,Transcriptional control of steroidogenesis,WT1,0,ambiguous,low,rule,FALSE,"two readings collide: required for gonad/adrenal formation, yet maintains the undifferentiated progenitor state opposing steroidogenic differentiation",,
3,steroidogenesis,Steroidogenesis (adrenal & gonadal),3.5,Aldosterone synthesis and renin-angiotensin control,ACE,1,synthesis,high,rule,FALSE,rule class: synthesis; generates angiotensin II that drives aldosterone output,,
3,steroidogenesis,Steroidogenesis (adrenal & gonadal),3.5,Aldosterone synthesis and renin-angiotensin control,AGT,1,synthesis,medium,rule,FALSE,rule class: precursor; angiotensinogen is the substrate for the whole RAAS arm,,
3,steroidogenesis,Steroidogenesis (adrenal & gonadal),3.5,Aldosterone synthesis and renin-angiotensin control,AGTR1,1,transducer,high,gtopdb,FALSE,rule class: Gq-coupled receptor; AT1 signalling induces CYP11B2 and aldosterone secretion | confirmed by GtoPdb coupling (Gq/11),GtoPdb Gq/11,
3,steroidogenesis,Steroidogenesis (adrenal & gonadal),3.5,Aldosterone synthesis and renin-angiotensin control,CYP11B2,1,synthesis,high,rule,FALSE,rule class: synthesis; aldosterone synthase is the terminal mineralocorticoid enzyme,,
3,steroidogenesis,Steroidogenesis (adrenal & gonadal),3.5,Aldosterone synthesis and renin-angiotensin control,REN,1,synthesis,high,rule,FALSE,rule class: rate-limiting enzyme of the renin-angiotensin-aldosterone arm,,
3,steroidogenesis,Steroidogenesis (adrenal & gonadal),3.6,Neurosteroid metabolism and membrane-associated progesterone signaling,CYP7B1,-1,catabolism,low,rule,FALSE,rule class: catabolism; 7-alpha-hydroxylates DHEA/pregnenolone and oxysterols into a receptor-inactive side branch,,low_confidence_signed
3,steroidogenesis,Steroidogenesis (adrenal & gonadal),3.6,Neurosteroid metabolism and membrane-associated progesterone signaling,PGRMC1,1,accessory,low,rule,FALSE,rule class: accessory; heme-binding P450-interacting protein supporting steroidogenic P450 activity; also membrane progesterone signalling,,low_confidence_signed
3,steroidogenesis,Steroidogenesis (adrenal & gonadal),3.6,Neurosteroid metabolism and membrane-associated progesterone signaling,SULT2B1,-1,catabolism,medium,rule,FALSE,rule class: conjugation/inactivation; sulfates cholesterol/pregnenolone/DHEA to receptor-inactive sulfoconjugates,,
4,sex_steroids,Sex steroids: receptors & metabolism,4.1,Androgen receptor signaling and canonical targets,AR,1,transducer,high,rule,TRUE,"rule class: the nuclear receptor that transduces androgen into transcriptional output; defines the tone | TRRUST chain (AR repression AKR1C3 (w_g +1)) inverts here because the path runs through the system negative feedback; chain discarded, anchor definition holds",,
4,sex_steroids,Sex steroids: receptors & metabolism,4.1,Androgen receptor signaling and canonical targets,FOXA1,1,accessory,medium,literature,FALSE,"RESOLVED KEEP_CURRENT: Signed vs aggregate AR/ER/PR output; FOXA1 pioneers both cistromes. UGT2B17 is one of thousands of FOXA1-licensed targets and per-target sign is bidirectional, so the single-target chain is void.",21915096;26751772;17373880,
4,sex_steroids,Sex steroids: receptors & metabolism,4.1,Androgen receptor signaling and canonical targets,HOXB13,1,accessory,low,rule,FALSE,rule class: accessory; prostate AR cofactor/pioneer-like factor; also a lineage TF so low confidence,,low_confidence_signed
4,sex_steroids,Sex steroids: receptors & metabolism,4.1,Androgen receptor signaling and canonical targets,KLK2,0,readout,high,rule,FALSE,rule class: readout; canonical androgen-responsive target that marks AR action without driving ligand or receptor tone,,
4,sex_steroids,Sex steroids: receptors & metabolism,4.1,Androgen receptor signaling and canonical targets,KLK3,0,readout,high,rule,FALSE,rule class: readout; PSA is the canonical androgen-responsive reporter and does not feed back on tone,,
4,sex_steroids,Sex steroids: receptors & metabolism,4.1,Androgen receptor signaling and canonical targets,TMPRSS2,0,readout,high,rule,FALSE,rule class: readout; androgen-responsive protease used as an AR-activity reporter,,
4,sex_steroids,Sex steroids: receptors & metabolism,4.2,Estrogen/progesterone receptor signaling and targets,ESR1,1,transducer,high,trrust,TRUE,rule class: the nuclear receptor transducing estrogen into transcriptional output; defines the tone | confirmed by TRRUST: ESR1 activation AR (w_g +1),PMID 22391641,
4,sex_steroids,Sex steroids: receptors & metabolism,4.2,Estrogen/progesterone receptor signaling and targets,ESR2,0,ambiguous,medium,omnipath,FALSE,"collision: ESR2 is itself an estrogen receptor, but OmniPath ESR2->ESR1 is consensus_inhibition (curation_effort 15)",OmniPath ESR2->ESR1 consensus_inhibition; SignaLink3;Cui2007;HPRD,
4,sex_steroids,Sex steroids: receptors & metabolism,4.2,Estrogen/progesterone receptor signaling and targets,GPER1,1,transducer,low,rule,FALSE,rule class: Gs-coupled receptor; mediates rapid membrane-initiated estrogen signalling | GtoPdb lists both stimulatory and inhibitory coupling,,low_confidence_signed
4,sex_steroids,Sex steroids: receptors & metabolism,4.2,Estrogen/progesterone receptor signaling and targets,GREB1,0,readout,medium,rule,FALSE,rule class: readout; canonical estrogen-responsive target used to index ER activity,,
4,sex_steroids,Sex steroids: receptors & metabolism,4.2,Estrogen/progesterone receptor signaling and targets,PGR,1,transducer,high,rule,TRUE,"rule class: the nuclear receptor transducing progesterone into transcriptional output; defines the tone | TRRUST chain (PGR repression CYP19A1 (w_g +1)) inverts here because the path runs through the system negative feedback; chain discarded, anchor definition holds",,
4,sex_steroids,Sex steroids: receptors & metabolism,4.2,Estrogen/progesterone receptor signaling and targets,TFF1,0,readout,high,rule,FALSE,rule class: readout; canonical estrogen-responsive reporter gene,,
4,sex_steroids,Sex steroids: receptors & metabolism,4.3,Nuclear-receptor coregulators and pioneer factors,CARM1,1,accessory,medium,omnipath,FALSE,OmniPath CARM1->PPARG consensus_stimulation; arginine-methyltransferase coactivator class for nuclear receptors,OmniPath CARM1->PPARG consensus_stimulation; SPIKE;SPIKE_LC,
4,sex_steroids,Sex steroids: receptors & metabolism,4.3,Nuclear-receptor coregulators and pioneer factors,GATA2,1,accessory,low,trrust,FALSE,rule class: accessory pioneer/cofactor for AR in prostate; strongly cell-type dependent (haematopoietic master TF elsewhere) | confirmed by trrust (Activation of AR),24423874,low_confidence_signed
4,sex_steroids,Sex steroids: receptors & metabolism,4.3,Nuclear-receptor coregulators and pioneer factors,MED1,1,accessory,high,literature,FALSE,RESOLVED KEEP_CURRENT: Signed vs AR/ER/PR transcriptional output; MED1 knockdown lowers endogenous AR target expression. Activating one inactivating enzyme (SULT2A1) does not make a general coactivator a brake.,17483314;12218053;22102282,
4,sex_steroids,Sex steroids: receptors & metabolism,4.3,Nuclear-receptor coregulators and pioneer factors,NCOA1,1,accessory,high,omnipath,FALSE,OmniPath NCOA1->ESR1 consensus_stimulation with curation_effort 79,OmniPath NCOA1->ESR1 consensus_stimulation; SIGNOR;IntAct;LMPID;HPRD,
4,sex_steroids,Sex steroids: receptors & metabolism,4.3,Nuclear-receptor coregulators and pioneer factors,NCOA2,1,accessory,high,literature,FALSE,"RESOLVED KEEP_CURRENT: Signed vs agonist-driven AR/ER/PR output; NCOA2 is a p160 coactivator. TRRUST's repression edge reflects an antiandrogen-conditional corepressive role in mutant-AR LNCaP, not baseline function.",27225190;23795583,
4,sex_steroids,Sex steroids: receptors & metabolism,4.3,Nuclear-receptor coregulators and pioneer factors,NCOA3,1,accessory,medium,rule,FALSE,rule class: coactivator; SRC-3 p160 family member acting like NCOA1/NCOA2 (no direct signed edge retrieved),,
4,sex_steroids,Sex steroids: receptors & metabolism,4.3,Nuclear-receptor coregulators and pioneer factors,NCOA4,1,accessory,low,trrust,FALSE,OmniPath NCOA4->AR consensus_stimulation (curation_effort 46); low confidence as its dominant cellular role is ferritinophagy | confirmed by TRRUST: NCOA4 activation AR (w_g +1),OmniPath NCOA4->AR consensus_stimulation; SIGNOR;MPPI;NetPath; PMID 16110473,
4,sex_steroids,Sex steroids: receptors & metabolism,4.3,Nuclear-receptor coregulators and pioneer factors,NCOR1,-1,feedback,medium,omnipath,FALSE,OmniPath NCOR1->PPARG consensus_inhibition; HDAC3-recruiting nuclear-receptor corepressor class,OmniPath NCOR1->PPARG consensus_inhibition; SPIKE;Lit-BM-17;HPRD,
4,sex_steroids,Sex steroids: receptors & metabolism,4.3,Nuclear-receptor coregulators and pioneer factors,NCOR2,-1,brake,high,literature,FALSE,RESOLVED KEEP_CURRENT: Signed vs AR/ER/PR output; SMRT overexpression inhibits DHT-dependent AR transactivation. TRRUST's activation edge contradicts direct transactivation assays.,12441355;19223455,
4,sex_steroids,Sex steroids: receptors & metabolism,4.3,Nuclear-receptor coregulators and pioneer factors,NRIP1,-1,feedback,medium,omnipath,FALSE,OmniPath NRIP1->ESR1 consensus_inhibition (curation_effort 23); RIP140 corepressor class,OmniPath NRIP1->ESR1 consensus_inhibition; SignaLink3;LMPID;HPRD,
4,sex_steroids,Sex steroids: receptors & metabolism,4.4,Aromatization and steroid 5α-reduction,AKR1D1,-1,catabolism,medium,rule,FALSE,rule class: inactivating enzyme; steroid 5-beta-reductase irreversibly diverts steroids to inactive 5-beta metabolites,,
4,sex_steroids,Sex steroids: receptors & metabolism,4.4,Aromatization and steroid 5α-reduction,CYP19A1,1,synthesis,medium,rule,FALSE,"rule class: synthesis of estradiol, the most potent sex-steroid ligand; +1 under this aggregate tone but -1 if scored as androgenic tone alone",,
4,sex_steroids,Sex steroids: receptors & metabolism,4.4,Aromatization and steroid 5α-reduction,SRD5A1,1,synthesis,medium,rule,FALSE,rule class: synthesis; 5-alpha-reduces testosterone to DHT,,
4,sex_steroids,Sex steroids: receptors & metabolism,4.4,Aromatization and steroid 5α-reduction,SRD5A2,1,synthesis,high,rule,FALSE,"rule class: synthesis; generates DHT, the most potent AR agonist",,
4,sex_steroids,Sex steroids: receptors & metabolism,4.4,Aromatization and steroid 5α-reduction,SRD5A3,0,off-axis,medium,literature,FALSE,"despite the family name SRD5A3 is a polyprenol reductase required for N-linked glycosylation, not a steroid 5-alpha-reductase",20655462,
4,sex_steroids,Sex steroids: receptors & metabolism,4.5,17-beta HSD interconversion,HSD17B1,1,synthesis,high,rule,FALSE,rule class: activating synthesis; reductive conversion of estrone to estradiol,,
4,sex_steroids,Sex steroids: receptors & metabolism,4.5,17-beta HSD interconversion,HSD17B11,0,unresolved,low,unresolved,FALSE,reported 17-beta-HSD activity on 3-alpha-androstanediol but net direction on androgen tone unestablished; a substrate-flux study would settle it,,unresolved_needs_evidence
4,sex_steroids,Sex steroids: receptors & metabolism,4.5,17-beta HSD interconversion,HSD17B12,0,off-axis,medium,rule,FALSE,rule class: off-axis; primary role is 3-ketoacyl-CoA reductase in fatty-acid elongation and estrogenic activity is minor,,
4,sex_steroids,Sex steroids: receptors & metabolism,4.5,17-beta HSD interconversion,HSD17B2,-1,catabolism,high,rule,FALSE,rule class: inactivating enzyme; oxidises estradiol to estrone and testosterone to androstenedione,,
4,sex_steroids,Sex steroids: receptors & metabolism,4.5,17-beta HSD interconversion,HSD17B3,1,synthesis,high,rule,FALSE,rule class: activating synthesis; testicular conversion of androstenedione to testosterone,,
4,sex_steroids,Sex steroids: receptors & metabolism,4.5,17-beta HSD interconversion,HSD17B4,0,off-axis,medium,rule,FALSE,rule class: off-axis; peroxisomal D-bifunctional protein for beta-oxidation and its deficiency is a peroxisomal not a steroid disorder,,
4,sex_steroids,Sex steroids: receptors & metabolism,4.5,17-beta HSD interconversion,HSD17B6,0,unresolved,low,unresolved,FALSE,carries both retinol-dehydrogenase and oxidative 3-alpha-HSD activity that could regenerate DHT; net direction on androgen tone unestablished,,unresolved_needs_evidence
4,sex_steroids,Sex steroids: receptors & metabolism,4.5,17-beta HSD interconversion,HSD17B7,0,off-axis,medium,rule,FALSE,rule class: off-axis; primary role is 3-ketosteroid reductase in post-squalene cholesterol synthesis,,
4,sex_steroids,Sex steroids: receptors & metabolism,4.6,"AKR1C reductases (androgen, progesterone, neurosteroid)",AKR1C1,-1,catabolism,medium,rule,FALSE,rule class: inactivating enzyme; 20-alpha-HSD reduces progesterone to inactive 20-alpha-dihydroprogesterone,,
4,sex_steroids,Sex steroids: receptors & metabolism,4.6,"AKR1C reductases (androgen, progesterone, neurosteroid)",AKR1C2,-1,catabolism,medium,rule,FALSE,rule class: inactivating enzyme; 3-alpha-HSD reduces DHT to weakly active 3-alpha-androstanediol,,
4,sex_steroids,Sex steroids: receptors & metabolism,4.6,"AKR1C reductases (androgen, progesterone, neurosteroid)",AKR1C3,1,synthesis,medium,literature,FALSE,17-beta-HSD type 5; a zona reticularis marker whose expression tracks DHEA and androgen overproduction,21084398,
4,sex_steroids,Sex steroids: receptors & metabolism,4.6,"AKR1C reductases (androgen, progesterone, neurosteroid)",AKR1C4,-1,catabolism,medium,rule,FALSE,rule class: inactivating enzyme; hepatic 3-alpha-HSD type 1 clears DHT and other active steroids,,
4,sex_steroids,Sex steroids: receptors & metabolism,4.7,"Conjugation, hydrolysis and circulating transport",PAPSS2,-1,catabolism,high,literature,FALSE,PAPSS2 supplies PAPS for SULT2A1; inactivating PAPSS2 mutations cause androgen excess with very low DHEAS,19474428,
4,sex_steroids,Sex steroids: receptors & metabolism,4.7,"Conjugation, hydrolysis and circulating transport",SHBG,-1,buffer,high,rule,FALSE,rule class: carrier/binding globulin that limits the free sex-steroid fraction reaching receptors,,
4,sex_steroids,Sex steroids: receptors & metabolism,4.7,"Conjugation, hydrolysis and circulating transport",STS,1,synthesis,high,rule,FALSE,rule class: reactivating hydrolysis; steroid sulfatase converts DHEAS and estrone sulfate back to active steroid,,
4,sex_steroids,Sex steroids: receptors & metabolism,4.7,"Conjugation, hydrolysis and circulating transport",SULT1A1,-1,catabolism,medium,rule,FALSE,rule class: conjugation/inactivation; sulfates estrogens to receptor-inactive conjugates,,
4,sex_steroids,Sex steroids: receptors & metabolism,4.7,"Conjugation, hydrolysis and circulating transport",SULT1E1,-1,catabolism,high,rule,FALSE,rule class: conjugation/inactivation; high-affinity estrogen sulfotransferase inactivating estradiol,,
4,sex_steroids,Sex steroids: receptors & metabolism,4.7,"Conjugation, hydrolysis and circulating transport",SULT2A1,-1,catabolism,high,literature,FALSE,SULT2A1 converts DHEA to inactive DHEAS and thereby prevents conversion of DHEA to an active androgen,19474428,
4,sex_steroids,Sex steroids: receptors & metabolism,4.7,"Conjugation, hydrolysis and circulating transport",UGT1A1,-1,catabolism,medium,rule,FALSE,rule class: conjugation/inactivation; glucuronidates estradiol and estriol for excretion,,
4,sex_steroids,Sex steroids: receptors & metabolism,4.7,"Conjugation, hydrolysis and circulating transport",UGT2B17,-1,catabolism,medium,rule,FALSE,rule class: conjugation/inactivation; principal UGT glucuronidating testosterone and DHT,,
4,sex_steroids,Sex steroids: receptors & metabolism,4.7,"Conjugation, hydrolysis and circulating transport",UGT2B7,-1,catabolism,medium,rule,FALSE,rule class: conjugation/inactivation; glucuronidates androsterone and estriol,,
4,sex_steroids,Sex steroids: receptors & metabolism,4.8,Oxidative estrogen metabolism,CYP1A1,-1,clearance,medium,rule,FALSE,rule class: oxidative clearance; 2-hydroxylates estradiol into catechol metabolites with little ER activity,,
4,sex_steroids,Sex steroids: receptors & metabolism,4.8,Oxidative estrogen metabolism,CYP1A2,-1,clearance,medium,rule,FALSE,rule class: oxidative clearance; principal hepatic 2-hydroxylation route for estradiol,,
4,sex_steroids,Sex steroids: receptors & metabolism,4.8,Oxidative estrogen metabolism,CYP1B1,-1,clearance,low,rule,FALSE,"rule class: oxidative clearance; 4-hydroxylates estradiol, though 4-OH-E2 retains partial activity so confidence is low",,low_confidence_signed
5,hpg,"HPG axis, puberty & KNDy",5.1,KNDy/puberty timing and neuroendocrine gate,CCDC141,1,capacity,medium,literature,FALSE,rare deleterious CCDC141 variants cause self-limited delayed puberty and mutant protein significantly delays cell migration,34930920,
5,hpg,"HPG axis, puberty & KNDy",5.1,KNDy/puberty timing and neuroendocrine gate,HS6ST1,1,capacity,medium,literature,FALSE,HS6ST1 mutations with reduced activity cause idiopathic hypogonadotropic hypogonadism and act with KAL1/FGF/FGFR1,21700882,
5,hpg,"HPG axis, puberty & KNDy",5.1,KNDy/puberty timing and neuroendocrine gate,IGSF10,1,capacity,medium,literature,FALSE,IGSF10 mutations cause delayed puberty and knockdown reduces migration of immature GnRH neurons,27137492,
5,hpg,"HPG axis, puberty & KNDy",5.1,KNDy/puberty timing and neuroendocrine gate,KISS1,1,driver,high,rule,TRUE,rule class: driver; kisspeptin is the most potent activator of GnRH secretion and defines the gate,,
5,hpg,"HPG axis, puberty & KNDy",5.1,KNDy/puberty timing and neuroendocrine gate,LGR4,0,unresolved,low,unresolved,FALSE,R-spondin receptor with no established directional relation to GnRH or gonadotropin output; a gonadotrope or puberty-timing study would settle it,,unresolved_needs_evidence
5,hpg,"HPG axis, puberty & KNDy",5.1,KNDy/puberty timing and neuroendocrine gate,LIN28A,-1,brake,medium,literature,FALSE,overexpression of Lin28a in transgenic mice delays puberty and its peripubertal decline facilitates the pubertal transition,23138112,
5,hpg,"HPG axis, puberty & KNDy",5.1,KNDy/puberty timing and neuroendocrine gate,LIN28B,-1,brake,medium,literature,FALSE,decreased Lin28b expression precedes and appears to facilitate pubertal onset; LIN28B is the top age-at-menarche locus,23138112,
5,hpg,"HPG axis, puberty & KNDy",5.1,KNDy/puberty timing and neuroendocrine gate,NPFFR1,-1,brake,medium,literature,FALSE,NPFFR1/GPR147 is the receptor for RFRP-3/GnIH which inhibits GnRH and gonadotropin release | GtoPdb lists both stimulatory and inhibitory coupling,31203909,
5,hpg,"HPG axis, puberty & KNDy",5.1,KNDy/puberty timing and neuroendocrine gate,TAC3,1,driver,high,literature,FALSE,homozygous loss-of-function TAC3 mutations cause severe congenital gonadotropin deficiency and pubertal failure,19079066,
5,hpg,"HPG axis, puberty & KNDy",5.1,KNDy/puberty timing and neuroendocrine gate,TACR1,1,driver,medium,gtopdb,FALSE,GtoPdb curated transduction (Gq/11) supplies a sign where no other evidence was found,GtoPdb Gq/11,
5,hpg,"HPG axis, puberty & KNDy",5.1,KNDy/puberty timing and neuroendocrine gate,TACR3,1,transducer,high,gtopdb,FALSE,homozygous loss-of-function TACR3 (NK3R) mutations cause congenital gonadotropin deficiency and pubertal failure | confirmed by GtoPdb coupling (Gq/11),19079066; GtoPdb Gq/11,
5,hpg,"HPG axis, puberty & KNDy",5.2,GnRH neuron specification and migration,ANOS1,1,capacity,medium,literature,FALSE,KAL1/anosmin-1 acts as a modulatory coligand with FGF to activate FGFR1 during GnRH neuron development,21700882,
5,hpg,"HPG axis, puberty & KNDy",5.2,GnRH neuron specification and migration,CHD7,1,capacity,low,rule,FALSE,rule class: positive developmental requirement; CHD7 loss causes CHARGE with hypogonadotropic hypogonadism; acts via neuron fate so low confidence,,low_confidence_signed
5,hpg,"HPG axis, puberty & KNDy",5.2,GnRH neuron specification and migration,DUSP6,0,ambiguous,low,literature,FALSE,"collision: DUSP6 mutations were found in CHH (implying +1), but DUSP6 is an ERK/FGF-pathway phosphatase brake (implying -1)",23643382,
5,hpg,"HPG axis, puberty & KNDy",5.2,GnRH neuron specification and migration,FGF17,1,capacity,low,literature,FALSE,FGF17 is an FGF8-family ligand of the positive FGFR1 arm and was mutated in individuals with CHH,23643382,low_confidence_signed
5,hpg,"HPG axis, puberty & KNDy",5.2,GnRH neuron specification and migration,FGF8,1,capacity,medium,rule,FALSE,rule class: positive pathway ligand; FGF8-FGFR1 signalling specifies GnRH neurons and its loss causes CHH,,
5,hpg,"HPG axis, puberty & KNDy",5.2,GnRH neuron specification and migration,FGFR1,1,capacity,medium,rule,FALSE,rule class: receptor whose signalling specifies GnRH neurons; loss of function causes Kallmann syndrome/CHH,,
5,hpg,"HPG axis, puberty & KNDy",5.2,GnRH neuron specification and migration,FLRT3,1,capacity,low,literature,FALSE,FLRT3 is an FGFR-interacting positive modulator of FGF signalling and was mutated in individuals with CHH,23643382,low_confidence_signed
5,hpg,"HPG axis, puberty & KNDy",5.2,GnRH neuron specification and migration,GNRH1,1,driver,high,rule,TRUE,rule class: driver; GnRH is the hypophysiotropic ligand that sets gonadotropin drive and defines the tone,,
5,hpg,"HPG axis, puberty & KNDy",5.2,GnRH neuron specification and migration,GNRH2,1,driver,low,rule,FALSE,rule class: driver; GnRH-II is a weak agonist at the single human GNRHR with a minor hypophysiotropic role,,low_confidence_signed
5,hpg,"HPG axis, puberty & KNDy",5.2,GnRH neuron specification and migration,HESX1,0,off-axis,low,rule,FALSE,rule class: off-axis developmental/lineage-identity TF; early forebrain and pituitary fate assignment rather than signalling level,,
5,hpg,"HPG axis, puberty & KNDy",5.2,GnRH neuron specification and migration,IL17RD,0,ambiguous,low,literature,FALSE,"collision: IL17RD mutations were found in Kallmann syndrome (implying +1), but IL17RD/Sef inhibits FGF signalling (implying -1)",23643382,
5,hpg,"HPG axis, puberty & KNDy",5.2,GnRH neuron specification and migration,NSMF,1,capacity,low,rule,FALSE,rule class: positive developmental requirement; NELF supports GnRH neuron migration,,low_confidence_signed
5,hpg,"HPG axis, puberty & KNDy",5.2,GnRH neuron specification and migration,PROK2,1,capacity,medium,rule,FALSE,rule class: positive pathway ligand; prokineticin-2 is required for GnRH neuron migration and its loss causes Kallmann syndrome,,
5,hpg,"HPG axis, puberty & KNDy",5.2,GnRH neuron specification and migration,PROKR2,1,capacity,high,gtopdb,FALSE,rule class: receptor for PROK2 in GnRH neuron migration; loss of function causes Kallmann syndrome | confirmed by GtoPdb coupling (Gq/11),GtoPdb Gq/11,
5,hpg,"HPG axis, puberty & KNDy",5.2,GnRH neuron specification and migration,SEMA3A,1,capacity,low,rule,FALSE,rule class: positive developmental requirement; GnRH axon guidance cue mutated in Kallmann syndrome; guidance cues can repel so low confidence,,low_confidence_signed
5,hpg,"HPG axis, puberty & KNDy",5.2,GnRH neuron specification and migration,SOX10,0,off-axis,low,rule,FALSE,rule class: off-axis developmental/lineage-identity TF; neural-crest and glial fate assignment rather than signalling level,,
5,hpg,"HPG axis, puberty & KNDy",5.2,GnRH neuron specification and migration,SPRY4,0,ambiguous,low,literature,FALSE,"collision: SPRY4 mutations were the commonest finding in this CHH series (implying +1), but Sprouty4 is an FGF-pathway brake (implying -1)",23643382,
5,hpg,"HPG axis, puberty & KNDy",5.2,GnRH neuron specification and migration,WDR11,1,capacity,low,rule,FALSE,rule class: positive developmental requirement; WDR11 loss of function causes CHH via GnRH neuron development,,low_confidence_signed
5,hpg,"HPG axis, puberty & KNDy",5.3,Pituitary gonadotrope GnRH reception and FSH synthesis,CGA,1,accessory,high,rule,FALSE,rule class: obligate accessory subunit; CGA is the common alpha-subunit required for functional FSH and LH,,
5,hpg,"HPG axis, puberty & KNDy",5.3,Pituitary gonadotrope GnRH reception and FSH synthesis,FSHB,1,driver,high,rule,TRUE,rule class: driver; the FSH beta-subunit sets FSH output and defines the gonadotropin arm of the tone,,
5,hpg,"HPG axis, puberty & KNDy",5.3,Pituitary gonadotrope GnRH reception and FSH synthesis,GNRHR,1,transducer,high,gtopdb,TRUE,rule class: Gq-coupled receptor transducing GnRH into gonadotropin synthesis and release | confirmed by GtoPdb coupling (Gq/11),GtoPdb Gq/11,
5,hpg,"HPG axis, puberty & KNDy",5.4,G - gonadal gonadotropin receptors,FSHR,1,transducer,high,rule,FALSE,rule class: Gs-coupled receptor transducing FSH into gonadal follicular and Sertoli response | GtoPdb lists both stimulatory and inhibitory coupling,,
5,hpg,"HPG axis, puberty & KNDy",5.4,G - gonadal gonadotropin receptors,LHCGR,1,transducer,high,gtopdb,FALSE,"rule class: Gs-coupled receptor transducing LH/CG into gonadal steroidogenesis | confirmed by GtoPdb coupling (Gs, Gq/11)","GtoPdb Gs, Gq/11",
5,hpg,"HPG axis, puberty & KNDy",5.5,Inhibin/activin/AMH and gonadal TGF-β-family signaling,ACVR1,0,unresolved,low,unresolved,FALSE,ALK2 serves both BMP and AMH signalling with opposite consequences for gonadotropin output and its type-I partnering in gonadotropes is unsettled,,unresolved_needs_evidence
5,hpg,"HPG axis, puberty & KNDy",5.5,Inhibin/activin/AMH and gonadal TGF-β-family signaling,ACVR2A,1,transducer,medium,rule,FALSE,rule class: receptor transducing activin stimulation of FSHB in the gonadotrope,,
5,hpg,"HPG axis, puberty & KNDy",5.5,Inhibin/activin/AMH and gonadal TGF-β-family signaling,ACVR2B,1,transducer,low,rule,FALSE,rule class: activin type-II receptor; its specific contribution to FSH output is less established than ACVR2A,,low_confidence_signed
5,hpg,"HPG axis, puberty & KNDy",5.5,Inhibin/activin/AMH and gonadal TGF-β-family signaling,AMH,0,ambiguous,medium,literature,FALSE,"collision: AMH potently activates GnRH neuron firing and raises LH pulsatility, yet classically brakes FSH-dependent folliculogenesis",26753790,
5,hpg,"HPG axis, puberty & KNDy",5.5,Inhibin/activin/AMH and gonadal TGF-β-family signaling,AMHR2,0,ambiguous,low,literature,FALSE,transduces AMH whose net effect on HPG tone is ambiguous; expressed on GnRH neurons (central activation) and on gonadal/Mullerian targets (brake),26753790,
5,hpg,"HPG axis, puberty & KNDy",5.5,Inhibin/activin/AMH and gonadal TGF-β-family signaling,BMP15,1,driver,medium,rule,FALSE,rule class: driver; oocyte-derived paracrine factor required for follicle growth and gonadal output,,
5,hpg,"HPG axis, puberty & KNDy",5.5,Inhibin/activin/AMH and gonadal TGF-β-family signaling,FSTL3,-1,antagonist,medium,rule,FALSE,rule class: binding protein that sequesters its ligand; FSTL3 neutralises activin and lowers FSH drive,,
5,hpg,"HPG axis, puberty & KNDy",5.5,Inhibin/activin/AMH and gonadal TGF-β-family signaling,GDF9,1,driver,medium,rule,FALSE,rule class: driver; oocyte-derived paracrine driver of folliculogenesis and gonadal output,,
5,hpg,"HPG axis, puberty & KNDy",5.5,Inhibin/activin/AMH and gonadal TGF-β-family signaling,INHA,-1,brake,high,literature,FALSE,inhibin alpha is obligate for inhibin; Inha-null mice show unopposed activin signalling and FSH-dependent tumour growth,17652186,
5,hpg,"HPG axis, puberty & KNDy",5.5,Inhibin/activin/AMH and gonadal TGF-β-family signaling,INHBA,0,ambiguous,medium,literature,FALSE,"collision: the beta-A subunit forms activin A which stimulates FSHB, and inhibin A which suppresses FSH; inhibin and activin are mutually antagonistic",17652186,
5,hpg,"HPG axis, puberty & KNDy",5.5,Inhibin/activin/AMH and gonadal TGF-β-family signaling,INHBB,0,ambiguous,medium,literature,FALSE,"collision: the beta-B subunit forms activin B which stimulates FSHB, and inhibin B which is the principal FSH brake",17652186,
5,hpg,"HPG axis, puberty & KNDy",5.6,Gonadal sex determination and differentiation,DHRS9,0,unresolved,low,unresolved,FALSE,3-alpha-HSD/retinol dehydrogenase with no established directional relation to gonadotropin or gonadal output; an enzymology study in gonad would settle it,,unresolved_needs_evidence
5,hpg,"HPG axis, puberty & KNDy",5.6,Gonadal sex determination and differentiation,DMRT1,0,off-axis,medium,rule,FALSE,rule class: off-axis sex-determination TF; direction depends on gonadal sex and it is mutually antagonistic with FOXL2,,
5,hpg,"HPG axis, puberty & KNDy",5.6,Gonadal sex determination and differentiation,FOXL2,0,ambiguous,medium,literature,FALSE,"RESOLVED SET_ZERO: No single sign vs GnRH/gonadotropin tone: pituitary FOXL2 is required for FSHB and GNRHR (+1) while granulosa FOXL2 represses STAR/CYP11A1/CYP19A1 and LOF gives POI with high FSH (-1) | PI: framing: +1 if module 5.6 probes are pituitary, 0 if gonadal or mixed",23340250;22847492;25955311;25192944,pi_framing_choice
5,hpg,"HPG axis, puberty & KNDy",5.6,Gonadal sex determination and differentiation,INSL3,1,readout,low,rule,FALSE,rule class: gonadal hormone output; INSL3 secretion reflects differentiated Leydig cell function,,low_confidence_signed
5,hpg,"HPG axis, puberty & KNDy",5.6,Gonadal sex determination and differentiation,RSPO1,0,off-axis,medium,rule,FALSE,rule class: off-axis sex-determination factor; ovarian fate arm with WNT4 so direction depends on gonadal sex,,
5,hpg,"HPG axis, puberty & KNDy",5.6,Gonadal sex determination and differentiation,RXFP2,1,transducer,low,rule,FALSE,rule class: Gs-coupled receptor transducing INSL3 in the gonadal axis | GtoPdb lists both stimulatory and inhibitory coupling,,low_confidence_signed
5,hpg,"HPG axis, puberty & KNDy",5.6,Gonadal sex determination and differentiation,SOX8,0,off-axis,low,rule,FALSE,rule class: off-axis sex-determination/Sertoli TF; direction depends on gonadal sex,,
5,hpg,"HPG axis, puberty & KNDy",5.6,Gonadal sex determination and differentiation,SOX9,0,off-axis,high,literature,FALSE,"RESOLVED SET_ZERO: SOX9->RXFP2 is a human-only promoter-reporter effect in gubernaculum, and INSL3/RXFP2 transabdominal descent proceeds without HPG signalling; wrong referent for gonadotropin drive.",17615407;19416188;12732652,
5,hpg,"HPG axis, puberty & KNDy",5.6,Gonadal sex determination and differentiation,WNT4,0,off-axis,medium,rule,FALSE,rule class: off-axis sex-determination factor; ovarian fate arm antagonistic to the testis pathway,,
5,hpg,"HPG axis, puberty & KNDy",5.6,Gonadal sex determination and differentiation,ZFPM2,0,off-axis,low,rule,FALSE,rule class: off-axis lineage cofactor; FOG2 partners GATA4 in gonad development with no directional signalling role,,
6,libido,Libido & sexual function,6.1,Nitric oxide - cGMP vasodilatory pathway,GUCY1A1,1,transducer,high,rule,TRUE,rule: soluble guanylate cyclase alpha1 - the NO receptor generating cGMP for cavernosal relaxation,,
6,libido,Libido & sexual function,6.1,Nitric oxide - cGMP vasodilatory pathway,GUCY1A2,1,transducer,medium,rule,FALSE,rule: sGC alpha2 subunit - same NO-receptor/cGMP-generating class as GUCY1A1; lower tissue relevance,,
6,libido,Libido & sexual function,6.1,Nitric oxide - cGMP vasodilatory pathway,GUCY1B1,1,accessory,high,rule,FALSE,rule: obligate beta1 subunit of the sGC heterodimer - same sign as the receptor it completes,,
6,libido,Libido & sexual function,6.1,Nitric oxide - cGMP vasodilatory pathway,NOS2,1,synthesis,medium,rule,FALSE,rule: synthesis of the effector NO; iNOS is inflammation-inducible rather than the constitutive erectile isoform,,
6,libido,Libido & sexual function,6.1,Nitric oxide - cGMP vasodilatory pathway,NOS3,1,synthesis,high,rule,TRUE,rule: rate-limiting synthesis of NO - the endothelial effector driving genital vasodilation,,
6,libido,Libido & sexual function,6.1,Nitric oxide - cGMP vasodilatory pathway,PDE5A,-1,catabolism,high,rule,FALSE,rule: degrades the effector second messenger cGMP; the sildenafil target. OmniPath PRKG1->PDE5A is feedback not tone,,
6,libido,Libido & sexual function,6.1,Nitric oxide - cGMP vasodilatory pathway,PRKG1,1,transducer,high,rule,TRUE,rule: cGMP-dependent kinase I - the effector mediating smooth-muscle relaxation downstream of sGC,,
6,libido,Libido & sexual function,6.1,Nitric oxide - cGMP vasodilatory pathway,PRKG2,1,transducer,low,rule,FALSE,rule: same cGMP-kinase class but PKGII is membrane-bound and mainly intestinal/chondrocyte - not the cavernosal isoform,,low_confidence_signed
6,libido,Libido & sexual function,6.2,Arginine supply and methylarginine control,ARG1,-1,catabolism,medium,rule,FALSE,"rule: arginase consumes L-arginine, the NOS substrate, lowering NO output",,
6,libido,Libido & sexual function,6.2,Arginine supply and methylarginine control,ARG2,-1,catabolism,medium,rule,FALSE,"rule: arginase II consumes the NOS substrate L-arginine, lowering NO output",,
6,libido,Libido & sexual function,6.2,Arginine supply and methylarginine control,ASL,1,synthesis,medium,rule,FALSE,rule: argininosuccinate lyase produces arginine and channels it to NOS - substrate supply for the effector,,
6,libido,Libido & sexual function,6.2,Arginine supply and methylarginine control,ASS1,1,synthesis,medium,rule,FALSE,rule: argininosuccinate synthase recycles citrulline to arginine - substrate supply for NO synthesis,,
6,libido,Libido & sexual function,6.2,Arginine supply and methylarginine control,DDAH1,1,driver,medium,rule,FALSE,"rule: degrades ADMA, the endogenous NOS inhibitor - removal of an inhibitor raises NO tone",,
6,libido,Libido & sexual function,6.2,Arginine supply and methylarginine control,DDAH2,1,driver,low,rule,FALSE,rule: same ADMA-degrading class as DDAH1 but intrinsic DDAH2 catalytic activity is disputed,,low_confidence_signed
6,libido,Libido & sexual function,6.2,Arginine supply and methylarginine control,SLC7A1,1,capacity,medium,rule,FALSE,"rule: CAT-1 arginine uptake supplies NOS substrate - uptake of substrate, not clearance of the effector",,
6,libido,Libido & sexual function,6.3,Prolactin receptor–JAK2/STAT5 signaling in reproductive/sexual physiology,JAK2,-1,transducer,medium,omnipath,FALSE,"OmniPath PRLR->JAK2 consensus_stimulation ce=10, so JAK2 takes the sign of PRLR in this module",KEGG-MEDICUS;SPIKE;Wang;SignaLink3;HPRD;BioGRID;SPIKE_LC,
6,libido,Libido & sexual function,6.3,Prolactin receptor–JAK2/STAT5 signaling in reproductive/sexual physiology,PRL,-1,brake,medium,literature,FALSE,"meta-analysis: stepwise negative influence of prolactin on male sexual desire; normalizing PRL restores libido | role relabelled from ""driver"": prolactin lowers sexual desire; ""driver"" described its endocrine class, not its direction on the libido tone",37340146,
6,libido,Libido & sexual function,6.3,Prolactin receptor–JAK2/STAT5 signaling in reproductive/sexual physiology,PRLR,-1,transducer,medium,literature,FALSE,"receptor for the suppressive ligand; PRL->PRLR consensus_stimulation in OmniPath ce=46, so same sign as PRL",37340146,
6,libido,Libido & sexual function,6.3,Prolactin receptor–JAK2/STAT5 signaling in reproductive/sexual physiology,STAT5A,-1,transducer,medium,omnipath,FALSE,OmniPath JAK2->STAT5A consensus_stimulation ce=47; takes the sign of the PRLR-JAK2 cascade,SIGNOR;SignaLink3;KEGG-MEDICUS;PhosphoSite,
6,libido,Libido & sexual function,6.3,Prolactin receptor–JAK2/STAT5 signaling in reproductive/sexual physiology,STAT5B,-1,transducer,medium,omnipath,FALSE,OmniPath JAK2->STAT5B consensus_stimulation ce=18; takes the sign of the PRLR-JAK2 cascade,HINT;SIGNOR;SignaLink3;KEGG-MEDICUS,
6,libido,Libido & sexual function,6.4,Galanin signalling,GAL,1,driver,medium,literature,FALSE,galanin microinjected into the medial preoptic nucleus dose-dependently facilitated male rat copulatory behaviour,7504308,
6,libido,Libido & sexual function,6.4,Galanin signalling,GALR1,0,ambiguous,medium,literature,FALSE,"RESOLVED KEEP_CURRENT: Signed vs the pro-erectile NO-cGMP/desire tone, not cAMP in the galanin neuron; the retrieved pro-erectile galanin action is GalR2-mediated and galanin is not a direct cavernosal vasodilator",7504308;29550465,
6,libido,Libido & sexual function,6.4,Galanin signalling,GALR2,1,transducer,low,rule,FALSE,rule: Gq/G11-coupled excitatory transduction and mediator of galanin facilitation - both readings agree | GtoPdb lists both stimulatory and inhibitory coupling,,low_confidence_signed
6,libido,Libido & sexual function,6.4,Galanin signalling,GALR3,0,ambiguous,low,literature,FALSE,"RESOLVED KEEP_CURRENT: Same referent as GALR1: Gi/o cAMP is not the NO-cGMP/desire tone, and no GalR3-specific pro-sexual action is retrievable; GalR2 carries the galanin erectile effect",7504308;29550465,
6,libido,Libido & sexual function,6.5,Prostanoid signalling,PTGER1,-1,transducer,high,literature,FALSE,"RESOLVED KEEP_CURRENT: Signed vs the relaxation tone: EP1 agonism contracts human corpus cavernosum (SC51322-sensitive), so Gq here is detumescence; the Gq-implies-+1 class rule is the wrong referent",14562138,
6,libido,Libido & sexual function,6.5,Prostanoid signalling,PTGER2,1,transducer,high,gtopdb,FALSE,relaxant effects of prostanoids in human corpus cavernosum are mediated by EP2 and/or EP4 receptors | confirmed by GtoPdb coupling (Gs),11976264; GtoPdb Gs,
6,libido,Libido & sexual function,6.5,Prostanoid signalling,PTGER3,-1,transducer,high,gtopdb,FALSE,Gi-coupled; the EP3 agonist sulprostone induced contraction of human corpus cavernosum strips | confirmed by GtoPdb coupling (Gi/o),14562138; GtoPdb Gi/o,
6,libido,Libido & sexual function,6.5,Prostanoid signalling,PTGER4,1,transducer,high,gtopdb,FALSE,relaxation of human corpus cavernosum mediated by EP2 and/or EP4; butaprost relaxed the tissue | confirmed by GtoPdb coupling (Gs),11976264; GtoPdb Gs,
6,libido,Libido & sexual function,6.5,Prostanoid signalling,PTGES,1,synthesis,medium,rule,FALSE,"rule: PGE synthase generates PGE2, the prostanoid whose EP2/EP4 arm relaxes cavernosal smooth muscle",,
6,libido,Libido & sexual function,6.5,Prostanoid signalling,PTGS1,1,synthesis,medium,literature,FALSE,arachidonic acid relaxed human corpus cavernosum and the relaxation was blocked by the COX inhibitor indomethacin,11976264,
6,libido,Libido & sexual function,6.6,Chemosensory receptors with candidate social/sexual odor relevance,OR7D4,0,off-axis,medium,rule,FALSE,"odorant receptor; androstenone percept valence is genotype-dependent, so no consistent direction on arousal tone",,
6,libido,Libido & sexual function,6.6,Chemosensory receptors with candidate social/sexual odor relevance,TAAR5,0,off-axis,low,rule,FALSE,trimethylamine chemosensory receptor; module note itself rejects a proven human pheromonal pathway,,
6,libido,Libido & sexual function,6.6,Chemosensory receptors with candidate social/sexual odor relevance,VN1R1,0,unresolved,low,unresolved,FALSE,no established human ligand or physiological output; deorphanization plus a genital/arousal readout would settle it,,unresolved_needs_evidence
7,pregnancy,"Pregnancy, parturition & lactation",7.1,Placental peptide hormones,CSH1,1,driver,high,omnipath,TRUE,placental lactogen; OmniPath CSH1->PRLR consensus_stimulation ce=6 - defines placental endocrine output,Guide2Pharma;HPRD;Ramilowski2015;LRdb;CellCall,
7,pregnancy,"Pregnancy, parturition & lactation",7.1,Placental peptide hormones,INSL4,1,driver,low,rule,FALSE,rule: placenta-specific peptide hormone of trophoblast origin; function poorly characterized so sign is class-based only,,low_confidence_signed
7,pregnancy,"Pregnancy, parturition & lactation",7.2,Placental angiogenesis and preeclampsia-related vascular signaling,ENG,0,ambiguous,low,omnipath,FALSE,membrane endoglin is a TGF-beta co-receptor (OmniPath TGFBR1->ENG stim ce=14) but soluble endoglin is anti-angiogenic,HINT;PhosphoSite;Cui2007;Wang;InnateDB;NetPath;SPIKE_LC,
7,pregnancy,"Pregnancy, parturition & lactation",7.2,Placental angiogenesis and preeclampsia-related vascular signaling,FLT1,-1,antagonist,high,literature,FALSE,soluble Flt-1 is an anti-angiogenic decoy that antagonizes VEGF and PlGF; upregulated by trophoblast hypoxia,15284201;16158464,
7,pregnancy,"Pregnancy, parturition & lactation",7.2,Placental angiogenesis and preeclampsia-related vascular signaling,HIF1A,0,ambiguous,medium,omnipath,FALSE,OmniPath HIF1A/ARNT stimulates VEGFA (ce=4) but also FLT1 (ce=2) and SERPINE1 (ce=4) - pro- and anti-angiogenic arms,SPIKE;SPIKE_LC,
7,pregnancy,"Pregnancy, parturition & lactation",7.2,Placental angiogenesis and preeclampsia-related vascular signaling,KDR,1,transducer,high,rule,FALSE,rule: VEGFR2 is the signalling receptor transducing VEGFA/PGF-driven placental angiogenesis,,
7,pregnancy,"Pregnancy, parturition & lactation",7.2,Placental angiogenesis and preeclampsia-related vascular signaling,PGF,1,driver,high,rule,TRUE,rule: placental growth factor is the placenta-specific pro-angiogenic ligand defining this arm of the tone,,
7,pregnancy,"Pregnancy, parturition & lactation",7.2,Placental angiogenesis and preeclampsia-related vascular signaling,VEGFA,1,driver,high,rule,TRUE,rule: principal pro-angiogenic ligand; OmniPath VEGFA->FLT1 and ->KDR ligand-receptor edges ce=45,,
7,pregnancy,"Pregnancy, parturition & lactation",7.3,Myometrial activation and parturition,GJA1,1,driver,high,rule,FALSE,"rule: connexin-43 gap junctions electrically couple myometrium, enabling coordinated contraction at labour",,
7,pregnancy,"Pregnancy, parturition & lactation",7.3,Myometrial activation and parturition,KCNMB1,-1,accessory,medium,rule,FALSE,rule: accessory beta1 subunit of the BK potassium channel - a hyperpolarizing conductance opposing myometrial excitation,,
7,pregnancy,"Pregnancy, parturition & lactation",7.3,Myometrial activation and parturition,PTGFR,1,transducer,high,gtopdb,FALSE,rule: Gq-coupled FP receptor mediating PGF2alpha-driven myometrial contraction | confirmed by GtoPdb coupling (Gq/11),GtoPdb Gq/11,
7,pregnancy,"Pregnancy, parturition & lactation",7.3,Myometrial activation and parturition,PTGS2,1,synthesis,high,rule,TRUE,rule: COX-2 is the inducible rate-limiting enzyme for the labour-associated prostaglandin surge,,
7,pregnancy,"Pregnancy, parturition & lactation",7.4,Relaxin family,RLN1,1,driver,low,rule,FALSE,rule: primate relaxin-1 pregnancy hormone driving cervical/pelvic remodelling; opposes myometrial contraction,,low_confidence_signed
7,pregnancy,"Pregnancy, parturition & lactation",7.4,Relaxin family,RLN2,1,driver,medium,rule,FALSE,rule: principal circulating human relaxin - cervical ripening and vasodilation; uterine action is quiescent-side,,
7,pregnancy,"Pregnancy, parturition & lactation",7.4,Relaxin family,RXFP1,1,transducer,medium,rule,FALSE,rule: Gs-coupled relaxin receptor; same sign as its ligand within this module | GtoPdb lists both stimulatory and inhibitory coupling,,
7,pregnancy,"Pregnancy, parturition & lactation",7.5,Lactogenesis and milk-protein synthesis,CSN2,1,driver,high,rule,TRUE,rule: beta-casein is the milk-protein effector that defines lactogenic output,,
7,pregnancy,"Pregnancy, parturition & lactation",7.5,Lactogenesis and milk-protein synthesis,ELF5,1,driver,high,literature,FALSE,Elf5 conditional KO mammary epithelium completely failed alveologenesis and lost secretory markers; Elf5 activates Stat5a,19269284,
7,pregnancy,"Pregnancy, parturition & lactation",7.5,Lactogenesis and milk-protein synthesis,LALBA,1,driver,high,rule,FALSE,rule: alpha-lactalbumin is the regulatory subunit of lactose synthase - direct milk-secretion effector,,
7,pregnancy,"Pregnancy, parturition & lactation",7.6,Trophoblast invasion and implantation,MMP2,1,driver,high,rule,FALSE,rule: gelatinase A proteolysis of ECM enables trophoblast invasion and implantation,,
7,pregnancy,"Pregnancy, parturition & lactation",7.6,Trophoblast invasion and implantation,MMP9,1,driver,high,rule,FALSE,rule: gelatinase B proteolysis of ECM enables trophoblast invasion and implantation,,
7,pregnancy,"Pregnancy, parturition & lactation",7.6,Trophoblast invasion and implantation,PLAU,1,driver,high,omnipath,FALSE,OmniPath PLAU->PLAUR consensus_stimulation ce=38; uPA-plasmin proteolysis drives invasion,Guide2Pharma;SIGNOR;CellPhoneDB;HPRD;HINT;BioGRID,
7,pregnancy,"Pregnancy, parturition & lactation",7.6,Trophoblast invasion and implantation,PLAUR,1,transducer,medium,omnipath,FALSE,OmniPath PLAU->PLAUR consensus_stimulation ce=38; uPAR concentrates uPA activity at the invasion front,Guide2Pharma;SIGNOR;CellPhoneDB;HPRD;HINT;BioGRID,
7,pregnancy,"Pregnancy, parturition & lactation",7.6,Trophoblast invasion and implantation,SERPINE1,-1,antagonist,high,rule,FALSE,"rule: endogenous antagonist - PAI-1 is the serine-protease inhibitor of uPA/tPA, restraining invasive proteolysis",,
7,pregnancy,"Pregnancy, parturition & lactation",7.6,Trophoblast invasion and implantation,TIMP1,-1,antagonist,high,omnipath,FALSE,OmniPath TIMP1 -| MMP9 consensus_inhibition ce=8; MMP9 is +1 in this module so TIMP1 is -1,HINT;IntAct;SIGNOR;Wang;Lit-BM-17;BioGRID,
7,pregnancy,"Pregnancy, parturition & lactation",7.6,Trophoblast invasion and implantation,TIMP2,-1,antagonist,high,omnipath,FALSE,OmniPath TIMP2 -| MMP2 consensus_inhibition ce=27; MMP2 is +1 in this module so TIMP2 is -1,HINT;ConnectomeDB2025;IntAct;Wang;Lit-BM-17;HPRD;BioGRID;SPIKE_LC,
8,dopamine,Dopamine,8.1,D1-like receptors and Gs signalling,DRD1,1,transducer,high,curated,TRUE,PI-curated: D1 postsynaptic signalling,,
8,dopamine,Dopamine,8.1,D1-like receptors and Gs signalling,DRD5,1,transducer,medium,curated,FALSE,PI-curated: D1-like,,
8,dopamine,Dopamine,8.1,D1-like receptors and Gs signalling,GNAL,1,accessory,high,rule,FALSE,rule: Gs-family Galpha-olf is the obligate G protein coupling striatal D1/D5 to adenylyl cyclase - same sign as receptor,,
8,dopamine,Dopamine,8.2,D2-like receptors and Gi signalling,ANKK1,0,ambiguous,medium,curated,FALSE,PI-curated: TaqIA neighbour; function unclear,,
8,dopamine,Dopamine,8.2,D2-like receptors and Gi signalling,DRD2,-1,opposing-transducer,high,curated,FALSE,PI-curated: Gi-coupled lowers cAMP; presynaptic autoreceptor suppresses DA release - opposite of D1-like,,
8,dopamine,Dopamine,8.2,D2-like receptors and Gi signalling,DRD3,-1,opposing-transducer,medium,curated,FALSE,PI-curated: D2-like Gi-coupled autoreceptor arm,,
8,dopamine,Dopamine,8.2,D2-like receptors and Gi signalling,DRD4,-1,opposing-transducer,medium,curated,FALSE,PI-curated: D2-like Gi-coupled,,
8,dopamine,Dopamine,8.2,D2-like receptors and Gi signalling,GNAI2,-1,accessory,medium,rule,FALSE,rule: Galpha-i2 transduces D2-like inhibition of adenylyl cyclase - same sign as the receptor it serves,,
8,dopamine,Dopamine,8.2,D2-like receptors and Gi signalling,GNAO1,-1,accessory,medium,rule,FALSE,rule: Galpha-o transduces D2-like signalling in striatum - same sign as the receptor it serves,,
8,dopamine,Dopamine,8.2,D2-like receptors and Gi signalling,GPR88,-1,brake,low,literature,FALSE,"Gpr88 KO raised MSN glutamatergic excitation and firing with hyperlocomotion, so GPR88 restrains striatal output",23064379,low_confidence_signed
8,dopamine,Dopamine,8.2,D2-like receptors and Gi signalling,RGS4,-1,brake,medium,rule,FALSE,rule: RGS GAP terminates GPCR signalling; same functional class as PI-curated RGS9 = -1,,
8,dopamine,Dopamine,8.2,D2-like receptors and Gi signalling,RGS9,-1,brake,medium,curated,FALSE,PI-curated: terminates GPCR signal,,
8,dopamine,Dopamine,8.3,"Dopamine reuptake, uptake-2 transport and catabolism",COMT,-1,brake,high,curated,FALSE,PI-curated: degrades DA,,
8,dopamine,Dopamine,8.3,"Dopamine reuptake, uptake-2 transport and catabolism",SLC22A1,-1,clearance,low,rule,FALSE,rule: plasma-membrane clearance transporter (OCT1 uptake-2); low-affinity and largely hepatic/renal not striatal,,low_confidence_signed
8,dopamine,Dopamine,8.3,"Dopamine reuptake, uptake-2 transport and catabolism",SLC22A2,-1,clearance,low,rule,FALSE,rule: plasma-membrane clearance transporter (OCT2 uptake-2); low-affinity and largely renal not striatal,,low_confidence_signed
8,dopamine,Dopamine,8.3,"Dopamine reuptake, uptake-2 transport and catabolism",SLC6A3,-1,brake,high,curated,FALSE,PI-curated: DAT reuptake clears synaptic DA,,
8,dopamine,Dopamine,8.4,Adenosine modulation of dopaminergic signaling,ADA,1,driver,medium,rule,FALSE,"rule: deaminates adenosine, the opposing modulator the PI signed -1 via ADORA1/ADORA2A; removing it raises DA tone",,
8,dopamine,Dopamine,8.4,Adenosine modulation of dopaminergic signaling,ADORA1,-1,brake,medium,curated,FALSE,PI-curated: adenosine opposes DA signalling,,
8,dopamine,Dopamine,8.4,Adenosine modulation of dopaminergic signaling,ADORA2A,-1,brake,high,curated,FALSE,"DISAGREE: PI sign kept. A2A is Gs and raises cAMP, so a strict transduction reading of a D1-like/cAMP tone gives +1",,pi_adjudicate_disagreement
8,dopamine,Dopamine,8.4,Adenosine modulation of dopaminergic signaling,ADORA2B,0,ambiguous,medium,literature,FALSE,"RESOLVED SET_ZERO: Gs coupling is real but sits in low-affinity astroglial A2B, not the striatal cAMP-DARPP-32 output the tone names; the A1/A2A class analogy fails likewise. Neither referent reaches the tone | PI: set to 0 so it conflicts with neither A2A framing; ties to the ADORA2A ruling",15569261;12421692,pi_framing_choice
8,dopamine,Dopamine,8.4,Adenosine modulation of dopaminergic signaling,NT5E,-1,brake,medium,rule,FALSE,rule: CD73 generates extracellular adenosine - synthesis of the modulator that opposes dopaminergic signalling,,
8,dopamine,Dopamine,8.5,Postsynaptic integration and plasticity,AKT1,0,ambiguous,medium,rule,FALSE,collision: node inactivated by DA via the D2/beta-arrestin2 arm vs generic survival hub; OmniPath AKT1->GSK3B sign conflicts,,
8,dopamine,Dopamine,8.5,Postsynaptic integration and plasticity,CALY,0,ambiguous,low,rule,FALSE,collision: calcyon reported to potentiate D1-linked Ca signalling and also to act as a clathrin adaptor driving D1 endocytosis,,
8,dopamine,Dopamine,8.5,Postsynaptic integration and plasticity,GSK3B,0,ambiguous,medium,rule,FALSE,collision: mediates the D2/beta-arrestin arm of DA action but is itself inhibited by D1/PKA - opposite signs on the two readings,,
8,dopamine,Dopamine,8.5,Postsynaptic integration and plasticity,PDE10A,-1,brake,medium,curated,FALSE,PI-curated: terminates cAMP signal,,
8,dopamine,Dopamine,8.5,Postsynaptic integration and plasticity,PDE1B,-1,catabolism,medium,rule,FALSE,rule: Ca/calmodulin-dependent phosphodiesterase hydrolysing striatal cAMP; same class as PI-curated PDE10A = -1,,
8,dopamine,Dopamine,8.5,Postsynaptic integration and plasticity,PPP1R1B,1,transducer,high,curated,TRUE,PI-curated: DARPP-32 signal hub,,
8,dopamine,Dopamine,8.6,"Dopaminergic neuron specification, maintenance and proteostasis",ALDH1A1,0,ambiguous,medium,rule,FALSE,collision: oxidizes the DA metabolite DOPAL (catabolic arm) but also supports SNc subtype function and retinoid signalling,,
8,dopamine,Dopamine,8.6,"Dopaminergic neuron specification, maintenance and proteostasis",EN1,0,off-axis,medium,rule,FALSE,rule: lineage-identity TF class - midbrain patterning/survival factor whose effect on tone runs through cell fate,,
8,dopamine,Dopamine,8.6,"Dopaminergic neuron specification, maintenance and proteostasis",FOXA2,0,off-axis,low,rule,FALSE,rule: lineage-identity TF class - mDA specification factor; reported adult maintenance role still acts via cell fate,,
8,dopamine,Dopamine,8.6,"Dopaminergic neuron specification, maintenance and proteostasis",LMX1A,0,off-axis,medium,rule,FALSE,rule: lineage-identity TF class - mDA specification factor acting through cell fate not signalling level,,
8,dopamine,Dopamine,8.6,"Dopaminergic neuron specification, maintenance and proteostasis",NR4A2,1,driver,high,curated,FALSE,PI-curated: Nurr1; DA neuron phenotype maintenance,,
8,dopamine,Dopamine,8.6,"Dopaminergic neuron specification, maintenance and proteostasis",PITX3,1,driver,medium,literature,FALSE,Pitx3-null mice lose tyrosine hydroxylase expression specifically in substantia nigra; Pitx3 is required to regulate TH,15950611,
8,dopamine,Dopamine,8.6,"Dopaminergic neuron specification, maintenance and proteostasis",SNCA,-1,brake,medium,literature,FALSE,AAV overexpression of human alpha-synuclein in nigral DA neurons impaired striatal DA release and reuptake before cell loss,22315428;16242637,
9,serotonin,Serotonin,9.1,"Serotonin synthesis, reuptake and transporter regulation",ITGB3,-1,accessory,medium,literature,FALSE,"Itgb3 haploinsufficiency lowered SERT-mediated 5-HT uptake in midbrain synaptosomes, so ITGB3 supports 5-HT clearance",25684064;24083985,
9,serotonin,Serotonin,9.1,"Serotonin synthesis, reuptake and transporter regulation",SLC6A4,-1,clearance,high,rule,FALSE,rule: SERT is the high-affinity plasma-membrane reuptake transporter clearing synaptic 5-HT,,
9,serotonin,Serotonin,9.1,"Serotonin synthesis, reuptake and transporter regulation",TPH1,1,synthesis,high,rule,TRUE,rule: rate-limiting enzyme of 5-HT synthesis (peripheral isoform),,
9,serotonin,Serotonin,9.1,"Serotonin synthesis, reuptake and transporter regulation",TPH2,1,synthesis,high,rule,TRUE,rule: rate-limiting enzyme of neuronal 5-HT synthesis - the anchor of serotonergic tone,,
9,serotonin,Serotonin,9.2,5-HT1 and 5-HT5 receptors (Gi-coupled),HTR1A,-1,autoreceptor,high,gtopdb,FALSE,Gi/o somatodendritic autoreceptor; raising it in 5-HT neurons lowered raphe 5-HT content and neuronal activity | confirmed by GtoPdb coupling (Gi/o),29101244; GtoPdb Gi/o,
9,serotonin,Serotonin,9.2,5-HT1 and 5-HT5 receptors (Gi-coupled),HTR1B,-1,autoreceptor,high,gtopdb,FALSE,rule: Gi/o-coupled terminal autoreceptor restraining 5-HT release | confirmed by GtoPdb coupling (Gi/o),GtoPdb Gi/o,
9,serotonin,Serotonin,9.2,5-HT1 and 5-HT5 receptors (Gi-coupled),HTR1D,-1,autoreceptor,high,gtopdb,FALSE,rule: Gi/o-coupled presynaptic autoreceptor restraining 5-HT release | confirmed by GtoPdb coupling (Gi/o),GtoPdb Gi/o,
9,serotonin,Serotonin,9.2,5-HT1 and 5-HT5 receptors (Gi-coupled),HTR1E,-1,transducer,high,gtopdb,FALSE,rule: Gi/o-coupled inhibitory receptor lowering postsynaptic cAMP; no established autoreceptor role | confirmed by GtoPdb coupling (Gi/o),GtoPdb Gi/o,
9,serotonin,Serotonin,9.2,5-HT1 and 5-HT5 receptors (Gi-coupled),HTR1F,-1,transducer,high,gtopdb,FALSE,rule: Gi/o-coupled inhibitory receptor lowering postsynaptic cAMP | confirmed by GtoPdb coupling (Gi/o),GtoPdb Gi/o,
9,serotonin,Serotonin,9.2,5-HT1 and 5-HT5 receptors (Gi-coupled),HTR5A,-1,transducer,high,gtopdb,FALSE,rule: 5-HT5A couples to Gi/o and inhibits adenylyl cyclase - inhibitory transduction | confirmed by GtoPdb coupling (Gi/Go),GtoPdb Gi/Go,
9,serotonin,Serotonin,9.3,5-HT2 receptors (Gq-coupled),HTR2A,1,transducer,high,gtopdb,FALSE,rule: Gq-coupled excitatory transduction | confirmed by GtoPdb coupling (Gq/11),GtoPdb Gq/11,
9,serotonin,Serotonin,9.3,5-HT2 receptors (Gq-coupled),HTR2B,1,transducer,high,gtopdb,FALSE,rule: Gq-coupled excitatory transduction; largely peripheral distribution | confirmed by GtoPdb coupling (Gq/11),GtoPdb Gq/11,
9,serotonin,Serotonin,9.3,5-HT2 receptors (Gq-coupled),HTR2C,1,transducer,high,gtopdb,FALSE,rule: Gq-coupled excitatory transduction; note high constitutive activity and net inhibitory effects on other systems | confirmed by GtoPdb coupling (Gq/11),GtoPdb Gq/11,
9,serotonin,Serotonin,9.4,5-HT3 receptors (ligand-gated ion channel),HTR3A,1,transducer,high,rule,FALSE,rule: cation-permeable excitatory ligand-gated ion channel - the only subunit forming functional homopentamers,,
9,serotonin,Serotonin,9.4,5-HT3 receptors (ligand-gated ion channel),HTR3B,1,accessory,high,literature,FALSE,heteromeric 5-HT3A/B single-channel conductance is about 16 pS versus under 1 pS for homomeric 5-HT3A,15157181,
9,serotonin,Serotonin,9.4,5-HT3 receptors (ligand-gated ion channel),HTR3C,-1,accessory,medium,literature,FALSE,5-HT3A/C heteromeric receptors exhibited decreased 5-HT efficacy relative to homomeric 5-HT3A,17392525,
9,serotonin,Serotonin,9.4,5-HT3 receptors (ligand-gated ion channel),HTR3D,1,accessory,medium,literature,FALSE,"5-HT showed increased efficacy at 5-HT3A/D heteromers, consistent with increased surface expression",17392525,
9,serotonin,Serotonin,9.4,5-HT3 receptors (ligand-gated ion channel),HTR3E,1,accessory,low,literature,FALSE,5-HT efficacy increased at 5-HT3A/E heteromers but decreased at 5-HT3A/Ea - direction is isoform-dependent,17392525,low_confidence_signed
9,serotonin,Serotonin,9.5,"5-HT4, 5-HT6 and 5-HT7 receptors (Gs-coupled)",HTR4,1,transducer,high,gtopdb,FALSE,rule: Gs-coupled receptor raising cAMP - excitatory transduction | confirmed by GtoPdb coupling (Gs),GtoPdb Gs,
9,serotonin,Serotonin,9.5,"5-HT4, 5-HT6 and 5-HT7 receptors (Gs-coupled)",HTR6,1,transducer,high,gtopdb,FALSE,rule: Gs-coupled receptor raising cAMP - excitatory transduction | confirmed by GtoPdb coupling (Gs),GtoPdb Gs,
9,serotonin,Serotonin,9.5,"5-HT4, 5-HT6 and 5-HT7 receptors (Gs-coupled)",HTR7,1,transducer,high,gtopdb,FALSE,rule: Gs-coupled receptor raising cAMP - excitatory transduction | confirmed by GtoPdb coupling (Gs),GtoPdb Gs,
9,serotonin,Serotonin,9.6,Serotonergic neuron identity,ASCL1,0,off-axis,high,literature,FALSE,RESOLVED KEEP_CURRENT: Signed vs raphe 5-HT output: Ascl1 is transient and reaches tone only by making the neurons and activating Pet1/Gata3. TRRUST's direction is also backwards - loss abolishes 5-HT.,15133515; 9435281,
9,serotonin,Serotonin,9.6,Serotonergic neuron identity,FEV,1,driver,medium,literature,FALSE,Pet1 is the obligatory enhancer of serotonergic differentiation and drives the TPH2/SLC6A4 battery; also raises 5-HT1A autoreceptor,21619616,
9,serotonin,Serotonin,9.6,Serotonergic neuron identity,GATA3,0,off-axis,medium,rule,FALSE,rule: lineage-identity TF class - 5-HT neuron differentiation factor acting through cell fate,,
9,serotonin,Serotonin,9.6,Serotonergic neuron identity,INSM1,0,off-axis,low,rule,FALSE,rule: lineage-identity TF class - neurogenic/neuroendocrine factor with no direct serotonergic effector target,,
9,serotonin,Serotonin,9.6,Serotonergic neuron identity,LMX1B,0,off-axis,medium,rule,FALSE,rule: lineage-identity TF class - 5-HT lineage specification factor acting through cell fate,,
9,serotonin,Serotonin,9.6,Serotonergic neuron identity,NKX2-2,0,off-axis,medium,rule,FALSE,rule: lineage-identity TF class - ventral neural patterning factor acting through cell fate,,
9,serotonin,Serotonin,9.7,Transcriptional control of HTR1A and SLC6A4,CC2D1A,1,driver,high,literature,FALSE,adult 5-HT-neuron KO of Freud-1/Cc2d1a raised 5-HT1A autoreceptor and lowered raphe 5-HT content and firing,29101244;20392296,
9,serotonin,Serotonin,9.7,Transcriptional control of HTR1A and SLC6A4,DEAF1,1,brake-of-brake,medium,literature,FALSE,"RESOLVED ADOPT_DATABASE: Signed vs serotonergic tone: Deaf1-/- raised the raphe 5-HT1A autoreceptor and lowered 5-HT; cortical heteroreceptor fell too, so both arms of its dual action give +1.",22232550; 29101244; 27488351,
9,serotonin,Serotonin,9.7,Transcriptional control of HTR1A and SLC6A4,REST,0,ambiguous,medium,literature,FALSE,"RESOLVED KEEP_CURRENT: Signed vs serotonergic tone: TRRUST's direction is wrong - REST represses TPH2 (DN-REST raises it), giving -1, which collides with REST's repression of the -1 HTR1A autoreceptor | PI: 0 because an anchor edge and a brake edge collide; -1 if the tone is anchored on synthesis alone",17613521,pi_framing_choice
9,serotonin,Serotonin,9.7,Transcriptional control of HTR1A and SLC6A4,YY1,0,unresolved,low,unresolved,FALSE,no signed HTR1A or SLC6A4 edge in OmniPath and no direction-establishing study retrieved; a YY1 knockdown assaying both would settle it,,unresolved_needs_evidence
10,noradrenaline,Noradrenaline & sympathetic nervous system,10.1,"Noradrenaline synthesis, vesicular storage and clearance",CHGA,1,driver,medium,curated,FALSE,PI-curated: granule component; sympathetic output marker,,
10,noradrenaline,Noradrenaline & sympathetic nervous system,10.1,"Noradrenaline synthesis, vesicular storage and clearance",CHGB,1,driver,medium,rule,FALSE,rule: secretogranin-1 granin organizing catecholamine secretory granules; same class as PI-curated CHGA = +1,,
10,noradrenaline,Noradrenaline & sympathetic nervous system,10.1,"Noradrenaline synthesis, vesicular storage and clearance",DBH,1,driver,high,curated,TRUE,PI-curated: DA to NE conversion,,
10,noradrenaline,Noradrenaline & sympathetic nervous system,10.1,"Noradrenaline synthesis, vesicular storage and clearance",PNMT,1,driver,medium,curated,FALSE,PI-curated: NE to E conversion,,
10,noradrenaline,Noradrenaline & sympathetic nervous system,10.1,"Noradrenaline synthesis, vesicular storage and clearance",SLC18A1,1,driver,medium,rule,FALSE,rule: vesicular loading/storage transporter (VMAT1) building the releasable catecholamine pool,,
10,noradrenaline,Noradrenaline & sympathetic nervous system,10.1,"Noradrenaline synthesis, vesicular storage and clearance",SLC6A2,-1,brake,high,curated,FALSE,PI-curated: NET reuptake,,
10,noradrenaline,Noradrenaline & sympathetic nervous system,10.2,Alpha-1 adrenoceptors,ADRA1A,1,transducer,medium,curated,FALSE,PI-curated: alpha1,,
10,noradrenaline,Noradrenaline & sympathetic nervous system,10.2,Alpha-1 adrenoceptors,ADRA1B,1,transducer,medium,curated,FALSE,PI-curated: alpha1,,
10,noradrenaline,Noradrenaline & sympathetic nervous system,10.2,Alpha-1 adrenoceptors,ADRA1D,1,transducer,high,gtopdb,FALSE,rule: Gq-coupled postsynaptic alpha1 vasoconstrictor receptor; same class as PI-curated ADRA1A/ADRA1B = +1 | confirmed by GtoPdb coupling (Gq/11),GtoPdb Gq/11,
10,noradrenaline,Noradrenaline & sympathetic nervous system,10.3,α2-adrenoceptors and inhibitory/autoreceptor feedback,ADRA2A,-1,brake,high,curated,FALSE,PI-curated: presynaptic autoreceptor inhibits NE release,,
10,noradrenaline,Noradrenaline & sympathetic nervous system,10.3,α2-adrenoceptors and inhibitory/autoreceptor feedback,ADRA2B,-1,brake,high,gtopdb,FALSE,rule: Gi/o-coupled alpha2 as the PI signed 2A and 2C; note alpha2B is largely postsynaptic vasoconstrictor not autoreceptor | confirmed by GtoPdb coupling (Gi/o),GtoPdb Gi/o,
10,noradrenaline,Noradrenaline & sympathetic nervous system,10.3,α2-adrenoceptors and inhibitory/autoreceptor feedback,ADRA2C,-1,brake,high,curated,FALSE,PI-curated: presynaptic autoreceptor,,
10,noradrenaline,Noradrenaline & sympathetic nervous system,10.4,Beta adrenoceptors,ADRB1,1,transducer,high,curated,TRUE,PI-curated: beta adrenergic signalling,,
10,noradrenaline,Noradrenaline & sympathetic nervous system,10.4,Beta adrenoceptors,ADRB2,1,transducer,high,curated,TRUE,PI-curated: beta adrenergic signalling,,
10,noradrenaline,Noradrenaline & sympathetic nervous system,10.4,Beta adrenoceptors,ADRB3,1,transducer,medium,curated,FALSE,PI-curated: beta adrenergic,,
10,noradrenaline,Noradrenaline & sympathetic nervous system,10.5,Neuropeptide Y co-transmission,DPP4,-1,catabolism,low,literature,FALSE,DPP-IV cleaves Tyr-Pro from PYY(1-36) to give Y2-selective PYY(3-36); NPY shift to the inhibitory Y2 arm is inferred,8097274,low_confidence_signed
10,noradrenaline,Noradrenaline & sympathetic nervous system,10.5,Neuropeptide Y co-transmission,NPY,1,cotransmitter,medium,curated,FALSE,PI-curated: sympathetic cotransmitter,,
10,noradrenaline,Noradrenaline & sympathetic nervous system,10.5,Neuropeptide Y co-transmission,NPY1R,1,transducer,medium,literature,FALSE,"RESOLVED KEEP_CURRENT: Tone is sympathetic/adrenoceptor output: postjunctional Y1 potentiates nerve-evoked vasoconstriction via alpha1B. Gi/o coupling is the wrong referent, exactly as for the PI's Y2 vs Y1 split",11288488;12694814,
10,noradrenaline,Noradrenaline & sympathetic nervous system,10.5,Neuropeptide Y co-transmission,NPY2R,-1,brake,medium,curated,FALSE,PI-curated: presynaptic Y2 autoreceptor,,
10,noradrenaline,Noradrenaline & sympathetic nervous system,10.5,Neuropeptide Y co-transmission,NPY5R,0,ambiguous,medium,literature,FALSE,"RESOLVED KEEP_CURRENT: Site-dependent on the sympathetic-output tone: PVN Y5 blockade raises sympathetic nerve activity while peripheral Y5 aids vasoconstriction, so neither sign holds; Gi/o is off-referent either way",24535439,
10,noradrenaline,Noradrenaline & sympathetic nervous system,10.6,Sympathoadrenal development,HAND2,0,off-axis,high,literature,FALSE,"RESOLVED KEEP_CURRENT: Signed vs noradrenergic output: deleting Hand2 in adult Dbh+ neurons does not lower Th or Dbh, so its DBH control is developmental only; adult targets are neurotransmission genes.",26818017,
10,noradrenaline,Noradrenaline & sympathetic nervous system,10.6,Sympathoadrenal development,PHOX2A,1,driver,medium,literature,FALSE,"RESOLVED ADOPT_DATABASE: Signed vs noradrenergic output: in adult LC neurons that already exist, raising Phox2a raises DBH/NET, and endogenous Phox2a falls with age alongside them - maintenance, not fate | PI: same lineage-TF boundary ruling as PHOX2B",21763404; 32617854; 16033425,pi_framing_choice
10,noradrenaline,Noradrenaline & sympathetic nervous system,10.6,Sympathoadrenal development,PHOX2B,1,driver,medium,literature,FALSE,"RESOLVED ADOPT_DATABASE: Same adult LC test as PHOX2A: level moves DBH/NET per cell, so it fails CONVENTION's 'effect via fate not signalling level' test despite being its named 0 exemplar. PI must rule | PI: overrules the convention exemplar for lineage TFs; same test must be reapplied to NR4A2, PITX3, FEV, EN1, FOXA2, LMX1A",21763404; 32617854; 16033425,pi_framing_choice
10,noradrenaline,Noradrenaline & sympathetic nervous system,10.7,Cholinergic autonomic signaling,ACHE,0,ambiguous,medium,rule,FALSE,collision: terminating ACh at the sympathetic ganglion lowers SNS drive but terminating it at parasympathetic effectors raises sympathetic dominance,,
10,noradrenaline,Noradrenaline & sympathetic nervous system,10.7,Cholinergic autonomic signaling,CHAT,0,ambiguous,medium,rule,FALSE,collision: ACh synthesis serves preganglionic sympathetic drive and the opposing parasympathetic effector arm - direction depends on division,,
10,noradrenaline,Noradrenaline & sympathetic nervous system,10.7,Cholinergic autonomic signaling,CHRM1,1,transducer,medium,gtopdb,FALSE,rule: Gq-coupled; M1 mediates the ganglionic slow EPSP facilitating sympathetic transmission; wide CNS expression lowers confidence | confirmed by GtoPdb coupling (Gq/11),GtoPdb Gq/11,
10,noradrenaline,Noradrenaline & sympathetic nervous system,10.7,Cholinergic autonomic signaling,CHRM2,-1,brake,high,gtopdb,FALSE,rule: Gi/o-coupled; cardiac M2 functionally opposes beta-adrenergic drive and acts as a presynaptic inhibitory receptor | confirmed by GtoPdb coupling (Gi/o),GtoPdb Gi/o,
10,noradrenaline,Noradrenaline & sympathetic nervous system,10.7,Cholinergic autonomic signaling,CHRM3,0,ambiguous,medium,rule,FALSE,RESOLVED KEEP_CURRENT: Tone is sympathetic output; Gq excitability describes the receptor's own cell. M3 opposes beta2/beta3 as a parasympathetic effector yet also carries sympathetic sudomotor transmission,,
10,noradrenaline,Noradrenaline & sympathetic nervous system,10.7,Cholinergic autonomic signaling,CHRNA3,1,transducer,high,rule,FALSE,rule: excitatory ionotropic - alpha3 forms the ganglionic nAChR mediating fast preganglionic to postganglionic sympathetic transmission,,
10,noradrenaline,Noradrenaline & sympathetic nervous system,10.7,Cholinergic autonomic signaling,CHRNB4,1,accessory,medium,rule,FALSE,rule: beta4 partners alpha3 in the ganglionic nAChR - obligate accessory subunit takes the sign of the receptor,,
10,noradrenaline,Noradrenaline & sympathetic nervous system,10.7,Cholinergic autonomic signaling,SLC5A7,0,ambiguous,medium,rule,FALSE,collision: CHT1 choline uptake is rate-limiting for ACh in both autonomic divisions - same ambiguity as CHAT,,
11,monoamine,"Monoamine synthesis, transport & degradation",11.1,Rate-limiting hydroxylases and decarboxylation,DDC,1,driver,high,curated,TRUE,PI-curated verbatim: synthesis (aromatic L-amino-acid decarboxylase),,
11,monoamine,"Monoamine synthesis, transport & degradation",11.1,Rate-limiting hydroxylases and decarboxylation,PAH,1,synthesis,low,rule,FALSE,rule: precursor-supply enzyme (Phe to Tyr) upstream of TH; mainly hepatic so the effect on brain monoamine tone is indirect,,low_confidence_signed
11,monoamine,"Monoamine synthesis, transport & degradation",11.1,Rate-limiting hydroxylases and decarboxylation,TH,1,driver,high,curated,TRUE,PI-curated verbatim: rate-limiting synthesis,,
11,monoamine,"Monoamine synthesis, transport & degradation",11.2,Tetrahydrobiopterin cofactor cycle,DHFR,1,synthesis,medium,rule,FALSE,rule: synthesis/cofactor-supply class; salvage reduction of BH2 to BH4 sustains the obligate TH cofactor pool,,
11,monoamine,"Monoamine synthesis, transport & degradation",11.2,Tetrahydrobiopterin cofactor cycle,GCH1,1,driver,high,literature,FALSE,GTPCH-1 is the rate-limiting enzyme of de novo BH4 synthesis; loss of BH4 lowers hydroxylase output,21693765,
11,monoamine,"Monoamine synthesis, transport & degradation",11.2,Tetrahydrobiopterin cofactor cycle,GCHFR,0,ambiguous,medium,literature,FALSE,ligand-dependent: BH4-bound GFRP inhibits GCH1 while Phe-bound GFRP activates it; 0 per convention collision rule,33387654;21693765,
11,monoamine,"Monoamine synthesis, transport & degradation",11.2,Tetrahydrobiopterin cofactor cycle,PCBD1,1,synthesis,medium,rule,FALSE,rule: cofactor-regeneration class (pterin-4a-carbinolamine dehydratase); its DCoH/HNF1 role is off-axis here,,
11,monoamine,"Monoamine synthesis, transport & degradation",11.2,Tetrahydrobiopterin cofactor cycle,PTS,1,synthesis,high,rule,FALSE,rule: synthesis class; second committed step of de novo BH4 synthesis,,
11,monoamine,"Monoamine synthesis, transport & degradation",11.2,Tetrahydrobiopterin cofactor cycle,QDPR,1,synthesis,medium,rule,FALSE,rule: cofactor-regeneration class; dihydropteridine reductase recycles quinonoid BH2 back to BH4,,
11,monoamine,"Monoamine synthesis, transport & degradation",11.2,Tetrahydrobiopterin cofactor cycle,SPR,1,synthesis,high,rule,FALSE,rule: synthesis class; sepiapterin reductase completes de novo BH4 synthesis,,
11,monoamine,"Monoamine synthesis, transport & degradation",11.3,Vesicular and uptake-2 transporters,SLC18A2,1,driver,medium,curated,TRUE,PI-curated verbatim: VMAT2 vesicular packaging,,
11,monoamine,"Monoamine synthesis, transport & degradation",11.3,Vesicular and uptake-2 transporters,SLC22A3,-1,clearance,medium,literature,FALSE,OCT3 is an uptake-2 plasma-membrane transporter expressed in brain that mediates monoamine clearance,21081135,
11,monoamine,"Monoamine synthesis, transport & degradation",11.3,Vesicular and uptake-2 transporters,SLC29A4,-1,clearance,medium,literature,FALSE,PMAT is an uptake-2 plasma-membrane transporter expressed in brain that mediates monoamine clearance,21081135,
11,monoamine,"Monoamine synthesis, transport & degradation",11.4,Oxidative deamination and aldehyde handling,ADH5,0,off-axis,medium,rule,FALSE,ADH5 is class-III ADH / S-nitrosoglutathione reductase (GSNO and formaldehyde substrates); no established monoamine-aldehyde role,,
11,monoamine,"Monoamine synthesis, transport & degradation",11.4,Oxidative deamination and aldehyde handling,ALDH2,0,ambiguous,medium,literature,FALSE,catabolic-cascade member (MAO to DOPAL to acid) yet Aldh1a1/Aldh2-null mice lose striatal dopamine and TH neurons: both readings hold,22384032;25263579,
11,monoamine,"Monoamine synthesis, transport & degradation",11.4,Oxidative deamination and aldehyde handling,ALDH3A2,0,off-axis,low,rule,FALSE,fatty aldehyde dehydrogenase (Sjogren-Larsson gene); no established role in DOPAL or DOPEGAL handling,,
11,monoamine,"Monoamine synthesis, transport & degradation",11.4,Oxidative deamination and aldehyde handling,MAOA,-1,catabolism,high,rule,FALSE,rule: degradation/inactivating-enzyme class; oxidative deamination of monoamine transmitters,,
11,monoamine,"Monoamine synthesis, transport & degradation",11.4,Oxidative deamination and aldehyde handling,MAOB,-1,catabolism,high,rule,FALSE,rule: degradation/inactivating-enzyme class; oxidative deamination of monoamine transmitters,,
11,monoamine,"Monoamine synthesis, transport & degradation",11.5,Trace-amine-associated receptor signaling,TAAR6,0,unresolved,low,unresolved,FALSE,no established ligand or transduction direction for human TAAR6; retrieved literature is serum-peptide biomarker reports only. Deorphanisation would settle it,,unresolved_needs_evidence
12,opioid,Opioid & melanocortin,12.1,Opioid receptors,OPRD1,1,transducer,high,curated,TRUE,PI-curated verbatim: delta receptor,,
12,opioid,Opioid & melanocortin,12.1,Opioid receptors,OPRK1,1,transducer-with-caveat,medium,curated,FALSE,PI-curated verbatim: kappa; opioid signalling though hedonically opposite,,
12,opioid,Opioid & melanocortin,12.1,Opioid receptors,OPRL1,0,ambiguous,medium,curated,FALSE,PI-curated verbatim: NOP receptor; anti-opioid actions reported,,
12,opioid,Opioid & melanocortin,12.1,Opioid receptors,OPRM1,1,transducer,high,curated,TRUE,PI-curated verbatim: mu receptor,,
12,opioid,Opioid & melanocortin,12.2,Endogenous opioid peptides,PDYN,1,driver,medium,curated,FALSE,PI-curated verbatim: dynorphin precursor (KOR arm),,
12,opioid,Opioid & melanocortin,12.2,Endogenous opioid peptides,PENK,1,driver,high,curated,TRUE,PI-curated verbatim: enkephalin precursor,,
12,opioid,Opioid & melanocortin,12.2,Endogenous opioid peptides,PNOC,0,ambiguous,medium,curated,FALSE,PI-curated verbatim: nociceptin precursor; anti-opioid arm,,
12,opioid,Opioid & melanocortin,12.3,Peptide degradation,ANPEP,-1,catabolism,high,literature,FALSE,aminopeptidase N degrades enkephalins; dual NEP plus APN inhibitors raise enkephalin at release sites and are antinociceptive,28850427;11585456,
12,opioid,Opioid & melanocortin,12.3,Peptide degradation,CTSL,1,synthesis,medium,literature,FALSE,secretory-vesicle prohormone processing of proenkephalin; CTSL-null mice have reduced brain Met-enkephalin. Opposite sign to its module label,12869695;21805239,
12,opioid,Opioid & melanocortin,12.3,Peptide degradation,ECE1,0,unresolved,low,unresolved,FALSE,M13 peptidase whose canonical substrate is big-endothelin; no opioid-peptide substrate retrieved so direction for opioid tone is unsettled,,unresolved_needs_evidence
12,opioid,Opioid & melanocortin,12.3,Peptide degradation,MME,-1,brake,high,curated,FALSE,PI-curated verbatim: neprilysin degrades enkephalins,,
12,opioid,Opioid & melanocortin,12.3,Peptide degradation,RNPEP,0,unresolved,low,unresolved,FALSE,arginyl aminopeptidase; the secretory-vesicle basic-residue aminopeptidase for enkephalin production was assigned to cathepsin H not RNPEP,22582844,unresolved_needs_evidence
12,opioid,Opioid & melanocortin,12.4,MC1R melanocortin signaling and ASIP antagonism,ASIP,0,off-axis,medium,omnipath,FALSE,ASIP inhibits MC1R in OmniPath but the PI signed MC1R 0/off-axis for opioid tone so its antagonist is off-axis too,OmniPath ASIP-|MC1R consensus_inhibition curation_effort=11,
12,opioid,Opioid & melanocortin,12.4,MC1R melanocortin signaling and ASIP antagonism,MC1R,0,off-axis,medium,curated,FALSE,PI-curated verbatim: melanocortin arm; not opioid tone,,
12,opioid,Opioid & melanocortin,12.5,GIRK channel effectors,KCNJ3,1,transducer,medium,rule,FALSE,rule: effector required for receptor output; the GIRK current is the canonical Gi/o-coupled MOR/DOR/KOR output,,
12,opioid,Opioid & melanocortin,12.5,GIRK channel effectors,KCNJ6,1,transducer,medium,rule,FALSE,rule: effector required for receptor output; GIRK2 carries the opioid-evoked hyperpolarising current,,
12,opioid,Opioid & melanocortin,12.5,GIRK channel effectors,KCNJ9,1,accessory,low,rule,FALSE,rule: accessory subunit of neuronal GIRK heteromers carrying the opioid Gi/o output; GIRK3 net contribution less established than KCNJ3/6,,low_confidence_signed
13,orexin,Orexin / hypocretin & MCH,13.1,Orexin,HCRT,1,driver,high,rule,TRUE,rule: the system effector peptide; orexin loss causes narcolepsy and orexin drives wake-promoting arousal circuits,,
13,orexin,Orexin / hypocretin & MCH,13.1,Orexin,HCRTR1,1,transducer,high,gtopdb,TRUE,rule: receptor-transduction class; Gq-coupled excitatory orexin receptor | confirmed by GtoPdb coupling (Gq/11),GtoPdb Gq/11,
13,orexin,Orexin / hypocretin & MCH,13.1,Orexin,HCRTR2,1,transducer,high,gtopdb,TRUE,rule: receptor-transduction class; Gq-coupled excitatory orexin receptor and the wake-maintaining arm | confirmed by GtoPdb coupling (Gq/11),GtoPdb Gq/11,
13,orexin,Orexin / hypocretin & MCH,13.2,Melanin-concentrating hormone,MCHR1,-1,brake,medium,literature,FALSE,MCH acting at MCHR1 promotes sleep and systemic MCHR1 antagonists reduce sleep; opposes the arousal tone | GtoPdb lists both stimulatory and inhibitory coupling,21516258;35186201,
13,orexin,Orexin / hypocretin & MCH,13.2,Melanin-concentrating hormone,MCHR2,1,driver,medium,gtopdb,FALSE,GtoPdb curated transduction (Gq/11) supplies a sign where no other evidence was found,GtoPdb Gq/11,
13,orexin,Orexin / hypocretin & MCH,13.2,Melanin-concentrating hormone,PMCH,-1,brake,medium,literature,FALSE,MCH is a sleep-promoting neuromodulator; central MCH raises SWS and REM and reduces waking,21516258;35186201,
13,orexin,Orexin / hypocretin & MCH,13.3,Histamine H1/H3 and neuropeptide-S arousal signaling,HDC,1,driver,high,rule,TRUE,"rule: rate-limiting synthesis of histamine, the wake-promoting effector of the histaminergic arm",,
13,orexin,Orexin / hypocretin & MCH,13.3,Histamine H1/H3 and neuropeptide-S arousal signaling,HRH1,1,transducer,high,gtopdb,FALSE,rule: receptor-transduction class; Gq-coupled excitatory H1 receptor and central H1 blockade is sedating | confirmed by GtoPdb coupling (Gq/11),GtoPdb Gq/11,
13,orexin,Orexin / hypocretin & MCH,13.3,Histamine H1/H3 and neuropeptide-S arousal signaling,HRH3,-1,autoreceptor,high,gtopdb,FALSE,H3 is the Gi/o autoreceptor inhibiting histamine release; the inverse agonist pitolisant promotes wakefulness | confirmed by GtoPdb coupling (Gi/o),21615387; GtoPdb Gi/o,
13,orexin,Orexin / hypocretin & MCH,13.3,Histamine H1/H3 and neuropeptide-S arousal signaling,NPS,1,driver,low,literature,FALSE,neuropeptide S is implicated in wakefulness and arousal in the retrieved review; arousal-promoting transmitter arm,21452188,low_confidence_signed
13,orexin,Orexin / hypocretin & MCH,13.3,Histamine H1/H3 and neuropeptide-S arousal signaling,NPSR1,1,transducer,medium,gtopdb,FALSE,"rule: receptor-transduction class; Gq/Gs-coupled excitatory receptor for NPS | confirmed by GtoPdb coupling (Gs, Gq/11)","GtoPdb Gs, Gq/11",
13,orexin,Orexin / hypocretin & MCH,13.4,Histamine clearance and H2/H4 receptor signaling,HNMT,-1,catabolism,high,rule,FALSE,rule: inactivating-enzyme class; HNMT is the principal histamine-degrading enzyme in brain,,
13,orexin,Orexin / hypocretin & MCH,13.4,Histamine clearance and H2/H4 receptor signaling,HRH2,1,transducer,medium,gtopdb,FALSE,rule: receptor-transduction class gives +1 for Gs coupling; central H2 contribution to arousal is modest | confirmed by GtoPdb coupling (Gs),GtoPdb Gs,
13,orexin,Orexin / hypocretin & MCH,13.4,Histamine clearance and H2/H4 receptor signaling,HRH4,0,off-axis,medium,literature,FALSE,"RESOLVED KEEP_CURRENT: Tone is arousal drive; the Gi/o class rule needs a CNS neuron to act on and brain neuronal H4R expression is not convincingly supported. Immune-restricted, so off-axis rather than -1 like H3",25986697;25102165,
14,endocannabinoid,Endocannabinoid,14.1,Cannabinoid and cannabinoid-responsive receptors,CNR2,1,transducer,high,literature,TRUE,"RESOLVED KEEP_CURRENT: Tone is signalling through cannabinoid receptors and CB2 is one of the two eCBs act through, plus a declared anchor. Gi/o is the system's output, not a brake (cf. PI OPRM1 +1)",34360934,
14,endocannabinoid,Endocannabinoid,14.1,Cannabinoid and cannabinoid-responsive receptors,GPR18,0,unresolved,medium,gtopdb,FALSE,"deorphanisation contested (NAGly and THC agonism disputed); no settled direction for endocannabinoid tone. A confirmed endogenous ligand would settle it | confirmed by GtoPdb coupling (Gi/o , Gq)","GtoPdb Gi/o , Gq",unresolved_needs_evidence
14,endocannabinoid,Endocannabinoid,14.1,Cannabinoid and cannabinoid-responsive receptors,GPR55,1,driver,medium,gtopdb,FALSE,GtoPdb curated transduction (G12/13) supplies a sign where no other evidence was found,GtoPdb G12/13,
14,endocannabinoid,Endocannabinoid,14.1,Cannabinoid and cannabinoid-responsive receptors,TRPV1,1,transducer,low,literature,FALSE,anandamide is a TRPV1 agonist so TRPV1 transduces an endocannabinoid signal; functional valence is often opposite to CB1,35655086,low_confidence_signed
14,endocannabinoid,Endocannabinoid,14.2,Anandamide synthesis and degradation,FAAH,-1,catabolism,high,literature,FALSE,FAAH is the anandamide-inactivating hydrolase; blocking AEA delivery to FAAH raises AEA and CB1 signalling,35655086,
14,endocannabinoid,Endocannabinoid,14.2,Anandamide synthesis and degradation,FAAH2,-1,catabolism,medium,rule,FALSE,rule: catabolism class; FAAH2 is a human anandamide amidohydrolase paralogue with no rodent ortholog,,
14,endocannabinoid,Endocannabinoid,14.2,Anandamide synthesis and degradation,NAAA,-1,catabolism,low,rule,FALSE,rule: catabolism class; lysosomal N-acylethanolamine amidase that prefers palmitoylethanolamide over anandamide,,low_confidence_signed
14,endocannabinoid,Endocannabinoid,14.2,Anandamide synthesis and degradation,NAPEPLD,1,synthesis,high,rule,TRUE,rule: synthesis class; NAPE-PLD generates anandamide,,
14,endocannabinoid,Endocannabinoid,14.3,2-AG synthesis and degradation,ABHD12,-1,catabolism,low,literature,FALSE,accounts for about 9 percent of brain 2-AG hydrolase activity but its membership in the endocannabinoid system is unestablished,21418147,low_confidence_signed
14,endocannabinoid,Endocannabinoid,14.3,2-AG synthesis and degradation,ABHD6,-1,catabolism,medium,literature,FALSE,postsynaptic 2-AG hydrolase; ABHD6 blockade causes activity-dependent 2-AG accumulation and facilitates CB1-dependent LTD,21418147,
14,endocannabinoid,Endocannabinoid,14.3,2-AG synthesis and degradation,DAGLA,1,synthesis,high,rule,TRUE,rule: synthesis class; DAGL-alpha is the principal neuronal 2-AG-forming enzyme,,
14,endocannabinoid,Endocannabinoid,14.3,2-AG synthesis and degradation,DAGLB,1,synthesis,medium,rule,FALSE,rule: synthesis class; DAGL-beta forms 2-AG and dominates in microglia and periphery,,
14,endocannabinoid,Endocannabinoid,14.3,2-AG synthesis and degradation,MGLL,-1,catabolism,high,literature,FALSE,MAGL performs about 85 percent of brain 2-AG hydrolysis and terminates 2-AG signalling at CB1,21418147,
14,endocannabinoid,Endocannabinoid,14.4,Endocannabinoid/lipid transport and PPARα signaling,CES1,-1,catabolism,low,literature,FALSE,CES1 is one of several human leukocyte 2-AG hydrolases but MAGL is dominant; minor catabolic contribution,31556464;30513753,low_confidence_signed
14,endocannabinoid,Endocannabinoid,14.4,Endocannabinoid/lipid transport and PPARα signaling,FABP5,-1,clearance,medium,literature,FALSE,FABP5 carries anandamide to FAAH for inactivation; FABP5 deletion in nociceptors raises AEA and gives CB1-mediated antinociception,35655086,
14,endocannabinoid,Endocannabinoid,14.4,Endocannabinoid/lipid transport and PPARα signaling,FABP7,-1,clearance,low,rule,FALSE,rule: carrier that limits free ligand; brain FABP of the same AEA-carrier class as FABP5 but no FABP7-specific evidence retrieved,,low_confidence_signed
14,endocannabinoid,Endocannabinoid,14.4,Endocannabinoid/lipid transport and PPARα signaling,PPARA,1,transducer,low,rule,FALSE,rule: receptor-transduction class; nuclear lipid-sensing receptor transducing N-acylethanolamine signals as a downstream arm,,low_confidence_signed
15,kynurenine,Kynurenine pathway,15.1,Tryptophan transport and kynurenine-pathway entry,AFMID,1,synthesis,high,rule,FALSE,rule: on-trunk step (formylkynurenine to kynurenine) carrying pathway flux forward,,
15,kynurenine,Kynurenine pathway,15.1,Tryptophan transport and kynurenine-pathway entry,IDO1,1,driver,high,rule,TRUE,rule: rate-limiting pathway-entry enzyme; anchor named for this system in CONVENTION.md,,
15,kynurenine,Kynurenine pathway,15.1,Tryptophan transport and kynurenine-pathway entry,IDO2,1,synthesis,low,literature,FALSE,"same tryptophan 2,3-dioxygenase reaction as IDO1 so the same direction, but catalytic efficiency is very low",23548750;31276825,low_confidence_signed
15,kynurenine,Kynurenine pathway,15.1,Tryptophan transport and kynurenine-pathway entry,SLC7A5,1,capacity,low,rule,FALSE,rule: substrate-supply transporter (LAT1 imports tryptophan) raising pathway throughput; not a clearance transporter for the effector,,low_confidence_signed
15,kynurenine,Kynurenine pathway,15.1,Tryptophan transport and kynurenine-pathway entry,SLC7A8,1,capacity,low,rule,FALSE,rule: substrate-supply transporter (LAT2 aromatic amino-acid uptake) raising tryptophan available for pathway entry,,low_confidence_signed
15,kynurenine,Kynurenine pathway,15.1,Tryptophan transport and kynurenine-pathway entry,TDO2,1,driver,high,rule,TRUE,rule: hepatic rate-limiting pathway-entry enzyme; anchor named for this system in CONVENTION.md,,
15,kynurenine,Kynurenine pathway,15.2,Neuroprotective branch (kynurenic acid),AADAT,-1,brake,low,literature,FALSE,KAT II diverts kynurenine to dead-end kynurenic acid; low confidence because the KYNA and KMO branches are cell-segregated in vivo,19226371,low_confidence_signed
15,kynurenine,Kynurenine pathway,15.2,Neuroprotective branch (kynurenic acid),GOT2,-1,brake,low,rule,FALSE,rule: diverting transaminase (GOT2 is KAT4) moving kynurenine to KYNA off the trunk; its main role is the malate-aspartate shuttle,,low_confidence_signed
15,kynurenine,Kynurenine pathway,15.2,Neuroprotective branch (kynurenic acid),KYAT1,-1,brake,low,literature,FALSE,KAT I diverts kynurenine into the dead-end KYNA branch; in vivo branch segregation weakens the trunk-flux effect,19226371,low_confidence_signed
15,kynurenine,Kynurenine pathway,15.2,Neuroprotective branch (kynurenic acid),KYAT3,-1,brake,low,literature,FALSE,KAT III diverts kynurenine into the dead-end KYNA branch; in vivo branch segregation weakens the trunk-flux effect,19226371,low_confidence_signed
15,kynurenine,Kynurenine pathway,15.3,3-HK/quinolinic-acid branch and quinolinate control,ACMSD,-1,brake,medium,literature,FALSE,ACMSD limits quinolinate formation by shunting ACMS to picolinate; reduced ACMSD activity raises quinolinate,27483383;19843166,
15,kynurenine,Kynurenine pathway,15.3,3-HK/quinolinic-acid branch and quinolinate control,HAAO,1,synthesis,high,rule,FALSE,rule: on-trunk step generating ACMS which cyclises non-enzymatically to quinolinate,,
15,kynurenine,Kynurenine pathway,15.3,3-HK/quinolinic-acid branch and quinolinate control,KMO,1,driver,high,literature,TRUE,KMO commits kynurenine to 3-HK and its inhibition cut brain 3-HK by 64 percent; anchor named in CONVENTION.md,19226371,
15,kynurenine,Kynurenine pathway,15.3,3-HK/quinolinic-acid branch and quinolinate control,KYNU,1,synthesis,high,rule,FALSE,rule: on-trunk step (3-HK to 3-hydroxyanthranilate) carrying flux toward quinolinate,,
15,kynurenine,Kynurenine pathway,15.3,3-HK/quinolinic-acid branch and quinolinate control,QPRT,1,synthesis,medium,rule,FALSE,rule: on-trunk step carrying quinolinate to NaMN toward de novo NAD; under a quinolinate-accumulation tone this row would be -1,,
15,kynurenine,Kynurenine pathway,15.4,"NAD metabolism: de novo completion, salvage and phosphorylation",NADK,0,off-axis,medium,rule,FALSE,NAD kinase phosphorylates NAD to NADP downstream of and off the tryptophan flux axis,,
15,kynurenine,Kynurenine pathway,15.4,"NAD metabolism: de novo completion, salvage and phosphorylation",NADSYN1,1,synthesis,medium,rule,FALSE,rule: on-trunk terminal step completing de novo NAD synthesis from the kynurenine route,,
15,kynurenine,Kynurenine pathway,15.4,"NAD metabolism: de novo completion, salvage and phosphorylation",NAMPT,0,off-axis,medium,rule,FALSE,nicotinamide salvage runs parallel to and independent of tryptophan de novo flux so it has no flux direction,,
15,kynurenine,Kynurenine pathway,15.4,"NAD metabolism: de novo completion, salvage and phosphorylation",NMNAT1,1,synthesis,low,rule,FALSE,rule: catalyses the NaMN to NaAD step of the de novo route; the same enzyme also serves salvage so it is not flux-specific,,low_confidence_signed
15,kynurenine,Kynurenine pathway,15.4,"NAD metabolism: de novo completion, salvage and phosphorylation",NMNAT2,1,synthesis,low,rule,FALSE,rule: catalyses the NaMN to NaAD step of the de novo route; mostly studied for salvage and axon survival,,low_confidence_signed
15,kynurenine,Kynurenine pathway,15.5,Aryl hydrocarbon receptor signalling,AHR,1,transducer,high,literature,FALSE,RESOLVED KEEP_CURRENT: Signed vs kynurenine-flux tone. AHR->AHRR is AHR's own negative-feedback repressor (18848529) so the chain is void; TRRUST's own AHR->CYP1A1/IL6 Activation edges give +1.,18848529;33777681,
15,kynurenine,Kynurenine pathway,15.5,Aryl hydrocarbon receptor signalling,AHRR,-1,antagonist,medium,rule,FALSE,rule: endogenous repressor class; AHRR competes with AHR for ARNT and represses AHR target transcription,,
15,kynurenine,Kynurenine pathway,15.5,Aryl hydrocarbon receptor signalling,ARNT,1,accessory,medium,trrust,FALSE,rule: obligate dimerisation partner so it takes the sign of AHR; caveat that ARNT is shared with HIF signalling | confirmed by trrust (Activation of CYP1A1;CYP1B1),22387692;16115918;19287966,
15,kynurenine,Kynurenine pathway,15.5,Aryl hydrocarbon receptor signalling,TIPARP,-1,feedback,medium,literature,FALSE,TIPARP/PARP7 is an AHR target gene acting in a negative feedback loop that represses AHR signalling,34129049,
16,glutamate,Glutamate & synaptic scaffolding,16.1,Glutamate metabolism and cycling,GLS,1,synthesis,high,rule,TRUE,rule: rate-limiting synthesis enzyme (glutaminase) for the transmitter glutamate pool,,
16,glutamate,Glutamate & synaptic scaffolding,16.1,Glutamate metabolism and cycling,GLS2,1,synthesis,medium,rule,FALSE,rule: synthesis enzyme class; glutaminase-2 isoform with more restricted brain expression,,
16,glutamate,Glutamate & synaptic scaffolding,16.1,Glutamate metabolism and cycling,GLUL,-1,catabolism,medium,literature,FALSE,glutamine synthetase loss in epileptogenic hippocampus raises extracellular glutamate,14723991;22659305,
16,glutamate,Glutamate & synaptic scaffolding,16.1,Glutamate metabolism and cycling,GOT1,0,ambiguous,low,rule,FALSE,two readings collide: cytosolic transaminase regenerates glutamate but consumes it in the malate-aspartate shuttle,,
16,glutamate,Glutamate & synaptic scaffolding,16.1,Glutamate metabolism and cycling,SLC17A6,1,driver,high,rule,FALSE,rule: vesicular loading transporter (VGLUT2) that releases the effector,,
16,glutamate,Glutamate & synaptic scaffolding,16.1,Glutamate metabolism and cycling,SLC17A7,1,driver,high,rule,TRUE,rule: vesicular loading transporter (VGLUT1) that releases the effector,,
16,glutamate,Glutamate & synaptic scaffolding,16.1,Glutamate metabolism and cycling,SLC1A1,-1,clearance,high,rule,FALSE,rule: plasma-membrane reuptake transporter EAAT3 clears synaptic glutamate,,
16,glutamate,Glutamate & synaptic scaffolding,16.1,Glutamate metabolism and cycling,SLC1A2,-1,clearance,high,rule,FALSE,rule: plasma-membrane reuptake transporter EAAT2/GLT-1 is the main glutamate clearance route,,
16,glutamate,Glutamate & synaptic scaffolding,16.1,Glutamate metabolism and cycling,SLC1A3,-1,clearance,high,rule,FALSE,rule: plasma-membrane reuptake transporter EAAT1/GLAST clears glutamate,,
16,glutamate,Glutamate & synaptic scaffolding,16.1,Glutamate metabolism and cycling,SLC1A6,-1,clearance,medium,rule,FALSE,rule: plasma-membrane reuptake transporter EAAT4; Purkinje-cell restricted expression,,
16,glutamate,Glutamate & synaptic scaffolding,16.1,Glutamate metabolism and cycling,SLC7A11,1,driver,medium,rule,FALSE,rule: non-vesicular efflux antiporter (system xc-) exports glutamate in exchange for cystine,,
16,glutamate,Glutamate & synaptic scaffolding,16.2,NMDA receptors and coagonist supply,DAO,-1,catabolism,high,rule,FALSE,rule: degradation enzyme for the NMDA co-agonist D-serine,,
16,glutamate,Glutamate & synaptic scaffolding,16.2,NMDA receptors and coagonist supply,DAOA,0,ambiguous,low,literature,FALSE,disputed: pLG72 inactivates hDAAO (+1 reading) whereas the original G72 report described DAAO activation (-1 reading),27400736,
16,glutamate,Glutamate & synaptic scaffolding,16.2,NMDA receptors and coagonist supply,GRIN1,1,transducer,high,rule,TRUE,rule: obligate subunit of the excitatory ionotropic NMDA receptor,,
16,glutamate,Glutamate & synaptic scaffolding,16.2,NMDA receptors and coagonist supply,GRIN2A,1,transducer,high,rule,FALSE,rule: pore-forming subunit of the excitatory ionotropic NMDA receptor,,
16,glutamate,Glutamate & synaptic scaffolding,16.2,NMDA receptors and coagonist supply,GRIN2B,1,transducer,high,rule,FALSE,rule: pore-forming subunit of the excitatory ionotropic NMDA receptor,,
16,glutamate,Glutamate & synaptic scaffolding,16.2,NMDA receptors and coagonist supply,GRIN2C,1,transducer,medium,rule,FALSE,rule: pore-forming NMDAR subunit; GluN2C has low Mg block and slower kinetics but remains excitatory,,
16,glutamate,Glutamate & synaptic scaffolding,16.2,NMDA receptors and coagonist supply,GRIN2D,1,transducer,medium,rule,FALSE,rule: pore-forming NMDAR subunit; GluN2D has low Mg block and slower kinetics but remains excitatory,,
16,glutamate,Glutamate & synaptic scaffolding,16.2,NMDA receptors and coagonist supply,GRIN3A,-1,brake,medium,literature,FALSE,GluN3A lowers NMDAR Ca permeability and acts as a molecular brake on excitatory synapse maturation,23447623,
16,glutamate,Glutamate & synaptic scaffolding,16.2,NMDA receptors and coagonist supply,GRIN3B,-1,brake,low,rule,FALSE,rule: dominant-negative NMDAR modulatory subunit class assigned by homology to GluN3A; thin direct evidence,,low_confidence_signed
16,glutamate,Glutamate & synaptic scaffolding,16.2,NMDA receptors and coagonist supply,GRINA,0,unresolved,low,unresolved,FALSE,GRINA is TMBIM3/Lifeguard (ER Ca and anti-apoptotic) not an NMDAR subunit; needs a signed link to glutamatergic tone,,unresolved_needs_evidence
16,glutamate,Glutamate & synaptic scaffolding,16.2,NMDA receptors and coagonist supply,SRR,1,synthesis,high,rule,FALSE,rule: synthesis enzyme (serine racemase) for the NMDA co-agonist D-serine,,
16,glutamate,Glutamate & synaptic scaffolding,16.3,"AMPA, kainate and delta-family ionotropic glutamate receptors",CACNG2,1,accessory,medium,literature,FALSE,TARP gamma-2 (stargazin) is an AMPAR auxiliary subunit essential for AMPAR trafficking and clustering,21426941,
16,glutamate,Glutamate & synaptic scaffolding,16.3,"AMPA, kainate and delta-family ionotropic glutamate receptors",CACNG8,1,accessory,medium,rule,FALSE,rule: obligate accessory subunit (TARP gamma-8) takes the sign of the AMPA receptor it serves,,
16,glutamate,Glutamate & synaptic scaffolding,16.3,"AMPA, kainate and delta-family ionotropic glutamate receptors",GRIA1,1,transducer,high,rule,TRUE,rule: pore-forming subunit of the excitatory ionotropic AMPA receptor,,
16,glutamate,Glutamate & synaptic scaffolding,16.3,"AMPA, kainate and delta-family ionotropic glutamate receptors",GRIA2,1,transducer,high,rule,FALSE,rule: pore-forming subunit of the excitatory ionotropic AMPA receptor,,
16,glutamate,Glutamate & synaptic scaffolding,16.3,"AMPA, kainate and delta-family ionotropic glutamate receptors",GRIA3,1,transducer,high,rule,FALSE,rule: pore-forming subunit of the excitatory ionotropic AMPA receptor,,
16,glutamate,Glutamate & synaptic scaffolding,16.3,"AMPA, kainate and delta-family ionotropic glutamate receptors",GRIA4,1,transducer,high,rule,FALSE,rule: pore-forming subunit of the excitatory ionotropic AMPA receptor,,
16,glutamate,Glutamate & synaptic scaffolding,16.3,"AMPA, kainate and delta-family ionotropic glutamate receptors",GRID1,0,off-axis,medium,rule,FALSE,rule: delta-family iGluR is not gated by glutamate and acts as a synaptogenic adhesion molecule,,
16,glutamate,Glutamate & synaptic scaffolding,16.3,"AMPA, kainate and delta-family ionotropic glutamate receptors",GRID2,0,off-axis,medium,rule,FALSE,rule: delta-family iGluR is not gated by glutamate; organises parallel-fibre synapses without a signalling direction,,
16,glutamate,Glutamate & synaptic scaffolding,16.3,"AMPA, kainate and delta-family ionotropic glutamate receptors",GRIK1,1,transducer,high,rule,FALSE,rule: pore-forming subunit of the excitatory ionotropic kainate receptor,,
16,glutamate,Glutamate & synaptic scaffolding,16.3,"AMPA, kainate and delta-family ionotropic glutamate receptors",GRIK2,1,transducer,high,rule,FALSE,rule: pore-forming subunit of the excitatory ionotropic kainate receptor,,
16,glutamate,Glutamate & synaptic scaffolding,16.3,"AMPA, kainate and delta-family ionotropic glutamate receptors",GRIK3,1,transducer,high,rule,FALSE,rule: pore-forming subunit of the excitatory ionotropic kainate receptor,,
16,glutamate,Glutamate & synaptic scaffolding,16.3,"AMPA, kainate and delta-family ionotropic glutamate receptors",GRIK4,1,accessory,medium,rule,FALSE,rule: obligate accessory subunit; GluK4 cannot form functional homomers and takes the receptor sign,,
16,glutamate,Glutamate & synaptic scaffolding,16.3,"AMPA, kainate and delta-family ionotropic glutamate receptors",GRIK5,1,accessory,medium,rule,FALSE,rule: obligate accessory subunit; GluK5 cannot form functional homomers and takes the receptor sign,,
16,glutamate,Glutamate & synaptic scaffolding,16.4,Metabotropic glutamate receptors,GRM1,1,transducer,high,gtopdb,FALSE,consensus_stimulation GRM1->GNAQ; group I mGluR raises Gq/PLC drive at glutamatergic synapses | confirmed by GtoPdb coupling (Gq/11),Cui2007;Wang;CA1;KEGG-MEDICUS curation_effort=3; GtoPdb Gq/11,
16,glutamate,Glutamate & synaptic scaffolding,16.4,Metabotropic glutamate receptors,GRM2,-1,autoreceptor,high,gtopdb,FALSE,rule: autoreceptor; Gi/o-coupled group II mGluR restrains presynaptic glutamate release | confirmed by GtoPdb coupling (Gi/o),GtoPdb Gi/o,
16,glutamate,Glutamate & synaptic scaffolding,16.4,Metabotropic glutamate receptors,GRM3,-1,autoreceptor,high,gtopdb,FALSE,rule: autoreceptor; Gi/o-coupled group II mGluR on terminals and astrocytes restrains glutamate release | confirmed by GtoPdb coupling (Gi/o),GtoPdb Gi/o,
16,glutamate,Glutamate & synaptic scaffolding,16.4,Metabotropic glutamate receptors,GRM4,-1,autoreceptor,high,gtopdb,FALSE,rule: autoreceptor; Gi/o-coupled group III mGluR restrains presynaptic glutamate release | confirmed by GtoPdb coupling (Gi/o),GtoPdb Gi/o,
16,glutamate,Glutamate & synaptic scaffolding,16.4,Metabotropic glutamate receptors,GRM5,1,transducer,high,gtopdb,FALSE,rule: Gq-coupled group I mGluR potentiates postsynaptic glutamatergic signalling | confirmed by GtoPdb coupling (Gq/11),GtoPdb Gq/11,
16,glutamate,Glutamate & synaptic scaffolding,16.4,Metabotropic glutamate receptors,GRM6,-1,transducer,medium,gtopdb,FALSE,rule: Gi/o-coupled group III mGluR; retinal ON-bipolar postsynaptic context rather than forebrain terminals | confirmed by GtoPdb coupling (Gi/o),GtoPdb Gi/o,
16,glutamate,Glutamate & synaptic scaffolding,16.4,Metabotropic glutamate receptors,GRM7,-1,autoreceptor,high,gtopdb,FALSE,rule: autoreceptor; Gi/o-coupled group III mGluR restrains presynaptic glutamate release | confirmed by GtoPdb coupling (Gi/o),GtoPdb Gi/o,
16,glutamate,Glutamate & synaptic scaffolding,16.4,Metabotropic glutamate receptors,GRM8,-1,autoreceptor,high,gtopdb,FALSE,rule: autoreceptor; Gi/o-coupled group III mGluR restrains presynaptic glutamate release | confirmed by GtoPdb coupling (Gi/o),GtoPdb Gi/o,
16,glutamate,Glutamate & synaptic scaffolding,16.5,Postsynaptic density scaffolds and signaling hubs,CASK,0,off-axis,medium,rule,FALSE,rule: MAGUK scaffold/adaptor with no directional signalling role; no signed OmniPath edge to a glutamate receptor,,
16,glutamate,Glutamate & synaptic scaffolding,16.5,Postsynaptic density scaffolds and signaling hubs,DLG1,0,off-axis,medium,rule,FALSE,rule: PSD scaffold with no directional signalling role; no signed OmniPath edge to a glutamate receptor,,
16,glutamate,Glutamate & synaptic scaffolding,16.5,Postsynaptic density scaffolds and signaling hubs,DLG2,0,off-axis,medium,rule,FALSE,rule: PSD scaffold with no directional signalling role; no signed OmniPath edge to a glutamate receptor,,
16,glutamate,Glutamate & synaptic scaffolding,16.5,Postsynaptic density scaffolds and signaling hubs,DLG3,0,off-axis,medium,rule,FALSE,rule: PSD scaffold with no directional signalling role; no signed OmniPath edge to a glutamate receptor,,
16,glutamate,Glutamate & synaptic scaffolding,16.5,Postsynaptic density scaffolds and signaling hubs,DLG4,1,accessory,medium,omnipath,FALSE,consensus_stimulation DLG4->GRIN2A and DLG4->GRIN2B; high curation effort overrides the scaffold-to-zero default,SIGNOR;CA1;LMPID;DOMINO;HPRD curation_effort=33-38,
16,glutamate,Glutamate & synaptic scaffolding,16.5,Postsynaptic density scaffolds and signaling hubs,DLGAP1,0,off-axis,medium,rule,FALSE,rule: PSD adaptor (GKAP) with no directional signalling role; no signed OmniPath edge to a glutamate receptor,,
16,glutamate,Glutamate & synaptic scaffolding,16.5,Postsynaptic density scaffolds and signaling hubs,DLGAP2,0,off-axis,medium,rule,FALSE,rule: PSD adaptor (GKAP family) with no directional signalling role; no signed OmniPath edge to a receptor,,
16,glutamate,Glutamate & synaptic scaffolding,16.5,Postsynaptic density scaffolds and signaling hubs,FYN,1,transducer,high,omnipath,FALSE,consensus_stimulation FYN->GRIN2B GRIN2A and GRIA1; Src-family kinase potentiates NMDAR surface function,SIGNOR;PhosphoSite;CA1;Cui2007 curation_effort=50,
16,glutamate,Glutamate & synaptic scaffolding,16.5,Postsynaptic density scaffolds and signaling hubs,HOMER1,0,ambiguous,medium,rule,FALSE,isoform-dependent: Homer1a short form is a dominant negative whereas Homer1b/c are mGluR-Shank scaffolds,,
16,glutamate,Glutamate & synaptic scaffolding,16.5,Postsynaptic density scaffolds and signaling hubs,HOMER2,0,off-axis,medium,rule,FALSE,rule: long-form Homer scaffold with no directional signalling role,,
16,glutamate,Glutamate & synaptic scaffolding,16.5,Postsynaptic density scaffolds and signaling hubs,HOMER3,0,off-axis,medium,rule,FALSE,rule: long-form Homer scaffold with no directional signalling role,,
16,glutamate,Glutamate & synaptic scaffolding,16.5,Postsynaptic density scaffolds and signaling hubs,IQSEC2,0,ambiguous,low,rule,FALSE,two readings: single-reference SIGNOR stimulation of GRIA1/GRIA2 versus ARF6-GEF role in AMPAR removal during LTD,,
16,glutamate,Glutamate & synaptic scaffolding,16.5,Postsynaptic density scaffolds and signaling hubs,SHANK1,0,off-axis,medium,rule,FALSE,rule: PSD scaffold with no directional signalling role; no signed OmniPath edge to a glutamate receptor,,
16,glutamate,Glutamate & synaptic scaffolding,16.5,Postsynaptic density scaffolds and signaling hubs,SHANK2,0,off-axis,medium,rule,FALSE,rule: PSD scaffold with no directional signalling role; no signed OmniPath edge to a glutamate receptor,,
16,glutamate,Glutamate & synaptic scaffolding,16.5,Postsynaptic density scaffolds and signaling hubs,SHANK3,0,off-axis,medium,rule,FALSE,rule: PSD scaffold; only a single-reference SIGNOR edge to GRIA1 (curation_effort 1) which is too thin to sign,,
16,glutamate,Glutamate & synaptic scaffolding,16.5,Postsynaptic density scaffolds and signaling hubs,SYNGAP1,-1,brake,medium,literature,FALSE,Ras/Rap GAP: heterozygous synGAP deletion raises Ras-GTP and mature spine number,19074040,
16,glutamate,Glutamate & synaptic scaffolding,16.5,Postsynaptic density scaffolds and signaling hubs,TSC1,0,off-axis,medium,omnipath,FALSE,consensus_inhibition TSC1->RHEB places TSC1 on the mTORC1 axis rather than the glutamate axis,SIGNOR;Wang;ACSN curation_effort=7,
16,glutamate,Glutamate & synaptic scaffolding,16.5,Postsynaptic density scaffolds and signaling hubs,TSC2,0,off-axis,medium,omnipath,FALSE,consensus_inhibition TSC2->RHEB places TSC2 on the mTORC1 axis rather than the glutamate axis,SIGNOR;Wang;ACSN;HINT;SPIKE curation_effort=26,
17,gaba,GABA & excitation-inhibition balance,17.1,"GABA synthesis, reuptake and catabolism",ABAT,-1,catabolism,high,rule,FALSE,rule: degradation enzyme; GABA transaminase catabolises GABA (target of vigabatrin),,
17,gaba,GABA & excitation-inhibition balance,17.1,"GABA synthesis, reuptake and catabolism",ALDH5A1,-1,catabolism,high,rule,FALSE,rule: degradation enzyme; SSADH completes GABA catabolism to succinate,,
17,gaba,GABA & excitation-inhibition balance,17.1,"GABA synthesis, reuptake and catabolism",GAD1,1,synthesis,high,rule,TRUE,rule: rate-limiting synthesis enzyme for GABA,,
17,gaba,GABA & excitation-inhibition balance,17.1,"GABA synthesis, reuptake and catabolism",GAD2,1,synthesis,high,rule,TRUE,rule: rate-limiting synthesis enzyme for GABA at the synaptic pool,,
17,gaba,GABA & excitation-inhibition balance,17.1,"GABA synthesis, reuptake and catabolism",SLC6A1,-1,clearance,high,rule,FALSE,rule: plasma-membrane reuptake transporter GAT-1 clears synaptic GABA,,
17,gaba,GABA & excitation-inhibition balance,17.1,"GABA synthesis, reuptake and catabolism",SLC6A11,-1,clearance,high,rule,FALSE,rule: plasma-membrane reuptake transporter GAT-3 clears GABA,,
17,gaba,GABA & excitation-inhibition balance,17.1,"GABA synthesis, reuptake and catabolism",SLC6A12,-1,clearance,low,rule,FALSE,rule: plasma-membrane betaine/GABA transporter BGT-1; low CNS abundance so the tone effect is small,,low_confidence_signed
17,gaba,GABA & excitation-inhibition balance,17.1,"GABA synthesis, reuptake and catabolism",SLC6A13,-1,clearance,low,rule,FALSE,rule: plasma-membrane GABA transporter GAT-2; mainly meningeal and peripheral rather than synaptic,,low_confidence_signed
17,gaba,GABA & excitation-inhibition balance,17.2,GABA-A alpha subunits,GABRA1,1,transducer,high,rule,TRUE,rule: subunit of the inhibitory ionotropic GABA-A chloride channel that carries the system tone,,
17,gaba,GABA & excitation-inhibition balance,17.2,GABA-A alpha subunits,GABRA2,1,transducer,high,rule,FALSE,rule: subunit of the inhibitory ionotropic GABA-A chloride channel,,
17,gaba,GABA & excitation-inhibition balance,17.2,GABA-A alpha subunits,GABRA3,1,transducer,high,rule,FALSE,rule: subunit of the inhibitory ionotropic GABA-A chloride channel,,
17,gaba,GABA & excitation-inhibition balance,17.2,GABA-A alpha subunits,GABRA4,1,transducer,medium,rule,FALSE,rule: GABA-A subunit; alpha4 sits mainly in extrasynaptic tonic-inhibition receptors,,
17,gaba,GABA & excitation-inhibition balance,17.2,GABA-A alpha subunits,GABRA5,1,transducer,high,rule,FALSE,rule: GABA-A subunit; alpha5 carries hippocampal tonic inhibition,,
17,gaba,GABA & excitation-inhibition balance,17.2,GABA-A alpha subunits,GABRA6,1,transducer,medium,rule,FALSE,rule: GABA-A subunit; alpha6 is restricted to cerebellar granule cells,,
17,gaba,GABA & excitation-inhibition balance,17.3,"GABA-A beta, gamma, delta and minor subunits",GABRB1,1,transducer,high,rule,FALSE,rule: beta subunit of the inhibitory ionotropic GABA-A chloride channel,,
17,gaba,GABA & excitation-inhibition balance,17.3,"GABA-A beta, gamma, delta and minor subunits",GABRB2,1,transducer,high,rule,FALSE,rule: beta subunit of the inhibitory ionotropic GABA-A chloride channel,,
17,gaba,GABA & excitation-inhibition balance,17.3,"GABA-A beta, gamma, delta and minor subunits",GABRB3,1,transducer,high,rule,FALSE,rule: beta subunit of the inhibitory ionotropic GABA-A chloride channel,,
17,gaba,GABA & excitation-inhibition balance,17.3,"GABA-A beta, gamma, delta and minor subunits",GABRD,1,transducer,high,rule,FALSE,rule: delta subunit of extrasynaptic GABA-A receptors mediating tonic inhibition,,
17,gaba,GABA & excitation-inhibition balance,17.3,"GABA-A beta, gamma, delta and minor subunits",GABRE,1,transducer,low,rule,FALSE,rule: GABA-A subunit class; epsilon confers spontaneous gating and altered modulator sensitivity so magnitude is uncertain,,low_confidence_signed
17,gaba,GABA & excitation-inhibition balance,17.3,"GABA-A beta, gamma, delta and minor subunits",GABRG1,1,transducer,medium,rule,FALSE,rule: gamma subunit of the inhibitory ionotropic GABA-A chloride channel,,
17,gaba,GABA & excitation-inhibition balance,17.3,"GABA-A beta, gamma, delta and minor subunits",GABRG2,1,transducer,high,rule,FALSE,rule: gamma2 subunit required for synaptic clustering of GABA-A receptors,,
17,gaba,GABA & excitation-inhibition balance,17.3,"GABA-A beta, gamma, delta and minor subunits",GABRG3,1,transducer,medium,rule,FALSE,rule: gamma subunit of the inhibitory ionotropic GABA-A chloride channel,,
17,gaba,GABA & excitation-inhibition balance,17.3,"GABA-A beta, gamma, delta and minor subunits",GABRP,1,transducer,low,rule,FALSE,rule: GABA-A subunit class but pi is largely non-neuronal (uterus/breast) so CNS tone effect is doubtful,,low_confidence_signed
17,gaba,GABA & excitation-inhibition balance,17.3,"GABA-A beta, gamma, delta and minor subunits",GABRQ,1,transducer,low,rule,FALSE,rule: GABA-A subunit class; theta is sparsely expressed and poorly characterised,,low_confidence_signed
17,gaba,GABA & excitation-inhibition balance,17.4,GABA-B receptors and auxiliary subunits,GABBR1,1,transducer,medium,rule,FALSE,rule: obligate ligand-binding subunit of the GABA-B receptor which mediates slow inhibition; autoreceptor pool argues the other way,,
17,gaba,GABA & excitation-inhibition balance,17.4,GABA-B receptors and auxiliary subunits,GABBR2,1,transducer,medium,rule,FALSE,rule: obligate G-protein-coupling subunit of the GABA-B heterodimer mediating slow inhibition,,
17,gaba,GABA & excitation-inhibition balance,17.4,GABA-B receptors and auxiliary subunits,KCTD12,-1,feedback,medium,literature,FALSE,auxiliary GABA-B subunit uncouples Gbeta-gamma from effector K channels causing fast desensitisation,24836506,
17,gaba,GABA & excitation-inhibition balance,17.4,GABA-B receptors and auxiliary subunits,KCTD16,-1,feedback,low,literature,FALSE,anchors HCN channels to GABA-B receptors and restricts IPSP duration (shown in VTA dopamine neurons only),39914775,low_confidence_signed
17,gaba,GABA & excitation-inhibition balance,17.5,Chloride gradient and the developmental GABA switch,CA7,-1,brake,medium,literature,FALSE,intrapyramidal carbonic anhydrase VII generates HCO3-dependent tonic GABAergic excitation,15028762,
17,gaba,GABA & excitation-inhibition balance,17.5,Chloride gradient and the developmental GABA switch,OXSR1,-1,brake,medium,omnipath,FALSE,consensus_stimulation OXSR1->SLC12A2 activates the Cl importer NKCC1 which depolarises GABA responses,SIGNOR;PhosphoSite;HPRD;iPTMnet curation_effort=13,
17,gaba,GABA & excitation-inhibition balance,17.5,Chloride gradient and the developmental GABA switch,SLC12A2,-1,brake,high,literature,FALSE,NKCC1 accumulates Cl so that GABA depolarises immature neurons,26441542,
17,gaba,GABA & excitation-inhibition balance,17.5,Chloride gradient and the developmental GABA switch,SLC12A5,1,driver,high,literature,FALSE,KCC2 extrudes Cl giving GABA its hyperpolarising action in mature neurons,26441542,
17,gaba,GABA & excitation-inhibition balance,17.5,Chloride gradient and the developmental GABA switch,STK39,-1,brake,medium,omnipath,FALSE,consensus_stimulation STK39->SLC12A2 activates the Cl importer NKCC1; SPAK is the WNK effector kinase,SIGNOR;PhosphoSite;ProtMapper;iPTMnet curation_effort=4,
17,gaba,GABA & excitation-inhibition balance,17.5,Chloride gradient and the developmental GABA switch,WNK1,-1,brake,medium,omnipath,FALSE,consensus_stimulation WNK1->STK39 and WNK1->OXSR1 and WNK1->SLC12A2 activates the Cl importer NKCC1,SIGNOR;PhosphoSite;phosphoELM curation_effort=20,
17,gaba,GABA & excitation-inhibition balance,17.6,Interneuron identity and perineuronal-net components,ACAN,0,off-axis,medium,rule,FALSE,rule: perineuronal-net ECM component; any effect on inhibitory tone is indirect and context-dependent,,
17,gaba,GABA & excitation-inhibition balance,17.6,Interneuron identity and perineuronal-net components,BCAN,0,off-axis,medium,rule,FALSE,rule: perineuronal-net ECM component; any effect on inhibitory tone is indirect and context-dependent,,
17,gaba,GABA & excitation-inhibition balance,17.6,Interneuron identity and perineuronal-net components,CCK,0,ambiguous,low,rule,FALSE,two readings: marker of CCK basket interneurons versus CCK peptide acting on Gq CCK-B receptors to raise excitability,,
17,gaba,GABA & excitation-inhibition balance,17.6,Interneuron identity and perineuronal-net components,LHX6,0,off-axis,medium,rule,FALSE,rule: lineage-identity transcription factor specifying MGE-derived interneurons; effect on tone is via cell fate,,
17,gaba,GABA & excitation-inhibition balance,17.6,Interneuron identity and perineuronal-net components,PVALB,1,readout,medium,rule,FALSE,rule: cell-class marker whose bulk expression tracks PV fast-spiking interneuron capacity; the product itself is only a Ca buffer,,
17,gaba,GABA & excitation-inhibition balance,17.6,Interneuron identity and perineuronal-net components,SST,1,readout,medium,rule,FALSE,rule: SST interneuron marker and the peptide acts on Gi/o SSTRs to lower target excitability,,
17,gaba,GABA & excitation-inhibition balance,17.6,Interneuron identity and perineuronal-net components,VIP,0,ambiguous,medium,literature,FALSE,two readings: GABAergic interneuron marker versus VIP cells disinhibiting pyramidal neurons via SST/PV,38070500,
17,gaba,GABA & excitation-inhibition balance,17.7,Inhibitory postsynaptic scaffold,ARHGEF9,1,accessory,medium,literature,FALSE,collybistin is required for gephyrin and GABA-A receptor clustering and for inhibitory postsynaptic strength,27941024,
17,gaba,GABA & excitation-inhibition balance,17.7,Inhibitory postsynaptic scaffold,GPHN,1,accessory,medium,literature,FALSE,gephyrin clustering sets GABA-A receptor number and the strength of inhibitory postsynapses,27941024,
18,neurotrophins,Neurotrophins & activity-dependent plasticity,18.1,Neurotrophic factors and their receptors,BDNF,1,driver,high,omnipath,TRUE,consensus-stimulates NTRK2 (anchor); TrkB ligand defining trophic drive,omnipath BDNF->NTRK2 ce=33 (SIGNOR;HPRD;Lit-BM-17;IntAct;+36 more),
18,neurotrophins,Neurotrophins & activity-dependent plasticity,18.1,Neurotrophic factors and their receptors,GDNF,1,driver,high,omnipath,FALSE,consensus-stimulates RET and GFRA1/2 co-receptors,omnipath GDNF->RET ce=29; GDNF->GFRA1 ce=25 (SIGNOR;HPRD;Reactome_LRdb;+),
18,neurotrophins,Neurotrophins & activity-dependent plasticity,18.1,Neurotrophic factors and their receptors,GFRA1,1,accessory,medium,omnipath,FALSE,obligate GDNF co-receptor for RET; same sign as receptor,omnipath GDNF->GFRA1 ce=25 (SIGNOR;HPRD;HINT;DIP;+),
18,neurotrophins,Neurotrophins & activity-dependent plasticity,18.1,Neurotrophic factors and their receptors,GFRA2,1,accessory,medium,omnipath,FALSE,obligate GDNF/NRTN co-receptor for RET; same sign as receptor,omnipath GDNF->GFRA2 ce=13; NRTN->RET ce=14 (SIGNOR;HPRD;Reactome_LRdb;+),
18,neurotrophins,Neurotrophins & activity-dependent plasticity,18.1,Neurotrophic factors and their receptors,NGF,1,driver,high,omnipath,FALSE,consensus-stimulates NTRK1; canonical NGF-family trophic ligand,omnipath NGF->NTRK1 ce=60 (SIGNOR;HPRD;IntAct;DIP;+38 more),
18,neurotrophins,Neurotrophins & activity-dependent plasticity,18.1,Neurotrophic factors and their receptors,NGFR,-1,brake,medium,literature,FALSE,p75NTR arm lowers dendritic complexity/spine density/LTP and enhances LTD; Trk-co-receptor reading opposes,PMID 24746813; PMID 20955473,
18,neurotrophins,Neurotrophins & activity-dependent plasticity,18.1,Neurotrophic factors and their receptors,NTF3,1,driver,high,omnipath,FALSE,consensus-stimulates NTRK3 and NTRK2,omnipath NTF3->NTRK3 ce=25; NTF3->NTRK2 ce=8 (SIGNOR;HPRD;Guide2Pharma;+),
18,neurotrophins,Neurotrophins & activity-dependent plasticity,18.1,Neurotrophic factors and their receptors,NTF4,1,driver,high,omnipath,FALSE,consensus-stimulates NTRK2 (anchor),omnipath NTF4->NTRK2 ce=20 (SIGNOR;HPRD;Lit-BM-17;HINT;+),
18,neurotrophins,Neurotrophins & activity-dependent plasticity,18.1,Neurotrophic factors and their receptors,NTRK1,1,transducer,high,omnipath,FALSE,RTK transducing NGF/NT-3/NT-4; receptor heuristic gives same sign as its own transduction,omnipath NGF->NTRK1 ce=60 (SIGNOR;HPRD;IntAct;+),
18,neurotrophins,Neurotrophins & activity-dependent plasticity,18.1,Neurotrophic factors and their receptors,NTRK2,1,transducer,high,omnipath,TRUE,TrkB is the anchor receptor for the trophic tone; BDNF/NT-4/NT-3 consensus-stimulate it,omnipath BDNF->NTRK2 ce=33 (SIGNOR;HPRD;Lit-BM-17;+),
18,neurotrophins,Neurotrophins & activity-dependent plasticity,18.1,Neurotrophic factors and their receptors,NTRK3,1,transducer,high,omnipath,FALSE,RTK transducing NT-3,omnipath NTF3->NTRK3 ce=25 (SIGNOR;HPRD;Guide2Pharma;DIP;+),
18,neurotrophins,Neurotrophins & activity-dependent plasticity,18.1,Neurotrophic factors and their receptors,RET,1,transducer,high,omnipath,FALSE,RTK transducing GDNF-family ligands via GFRalpha co-receptors,omnipath GDNF->RET ce=29; ARTN->RET ce=8 (SIGNOR;HPRD;HINT;+),
18,neurotrophins,Neurotrophins & activity-dependent plasticity,18.1,Neurotrophic factors and their receptors,SORT1,0,ambiguous,medium,literature,FALSE,sortilin both traffics Trk/BDNF anterogradely (+) and is the proneurotrophin death co-receptor with p75 (-),PMID 23055476; PMID 21658451,
18,neurotrophins,Neurotrophins & activity-dependent plasticity,18.2,Immediate-early genes,ARC,1,readout,medium,rule,FALSE,IEG class: activity-induced plasticity transcript; caveat Arc protein drives AMPAR endocytosis/downscaling,PMID 17088213,
18,neurotrophins,Neurotrophins & activity-dependent plasticity,18.2,Immediate-early genes,EGR1,1,readout,medium,trrust,FALSE,activity-induced IEG transcription factor; induced with c-fos/junB/nr4a1 by plasticity stimuli | confirmed by TRRUST: EGR1 activation SYN1 (w_g +1),PMID 16903857; PMID 8195167,
18,neurotrophins,Neurotrophins & activity-dependent plasticity,18.2,Immediate-early genes,EGR2,1,readout,low,rule,FALSE,IEG class: activity-induced zinc-finger TF; caveat EGR2/Krox20 also has hindbrain/Schwann lineage roles,,low_confidence_signed
18,neurotrophins,Neurotrophins & activity-dependent plasticity,18.2,Immediate-early genes,EGR3,1,readout,medium,rule,FALSE,IEG class: activity-induced zinc-finger TF of the EGR family,,
18,neurotrophins,Neurotrophins & activity-dependent plasticity,18.2,Immediate-early genes,EGR4,1,readout,low,rule,FALSE,IEG class: activity-induced zinc-finger TF; least characterised EGR paralog,,low_confidence_signed
18,neurotrophins,Neurotrophins & activity-dependent plasticity,18.2,Immediate-early genes,FOS,1,readout,high,literature,TRUE,"anchor for the activity-dependent arm: c-fos induced via SRF/SRE binding after plasticity stimuli | TRRUST chain (FOS activation CREM (w_g -1)) inverts here because the path runs through the system negative feedback; chain discarded, anchor definition holds",PMID 16903857,
18,neurotrophins,Neurotrophins & activity-dependent plasticity,18.2,Immediate-early genes,FOSB,1,readout,medium,rule,FALSE,IEG class: activity-induced AP-1 component paralogous to FOS,,
18,neurotrophins,Neurotrophins & activity-dependent plasticity,18.2,Immediate-early genes,JUN,1,readout,low,literature,FALSE,activity-induced AP-1 partner (junB/c-jun induced with c-fos); caveat JNK-cJun also drives injury/apoptosis,PMID 16903857,low_confidence_signed
18,neurotrophins,Neurotrophins & activity-dependent plasticity,18.2,Immediate-early genes,NPAS4,1,driver,medium,rule,FALSE,IEG class: activity-dependent bHLH-PAS TF that drives Bdnf transcription and synapse remodelling,,
18,neurotrophins,Neurotrophins & activity-dependent plasticity,18.2,Immediate-early genes,NR4A1,1,readout,medium,literature,FALSE,activity-induced IEG nuclear receptor (nr4a1 induced with c-fos/junB/egr1 by plasticity stimuli),PMID 16903857,
18,neurotrophins,Neurotrophins & activity-dependent plasticity,18.2,Immediate-early genes,NR4A3,1,readout,low,rule,FALSE,IEG class: NR4A-family activity-induced nuclear receptor; OmniPath NR4A1->NR4A3 stimulation ce=2,,low_confidence_signed
18,neurotrophins,Neurotrophins & activity-dependent plasticity,18.3,CREB/CREM coactivator-dependent transcription,CREM,-1,feedback,medium,trrust,FALSE,consensus-inhibits CREB1; ICER isoform is the inducible CRE repressor; caveat CREMtau isoform activates | confirmed by TRRUST: CREM repression FOS (w_g +1),omnipath CREM-|CREB1 ce=4 (Cui2007;Wang;CA1;HPRD;BioGRID;SPIKE_LC); PMID 21757709,
18,neurotrophins,Neurotrophins & activity-dependent plasticity,18.3,CREB/CREM coactivator-dependent transcription,CRTC1,1,driver,medium,literature,FALSE,neuronal CREB coactivator; CRTC1 loss lowers CREB/BDNF-dependent plasticity signalling,PMID 35242012,
18,neurotrophins,Neurotrophins & activity-dependent plasticity,18.3,CREB/CREM coactivator-dependent transcription,CRTC2,1,driver,medium,omnipath,FALSE,"consensus-stimulates CREB1, the effector of this module",omnipath CRTC2->CREB1 ce=3 (SIGNOR;HuRI;SPIKE;SPIKE_LC),
18,neurotrophins,Neurotrophins & activity-dependent plasticity,18.4,Presynaptic vesicle/terminal machinery and activity-regulated VGF,CPLX1,0,ambiguous,medium,literature,FALSE,complexin both clamps spontaneous fusion (-) and facilitates depolarisation-evoked release (+),PMID 23658160,
18,neurotrophins,Neurotrophins & activity-dependent plasticity,18.4,Presynaptic vesicle/terminal machinery and activity-regulated VGF,SNAP25,1,capacity,medium,rule,FALSE,release-machinery class: core SNARE executing exocytosis of the effector (transmitter and BDNF),,
18,neurotrophins,Neurotrophins & activity-dependent plasticity,18.4,Presynaptic vesicle/terminal machinery and activity-regulated VGF,STX1A,1,capacity,medium,rule,FALSE,release-machinery class: core t-SNARE syntaxin-1A executing exocytosis,,
18,neurotrophins,Neurotrophins & activity-dependent plasticity,18.4,Presynaptic vesicle/terminal machinery and activity-regulated VGF,SYN1,1,capacity,low,rule,FALSE,release-capacity class: synapsin tethers the reserve vesicle pool for sustained release; tethering also restrains mobilisation,,low_confidence_signed
18,neurotrophins,Neurotrophins & activity-dependent plasticity,18.4,Presynaptic vesicle/terminal machinery and activity-regulated VGF,SYN2,1,capacity,low,rule,FALSE,release-capacity class: synapsin-II reserve-pool tethering; same two-sided reading as SYN1,,low_confidence_signed
18,neurotrophins,Neurotrophins & activity-dependent plasticity,18.4,Presynaptic vesicle/terminal machinery and activity-regulated VGF,SYP,1,accessory,low,omnipath,FALSE,consensus-stimulates VAMP2; caveat Syp-null mice near-normal and SYP is used mainly as a synapse-density marker,omnipath SYP->VAMP2 ce=4 (HPRD;SIGNOR),low_confidence_signed
18,neurotrophins,Neurotrophins & activity-dependent plasticity,18.4,Presynaptic vesicle/terminal machinery and activity-regulated VGF,SYT1,1,capacity,medium,omnipath,FALSE,Ca sensor triggering fusion; consensus-stimulates SNAP25,omnipath SYT1->SNAP25 ce=8 (SIGNOR;HINT;HPRD;BioGRID;Wang),
18,neurotrophins,Neurotrophins & activity-dependent plasticity,18.4,Presynaptic vesicle/terminal machinery and activity-regulated VGF,VAMP2,1,capacity,medium,rule,FALSE,release-machinery class: core v-SNARE synaptobrevin-2 executing exocytosis,,
18,neurotrophins,Neurotrophins & activity-dependent plasticity,18.4,Presynaptic vesicle/terminal machinery and activity-regulated VGF,VGF,1,readout,medium,rule,FALSE,precursor-processing class: activity- and BDNF-induced neurosecretory precursor whose peptides promote plasticity,,
18,neurotrophins,Neurotrophins & activity-dependent plasticity,18.5,Local translation and structural plasticity,BRSK2,0,unresolved,low,unresolved,FALSE,SAD-B is redundant with SAD-A for polarity/vesicle clustering; no directional evidence on plasticity tone,PMID 30307479,unresolved_needs_evidence
18,neurotrophins,Neurotrophins & activity-dependent plasticity,18.5,Local translation and structural plasticity,CYFIP1,-1,brake,medium,literature,FALSE,CYFIP1 is a 4E-BP that represses activity-dependent translation; knockdown raises FMRP-target protein levels,PMID 18805096,
18,neurotrophins,Neurotrophins & activity-dependent plasticity,18.5,Local translation and structural plasticity,EIF4E,1,driver,medium,rule,FALSE,rate-limiting class: cap-binding factor limiting initiation of plasticity-related local translation,,
18,neurotrophins,Neurotrophins & activity-dependent plasticity,18.5,Local translation and structural plasticity,FMR1,-1,brake,medium,literature,FALSE,FMRP inhibits translation initiation via CYFIP1-eIF4E; loss de-represses dendritic translation,PMID 18805096,
18,neurotrophins,Neurotrophins & activity-dependent plasticity,18.5,Local translation and structural plasticity,MTOR,1,driver,medium,rule,FALSE,rate-limiting class: mTORC1 kinase driving cap-dependent translation and structural plasticity,,
18,neurotrophins,Neurotrophins & activity-dependent plasticity,18.6,BDNF transcriptional regulation,BDNF-AS,-1,brake,high,literature,FALSE,antisense repressor: BDNF-AS knockout raises endogenous Bdnf mRNA and protein,PMID 34377851,
18,neurotrophins,Neurotrophins & activity-dependent plasticity,18.6,BDNF transcriptional regulation,CEBPA,0,unresolved,low,unresolved,FALSE,no signed edge to BDNF/CREB1; OmniPath targets are myeloid lineage genes. A Bdnf-promoter ChIP/reporter test would settle it,,unresolved_needs_evidence
18,neurotrophins,Neurotrophins & activity-dependent plasticity,18.6,BDNF transcriptional regulation,CEBPB,1,driver,low,omnipath,FALSE,"consensus-stimulates CREB1, the module effector upstream of Bdnf transcription",omnipath CEBPB->CREB1 ce=2 (HPRD;SIGNOR),low_confidence_signed
18,neurotrophins,Neurotrophins & activity-dependent plasticity,18.6,BDNF transcriptional regulation,NEUROD1,1,driver,low,omnipath,FALSE,"consensus-stimulates NTRK2 (anchor); weak curation, and NEUROD1 is also a lineage bHLH TF",omnipath NEUROD1->NTRK2 ce=2 (SPIKE;SPIKE_LC),low_confidence_signed
18,neurotrophins,Neurotrophins & activity-dependent plasticity,18.6,BDNF transcriptional regulation,SRF,1,driver,medium,trrust,FALSE,SRF binds the SRE of c-fos/junB and drives activity-dependent IEG transcription | confirmed by TRRUST: SRF activation FOS (w_g +1),PMID 16903857; PMID 10742173;9734357,
18,neurotrophins,Neurotrophins & activity-dependent plasticity,18.6,BDNF transcriptional regulation,USF1,1,driver,medium,literature,FALSE,RESOLVED KEEP_CURRENT: Database rejected but sign moves 0 to +1: USF1 drives the anchor BDNF at promoters I and IV. TRRUST's -1 chains via FMR1; the USF1-|FOSL1 edge is not the FOS anchor.,12114522; 21368041,
18,neurotrophins,Neurotrophins & activity-dependent plasticity,18.6,BDNF transcriptional regulation,USF2,1,driver,low,literature,FALSE,"RESOLVED KEEP_CURRENT: Database rejected but sign moves 0 to +1: same CRE/USF element on BDNF promoter I. Low confidence - the dominant-negative blocks both paralogues, so USF2 is not separable.",12114522; 21368041,
19,gpcr,GPCR signalling & second messengers,19.1,Adenylyl cyclases,ADCY1,1,synthesis,high,rule,TRUE,rule: synthesis enzyme for the effector cAMP; Ca/calmodulin-stimulated neuronal isoform,,
19,gpcr,GPCR signalling & second messengers,19.1,Adenylyl cyclases,ADCY2,1,synthesis,high,rule,FALSE,rule: synthesis enzyme for the effector cAMP,,
19,gpcr,GPCR signalling & second messengers,19.1,Adenylyl cyclases,ADCY3,1,synthesis,high,rule,FALSE,rule: synthesis enzyme for the effector cAMP,,
19,gpcr,GPCR signalling & second messengers,19.1,Adenylyl cyclases,ADCY5,1,synthesis,high,rule,FALSE,rule: synthesis enzyme for the effector cAMP; Gi- and Ca-inhibited but still a cyclase,,
19,gpcr,GPCR signalling & second messengers,19.1,Adenylyl cyclases,ADCY6,1,synthesis,high,rule,FALSE,rule: synthesis enzyme for the effector cAMP; Gi- and Ca-inhibited but still a cyclase,,
19,gpcr,GPCR signalling & second messengers,19.1,Adenylyl cyclases,ADCY7,1,synthesis,high,rule,FALSE,rule: synthesis enzyme for the effector cAMP,,
19,gpcr,GPCR signalling & second messengers,19.1,Adenylyl cyclases,ADCY8,1,synthesis,high,rule,FALSE,rule: synthesis enzyme for the effector cAMP; Ca/calmodulin-stimulated neuronal isoform,,
19,gpcr,GPCR signalling & second messengers,19.1,Adenylyl cyclases,ADCY9,1,synthesis,high,rule,FALSE,rule: synthesis enzyme for the effector cAMP,,
19,gpcr,GPCR signalling & second messengers,19.2,Heterotrimeric G protein subunits,GNA12,0,off-axis,medium,rule,FALSE,Galpha12 couples receptors to RhoGEFs; no consistent effect on the cAMP reference axis of this system,,
19,gpcr,GPCR signalling & second messengers,19.2,Heterotrimeric G protein subunits,GNA13,0,off-axis,medium,rule,FALSE,Galpha13 couples receptors to RhoGEFs; no consistent effect on the cAMP reference axis of this system,,
19,gpcr,GPCR signalling & second messengers,19.2,Heterotrimeric G protein subunits,GNAI1,-1,transducer,high,omnipath,FALSE,consensus_inhibition GNAI1->ADCY1 ADCY5 ADCY6; Gi lowers cAMP drive,SIGNOR;Wang;SignaLink3;HPRD;KEGG-MEDICUS curation_effort=7,
19,gpcr,GPCR signalling & second messengers,19.2,Heterotrimeric G protein subunits,GNAS,1,transducer,high,omnipath,TRUE,consensus_stimulation GNAS->ADCY1 ADCY2 ADCY5 ADCY7 ADCY8 ADCY9,SIGNOR;ACSN;Wang;CA1;KEGG-MEDICUS curation_effort=7,
19,gpcr,GPCR signalling & second messengers,19.2,Heterotrimeric G protein subunits,GNB1,0,ambiguous,medium,rule,FALSE,obligate Gbeta for both Gs and Gi heterotrimers; Gbeta-gamma inhibits ADCY1 but stimulates ADCY2/4/7,,
19,gpcr,GPCR signalling & second messengers,19.2,Heterotrimeric G protein subunits,GNB3,0,ambiguous,medium,rule,FALSE,obligate Gbeta for both Gs and Gi heterotrimers; direction on cAMP depends on the cyclase isoform present,,
19,gpcr,GPCR signalling & second messengers,19.2,Heterotrimeric G protein subunits,GNG2,0,ambiguous,medium,rule,FALSE,obligate Ggamma for both Gs and Gi heterotrimers; Gbeta-gamma effect on cAMP is cyclase-isoform dependent,,
19,gpcr,GPCR signalling & second messengers,19.3,PKA holoenzyme and AKAP anchoring,AKAP11,0,off-axis,medium,rule,FALSE,rule: PKA anchoring protein; localises the holoenzyme without a direction of its own,,
19,gpcr,GPCR signalling & second messengers,19.3,PKA holoenzyme and AKAP anchoring,AKAP5,0,off-axis,medium,rule,FALSE,rule: anchoring protein that scaffolds both PKA and the opposing phosphatase calcineurin,,
19,gpcr,GPCR signalling & second messengers,19.3,PKA holoenzyme and AKAP anchoring,AKAP6,0,off-axis,medium,rule,FALSE,rule: anchoring protein organising a cAMP node containing both PKA and PDE4D3,,
19,gpcr,GPCR signalling & second messengers,19.3,PKA holoenzyme and AKAP anchoring,PRKACA,1,driver,high,omnipath,TRUE,consensus_stimulation PRKACA->CREB1 and PRKACA->ATF1; catalytic effector kinase of the cAMP axis,SIGNOR;PhosphoSite;Reactome_ProtMapper;KEA curation_effort=25,
19,gpcr,GPCR signalling & second messengers,19.3,PKA holoenzyme and AKAP anchoring,PRKACB,1,driver,medium,rule,FALSE,rule: paralogous PKA catalytic subunit; effector kinase of the cAMP axis,,
19,gpcr,GPCR signalling & second messengers,19.3,PKA holoenzyme and AKAP anchoring,PRKAR1A,-1,feedback,high,omnipath,FALSE,consensus_inhibition PRKAR1A->PRKACA and PRKAR1A->PRKACB; R subunit restrains the catalytic subunit,DIP;HINT;IntAct;SIGNOR;KEGG-MEDICUS curation_effort=24,
19,gpcr,GPCR signalling & second messengers,19.3,PKA holoenzyme and AKAP anchoring,PRKAR1B,-1,feedback,medium,omnipath,FALSE,consensus_inhibition PRKAR1B->PRKACA and PRKAR1B->PRKACB,HINT;IntAct;SIGNOR;Wang;KEGG-MEDICUS curation_effort=6,
19,gpcr,GPCR signalling & second messengers,19.3,PKA holoenzyme and AKAP anchoring,PRKAR2A,-1,feedback,medium,omnipath,FALSE,consensus_inhibition PRKAR2A->PRKACA and PRKAR2A->PRKACB,HINT;BioGRID;SIGNOR;KEGG-MEDICUS curation_effort=7,
19,gpcr,GPCR signalling & second messengers,19.3,PKA holoenzyme and AKAP anchoring,PRKAR2B,-1,feedback,medium,omnipath,FALSE,is_inhibition PRKAR2B->PRKACA and consensus_inhibition PRKAR2B->PRKACB,DIP;HINT;IntAct;SIGNOR;KEGG-MEDICUS curation_effort=15,
19,gpcr,GPCR signalling & second messengers,19.4,Cyclic nucleotide degradation,PDE11A,-1,catabolism,medium,rule,FALSE,rule: degradation enzyme; dual-specificity phosphodiesterase hydrolyses cAMP and cGMP,,
19,gpcr,GPCR signalling & second messengers,19.4,Cyclic nucleotide degradation,PDE4A,-1,catabolism,high,rule,FALSE,rule: degradation enzyme; cAMP-specific phosphodiesterase,,
19,gpcr,GPCR signalling & second messengers,19.4,Cyclic nucleotide degradation,PDE4B,-1,catabolism,high,rule,FALSE,rule: degradation enzyme; cAMP-specific phosphodiesterase,,
19,gpcr,GPCR signalling & second messengers,19.4,Cyclic nucleotide degradation,PDE4D,-1,catabolism,high,rule,FALSE,rule: degradation enzyme; cAMP-specific phosphodiesterase,,
19,gpcr,GPCR signalling & second messengers,19.4,Cyclic nucleotide degradation,PDE8B,-1,catabolism,high,rule,FALSE,rule: degradation enzyme; high-affinity cAMP-specific phosphodiesterase,,
19,gpcr,GPCR signalling & second messengers,19.5,Receptor desensitisation and arrestins,ARRB1,-1,feedback,medium,omnipath,FALSE,consensus_inhibition ARRB1->ADRB2 and ARRB1 recruits PDE4D which further lowers cAMP,Cui2007;HPRD;CA1;Wang;SPIKE_LC curation_effort=2,
19,gpcr,GPCR signalling & second messengers,19.5,Receptor desensitisation and arrestins,ARRB2,-1,feedback,high,omnipath,FALSE,consensus_inhibition ARRB2->ADRB2 and ARRB2->ADRB1; desensitises and internalises Gs-coupled receptors,HINT;IntAct;SIGNOR;Wang;Cellinker curation_effort=12,
19,gpcr,GPCR signalling & second messengers,19.5,Receptor desensitisation and arrestins,GRK2,-1,feedback,medium,rule,FALSE,rule: negative-feedback desensitisation kinase; OmniPath sign unusable (is_stimulation and is_inhibition both true),,
19,gpcr,GPCR signalling & second messengers,19.5,Receptor desensitisation and arrestins,GRK3,-1,feedback,medium,rule,FALSE,rule: negative-feedback desensitisation kinase; no usable consensus sign in OmniPath,,
19,gpcr,GPCR signalling & second messengers,19.5,Receptor desensitisation and arrestins,GRK5,-1,feedback,medium,rule,FALSE,rule: negative-feedback desensitisation kinase; OmniPath calls its ADRB2 phosphorylation stimulation which is a phospho-database artefact,,
19,gpcr,GPCR signalling & second messengers,19.5,Receptor desensitisation and arrestins,GRK6,-1,feedback,medium,rule,FALSE,rule: negative-feedback desensitisation kinase; consensus_inhibition GRK6->DRD2 in SIGNOR but only curation_effort 1,,
19,gpcr,GPCR signalling & second messengers,19.6,Regulators of G protein signalling,RGS14,0,ambiguous,medium,rule,FALSE,two readings: GAP terminates G-protein flux (-1) but Galpha-i-directed GAP activity disinhibits adenylyl cyclase (+1),,
19,gpcr,GPCR signalling & second messengers,19.6,Regulators of G protein signalling,RGS16,0,ambiguous,medium,rule,FALSE,two readings: GAP terminates G-protein flux (-1) but Galpha-i-directed GAP activity disinhibits adenylyl cyclase (+1),,
19,gpcr,GPCR signalling & second messengers,19.6,Regulators of G protein signalling,RGS2,-1,feedback,medium,omnipath,FALSE,consensus_inhibition RGS2->GNAQ; RGS2 is also a direct inhibitor of adenylyl cyclase so both routes lower cAMP,Cui2007;HPRD;CA1;Wang curation_effort=3,
19,gpcr,GPCR signalling & second messengers,19.7,CRE-dependent transcription,ATF1,1,transducer,medium,omnipath,FALSE,consensus_stimulation PRKACA->ATF1; PKA-phosphorylated CRE-binding activator,SIGNOR;PhosphoSite;HPRD;iPTMnet;ProtMapper curation_effort=14,
19,gpcr,GPCR signalling & second messengers,19.7,CRE-dependent transcription,CREB1,1,driver,high,omnipath,TRUE,consensus_stimulation PRKACA->CREB1; transcriptional effector of CRE-dependent transcription,SIGNOR;PhosphoSite;Reactome_ProtMapper;Wang curation_effort=25,
20,epigenetic,Epigenetic machinery,20.1,DNA methyltransferases and cofactors,CDCA7,1,accessory,high,literature,FALSE,CDCA7-HELLS complex needed for DNMT1/UHRF1 loading on nascent DNA; ICF3 cells show pericentromeric hypomethylation,33082427;30010917,
20,epigenetic,Epigenetic machinery,20.1,DNA methyltransferases and cofactors,DNMT1,1,driver,high,rule,TRUE,rule: maintenance CpG methyltransferase - the writer that defines this system's tone,,
20,epigenetic,Epigenetic machinery,20.1,DNA methyltransferases and cofactors,DNMT3A,1,driver,high,rule,TRUE,rule: de novo CpG methyltransferase - writer of the system effector mark,,
20,epigenetic,Epigenetic machinery,20.1,DNA methyltransferases and cofactors,DNMT3B,1,driver,high,rule,TRUE,rule: de novo CpG methyltransferase - writer of the system effector mark,,
20,epigenetic,Epigenetic machinery,20.1,DNA methyltransferases and cofactors,DNMT3L,1,accessory,high,trrust,FALSE,catalytically inactive; binds H3K4me0 and recruits/activates DNMT3A2 to induce de novo DNA methylation | confirmed by TRRUST: DNMT3L repression TDG (w_g -1),17687327; PMID 20428781,
20,epigenetic,Epigenetic machinery,20.1,DNA methyltransferases and cofactors,HELLS,1,accessory,high,omnipath,FALSE,OmniPath consensus_stimulation HELLS->DNMT1 and HELLS->DNMT3L; ICF4 pericentromeric hypomethylation,SPIKE;SPIKE_LC (curation_effort 2); PMID 33082427,
20,epigenetic,Epigenetic machinery,20.1,DNA methyltransferases and cofactors,UHRF1,1,driver,high,omnipath,TRUE,OmniPath consensus_stimulation UHRF1->DNMT1; hemimethylated-DNA reader that recruits DNMT1 to replicating chromatin,HINT;SPIKE;IntAct;Lit-BM-17;BioGRID;SPIKE_LC (curation_effort 33),
20,epigenetic,Epigenetic machinery,20.1,DNA methyltransferases and cofactors,UHRF2,0,unresolved,low,unresolved,FALSE,UHRF1 paralogue binding 5hmC/hemimethylated DNA; whether it supports maintenance methylation is unsettled - needs a KO methylome,,unresolved_needs_evidence
20,epigenetic,Epigenetic machinery,20.1,DNA methyltransferases and cofactors,ZBTB24,1,driver,medium,literature,FALSE,coordinates with DNMT3B to control gene-body methylation and directly activates CDCA7; ICF2 pericentromeric hypomethylation,30085123;30010917,
20,epigenetic,Epigenetic machinery,20.2,TET/TDG active DNA demethylation and α-ketoglutarate support,GADD45A,-1,brake,low,literature,FALSE,overexpression drives global demethylation and knockdown causes hypermethylation; replication of this pathway is contested,17268471;25536520,low_confidence_signed
20,epigenetic,Epigenetic machinery,20.2,TET/TDG active DNA demethylation and α-ketoglutarate support,IDH1,-1,accessory,low,literature,FALSE,supplies the alpha-KG cofactor TET requires; mutant IDH 2-HG inhibits TET and hypermethylates - expression link is indirect,23507484,low_confidence_signed
20,epigenetic,Epigenetic machinery,20.2,TET/TDG active DNA demethylation and α-ketoglutarate support,IDH2,-1,accessory,low,literature,FALSE,supplies the alpha-KG cofactor TET requires; mutant IDH 2-HG inhibits TET and hypermethylates - expression link is indirect,23507484,low_confidence_signed
20,epigenetic,Epigenetic machinery,20.2,TET/TDG active DNA demethylation and α-ketoglutarate support,TDG,-1,catabolism,medium,omnipath,FALSE,OmniPath consensus_inhibition TDG->DNMT3A; excises 5fC/5caC in the TET-BER active demethylation route,SPIKE;SPIKE_LC (curation_effort 2),
20,epigenetic,Epigenetic machinery,20.2,TET/TDG active DNA demethylation and α-ketoglutarate support,TET1,-1,catabolism,high,rule,FALSE,rule: erasing/catabolic enzyme - oxidises 5mC to 5hmC to initiate active demethylation,,
20,epigenetic,Epigenetic machinery,20.2,TET/TDG active DNA demethylation and α-ketoglutarate support,TET2,-1,catabolism,high,rule,FALSE,rule: erasing/catabolic enzyme - oxidises 5mC to 5hmC to initiate active demethylation,,
20,epigenetic,Epigenetic machinery,20.2,TET/TDG active DNA demethylation and α-ketoglutarate support,TET3,-1,catabolism,high,rule,FALSE,rule: erasing/catabolic enzyme - oxidises 5mC to 5hmC to initiate active demethylation,,
20,epigenetic,Epigenetic machinery,20.3,Methyl-CpG/modified-DNA binding proteins,MBD1,0,transducer,high,literature,FALSE,RESOLVED SET_ZERO: Signed vs 5mC-writing tone. Both TRRUST sources are RETRACTED (30849389) and describe an MBD1-SETDB1 complex not SETDB1 gene repression; MBD1 reads 5mC and never writes it.,15327775;17066076;30849389,
20,epigenetic,Epigenetic machinery,20.3,Methyl-CpG/modified-DNA binding proteins,MBD2,0,transducer,medium,rule,FALSE,MeCP1/NuRD methyl-CpG reader; transduces the mark into repression rather than raising or lowering how much 5mC is written,,
20,epigenetic,Epigenetic machinery,20.3,Methyl-CpG/modified-DNA binding proteins,MBD3,0,off-axis,medium,rule,FALSE,rule: structural scaffold - core NuRD subunit whose mammalian MBD domain is degenerate and does not bind methyl-CpG,,
20,epigenetic,Epigenetic machinery,20.3,Methyl-CpG/modified-DNA binding proteins,MBD4,0,ambiguous,low,literature,FALSE,G:T mismatch glycosylase; the proposed AID/MBD4-coupled demethylation pathway was not reproducible so no direction is settled,25536520,
20,epigenetic,Epigenetic machinery,20.3,Methyl-CpG/modified-DNA binding proteins,MECP2,0,ambiguous,medium,omnipath,FALSE,OmniPath has MECP2 stimulating both DNMT1 and TET1; a reader whose net effect on methylation tone is not directional,SIGNOR (curation_effort 1 each),
20,epigenetic,Epigenetic machinery,20.3,Methyl-CpG/modified-DNA binding proteins,ZBTB33,0,transducer,low,rule,FALSE,Kaiso: methyl-CpG-binding transcription factor; reader/transducer with no writing or erasing activity,,
20,epigenetic,Epigenetic machinery,20.3,Methyl-CpG/modified-DNA binding proteins,ZBTB38,0,transducer,low,rule,FALSE,methylated-DNA-binding zinc finger; reader/transducer with no writing or erasing activity,,
20,epigenetic,Epigenetic machinery,20.4,Histone acetylation writers and erasers,BRPF1,0,off-axis,medium,rule,FALSE,histone-acetylation axis (writer or eraser of acetyl marks); no established directional effect of expression on 5mC tone,,
20,epigenetic,Epigenetic machinery,20.4,Histone acetylation writers and erasers,CREBBP,0,off-axis,medium,rule,FALSE,histone-acetylation axis (writer or eraser of acetyl marks); no established directional effect of expression on 5mC tone,,
20,epigenetic,Epigenetic machinery,20.4,Histone acetylation writers and erasers,EP300,0,off-axis,medium,literature,FALSE,"RESOLVED SET_ZERO: Signed vs 5mC-writing tone. The EP300->DNMT1 edge is real (19275888) but p300 writes acetyl not 5mC; an edge onto an anchor is not a position on its axis. Framing call for PI | PI: framing: does w_g need a signed effect on the tone, or membership of the tone axis",19275888,pi_framing_choice
20,epigenetic,Epigenetic machinery,20.4,Histone acetylation writers and erasers,HDAC1,0,off-axis,medium,rule,FALSE,found in DNMT1 and NuRD corepressor complexes but expression has no established directional effect on 5mC level; acetylation axis,,
20,epigenetic,Epigenetic machinery,20.4,Histone acetylation writers and erasers,HDAC2,0,off-axis,high,literature,FALSE,RESOLVED SET_ZERO: Signed vs 5mC-writing tone. TRRUST's sole source (22328086) is a DNMT1 exome study; the HDAC2 edge is mis-parsed from 'DNMT1 represses by binding HDAC2'. No real edge exists.,22328086,
20,epigenetic,Epigenetic machinery,20.4,Histone acetylation writers and erasers,HDAC3,0,off-axis,medium,rule,FALSE,histone-acetylation axis (writer or eraser of acetyl marks); no established directional effect of expression on 5mC tone,,
20,epigenetic,Epigenetic machinery,20.4,Histone acetylation writers and erasers,HDAC4,0,off-axis,medium,rule,FALSE,histone-acetylation axis (writer or eraser of acetyl marks); no established directional effect of expression on 5mC tone,,
20,epigenetic,Epigenetic machinery,20.4,Histone acetylation writers and erasers,HDAC5,0,off-axis,medium,rule,FALSE,histone-acetylation axis (writer or eraser of acetyl marks); no established directional effect of expression on 5mC tone,,
20,epigenetic,Epigenetic machinery,20.4,Histone acetylation writers and erasers,HDAC6,0,off-axis,medium,rule,FALSE,histone-acetylation axis (writer or eraser of acetyl marks); no established directional effect of expression on 5mC tone,,
20,epigenetic,Epigenetic machinery,20.4,Histone acetylation writers and erasers,HDAC9,0,off-axis,medium,rule,FALSE,histone-acetylation axis (writer or eraser of acetyl marks); no established directional effect of expression on 5mC tone,,
20,epigenetic,Epigenetic machinery,20.4,Histone acetylation writers and erasers,KAT2B,0,off-axis,medium,rule,FALSE,histone-acetylation axis (writer or eraser of acetyl marks); no established directional effect of expression on 5mC tone,,
20,epigenetic,Epigenetic machinery,20.4,Histone acetylation writers and erasers,KAT6A,0,off-axis,medium,rule,FALSE,histone-acetylation axis (writer or eraser of acetyl marks); no established directional effect of expression on 5mC tone,,
20,epigenetic,Epigenetic machinery,20.4,Histone acetylation writers and erasers,KAT6B,0,off-axis,medium,rule,FALSE,histone-acetylation axis (writer or eraser of acetyl marks); no established directional effect of expression on 5mC tone,,
20,epigenetic,Epigenetic machinery,20.4,Histone acetylation writers and erasers,SIRT1,0,off-axis,medium,rule,FALSE,histone-acetylation axis (writer or eraser of acetyl marks); no established directional effect of expression on 5mC tone,,
20,epigenetic,Epigenetic machinery,20.4,Histone acetylation writers and erasers,SIRT2,0,off-axis,medium,rule,FALSE,histone-acetylation axis (writer or eraser of acetyl marks); no established directional effect of expression on 5mC tone,,
20,epigenetic,Epigenetic machinery,20.4,Histone acetylation writers and erasers,SIRT6,0,off-axis,medium,rule,FALSE,histone-acetylation axis (writer or eraser of acetyl marks); no established directional effect of expression on 5mC tone,,
20,epigenetic,Epigenetic machinery,20.5,Histone methylation writers and erasers,EED,0,ambiguous,low,literature,FALSE,PRC2 core subunit; EZH2 was reported to recruit DNMTs but PRC2 targets are typically 5mC-poor - direction unsettled,16357870,
20,epigenetic,Epigenetic machinery,20.5,Histone methylation writers and erasers,EHMT1,1,accessory,medium,rule,FALSE,rule: obligate GLP/G9a heterodimer partner of EHMT2; takes the same sign as the H3K9me2 writer that stimulates DNMT3A/3B,,
20,epigenetic,Epigenetic machinery,20.5,Histone methylation writers and erasers,EHMT2,1,driver,high,omnipath,FALSE,OmniPath consensus_stimulation EHMT2->DNMT3A and EHMT2->DNMT3B; H3K9me2 writer that recruits de novo DNMTs,SPIKE;SPIKE_LC (curation_effort 4),
20,epigenetic,Epigenetic machinery,20.5,Histone methylation writers and erasers,EZH2,0,ambiguous,low,literature,FALSE,reported to recruit DNMTs to its target promoters but PRC2-marked CGIs are generally 5mC-poor; the two readings collide,16357870,
20,epigenetic,Epigenetic machinery,20.5,Histone methylation writers and erasers,KDM1A,1,accessory,high,literature,FALSE,LSD1 demethylates and stabilises DNMT1; Aof2-null ES cells progressively lose global DNA methylation,19098913,
20,epigenetic,Epigenetic machinery,20.5,Histone methylation writers and erasers,KDM2A,-1,catabolism,low,rule,FALSE,rule: eraser of H3K36me2 - the mark that recruits DNMT3A; same direction as its paralogue KDM2B,31485078,low_confidence_signed
20,epigenetic,Epigenetic machinery,20.5,Histone methylation writers and erasers,KDM2B,-1,brake,medium,literature,FALSE,FBXL10 loss causes dense de novo methylation of Polycomb-bound promoters; it protects CpG islands from hypermethylation,25848754,
20,epigenetic,Epigenetic machinery,20.5,Histone methylation writers and erasers,KDM5A,1,accessory,medium,literature,FALSE,H3K4me3 demethylase; H3K4me blocks the DNMT3L/DNMT3A ADD domain; depleting H3K4me raises DNA methylation ~5-fold,17687327;20018712,
20,epigenetic,Epigenetic machinery,20.5,Histone methylation writers and erasers,KDM5B,1,accessory,medium,literature,FALSE,H3K4me3 demethylase; H3K4me blocks the DNMT3L/DNMT3A ADD domain; depleting H3K4me raises DNA methylation ~5-fold,17687327;20018712,
20,epigenetic,Epigenetic machinery,20.5,Histone methylation writers and erasers,KDM5C,1,accessory,medium,literature,FALSE,H3K4me3 demethylase; H3K4me blocks the DNMT3L/DNMT3A ADD domain; depleting H3K4me raises DNA methylation ~5-fold,17687327;20018712,
20,epigenetic,Epigenetic machinery,20.5,Histone methylation writers and erasers,KDM6A,0,ambiguous,low,literature,FALSE,H3K27me3 demethylase; the PRC2-to-DNA-methylation link is itself contested so no direction can be assigned on this axis,16357870,
20,epigenetic,Epigenetic machinery,20.5,Histone methylation writers and erasers,KDM6B,0,ambiguous,low,literature,FALSE,H3K27me3 demethylase; the PRC2-to-DNA-methylation link is itself contested so no direction can be assigned on this axis,16357870,
20,epigenetic,Epigenetic machinery,20.5,Histone methylation writers and erasers,KMT2A,-1,brake,medium,literature,FALSE,H3K4 methyltransferase; H3K4me blocks the DNMT3L/DNMT3A ADD domain; depleting H3K4me raises DNA methylation ~5-fold,17687327;20018712,
20,epigenetic,Epigenetic machinery,20.5,Histone methylation writers and erasers,KMT2C,-1,brake,low,literature,FALSE,H3K4 mono/di-methyltransferase at enhancers; H3K4me blocks the DNMT3L/DNMT3A ADD domain; depleting H3K4me raises DNA methylation ~5-fold,17687327;20018712,low_confidence_signed
20,epigenetic,Epigenetic machinery,20.5,Histone methylation writers and erasers,KMT2D,-1,brake,low,literature,FALSE,H3K4 mono/di-methyltransferase at enhancers; H3K4me blocks the DNMT3L/DNMT3A ADD domain; depleting H3K4me raises DNA methylation ~5-fold,17687327;20018712,low_confidence_signed
20,epigenetic,Epigenetic machinery,20.5,Histone methylation writers and erasers,NSD1,1,driver,high,literature,FALSE,NSD1-mediated H3K36me2 recruits DNMT3A; Sotos syndrome blood shows intergenic DNA hypomethylation,31485078,
20,epigenetic,Epigenetic machinery,20.5,Histone methylation writers and erasers,PHF21A,1,accessory,low,rule,FALSE,rule: BHC80 subunit of the KDM1A/CoREST complex; takes the same sign as KDM1A which stabilises DNMT1,19098913,low_confidence_signed
20,epigenetic,Epigenetic machinery,20.5,Histone methylation writers and erasers,PHF8,0,unresolved,low,unresolved,FALSE,H3K9me1/2 and H4K20me1 demethylase; the principal in vivo substrate is debated and no 5mC direction is established,,unresolved_needs_evidence
20,epigenetic,Epigenetic machinery,20.5,Histone methylation writers and erasers,SETD1A,-1,brake,low,literature,FALSE,COMPASS H3K4 methyltransferase; H3K4me blocks the DNMT3L/DNMT3A ADD domain; depleting H3K4me raises DNA methylation ~5-fold,17687327;20018712,low_confidence_signed
20,epigenetic,Epigenetic machinery,20.5,Histone methylation writers and erasers,SETD1B,-1,brake,low,literature,FALSE,COMPASS H3K4 methyltransferase; H3K4me blocks the DNMT3L/DNMT3A ADD domain; depleting H3K4me raises DNA methylation ~5-fold,17687327;20018712,low_confidence_signed
20,epigenetic,Epigenetic machinery,20.5,Histone methylation writers and erasers,SETD2,1,driver,medium,literature,FALSE,H3K36me3 writer; the DNMT3A PWWP domain reads H3K36me2/me3 and DNMT3A relocates onto H3K36me3 gene bodies,31485078,
20,epigenetic,Epigenetic machinery,20.5,Histone methylation writers and erasers,SETDB1,1,driver,medium,literature,FALSE,SETDB1 interacts directly with DNMT3A and DNMT3B and co-occupies CpG-methylated promoters,16682412,
20,epigenetic,Epigenetic machinery,20.5,Histone methylation writers and erasers,SUZ12,0,ambiguous,low,literature,FALSE,PRC2 core subunit; follows EZH2 whose direction on DNA methylation is contested,16357870,
20,epigenetic,Epigenetic machinery,20.5,Histone methylation writers and erasers,TASP1,-1,accessory,low,rule,FALSE,rule: protease that cleaves KMT2A/KMT2B into their mature active form; takes the same sign as the H3K4 writer,,low_confidence_signed
20,epigenetic,Epigenetic machinery,20.6,"Chromatin insulation, cohesin looping and selected remodelers",ARID1B,0,off-axis,medium,rule,FALSE,BAF/SWI-SNF subunit; chromatin-accessibility axis and any reported 5mC effects are locus- and context-dependent,,
20,epigenetic,Epigenetic machinery,20.6,"Chromatin insulation, cohesin looping and selected remodelers",CHD8,0,off-axis,medium,rule,FALSE,CHD-family remodeller; chromatin-accessibility axis with no directional relation to DNA-methylation tone,,
20,epigenetic,Epigenetic machinery,20.6,"Chromatin insulation, cohesin looping and selected remodelers",CTCF,0,off-axis,medium,rule,FALSE,insulator whose own binding is blocked by CpG methylation - a methylation-sensitive reader rather than a determinant of tone,,
20,epigenetic,Epigenetic machinery,20.6,"Chromatin insulation, cohesin looping and selected remodelers",CTCFL,0,off-axis,low,rule,FALSE,BORIS: testis-restricted CTCF paralogue; no consistent directional effect of expression on DNA-methylation tone,,
20,epigenetic,Epigenetic machinery,20.6,"Chromatin insulation, cohesin looping and selected remodelers",RAD21,0,off-axis,medium,rule,FALSE,cohesin subunit; chromatin-architecture axis with no directional relation to 5mC writing,,
20,epigenetic,Epigenetic machinery,20.6,"Chromatin insulation, cohesin looping and selected remodelers",SMARCA4,0,off-axis,medium,rule,FALSE,BAF/SWI-SNF ATPase; chromatin-accessibility axis and any reported 5mC effects are locus- and context-dependent,,
20,epigenetic,Epigenetic machinery,20.7,MicroRNA processing and effector machinery,AGO2,0,off-axis,medium,rule,FALSE,canonical miRNA biogenesis/effector machinery; post-transcriptional axis with no directional relation to 5mC writing,,
20,epigenetic,Epigenetic machinery,20.7,MicroRNA processing and effector machinery,DGCR8,0,off-axis,medium,rule,FALSE,canonical miRNA biogenesis/effector machinery; post-transcriptional axis with no directional relation to 5mC writing,,
20,epigenetic,Epigenetic machinery,20.7,MicroRNA processing and effector machinery,DICER1,0,off-axis,medium,rule,FALSE,canonical miRNA biogenesis/effector machinery; post-transcriptional axis with no directional relation to 5mC writing,,
20,epigenetic,Epigenetic machinery,20.7,MicroRNA processing and effector machinery,DROSHA,0,off-axis,medium,rule,FALSE,canonical miRNA biogenesis/effector machinery; post-transcriptional axis with no directional relation to 5mC writing,,
20,epigenetic,Epigenetic machinery,20.8,"ATP-dependent nucleosome remodeling (BAF/SWI-SNF, ISWI and CHD/NuRD)",ARID1A,0,off-axis,medium,rule,FALSE,BAF/SWI-SNF subunit; ATP-dependent remodelling axis with no directional relation to DNA-methylation tone,,
20,epigenetic,Epigenetic machinery,20.8,"ATP-dependent nucleosome remodeling (BAF/SWI-SNF, ISWI and CHD/NuRD)",BPTF,0,off-axis,medium,rule,FALSE,ISWI/NURF remodelling axis; distinct from HELLS which does support DNMT1 loading - no 5mC direction of its own,,
20,epigenetic,Epigenetic machinery,20.8,"ATP-dependent nucleosome remodeling (BAF/SWI-SNF, ISWI and CHD/NuRD)",CHD2,0,off-axis,medium,rule,FALSE,CHD-family remodeller; ATP-dependent remodelling axis with no directional relation to DNA-methylation tone,,
20,epigenetic,Epigenetic machinery,20.8,"ATP-dependent nucleosome remodeling (BAF/SWI-SNF, ISWI and CHD/NuRD)",CHD3,0,off-axis,medium,rule,FALSE,NuRD ATPase acting downstream of MBD2/MeCP1 methyl-CpG readers; transduces the mark rather than writing or erasing it,,
20,epigenetic,Epigenetic machinery,20.8,"ATP-dependent nucleosome remodeling (BAF/SWI-SNF, ISWI and CHD/NuRD)",CHD4,0,off-axis,medium,rule,FALSE,NuRD ATPase acting downstream of MBD2/MeCP1 methyl-CpG readers; transduces the mark rather than writing or erasing it,,
20,epigenetic,Epigenetic machinery,20.8,"ATP-dependent nucleosome remodeling (BAF/SWI-SNF, ISWI and CHD/NuRD)",CHD5,0,off-axis,medium,rule,FALSE,CHD-family remodeller; ATP-dependent remodelling axis with no directional relation to DNA-methylation tone,,
20,epigenetic,Epigenetic machinery,20.8,"ATP-dependent nucleosome remodeling (BAF/SWI-SNF, ISWI and CHD/NuRD)",DPF2,0,off-axis,medium,rule,FALSE,BAF/SWI-SNF subunit; ATP-dependent remodelling axis with no directional relation to DNA-methylation tone,,
20,epigenetic,Epigenetic machinery,20.8,"ATP-dependent nucleosome remodeling (BAF/SWI-SNF, ISWI and CHD/NuRD)",SMARCA5,0,off-axis,medium,rule,FALSE,ISWI/NURF remodelling axis; distinct from HELLS which does support DNMT1 loading - no 5mC direction of its own,,
20,epigenetic,Epigenetic machinery,20.8,"ATP-dependent nucleosome remodeling (BAF/SWI-SNF, ISWI and CHD/NuRD)",SMARCB1,0,off-axis,medium,rule,FALSE,BAF/SWI-SNF subunit; ATP-dependent remodelling axis with no directional relation to DNA-methylation tone,,
20,epigenetic,Epigenetic machinery,20.8,"ATP-dependent nucleosome remodeling (BAF/SWI-SNF, ISWI and CHD/NuRD)",SMARCC1,0,off-axis,medium,rule,FALSE,BAF/SWI-SNF subunit; ATP-dependent remodelling axis with no directional relation to DNA-methylation tone,,
20,epigenetic,Epigenetic machinery,20.8,"ATP-dependent nucleosome remodeling (BAF/SWI-SNF, ISWI and CHD/NuRD)",SMARCC2,0,off-axis,medium,rule,FALSE,BAF/SWI-SNF subunit; ATP-dependent remodelling axis with no directional relation to DNA-methylation tone,,
20,epigenetic,Epigenetic machinery,20.8,"ATP-dependent nucleosome remodeling (BAF/SWI-SNF, ISWI and CHD/NuRD)",SMARCD1,0,off-axis,medium,rule,FALSE,BAF/SWI-SNF subunit; ATP-dependent remodelling axis with no directional relation to DNA-methylation tone,,
20,epigenetic,Epigenetic machinery,20.8,"ATP-dependent nucleosome remodeling (BAF/SWI-SNF, ISWI and CHD/NuRD)",SMARCD2,0,off-axis,medium,rule,FALSE,BAF/SWI-SNF subunit; ATP-dependent remodelling axis with no directional relation to DNA-methylation tone,,
20,epigenetic,Epigenetic machinery,20.8,"ATP-dependent nucleosome remodeling (BAF/SWI-SNF, ISWI and CHD/NuRD)",SMARCD3,0,off-axis,medium,rule,FALSE,BAF/SWI-SNF subunit; ATP-dependent remodelling axis with no directional relation to DNA-methylation tone,,
21,imprinted,Imprinted genes & DMRs,21.1,Chromosome 11p15 - IGF2/H19 and KCNQ1 domains,CDKN1C,0,readout,medium,rule,FALSE,imprinted locus product; in the panel because its DMR is informative - expression does not drive imprint-methylation tone,,
21,imprinted,Imprinted genes & DMRs,21.1,Chromosome 11p15 - IGF2/H19 and KCNQ1 domains,H19,0,readout,medium,rule,FALSE,ICR-overlapping lncRNA; its expression is a consequence of H19/IGF2 ICR methylation so signing it would double-count the readout,,
21,imprinted,Imprinted genes & DMRs,21.1,Chromosome 11p15 - IGF2/H19 and KCNQ1 domains,IGF2,0,readout,medium,rule,FALSE,imprinted locus product; in the panel because its DMR is informative - expression does not drive imprint-methylation tone,,
21,imprinted,Imprinted genes & DMRs,21.1,Chromosome 11p15 - IGF2/H19 and KCNQ1 domains,IGF2-AS,0,readout,low,rule,FALSE,imprinted locus product; in the panel because its DMR is informative - expression does not drive imprint-methylation tone,,
21,imprinted,Imprinted genes & DMRs,21.1,Chromosome 11p15 - IGF2/H19 and KCNQ1 domains,KCNQ1,0,readout,medium,rule,FALSE,imprinted locus product; in the panel because its DMR is informative - expression does not drive imprint-methylation tone,,
21,imprinted,Imprinted genes & DMRs,21.1,Chromosome 11p15 - IGF2/H19 and KCNQ1 domains,KCNQ1OT1,0,readout,medium,rule,FALSE,lncRNA whose promoter is KvDMR1; expression is a consequence of ICR methylation so signing it would double-count the readout,,
21,imprinted,Imprinted genes & DMRs,21.1,Chromosome 11p15 - IGF2/H19 and KCNQ1 domains,PHLDA2,0,readout,medium,rule,FALSE,imprinted locus product; in the panel because its DMR is informative - expression does not drive imprint-methylation tone,,
21,imprinted,Imprinted genes & DMRs,21.1,Chromosome 11p15 - IGF2/H19 and KCNQ1 domains,SLC22A18,0,readout,low,rule,FALSE,imprinted locus product; in the panel because its DMR is informative - expression does not drive imprint-methylation tone,,
21,imprinted,Imprinted genes & DMRs,21.2,Chromosome 15q11-q13 - Prader-Willi / Angelman,ATP10A,0,readout,low,rule,FALSE,imprinted locus product; in the panel because its DMR is informative - expression does not drive imprint-methylation tone,,
21,imprinted,Imprinted genes & DMRs,21.2,Chromosome 15q11-q13 - Prader-Willi / Angelman,IPW,0,readout,medium,literature,FALSE,trans-regulates DLK1-DIO3 maternally expressed genes via chromatin modifications rather than DNA methylation levels,24816254,
21,imprinted,Imprinted genes & DMRs,21.2,Chromosome 15q11-q13 - Prader-Willi / Angelman,MKRN3,0,readout,medium,rule,FALSE,imprinted locus product; in the panel because its DMR is informative - expression does not drive imprint-methylation tone,,
21,imprinted,Imprinted genes & DMRs,21.2,Chromosome 15q11-q13 - Prader-Willi / Angelman,NDN,0,readout,medium,rule,FALSE,imprinted locus product; in the panel because its DMR is informative - expression does not drive imprint-methylation tone,,
21,imprinted,Imprinted genes & DMRs,21.2,Chromosome 15q11-q13 - Prader-Willi / Angelman,SNRPN,0,readout,medium,rule,FALSE,the PWS-IC overlaps the SNRPN promoter; expression reflects the imprint rather than driving how much imprint methylation is set,,
21,imprinted,Imprinted genes & DMRs,21.2,Chromosome 15q11-q13 - Prader-Willi / Angelman,SNURF,0,readout,medium,rule,FALSE,SNURF-SNRPN bicistronic unit at the PWS-IC; expression reflects the imprint rather than driving imprint methylation,,
21,imprinted,Imprinted genes & DMRs,21.2,Chromosome 15q11-q13 - Prader-Willi / Angelman,UBE3A,0,readout,medium,rule,FALSE,imprinted locus product; in the panel because its DMR is informative - expression does not drive imprint-methylation tone,,
21,imprinted,Imprinted genes & DMRs,21.3,Chromosome 14q32 - DLK1-DIO3 domain,DLK1,0,readout,medium,rule,FALSE,imprinted locus product; in the panel because its DMR is informative - expression does not drive imprint-methylation tone,,
21,imprinted,Imprinted genes & DMRs,21.3,Chromosome 14q32 - DLK1-DIO3 domain,MEG3,0,readout,medium,rule,FALSE,IG-DMR-associated lncRNA; expression tracks the imprint rather than setting DMR methylation,,
21,imprinted,Imprinted genes & DMRs,21.3,Chromosome 14q32 - DLK1-DIO3 domain,RTL1,0,readout,low,rule,FALSE,imprinted locus product; in the panel because its DMR is informative - expression does not drive imprint-methylation tone,,
21,imprinted,Imprinted genes & DMRs,21.4,Other established imprinted loci,FAM50B,0,readout,medium,rule,FALSE,dispersed imprinted locus - module 21.4 is a locus grouping not a subprocess; DMR-informative rather than tone-driving,,
21,imprinted,Imprinted genes & DMRs,21.4,Other established imprinted loci,GRB10,0,readout,medium,rule,FALSE,dispersed imprinted locus - module 21.4 is a locus grouping not a subprocess; DMR-informative rather than tone-driving,,
21,imprinted,Imprinted genes & DMRs,21.4,Other established imprinted loci,HYMAI,0,readout,medium,rule,FALSE,lncRNA sharing the PLAGL1/HYMAI DMR; in the panel as a DMR marker rather than as a driver of imprint methylation,,
21,imprinted,Imprinted genes & DMRs,21.4,Other established imprinted loci,INPP5F,0,readout,medium,rule,FALSE,dispersed imprinted locus - module 21.4 is a locus grouping not a subprocess; DMR-informative rather than tone-driving,,
21,imprinted,Imprinted genes & DMRs,21.4,Other established imprinted loci,KCNK9,0,readout,medium,rule,FALSE,dispersed imprinted locus - module 21.4 is a locus grouping not a subprocess; DMR-informative rather than tone-driving,,
21,imprinted,Imprinted genes & DMRs,21.4,Other established imprinted loci,L3MBTL1,0,readout,low,rule,FALSE,imprinted MBT-domain Polycomb-like reader of H4K20me/H1K26me; no directional role in imprint DMR methylation,,
21,imprinted,Imprinted genes & DMRs,21.4,Other established imprinted loci,MEST,0,readout,medium,rule,FALSE,dispersed imprinted locus - module 21.4 is a locus grouping not a subprocess; DMR-informative rather than tone-driving,,
21,imprinted,Imprinted genes & DMRs,21.4,Other established imprinted loci,NAP1L5,0,readout,medium,rule,FALSE,dispersed imprinted locus - module 21.4 is a locus grouping not a subprocess; DMR-informative rather than tone-driving,,
21,imprinted,Imprinted genes & DMRs,21.4,Other established imprinted loci,NNAT,0,readout,medium,rule,FALSE,dispersed imprinted locus - module 21.4 is a locus grouping not a subprocess; DMR-informative rather than tone-driving,,
21,imprinted,Imprinted genes & DMRs,21.4,Other established imprinted loci,PEG10,0,readout,medium,rule,FALSE,dispersed imprinted locus - module 21.4 is a locus grouping not a subprocess; DMR-informative rather than tone-driving,,
21,imprinted,Imprinted genes & DMRs,21.4,Other established imprinted loci,PEG13,0,readout,low,rule,FALSE,imprinted lncRNA at the KCNK9/PEG13 DMR; DMR-informative rather than tone-driving,,
21,imprinted,Imprinted genes & DMRs,21.4,Other established imprinted loci,PEG3,0,readout,medium,rule,FALSE,dispersed imprinted locus - module 21.4 is a locus grouping not a subprocess; DMR-informative rather than tone-driving,,
21,imprinted,Imprinted genes & DMRs,21.4,Other established imprinted loci,PLAGL1,0,readout,medium,rule,FALSE,ZAC1 transcription factor at the TND DMR; regulates an imprinted gene network but not imprint DMR methylation itself,,
21,imprinted,Imprinted genes & DMRs,21.4,Other established imprinted loci,SGCE,0,readout,medium,rule,FALSE,dispersed imprinted locus - module 21.4 is a locus grouping not a subprocess; DMR-informative rather than tone-driving,,
21,imprinted,Imprinted genes & DMRs,21.4,Other established imprinted loci,ZIM2,0,readout,low,rule,FALSE,shares promoter/DMR with PEG3; in the panel as a DMR marker rather than as a driver of imprint methylation,,
21,imprinted,Imprinted genes & DMRs,21.4,Other established imprinted loci,ZNF597,0,readout,medium,rule,FALSE,dispersed imprinted locus - module 21.4 is a locus grouping not a subprocess; DMR-informative rather than tone-driving,,
21,imprinted,Imprinted genes & DMRs,21.5,Imprint establishment and maintenance,ARID4A,1,driver,low,literature,FALSE,Arid4a/Arid4b deficiency reduces DNA methylation and H3K9/H4K20me3 at the PWS-IC shifting the maternal allele toward paternal,17043311,low_confidence_signed
21,imprinted,Imprinted genes & DMRs,21.5,Imprint establishment and maintenance,KHDC3L,1,accessory,low,rule,FALSE,rule: subcortical maternal complex subunit alongside NLRP5/NLRP7 whose maternal-effect loss causes imprint hypomethylation,26323243,low_confidence_signed
21,imprinted,Imprinted genes & DMRs,21.5,Imprint establishment and maintenance,NLRP2,1,driver,low,literature,FALSE,maternal-effect NLRP2 mutation causes multilocus imprinting disturbance in offspring,26323243,low_confidence_signed
21,imprinted,Imprinted genes & DMRs,21.5,Imprint establishment and maintenance,NLRP5,1,driver,medium,literature,FALSE,maternal NLRP5 mutations found in five mothers of individuals with multilocus imprinting disturbance,26323243,
21,imprinted,Imprinted genes & DMRs,21.5,Imprint establishment and maintenance,NLRP7,1,driver,medium,literature,FALSE,maternal-effect NLRP7 mutations cause familial biparental hydatidiform mole with loss of maternal imprints,26323243,
21,imprinted,Imprinted genes & DMRs,21.5,Imprint establishment and maintenance,OOEP,1,accessory,low,rule,FALSE,rule: subcortical maternal complex subunit alongside NLRP5/NLRP7 whose maternal-effect loss causes imprint hypomethylation,26323243,low_confidence_signed
21,imprinted,Imprinted genes & DMRs,21.5,Imprint establishment and maintenance,PADI6,1,accessory,low,rule,FALSE,rule: subcortical maternal complex subunit alongside NLRP5/NLRP7 whose maternal-effect loss causes imprint hypomethylation,26323243,low_confidence_signed
21,imprinted,Imprinted genes & DMRs,21.5,Imprint establishment and maintenance,ZFP57,1,driver,high,literature,TRUE,ZFP57/KAP1 bind the methylated TGCCGC hexanucleotide at ICRs; deleting ZFP57 causes ICR DNA demethylation,22055183;30602440,
21,imprinted,Imprinted genes & DMRs,21.5,Imprint establishment and maintenance,ZNF445,1,driver,high,literature,TRUE,ZNF445 binds ICRs and with ZFP57 maintains all but one ICR; loss-of-function intolerance implies a larger human role,30602440,
21,imprinted,Imprinted genes & DMRs,21.6,Metastable epialleles,VTRNA2-1,0,readout,high,literature,FALSE,metastable epiallele found by genome-wide 5mC screens; in the panel because its DMR responds to periconceptional environment,26062908,
22,one_carbon,One-carbon metabolism,22.1,Folate transport and retention,FOLH1,1,accessory,low,rule,FALSE,rule: glutamate carboxypeptidase II hydrolyses dietary folylpolyglutamate and is required for intestinal folate absorption,,low_confidence_signed
22,one_carbon,One-carbon metabolism,22.1,Folate transport and retention,FOLR1,1,capacity,medium,rule,FALSE,rule: uptake transporter class - GPI-anchored folate receptor mediating cellular folate uptake,,
22,one_carbon,One-carbon metabolism,22.1,Folate transport and retention,FOLR2,1,capacity,medium,rule,FALSE,rule: uptake transporter class - GPI-anchored folate receptor mediating cellular folate uptake,,
22,one_carbon,One-carbon metabolism,22.1,Folate transport and retention,FOLR3,0,ambiguous,low,rule,FALSE,secreted folate-binding protein with no GPI anchor; reads either as a folate carrier (+1) or as a ligand-sequestering binder (-1),,
22,one_carbon,One-carbon metabolism,22.1,Folate transport and retention,FPGS,1,capacity,medium,rule,FALSE,rule: folylpolyglutamate synthase polyglutamates folate and retains it in the cell raising the usable folate pool,,
22,one_carbon,One-carbon metabolism,22.1,Folate transport and retention,GGH,-1,clearance,medium,rule,FALSE,rule: inactivating/clearance class - gamma-glutamyl hydrolase strips polyglutamate tails and permits folate efflux,,
22,one_carbon,One-carbon metabolism,22.1,Folate transport and retention,SLC19A1,1,capacity,high,rule,FALSE,rule: uptake transporter class - reduced folate carrier is the principal plasma-membrane folate importer,,
22,one_carbon,One-carbon metabolism,22.1,Folate transport and retention,SLC46A1,1,capacity,medium,rule,FALSE,rule: uptake transporter class - proton-coupled folate transporter mediating intestinal folate uptake,,
22,one_carbon,One-carbon metabolism,22.2,Folate cycle,MTHFD1,1,synthesis,medium,rule,FALSE,"rule: trifunctional C1-THF synthase generating 10-formyl and 5,10-methylene-THF - supplies the one-carbon pool",,
22,one_carbon,One-carbon metabolism,22.2,Folate cycle,MTHFD1L,1,synthesis,medium,rule,FALSE,rule: mitochondrial formate production feeding the cytosolic one-carbon pool,,
22,one_carbon,One-carbon metabolism,22.2,Folate cycle,MTHFR,1,synthesis,high,rule,FALSE,rule: rate-limiting synthesis of 5-methyl-THF - the methyl donor for MTR-mediated homocysteine remethylation,,
22,one_carbon,One-carbon metabolism,22.2,Folate cycle,SHMT1,-1,brake,medium,literature,FALSE,raising cSHMT protein enhances folate-dependent thymidylate synthesis and impairs homocysteine remethylation,17702748,
22,one_carbon,One-carbon metabolism,22.2,Folate cycle,SHMT2,1,synthesis,medium,rule,FALSE,rule: mitochondrial SHMT is the main source of formate/one-carbon units exported to the cytosolic folate pool,,
22,one_carbon,One-carbon metabolism,22.2,Folate cycle,TYMS,-1,brake,medium,rule,FALSE,"rule: competing sink - consumes 5,10-methylene-THF for dTMP and oxidises THF to DHF diverting units from remethylation",,
22,one_carbon,One-carbon metabolism,22.3,Methionine cycle and remethylation,AHCY,1,driver,medium,rule,FALSE,rule: hydrolyses SAH relieving product inhibition of methyltransferases and raising the SAM/SAH methylation index,,
22,one_carbon,One-carbon metabolism,22.3,Methionine cycle and remethylation,AHCYL1,0,unresolved,low,unresolved,FALSE,AHCY-like paralogue (IRBIT) acting mainly as an IP3-receptor/transporter regulator; in vivo SAHH activity is not established,,unresolved_needs_evidence
22,one_carbon,One-carbon metabolism,22.3,Methionine cycle and remethylation,BHMT,1,driver,high,rule,FALSE,rule: betaine-homocysteine methyltransferase remethylates homocysteine to methionine using betaine,,
22,one_carbon,One-carbon metabolism,22.3,Methionine cycle and remethylation,BHMT2,1,driver,medium,rule,FALSE,rule: S-methylmethionine-homocysteine methyltransferase - a second betaine-linked route back to methionine,,
22,one_carbon,One-carbon metabolism,22.3,Methionine cycle and remethylation,MAT1A,1,synthesis,medium,rule,FALSE,rule: liver methionine adenosyltransferase synthesising SAM from methionine and ATP,,
22,one_carbon,One-carbon metabolism,22.3,Methionine cycle and remethylation,MAT2A,1,synthesis,high,rule,TRUE,rule: ubiquitous methionine adenosyltransferase synthesising SAM; defines the SAM-availability tone,,
22,one_carbon,One-carbon metabolism,22.3,Methionine cycle and remethylation,MTR,1,driver,high,rule,TRUE,rule: methionine synthase remethylates homocysteine using 5-methyl-THF and methylcobalamin; defines the tone,,
22,one_carbon,One-carbon metabolism,22.3,Methionine cycle and remethylation,MTRR,1,accessory,high,rule,TRUE,rule: obligate accessory - methionine synthase reductase reactivates MTR cob(II)alamin,,
22,one_carbon,One-carbon metabolism,22.4,Transsulfuration and glutathione synthesis,CBS,-1,catabolism,medium,rule,FALSE,"rule: committed catabolic exit from the methionine cycle - condenses homocysteine to cystathionine away from remethylation | AUDITED: the sub-process check flags module 22.4 because its label names glutathione synthesis while both signed genes are -1. That is correct - the sign is against the system tone (methyl-donor supply), which transsulfuration lowers by consuming homocysteine. The label names a different product's synthesis, not the system's effector",,
22,one_carbon,One-carbon metabolism,22.4,Transsulfuration and glutathione synthesis,CTH,-1,catabolism,low,rule,FALSE,"rule: cystathionine gamma-lyase pulls flux down transsulfuration; one step downstream of the committed exit | AUDITED: the sub-process check flags module 22.4 because its label names glutathione synthesis while both signed genes are -1. That is correct - the sign is against the system tone (methyl-donor supply), which transsulfuration lowers by consuming homocysteine. The label names a different product's synthesis, not the system's effector",,low_confidence_signed
22,one_carbon,One-carbon metabolism,22.4,Transsulfuration and glutathione synthesis,GCLC,0,off-axis,medium,rule,FALSE,glutathione synthesis arm downstream of cysteine; three steps off the methyl-donor axis with no established direction,,
22,one_carbon,One-carbon metabolism,22.4,Transsulfuration and glutathione synthesis,GCLM,0,off-axis,medium,rule,FALSE,glutathione synthesis arm downstream of cysteine; three steps off the methyl-donor axis with no established direction,,
22,one_carbon,One-carbon metabolism,22.4,Transsulfuration and glutathione synthesis,GSS,0,off-axis,medium,rule,FALSE,glutathione synthesis arm downstream of cysteine; three steps off the methyl-donor axis with no established direction,,
22,one_carbon,One-carbon metabolism,22.5,"Vitamin B12 uptake, trafficking and cobalamin metabolism",ABCD4,1,accessory,medium,rule,FALSE,rule: with LMBRD1 exports cobalamin from the lysosome to the cytosol - required for methylcobalamin delivery to MTR,,
22,one_carbon,One-carbon metabolism,22.5,"Vitamin B12 uptake, trafficking and cobalamin metabolism",AMN,1,capacity,medium,rule,FALSE,rule: uptake transporter class - amnionless subunit of the cubam ileal B12 uptake receptor,,
22,one_carbon,One-carbon metabolism,22.5,"Vitamin B12 uptake, trafficking and cobalamin metabolism",CD320,1,capacity,medium,rule,FALSE,rule: uptake transporter class - transcobalamin receptor mediating cellular uptake of holotranscobalamin B12,,
22,one_carbon,One-carbon metabolism,22.5,"Vitamin B12 uptake, trafficking and cobalamin metabolism",CLYBL,1,accessory,low,literature,FALSE,homozygous CLYBL loss lowers circulating B12; itaconyl-CoA inactivates the B12 cofactor - link to MTR is via total B12 status,29056341,low_confidence_signed
22,one_carbon,One-carbon metabolism,22.5,"Vitamin B12 uptake, trafficking and cobalamin metabolism",CUBN,1,capacity,medium,rule,FALSE,rule: uptake transporter class - cubilin subunit of the cubam receptor for intrinsic-factor-B12 absorption,,
22,one_carbon,One-carbon metabolism,22.5,"Vitamin B12 uptake, trafficking and cobalamin metabolism",FUT2,0,ambiguous,low,literature,FALSE,nonsecretor alleles associate with higher plasma B12; functional-B12 direction and mechanism (microbiome vs absorption) unsettled,18776911,
22,one_carbon,One-carbon metabolism,22.5,"Vitamin B12 uptake, trafficking and cobalamin metabolism",LMBRD1,1,accessory,medium,rule,FALSE,rule: lysosomal cobalamin transporter required with ABCD4 for cytosolic cobalamin delivery,,
22,one_carbon,One-carbon metabolism,22.5,"Vitamin B12 uptake, trafficking and cobalamin metabolism",MMACHC,1,accessory,medium,rule,FALSE,rule: cblC dealkylates/decyanates cobalamin - required upstream of both methylcobalamin and adenosylcobalamin synthesis,,
22,one_carbon,One-carbon metabolism,22.5,"Vitamin B12 uptake, trafficking and cobalamin metabolism",MMADHC,1,accessory,medium,rule,FALSE,rule: cblD directs cobalamin into the cytosolic methylcobalamin branch for MTR; cblD-variant1 is isolated homocystinuria,,
22,one_carbon,One-carbon metabolism,22.5,"Vitamin B12 uptake, trafficking and cobalamin metabolism",MMUT,0,off-axis,medium,rule,FALSE,mitochondrial adenosylcobalamin branch (methylmalonyl-CoA mutase); does not supply methylcobalamin for MTR,,
22,one_carbon,One-carbon metabolism,22.5,"Vitamin B12 uptake, trafficking and cobalamin metabolism",TCN1,-1,buffer,low,rule,FALSE,rule: binding globulin limiting free ligand - haptocorrin-bound B12 is not the fraction taken up via CD320,33881359,low_confidence_signed
22,one_carbon,One-carbon metabolism,22.5,"Vitamin B12 uptake, trafficking and cobalamin metabolism",TCN2,1,capacity,medium,rule,FALSE,rule: delivery carrier - transcobalamin II forms holotranscobalamin the cellularly available B12 fraction,33881359,
22,one_carbon,One-carbon metabolism,22.6,"Choline uptake, phosphatidylcholine and betaine-linked metabolism",CHDH,1,synthesis,medium,rule,FALSE,rule: choline dehydrogenase oxidises choline to betaine - the BHMT methyl donor for homocysteine remethylation,30316602,
22,one_carbon,One-carbon metabolism,22.6,"Choline uptake, phosphatidylcholine and betaine-linked metabolism",CHKA,-1,brake,low,rule,FALSE,rule: substrate diversion - commits choline to the CDP-choline phospholipid arm instead of oxidation to betaine,30316602,low_confidence_signed
22,one_carbon,One-carbon metabolism,22.6,"Choline uptake, phosphatidylcholine and betaine-linked metabolism",PCYT1A,-1,brake,low,rule,FALSE,rule: rate-limiting step of the CDP-choline arm; same choline-diversion direction as CHKA,30316602,low_confidence_signed
22,one_carbon,One-carbon metabolism,22.6,"Choline uptake, phosphatidylcholine and betaine-linked metabolism",PEMT,-1,brake,low,rule,FALSE,rule: SAM-consuming methyltransferase - three SAM per phosphatidylcholine and a major methyl sink; counter-reading is de novo choline,,low_confidence_signed
22,one_carbon,One-carbon metabolism,22.6,"Choline uptake, phosphatidylcholine and betaine-linked metabolism",SLC44A1,1,capacity,medium,rule,FALSE,rule: uptake transporter class - choline transporter-like 1 mediating cellular choline uptake,,
22,one_carbon,One-carbon metabolism,22.7,Methyl-group handling and one-carbon disposal,ALDH1L1,-1,catabolism,medium,literature,FALSE,FDH expression depletes cellular 5-methyl-THF and SAM and impairs the folate-dependent homocysteine remethylation cycle,16627483,
22,one_carbon,One-carbon metabolism,22.7,Methyl-group handling and one-carbon disposal,FTCD,1,synthesis,low,rule,FALSE,"rule: channels histidine-derived formimino groups into 5,10-methenyl-THF supplying the one-carbon pool",,low_confidence_signed
22,one_carbon,One-carbon metabolism,22.7,Methyl-group handling and one-carbon disposal,GNMT,-1,catabolism,high,literature,FALSE,Gnmt-null mice accumulate high hippocampal SAM; GNMT disposes of excess SAM as sarcosine,24687756,
22,one_carbon,One-carbon metabolism,22.7,Methyl-group handling and one-carbon disposal,SARDH,1,synthesis,low,rule,FALSE,"rule: sarcosine dehydrogenase recovers the GNMT-disposed methyl group back into 5,10-methylene-THF",,low_confidence_signed
22,one_carbon,One-carbon metabolism,22.8,Mitochondrial one-carbon supply (glycine cleavage),AMT,1,synthesis,medium,rule,FALSE,rule: glycine cleavage T-protein transfers the glycine methylene onto THF - a major mitochondrial one-carbon source,,
22,one_carbon,One-carbon metabolism,22.8,Mitochondrial one-carbon supply (glycine cleavage),GLDC,1,synthesis,medium,rule,FALSE,rule: glycine decarboxylase is rate-limiting for glycine cleavage one-carbon supply to the folate pool,,
23,circadian,Circadian & melatonin,23.1,Core clock - positive limb,ARNTL,1,driver,high,trrust,TRUE,"anchor: BMAL1 is the obligate bHLH-PAS partner whose E-box drive defines the tone | confirmed by trrust (Activation of PER1;PER2;PER3;CRY1;CRY2) | TRRUST chain (ARNTL activation CRY1 (w_g -1)) inverts here because the path runs through the system negative feedback; chain discarded, anchor definition holds",17994337;22750052,
23,circadian,Circadian & melatonin,23.1,Core clock - positive limb,ARNTL2,1,driver,medium,trrust,FALSE,positive-limb class: BMAL2 paralog forming an activating heterodimer with CLOCK on E-boxes | confirmed by trrust (Activation of SERPINE1),22198637,
23,circadian,Circadian & melatonin,23.1,Core clock - positive limb,CLOCK,1,driver,high,trrust,TRUE,"anchor: CLOCK is the bHLH-PAS activator whose heterodimer with BMAL1 defines positive-limb drive | confirmed by trrust (Activation of PER1;PER2;PER3;CRY1;CRY2) | TRRUST chain (CLOCK activation CRY1 (w_g -1)) inverts here because the path runs through the system negative feedback; chain discarded, anchor definition holds",17994337;22750052,
23,circadian,Circadian & melatonin,23.1,Core clock - positive limb,NPAS2,1,driver,high,omnipath,FALSE,"CLOCK paralog; consensus-stimulates PER1/PER2 transcription, i.e. it is an E-box activator",omnipath NPAS2->PER1 ce=2; NPAS2->PER2 ce=2 (Wang;SPIKE;SPIKE_LC),
23,circadian,Circadian & melatonin,23.2,Core clock - negative limb,CRY1,-1,brake,high,omnipath,FALSE,consensus-inhibits BMAL1 and the BMAL1:CLOCK complex,omnipath CRY1-|BMAL1 ce=11 (HINT;SPIKE;Wang;Lit-BM-17;HPRD); CRY1-|BMAL1_CLOCK (SIGNOR),
23,circadian,Circadian & melatonin,23.2,Core clock - negative limb,CRY2,-1,brake,high,omnipath,FALSE,consensus-inhibits BMAL1 and the BMAL1:CLOCK complex,omnipath CRY2-|BMAL1 ce=2 (Wang;SPIKE;SPIKE_LC); CRY2-|BMAL1_CLOCK (SIGNOR),
23,circadian,Circadian & melatonin,23.2,Core clock - negative limb,PER1,-1,brake,high,omnipath,FALSE,consensus-inhibits BMAL1 and both CLOCK-containing activator complexes,omnipath PER1-|BMAL1 ce=2; PER1-|CLOCK_NPAS2 and -|BMAL1_CLOCK (SIGNOR),
23,circadian,Circadian & melatonin,23.2,Core clock - negative limb,PER2,-1,brake,high,omnipath,FALSE,consensus-inhibits BMAL1 and both CLOCK-containing activator complexes,omnipath PER2-|BMAL1 ce=4 (Wang;SPIKE;SPIKE_LC); PER2-|BMAL1_CLOCK (SIGNOR),
23,circadian,Circadian & melatonin,23.2,Core clock - negative limb,PER3,-1,brake,medium,omnipath,FALSE,consensus-inhibits BMAL1; weaker repressor than PER1/PER2,omnipath PER3-|BMAL1 ce=3 (HPRD;SPIKE;SPIKE_LC),
23,circadian,Circadian & melatonin,23.3,Secondary stabilizing loop and clock-output transcription factors,DBP,1,readout,medium,literature,FALSE,PAR-bZIP activator and canonical E-box output: dbp mRNA is high when the positive limb is de-repressed (Cry-null),PMID 11316793,
23,circadian,Circadian & melatonin,23.3,Secondary stabilizing loop and clock-output transcription factors,HLF,1,readout,low,trrust,FALSE,"PAR-bZIP paralog of DBP, same phase and activating D-box specificity; weaker direct evidence than DBP | confirmed by TRRUST: HLF activation DBP (w_g +1)",PMID 11316793; PMID 9571207,
23,circadian,Circadian & melatonin,23.3,Secondary stabilizing loop and clock-output transcription factors,NFIL3,-1,antagonist,medium,literature,FALSE,E4BP4 represses the D-box element the PAR activators drive and is antiphase to dbp (low in Cry-null),PMID 11316793; PMID 12386933,
23,circadian,Circadian & melatonin,23.3,Secondary stabilizing loop and clock-output transcription factors,NR1D1,-1,brake,high,trrust,FALSE,REV-ERBalpha consensus-inhibits BMAL1 transcription at the RORE | confirmed by TRRUST: NR1D1 repression ARNTL (w_g +1),omnipath NR1D1-|BMAL1 ce=5 (LMPID;Wang;SPIKE;SPIKE_LC); PMID 21881539,
23,circadian,Circadian & melatonin,23.3,Secondary stabilizing loop and clock-output transcription factors,NR1D2,-1,brake,medium,omnipath,FALSE,REV-ERBbeta consensus-inhibits BMAL1 transcription at the RORE,omnipath NR1D2-|BMAL1 ce=2 (SPIKE;SPIKE_LC),
23,circadian,Circadian & melatonin,23.3,Secondary stabilizing loop and clock-output transcription factors,RORA,1,driver,high,literature,FALSE,"RESOLVED KEEP_CURRENT: Signed vs positive-limb E-box drive. RORA activates ARNTL at the RORE where NR1D1 represses it (16267379); RORA loss lowers Bmal1 peak (22753030). The chain via NR1D1 is void | correction: our earlier note said RORA inhibits NR1D1; RORA ACTIVATES it. The +1 was right only because two errors cancelled. RORA and REV-ERB compete at ROREs; RORA activates BMAL1 (PMID 16267379, 22753030)",16267379;22753030,
23,circadian,Circadian & melatonin,23.3,Secondary stabilizing loop and clock-output transcription factors,RORB,1,driver,medium,omnipath,FALSE,consensus-stimulates BMAL1 transcription at the RORE,omnipath RORB->BMAL1 ce=2 (SPIKE;SPIKE_LC),
23,circadian,Circadian & melatonin,23.3,Secondary stabilizing loop and clock-output transcription factors,RORC,1,driver,medium,omnipath,FALSE,consensus-stimulates BMAL1 transcription at the RORE,omnipath RORC->BMAL1 ce=3 (SPIKE;SPIKE_LC;Lit-BM-17),
23,circadian,Circadian & melatonin,23.3,Secondary stabilizing loop and clock-output transcription factors,TEF,1,readout,low,literature,FALSE,PAR-bZIP paralog of DBP with the same activating D-box specificity and phase; weaker direct evidence,PMID 11316793,low_confidence_signed
23,circadian,Circadian & melatonin,23.4,Post-translational clock control,BTRC,1,driver,medium,omnipath,FALSE,"beta-TrCP consensus-inhibits PER1/PER2, de-repressing the positive limb; caveat BTRC is a promiscuous SCF adaptor",omnipath BTRC-|PER1 (SIGNOR;InnateDB); BTRC_CUL1_SKP1-|PER2 ce=5,
23,circadian,Circadian & melatonin,23.4,Post-translational clock control,CSNK1D,1,driver,medium,omnipath,FALSE,"CK1delta consensus-inhibits PER1/PER2/PER3, de-repressing the positive limb",omnipath CSNK1D-|PER2 ce=18; -|PER1 ce=7 (SIGNOR;HINT;HPRD;+),
23,circadian,Circadian & melatonin,23.4,Post-translational clock control,CSNK1E,1,driver,medium,omnipath,FALSE,"CK1epsilon consensus-inhibits PER1/PER2/PER3, de-repressing the positive limb",omnipath CSNK1E-|PER2 ce=34; -|PER1 ce=20 (SIGNOR;HINT;HPRD;+),
23,circadian,Circadian & melatonin,23.4,Post-translational clock control,FBXL3,1,driver,medium,omnipath,FALSE,"FBXL3 consensus-inhibits CRY1/CRY2 by ubiquitination, de-repressing the positive limb",omnipath FBXL3-|CRY2 ce=5 (HINT;SIGNOR); CUL1_FBXL3_SKP1-|CRY1 ce=4,
23,circadian,Circadian & melatonin,23.4,Post-translational clock control,TIMELESS,-1,brake,low,omnipath,FALSE,two-hop TIMELESS->CRY1-|ARNTL gives -1; thin curation and mammalian TIM is mainly a replication/DDR factor,omnipath TIMELESS->CRY1 ce=2 (HPRD;SIGNOR); CRY1-|BMAL1 ce=11,low_confidence_signed
23,circadian,Circadian & melatonin,23.5,"Melatonin synthesis, receptors and photic input",AANAT,0,off-axis,medium,literature,FALSE,"rate-limiting melatonin synthesis is a nocturnal output arm, not positive-limb drive; mRNA-output coupling is species-dependent",PMID 15026119,
23,circadian,Circadian & melatonin,23.5,"Melatonin synthesis, receptors and photic input",ASMT,0,off-axis,low,rule,FALSE,output-arm class: terminal melatonin synthesis enzyme; no directional relation to CLOCK:BMAL1 E-box drive,,
23,circadian,Circadian & melatonin,23.5,"Melatonin synthesis, receptors and photic input",GPR50,0,off-axis,medium,literature,FALSE,"orphan receptor that abolishes MT1 agonist binding and G-protein coupling; acts on the melatonin arm, not on E-box drive",PMID 16778767,
23,circadian,Circadian & melatonin,23.5,"Melatonin synthesis, receptors and photic input",MTNR1A,0,off-axis,high,literature,FALSE,"RESOLVED SET_ZERO: Declared tone is the level of CLOCK:BMAL1 E-box drive. MT1's Gi/o coupling and MT1's inhibition of SCN firing are two different claims, and neither is a statement about positive-limb drive",12957828;16217123,
23,circadian,Circadian & melatonin,23.5,"Melatonin synthesis, receptors and photic input",MTNR1B,0,off-axis,high,literature,FALSE,"RESOLVED SET_ZERO: Same ruling as MT1: MT2 phase-shifts SCN firing rhythms. A phase claim is not a level claim about E-box drive; Gi/o would only sign a melatonin-signalling tone, which is not the declared one",18032103;16217123,
23,circadian,Circadian & melatonin,23.5,"Melatonin synthesis, receptors and photic input",OPN4,0,off-axis,medium,rule,FALSE,photic-input class: melanopsin entrains phase and acutely induces Per1; a level effect on E-box drive is not defined,,
24,immune,"Immune, inflammation & HLA",24.1,HLA class I - classical,HLA-A,0,capacity,low,curated,FALSE,PI-curated: antigen-presentation capacity; not inflammatory tone,,
24,immune,"Immune, inflammation & HLA",24.1,HLA class I - classical,HLA-B,0,capacity,low,curated,FALSE,PI-curated: antigen presentation,,
24,immune,"Immune, inflammation & HLA",24.1,HLA class I - classical,HLA-C,0,capacity,low,curated,FALSE,PI-curated: antigen presentation,,
24,immune,"Immune, inflammation & HLA",24.2,"Non-classical HLA-I, MHC-I-related genes and pseudogenes",B2M,0,capacity,low,rule,FALSE,rule accessory-subunit: obligate MHC-I light chain so takes the MHC-I sign which the PI set to 0 capacity,,
24,immune,"Immune, inflammation & HLA",24.2,"Non-classical HLA-I, MHC-I-related genes and pseudogenes",HLA-E,0,ambiguous,low,rule,FALSE,rule collision: ligand of inhibitory CD94/NKG2A and of activating NKG2C; direction depends on NK receptor context,,
24,immune,"Immune, inflammation & HLA",24.2,"Non-classical HLA-I, MHC-I-related genes and pseudogenes",HLA-F,0,capacity,low,curated,FALSE,PI-curated: non-classical,,
24,immune,"Immune, inflammation & HLA",24.2,"Non-classical HLA-I, MHC-I-related genes and pseudogenes",HLA-F-AS1,0,unresolved,low,unresolved,FALSE,antisense lncRNA at HLA-F; no directional evidence vs inflammatory tone; locus-specific expression data would settle it,,unresolved_needs_evidence
24,immune,"Immune, inflammation & HLA",24.2,"Non-classical HLA-I, MHC-I-related genes and pseudogenes",HLA-G,-1,brake,medium,curated,FALSE,PI-curated: tolerogenic non-classical class I,,
24,immune,"Immune, inflammation & HLA",24.2,"Non-classical HLA-I, MHC-I-related genes and pseudogenes",HLA-H,0,off-axis,low,rule,FALSE,rule: MHC class I region pseudogene; no protein product; probe is in panel for polymorphism not tone,,
24,immune,"Immune, inflammation & HLA",24.2,"Non-classical HLA-I, MHC-I-related genes and pseudogenes",HLA-J,0,off-axis,low,rule,FALSE,rule: MHC class I region pseudogene; no protein product; polymorphism-driven probe signal,,
24,immune,"Immune, inflammation & HLA",24.2,"Non-classical HLA-I, MHC-I-related genes and pseudogenes",HLA-K,0,off-axis,low,rule,FALSE,rule: MHC class I region pseudogene; no protein product; polymorphism-driven probe signal,,
24,immune,"Immune, inflammation & HLA",24.2,"Non-classical HLA-I, MHC-I-related genes and pseudogenes",HLA-L,0,capacity,low,curated,FALSE,PI-curated: pseudogene,,
24,immune,"Immune, inflammation & HLA",24.2,"Non-classical HLA-I, MHC-I-related genes and pseudogenes",HLA-S,0,off-axis,low,rule,FALSE,rule: MHC class I region pseudogene; no protein product; polymorphism-driven probe signal,,
24,immune,"Immune, inflammation & HLA",24.2,"Non-classical HLA-I, MHC-I-related genes and pseudogenes",MICA,1,driver,medium,rule,FALSE,rule activating-receptor ligand: stress-induced NKG2D ligand driving NK/T activation; shed soluble MICA opposes it,,
24,immune,"Immune, inflammation & HLA",24.2,"Non-classical HLA-I, MHC-I-related genes and pseudogenes",MICB,1,driver,medium,rule,FALSE,rule activating-receptor ligand: stress-induced NKG2D ligand driving NK/T activation; shed soluble MICB opposes it,,
24,immune,"Immune, inflammation & HLA",24.3,HLA class II,CIITA,0,capacity,low,rule,FALSE,rule: master transactivator of MHC-II; sets presentation capacity not tone; matches PI class II = 0,,
24,immune,"Immune, inflammation & HLA",24.3,HLA class II,HLA-DMA,0,capacity,low,rule,FALSE,rule: class II peptide-loading catalyst; capacity not tone; matches PI HLA-DMB = 0,,
24,immune,"Immune, inflammation & HLA",24.3,HLA class II,HLA-DMB,0,capacity,low,curated,FALSE,PI-curated: class II peptide loading,,
24,immune,"Immune, inflammation & HLA",24.3,HLA class II,HLA-DOA,0,capacity,low,rule,FALSE,rule: HLA-DO inhibits DM-mediated peptide loading; modulates presentation capacity which is off the tone axis,,
24,immune,"Immune, inflammation & HLA",24.3,HLA class II,HLA-DOB,0,capacity,low,rule,FALSE,rule: HLA-DO inhibits DM-mediated peptide loading; modulates presentation capacity which is off the tone axis,,
24,immune,"Immune, inflammation & HLA",24.3,HLA class II,HLA-DPA1,0,capacity,low,curated,FALSE,PI-curated: class II presentation,,
24,immune,"Immune, inflammation & HLA",24.3,HLA class II,HLA-DPB1,0,capacity,low,curated,FALSE,PI-curated: class II presentation,,
24,immune,"Immune, inflammation & HLA",24.3,HLA class II,HLA-DPB2,0,off-axis,low,rule,FALSE,rule: class II pseudogene; no protein product; probe is in panel for polymorphism not tone,,
24,immune,"Immune, inflammation & HLA",24.3,HLA class II,HLA-DQA2,0,capacity,low,rule,FALSE,rule: class II alpha chain; presentation capacity; matches PI HLA-DQB2 = 0,,
24,immune,"Immune, inflammation & HLA",24.3,HLA class II,HLA-DQB1,0,capacity,low,rule,FALSE,rule: class II beta chain; presentation capacity; hyperpolymorphic locus where genotype can masquerade as methylation,,
24,immune,"Immune, inflammation & HLA",24.3,HLA class II,HLA-DQB2,0,capacity,low,curated,FALSE,PI-curated: class II presentation,,
24,immune,"Immune, inflammation & HLA",24.3,HLA class II,HLA-DRA,0,capacity,low,rule,FALSE,rule: class II alpha chain; presentation capacity not inflammatory tone,,
24,immune,"Immune, inflammation & HLA",24.3,HLA class II,HLA-DRB1,0,capacity,low,rule,FALSE,rule: class II beta chain; presentation capacity; hyperpolymorphic locus where genotype can masquerade as methylation,,
24,immune,"Immune, inflammation & HLA",24.3,HLA class II,HLA-DRB5,0,capacity,low,rule,FALSE,rule: class II beta chain; presentation capacity; hyperpolymorphic locus where genotype can masquerade as methylation,,
24,immune,"Immune, inflammation & HLA",24.3,HLA class II,HLA-DRB6,0,off-axis,low,rule,FALSE,rule: class II pseudogene; no protein product; probe is in panel for polymorphism not tone,,
24,immune,"Immune, inflammation & HLA",24.3,HLA class II,HLA-DRB9,0,off-axis,low,rule,FALSE,rule: class II pseudogene; no protein product; probe is in panel for polymorphism not tone,,
24,immune,"Immune, inflammation & HLA",24.4,Complement,C1QA,1,driver,medium,rule,FALSE,rule activating component: C1q subunit initiating the classical cascade toward C3a/C5a generation,,
24,immune,"Immune, inflammation & HLA",24.4,Complement,C1QB,1,driver,medium,rule,FALSE,rule activating component: C1q subunit initiating the classical cascade toward C3a/C5a generation,,
24,immune,"Immune, inflammation & HLA",24.4,Complement,C1R,1,driver,medium,rule,FALSE,rule precursor-processing protease: C1r activates C1s to drive the classical cascade,,
24,immune,"Immune, inflammation & HLA",24.4,Complement,C1S,1,driver,medium,rule,FALSE,rule precursor-processing protease: C1s cleaves C4 and C2 to form the C3 convertase,,
24,immune,"Immune, inflammation & HLA",24.4,Complement,C2,1,driver,medium,rule,FALSE,rule activating component: C2a is the catalytic subunit of the classical C3 convertase,,
24,immune,"Immune, inflammation & HLA",24.4,Complement,C3,1,driver,medium,literature,FALSE,C3-derived C3a is a pro-inflammatory anaphylatoxin acting through C3aR,42418494,
24,immune,"Immune, inflammation & HLA",24.4,Complement,C5,1,driver,medium,literature,FALSE,C5-derived C5a anaphylatoxin exerts a robust inflammatory response through C5aR1,42418494,
24,immune,"Immune, inflammation & HLA",24.4,Complement,C5AR1,1,transducer,high,literature,FALSE,"RESOLVED KEEP_CURRENT: Tone is pro-inflammatory drive: C5aR1 blockade cuts cytokine/chemokine output and leukocyte infiltration. Coupling is off-referent, and GtoPdb's own list includes G16, so -1 is arbitrary",32384381;28173736,
24,immune,"Immune, inflammation & HLA",24.4,Complement,CFB,1,driver,medium,rule,FALSE,rule activating component: factor B is the catalytic subunit of the alternative-pathway C3 convertase,,
24,immune,"Immune, inflammation & HLA",24.4,Complement,CFH,-1,brake,medium,rule,FALSE,rule endogenous inhibitor: factor H accelerates C3-convertase decay and is a factor I cofactor,,
24,immune,"Immune, inflammation & HLA",24.4,Complement,CFI,-1,catabolism,medium,rule,FALSE,rule inactivating enzyme: factor I proteolytically inactivates C3b and C4b,,
24,immune,"Immune, inflammation & HLA",24.4,Complement,CR1,-1,brake,low,rule,FALSE,rule membrane complement regulator: decay acceleration plus factor I cofactor; opposing opsonic-receptor reading hence low,,low_confidence_signed
24,immune,"Immune, inflammation & HLA",24.4,Complement,SERPING1,-1,antagonist,medium,rule,FALSE,rule endogenous inhibitor: C1-inhibitor serpin inactivates C1r C1s and MASPs,,
24,immune,"Immune, inflammation & HLA",24.5,Pro-inflammatory cytokines,IFNG,1,driver,high,curated,FALSE,PI-curated: Th1 effector,,
24,immune,"Immune, inflammation & HLA",24.5,Pro-inflammatory cytokines,IL12A,1,driver,medium,rule,FALSE,rule effector cytokine: IL-12p35 subunit driving Th1 polarisation and IFNG; same class as the curated anchors,,
24,immune,"Immune, inflammation & HLA",24.5,Pro-inflammatory cytokines,IL12A-AS1,0,unresolved,low,unresolved,FALSE,antisense lncRNA at IL12A; no directional evidence vs inflammatory tone; locus-specific expression data would settle it,,unresolved_needs_evidence
24,immune,"Immune, inflammation & HLA",24.5,Pro-inflammatory cytokines,IL12B,1,driver,medium,rule,FALSE,rule effector cytokine: IL-12p40 subunit shared by IL-12 and IL-23 driving Th1/Th17 responses,,
24,immune,"Immune, inflammation & HLA",24.5,Pro-inflammatory cytokines,IL18,1,driver,medium,curated,FALSE,PI-curated: pro-inflammatory,,
24,immune,"Immune, inflammation & HLA",24.5,Pro-inflammatory cytokines,IL1B,1,driver,high,curated,TRUE,PI-curated: pro-inflammatory; anchor defining the system tone,,
24,immune,"Immune, inflammation & HLA",24.5,Pro-inflammatory cytokines,IL6,1,driver,high,curated,TRUE,PI-curated: pro-inflammatory; anchor defining the system tone,,
24,immune,"Immune, inflammation & HLA",24.5,Pro-inflammatory cytokines,TNF,1,driver,high,curated,TRUE,PI-curated: pro-inflammatory; anchor defining the system tone,,
24,immune,"Immune, inflammation & HLA",24.6,Cytokine receptors and JAK-STAT signalling,IL12RB1,1,driver,medium,curated,FALSE,PI-curated: Th1 axis,,
24,immune,"Immune, inflammation & HLA",24.6,Cytokine receptors and JAK-STAT signalling,IL12RB2,1,transducer,medium,rule,FALSE,rule receptor transduction: signalling subunit of the IL-12 receptor coupling to STAT4 and IFNG,,
24,immune,"Immune, inflammation & HLA",24.6,Cytokine receptors and JAK-STAT signalling,IL1R1,1,transducer,high,rule,FALSE,rule receptor transduction: signalling receptor for anchor IL1B via MyD88 to NF-kB,,
24,immune,"Immune, inflammation & HLA",24.6,Cytokine receptors and JAK-STAT signalling,IL1RN,-1,antagonist,high,omnipath,FALSE,OmniPath IL1RN -| IL1R1 consensus inhibition: endogenous antagonist at the receptor for anchor IL1B,SIGNOR;Guide2Pharma;IntAct;InnateDB;HPRD;NetPath (curation_effort 27),
24,immune,"Immune, inflammation & HLA",24.6,Cytokine receptors and JAK-STAT signalling,IL6R,1,transducer,high,rule,FALSE,rule receptor transduction: receptor for anchor IL6; OmniPath IL6R -> JAK2 and IL6R_IL6ST -> JAK1 stimulation,SIGNOR;Wang (IL6R->JAK2); SPIKE (IL6R_IL6ST->JAK1),
24,immune,"Immune, inflammation & HLA",24.6,Cytokine receptors and JAK-STAT signalling,IL6R-AS1,0,unresolved,low,unresolved,FALSE,antisense lncRNA at IL6R; no directional evidence vs inflammatory tone; locus-specific expression data would settle it,,unresolved_needs_evidence
24,immune,"Immune, inflammation & HLA",24.6,Cytokine receptors and JAK-STAT signalling,IL6ST,1,transducer,high,rule,FALSE,rule accessory subunit: gp130 is obligate for IL-6 signalling; OmniPath IL6ST -> JAK1 consensus stimulation,DIP;HINT;SIGNOR;SignaLink3;HPRD;NetPath;BioGRID (curation_effort 15),
24,immune,"Immune, inflammation & HLA",24.6,Cytokine receptors and JAK-STAT signalling,JAK1,1,transducer,high,omnipath,FALSE,OmniPath 2-hop to anchor: JAK1 -> STAT3 stim then STAT3 -> RELA stim,SIGNOR;KEGG-MEDICUS;Reactome_SignaLink3 (JAK1->STAT3 curation_effort 134),
24,immune,"Immune, inflammation & HLA",24.6,Cytokine receptors and JAK-STAT signalling,JAK3,1,transducer,medium,omnipath,FALSE,OmniPath 2-hop to anchor: JAK3 -> STAT3 stim then STAT3 -> RELA stim,SIGNOR;KEGG-MEDICUS;SignaLink3 (JAK3->STAT3 curation_effort 14),
24,immune,"Immune, inflammation & HLA",24.6,Cytokine receptors and JAK-STAT signalling,SOCS1,-1,feedback,high,omnipath,FALSE,OmniPath SOCS1 -| JAK3 and SOCS1 -| IRAK1; SOCS1-containing complex -| RELA: JAK-STAT feedback inhibitor,SIGNOR;NCI-PID_ProtMapper;HPRD;BioGRID (SOCS1-|JAK3 curation_effort 14),
24,immune,"Immune, inflammation & HLA",24.6,Cytokine receptors and JAK-STAT signalling,SOCS2,-1,feedback,low,rule,FALSE,rule negative-feedback mediator: SOCS-family JAK-STAT feedback inhibitor; inflammatory evidence sparse and mostly GH/IGF axis,,low_confidence_signed
24,immune,"Immune, inflammation & HLA",24.6,Cytokine receptors and JAK-STAT signalling,SOCS3,-1,feedback,high,omnipath,FALSE,OmniPath SOCS3 -| IL6ST and SOCS3 -| IL6R: shuts off the receptor complex for anchor IL6,HINT;SIGNOR;NetPath;HPRD;REACH_ProtMapper (SOCS3-|IL6ST curation_effort 13),
24,immune,"Immune, inflammation & HLA",24.6,Cytokine receptors and JAK-STAT signalling,STAT1,1,transducer,medium,trrust,FALSE,rule receptor transduction: obligate transducer of curated driver IFNG via JAK1 -> STAT1; discordant SIGNOR STAT1 -| RELA edge hence medium | confirmed by trrust (Activation of IL1B;NOS2;PTGS2),SIGNOR;KEGG-MEDICUS;Reactome_SignaLink3 (JAK1->STAT1 curation_effort 138); 17386941;12586443,
24,immune,"Immune, inflammation & HLA",24.6,Cytokine receptors and JAK-STAT signalling,STAT2,1,transducer,medium,rule,FALSE,rule receptor transduction: obligate ISGF3 subunit for type-I IFN; OmniPath STAT2 -> STAT1 consensus stimulation,HINT;SIGNOR;IntAct;InnateDB;HPRD;Macrophage;BioGRID (curation_effort 33),
24,immune,"Immune, inflammation & HLA",24.6,Cytokine receptors and JAK-STAT signalling,STAT3,1,transducer,medium,omnipath,FALSE,OmniPath STAT3 -> RELA consensus stimulation; transducer of anchor IL6; also carries the IL-10 brake hence medium,HINT;SPIKE;REACH_ProtMapper;HPRD;BioGRID (STAT3->RELA curation_effort 9),
24,immune,"Immune, inflammation & HLA",24.6,Cytokine receptors and JAK-STAT signalling,STAT4,1,transducer,medium,trrust,FALSE,rule receptor transduction: obligate transducer of IL-12 to curated driver IFNG in Th1 cells | confirmed by trrust (Activation of PRF1),12372421,
24,immune,"Immune, inflammation & HLA",24.6,Cytokine receptors and JAK-STAT signalling,STAT6,0,axis-dependent,medium,trrust,FALSE,type-2 transducer: drives allergic inflammation yet OmniPath has STAT6 -| NFKB1_RELA and -| STAT1; sign depends on axis definition | confirmed by trrust (Activation of IL4;PTGS2),SIGNOR (STAT6-|NFKB1_RELA and STAT6-|STAT1 curation_effort 1); 17237818;12082548,
24,immune,"Immune, inflammation & HLA",24.6,Cytokine receptors and JAK-STAT signalling,TNFRSF1A,1,transducer,high,rule,FALSE,rule receptor transduction: TNFR1 for anchor TNF signals through IKK to NF-kB,,
24,immune,"Immune, inflammation & HLA",24.6,Cytokine receptors and JAK-STAT signalling,TNFRSF1B,0,ambiguous,low,literature,FALSE,collision: TNFR2 activates NF-kB via TRAF2 but TNFR2 agonism expands immunosuppressive Tregs,39489111;38341270,
24,immune,"Immune, inflammation & HLA",24.6,Cytokine receptors and JAK-STAT signalling,TYK2,1,transducer,medium,omnipath,FALSE,OmniPath 2-hop to anchor: TYK2 -> STAT3 stim then STAT3 -> RELA stim; also TYK2 -> STAT1 stim,SIGNOR;Reactome_SignaLink3;PhosphoSite (TYK2->STAT3 curation_effort 21),
24,immune,"Immune, inflammation & HLA",24.7,"Immunoregulatory, type-2 and anti-inflammatory signaling",FOXP3,-1,brake,high,curated,FALSE,PI-curated: Treg master TF,,
24,immune,"Immune, inflammation & HLA",24.7,"Immunoregulatory, type-2 and anti-inflammatory signaling",IL10,-1,brake,high,curated,FALSE,PI-curated: anti-inflammatory,,
24,immune,"Immune, inflammation & HLA",24.7,"Immunoregulatory, type-2 and anti-inflammatory signaling",IL10RA,-1,brake,high,literature,FALSE,IL10RA loss-of-function causes infantile-onset IBD: this receptor transduces the IL-10 brake,30212871;29140941,
24,immune,"Immune, inflammation & HLA",24.7,"Immunoregulatory, type-2 and anti-inflammatory signaling",IL13,0,axis-dependent,medium,literature,FALSE,type-2 cytokine: central mediator of type-2 inflammation and fibrosis but reciprocal to the type-1/17 axis,30536905,
24,immune,"Immune, inflammation & HLA",24.7,"Immunoregulatory, type-2 and anti-inflammatory signaling",IL4,0,axis-dependent,medium,curated,FALSE,PI-curated: Th2; sign depends on inflammatory-axis definition,,
24,immune,"Immune, inflammation & HLA",24.7,"Immunoregulatory, type-2 and anti-inflammatory signaling",TGFB1,-1,brake,medium,curated,FALSE,PI-curated: regulatory,,
24,immune,"Immune, inflammation & HLA",24.8,Innate sensing and the inflammasome,AIM2,1,driver,medium,rule,FALSE,rule activating sensor: cytosolic dsDNA sensor assembling the AIM2 inflammasome to mature anchor IL1B,,
24,immune,"Immune, inflammation & HLA",24.8,Innate sensing and the inflammasome,CASP1,1,driver,high,omnipath,FALSE,OmniPath CASP1 -> IL1B consensus stimulation: protease maturing anchor IL1B,DIP;HINT;InnateDB;HPRD;BioGRID;KEGG-MEDICUS (curation_effort 17); SIGNOR,
24,immune,"Immune, inflammation & HLA",24.8,Innate sensing and the inflammasome,CD14,1,accessory,high,rule,FALSE,rule accessory subunit: LPS co-receptor delivering ligand to TLR4; OmniPath CD14 -> TLR4 consensus stimulation,Reactome_LRdb;Cui2007;CellTalkDB;InnateDB;HPRD;Macrophage (curation_effort 5),
24,immune,"Immune, inflammation & HLA",24.8,Innate sensing and the inflammasome,GSDMD,1,driver,medium,rule,FALSE,rule effector release: caspase-cleaved gasdermin-D pores release mature IL1B and IL18,,
24,immune,"Immune, inflammation & HLA",24.8,Innate sensing and the inflammasome,LY96,1,accessory,high,rule,FALSE,rule accessory subunit: MD-2 is obligate for TLR4 LPS recognition so takes the TLR4 sign,,
24,immune,"Immune, inflammation & HLA",24.8,Innate sensing and the inflammasome,MYD88,1,transducer,high,rule,FALSE,rule obligate adaptor: TIR adaptor for TLR/IL-1R to NF-kB; OmniPath TLR4 -> MYD88 and MYD88 -> TRAF6 stimulation,HINT;SIGNOR;IntAct;InnateDB;HPRD;Macrophage;BioGRID (TLR4->MYD88 curation_effort 37),
24,immune,"Immune, inflammation & HLA",24.8,Innate sensing and the inflammasome,NLRC4,1,driver,medium,rule,FALSE,rule activating sensor: NLRC4 inflammasome activates CASP1 to mature anchor IL1B,,
24,immune,"Immune, inflammation & HLA",24.8,Innate sensing and the inflammasome,NLRP1,1,driver,medium,rule,FALSE,rule activating sensor: NLRP1 inflammasome activates CASP1 to mature anchor IL1B,,
24,immune,"Immune, inflammation & HLA",24.8,Innate sensing and the inflammasome,NLRP3,1,driver,high,rule,FALSE,rule activating sensor: NLRP3 inflammasome recruits PYCARD and CASP1 to mature anchor IL1B,,
24,immune,"Immune, inflammation & HLA",24.8,Innate sensing and the inflammasome,PYCARD,1,accessory,high,rule,FALSE,rule accessory subunit: ASC adaptor obligate for inflammasome assembly and CASP1 activation,,
24,immune,"Immune, inflammation & HLA",24.8,Innate sensing and the inflammasome,TLR1,1,transducer,medium,rule,FALSE,rule receptor transduction: TLR1/TLR2 heterodimer signals through MyD88 to NF-kB,,
24,immune,"Immune, inflammation & HLA",24.8,Innate sensing and the inflammasome,TLR10,-1,brake,medium,literature,FALSE,human TLR10 uniquely triggers anti-inflammatory signalling and negatively regulates TLR4/TLR2-driven inflammation,40346761;41261295,
24,immune,"Immune, inflammation & HLA",24.8,Innate sensing and the inflammasome,TLR2,1,transducer,high,rule,FALSE,rule receptor transduction: OmniPath TLR2 -> MYD88 consensus stimulation onward to NF-kB,HINT;Cui2007;IntAct;SIGNOR;InnateDB;HPRD;Macrophage (curation_effort 22),
24,immune,"Immune, inflammation & HLA",24.8,Innate sensing and the inflammasome,TLR3,1,transducer,medium,rule,FALSE,rule receptor transduction: dsRNA sensor signalling via TICAM1/TRIF to NF-kB and type-I IFN,,
24,immune,"Immune, inflammation & HLA",24.8,Innate sensing and the inflammasome,TLR4,1,transducer,high,rule,FALSE,rule receptor transduction: OmniPath TLR4 -> MYD88 and TLR4 -> TICAM1 consensus stimulation onward to NF-kB,HINT;Cui2007;IntAct;SIGNOR;InnateDB;HPRD;Macrophage;BioGRID (curation_effort 37),
24,immune,"Immune, inflammation & HLA",24.8,Innate sensing and the inflammasome,TLR5,1,transducer,medium,rule,FALSE,rule receptor transduction: flagellin sensor signalling through MyD88 to NF-kB,,
24,immune,"Immune, inflammation & HLA",24.8,Innate sensing and the inflammasome,TLR6,1,transducer,medium,rule,FALSE,rule receptor transduction: TLR2/TLR6 heterodimer signals through MyD88 to NF-kB,,
24,immune,"Immune, inflammation & HLA",24.8,Innate sensing and the inflammasome,TLR7,1,transducer,medium,rule,FALSE,rule receptor transduction: ssRNA sensor signalling through MyD88 to NF-kB and type-I IFN,,
24,immune,"Immune, inflammation & HLA",24.8,Innate sensing and the inflammasome,TLR8,1,transducer,medium,rule,FALSE,rule receptor transduction: ssRNA sensor signalling through MyD88 to NF-kB and type-I IFN,,
24,immune,"Immune, inflammation & HLA",24.8,Innate sensing and the inflammasome,TLR9,1,transducer,medium,rule,FALSE,rule receptor transduction: CpG-DNA sensor signalling through MyD88 to NF-kB and type-I IFN,,
24,immune,"Immune, inflammation & HLA",24.9,NF-kB pathway,CHUK,1,transducer,high,omnipath,FALSE,OmniPath CHUK -> RELA consensus stimulation and CHUK -| NFKBIA: IKK-alpha activates the anchor,SIGNOR;PhosphoSite;IntAct;NetPath;Macrophage (CHUK->RELA curation_effort 64),
24,immune,"Immune, inflammation & HLA",24.9,NF-kB pathway,IKBKB,1,transducer,high,literature,FALSE,"RESOLVED KEEP_CURRENT: Signed vs NF-kB tone. TRRUST's own source (18600306) shows dominant-negative IKK-2 blocks VCAM1 induction, i.e. IKBKB activates VCAM1; the Repression code is sign-inverted.",18600306,
24,immune,"Immune, inflammation & HLA",24.9,NF-kB pathway,IKBKG,1,accessory,high,omnipath,FALSE,OmniPath IKBKG -> RELA stim and IKBKG -> CHUK stim: NEMO is the obligate IKK regulatory subunit,SIGNOR (IKBKG->RELA effort 4); IntAct;InnateDB;KEGG-MEDICUS;NetPath (IKBKG->CHUK effort 109),
24,immune,"Immune, inflammation & HLA",24.9,NF-kB pathway,IRAK1,1,transducer,high,omnipath,FALSE,OmniPath 2-hop to anchor: IRAK1 -> STAT3 stim then STAT3 -> RELA stim; also IRAK1 -> TRAF6 stim,SIGNOR;PhosphoSite;phosphoELM;HPRD (IRAK1->STAT3 curation_effort 16),
24,immune,"Immune, inflammation & HLA",24.9,NF-kB pathway,IRAK4,1,transducer,high,rule,FALSE,rule activating kinase: MYD88 -> IRAK4 -> IRAK1 -> TRAF6 cascade to NF-kB with OmniPath stimulatory edges,SIGNOR;PhosphoSite;KEA;InnateDB;HPRD;NetPath (IRAK4->IRAK1 curation_effort 47),
24,immune,"Immune, inflammation & HLA",24.9,NF-kB pathway,NFKB1,1,driver,high,curated,TRUE,PI-curated: master pro-inflammatory TF; anchor defining the system tone,,
24,immune,"Immune, inflammation & HLA",24.9,NF-kB pathway,NFKB2,1,driver,medium,trrust,FALSE,NF-kB family subunit; OmniPath CHUK -> NFKB2 consensus stimulation; unprocessed p100 acts as an IkB-like inhibitor hence medium | confirmed by trrust (Activation of CCL21;SELP),SIGNOR;PhosphoSite;NCI-PID_ProtMapper;NetPath;Macrophage (curation_effort 43); 20953353,
24,immune,"Immune, inflammation & HLA",24.9,NF-kB pathway,REL,1,driver,medium,trrust,FALSE,c-Rel NF-kB transcription factor subunit; OmniPath IKBKB -> REL consensus stimulation | confirmed by trrust (Activation of IL1B),SIGNOR;PhosphoSite;REACH_ProtMapper;InnateDB (curation_effort 4); 8413223,
24,immune,"Immune, inflammation & HLA",24.9,NF-kB pathway,RELA,1,driver,high,omnipath,TRUE,"OmniPath NFKB1 -> RELA consensus stimulation; p65 is the canonical NF-kB effector subunit and an anchor | TRRUST chain (RELA activation CCL2 (w_g +1)) inverts here because the path runs through the system negative feedback; chain discarded, anchor definition holds",SIGNOR;IntAct;HINT;NetPath;Macrophage;BioGRID (curation_effort 114),
24,immune,"Immune, inflammation & HLA",24.9,NF-kB pathway,RELB,0,ambiguous,low,literature,FALSE,RelB represses the TNF promoter in endotoxin tolerance but drives cytokines in transformed cells: cell-context dependent,21562054;31142741,
24,immune,"Immune, inflammation & HLA",24.9,NF-kB pathway,TNFAIP3,-1,feedback,high,trrust,FALSE,OmniPath A20 -| IKBKG and A20 -| TRAF6: one inhibition on the path to anchor RELA | confirmed by TRRUST: TNFAIP3 repression NFKB1 (w_g +1),HINT;IntAct;NetPath;KEGG-MEDICUS (TNFAIP3-|IKBKG effort 27); SIGNOR (TNFAIP3-|TRAF6 effort 25); PMID 19124729,
24,immune,"Immune, inflammation & HLA",24.9,NF-kB pathway,TRAF6,1,transducer,high,omnipath,FALSE,OmniPath 2-hop to anchor: TRAF6 -> MAP3K7 stim then MAP3K7 -> NFKB1 stim,SIGNOR;IntAct;HINT;NetPath;Macrophage;KEGG-MEDICUS (TRAF6->MAP3K7 curation_effort 69),
24,immune,"Immune, inflammation & HLA",24.10,Acute-phase response and endothelial adhesion,FGB,1,readout,low,rule,FALSE,rule downstream readout: IL-6-driven acute-phase fibrinogen chain; co-moves with tone but is not itself a driver,,low_confidence_signed
24,immune,"Immune, inflammation & HLA",24.10,Acute-phase response and endothelial adhesion,FGG,1,readout,low,rule,FALSE,rule downstream readout: IL-6-driven acute-phase fibrinogen chain; co-moves with tone but is not itself a driver,,low_confidence_signed
24,immune,"Immune, inflammation & HLA",24.10,Acute-phase response and endothelial adhesion,ICAM1,1,driver,medium,rule,FALSE,rule downstream effector: NF-kB-induced endothelial adhesion molecule mediating leukocyte recruitment,,
24,immune,"Immune, inflammation & HLA",24.10,Acute-phase response and endothelial adhesion,SAA1,1,driver,medium,literature,FALSE,acute-phase serum amyloid A is pro-inflammatory: engages TLR4 and activates the NLRP3 inflammasome,34377468;31221190,
24,immune,"Immune, inflammation & HLA",24.10,Acute-phase response and endothelial adhesion,SAA2,1,driver,low,rule,FALSE,rule same effector class: acute-phase SAA paralogue co-regulated with SAA1,,low_confidence_signed
24,immune,"Immune, inflammation & HLA",24.10,Acute-phase response and endothelial adhesion,VCAM1,1,driver,medium,rule,FALSE,rule downstream effector: NF-kB-induced endothelial adhesion molecule mediating leukocyte recruitment,,
24,immune,"Immune, inflammation & HLA",24.11,T-cell receptor loci and CCL2 chemotaxis,CCL2,1,driver,high,rule,FALSE,rule effector chemokine: MCP-1 is NF-kB-induced and recruits monocytes into inflamed tissue,,
24,immune,"Immune, inflammation & HLA",24.11,T-cell receptor loci and CCL2 chemotaxis,TRAC,0,off-axis,medium,rule,FALSE,rule structural locus: T-cell receptor alpha constant region; antigen-receptor gene with no directional signalling role,,
24,immune,"Immune, inflammation & HLA",24.11,T-cell receptor loci and CCL2 chemotaxis,TRDC,0,off-axis,medium,rule,FALSE,rule structural locus: T-cell receptor delta constant region; antigen-receptor gene with no directional signalling role,,
24,immune,"Immune, inflammation & HLA",24.11,T-cell receptor loci and CCL2 chemotaxis,TRGC1,0,off-axis,medium,rule,FALSE,rule structural locus: T-cell receptor gamma constant region; antigen-receptor gene with no directional signalling role,,
24,immune,"Immune, inflammation & HLA",24.11,T-cell receptor loci and CCL2 chemotaxis,TRGC2,0,off-axis,medium,rule,FALSE,rule structural locus: T-cell receptor gamma constant region; antigen-receptor gene with no directional signalling role,,
24,immune,"Immune, inflammation & HLA",24.12,Leukocyte activation and inflammatory signaling,CXCL2,1,driver,medium,rule,FALSE,rule effector chemokine: NF-kB-induced neutrophil chemoattractant GRO-beta/MIP-2alpha,,
24,immune,"Immune, inflammation & HLA",24.12,Leukocyte activation and inflammatory signaling,GPR132,1,driver,medium,gtopdb,FALSE,GtoPdb curated transduction (Gs) supplies a sign where no other evidence was found,GtoPdb Gs,
24,immune,"Immune, inflammation & HLA",24.12,Leukocyte activation and inflammatory signaling,IL1A,1,driver,high,rule,FALSE,rule effector cytokine: IL-1 family agonist signalling through IL1R1 like anchor IL1B,,
24,immune,"Immune, inflammation & HLA",24.12,Leukocyte activation and inflammatory signaling,LTA,1,driver,medium,rule,FALSE,rule effector cytokine: lymphotoxin-alpha is a TNF-superfamily ligand signalling to NF-kB,,
24,immune,"Immune, inflammation & HLA",24.12,Leukocyte activation and inflammatory signaling,NFATC1,1,transducer,medium,uniprot,FALSE,rule signal-dependent activation TF: calcineurin-driven NFATc1 transactivates T-cell effector cytokines | confirmed by uniprot (Activation of IL2;IFNG),https://rest.uniprot.org/uniprotkb/search?query=gene_exact:NFATC1+AND+organism_id:9606+AND+reviewed:true&fields=cc_function,
24,immune,"Immune, inflammation & HLA",24.13,CCL3 chemokine signaling,CCL3,1,driver,medium,rule,FALSE,rule effector chemokine: MIP-1alpha recruits monocytes and T cells into inflamed tissue,,
25,social_synaptic,Social-synaptic & psychiatric risk,25.1,Neurexin-neuroligin trans-synaptic complex,CNTNAP2,1,accessory,low,rule,FALSE,adhesion class: neurexin-superfamily (CASPR2) trans-cellular adhesion; OmniPath CNTNAP2->CNTN1 stimulation is thin (ce=1),,low_confidence_signed
25,social_synaptic,Social-synaptic & psychiatric risk,25.1,Neurexin-neuroligin trans-synaptic complex,CNTNAP4,0,ambiguous,medium,literature,FALSE,Cntnap4 loss reduces PV-interneuron GABA output but augments dopaminergic release: opposite signs by cell type,PMID 24870235,
25,social_synaptic,Social-synaptic & psychiatric risk,25.1,Neurexin-neuroligin trans-synaptic complex,LRRTM1,1,driver,low,rule,FALSE,adhesion class: LRRTM family binds neurexins to induce excitatory synapses; signed by paralogy to LRRTM2,PMID 20064387,low_confidence_signed
25,social_synaptic,Social-synaptic & psychiatric risk,25.1,Neurexin-neuroligin trans-synaptic complex,LRRTM2,1,driver,high,literature,FALSE,LRRTM2 binds neurexin-1 and induces excitatory synapses; knockdown reduces excitatory synapse number and current,PMID 20064388; PMID 20064387,
25,social_synaptic,Social-synaptic & psychiatric risk,25.1,Neurexin-neuroligin trans-synaptic complex,NLGN1,1,driver,high,omnipath,TRUE,"anchor: consensus-stimulates NRXN1 and PSD-95/DLG4, the core trans-synaptic organizing complex",omnipath NLGN1->NRXN1 ce=20; NLGN1->DLG4 ce=10 (SIGNOR;HINT;HPRD;+),
25,social_synaptic,Social-synaptic & psychiatric risk,25.1,Neurexin-neuroligin trans-synaptic complex,NLGN2,1,driver,medium,omnipath,FALSE,consensus-stimulates NRXN1/2/3 and DLG4; caveat NLGN2 is selective for inhibitory synapses,omnipath NLGN2->NRXN1 ce=8; NLGN2->DLG4 ce=2 (SIGNOR;HPRD;+),
25,social_synaptic,Social-synaptic & psychiatric risk,25.1,Neurexin-neuroligin trans-synaptic complex,NLGN3,1,driver,medium,omnipath,FALSE,consensus-stimulates NRXN1/2/3 and DLG4,omnipath NLGN3->NRXN1 ce=11; NLGN3->DLG4 ce=2 (SIGNOR;HPRD;+),
25,social_synaptic,Social-synaptic & psychiatric risk,25.1,Neurexin-neuroligin trans-synaptic complex,NLGN4X,1,driver,low,rule,FALSE,adhesion class: neuroligin-family postsynaptic partner of neurexins; least characterised of the X-linked paralogs,,low_confidence_signed
25,social_synaptic,Social-synaptic & psychiatric risk,25.1,Neurexin-neuroligin trans-synaptic complex,NLGN4Y,1,driver,low,rule,FALSE,adhesion class: neuroligin-family paralog; Y-linked so only informative in males and poorly characterised,,low_confidence_signed
25,social_synaptic,Social-synaptic & psychiatric risk,25.1,Neurexin-neuroligin trans-synaptic complex,NRXN1,1,driver,high,omnipath,TRUE,anchor: presynaptic organizer; reciprocal consensus stimulation with NLGN1/2/3 defines the complex,omnipath NLGN1->NRXN1 ce=20; NRXN1->NLGN1 (SIGNOR;HINT;HPRD;+),
25,social_synaptic,Social-synaptic & psychiatric risk,25.1,Neurexin-neuroligin trans-synaptic complex,NRXN2,1,driver,medium,omnipath,FALSE,presynaptic organizer; consensus-stimulated by NLGN1/2/3 in the trans-synaptic complex,omnipath NLGN1->NRXN2 ce=7; NLGN3->NRXN2 ce=7 (SIGNOR;HPRD;+),
25,social_synaptic,Social-synaptic & psychiatric risk,25.1,Neurexin-neuroligin trans-synaptic complex,NRXN3,1,driver,medium,omnipath,FALSE,presynaptic organizer; consensus-stimulated by NLGN1/2/3 in the trans-synaptic complex,omnipath NLGN2->NRXN3 ce=6; NLGN3->NRXN3 ce=6 (SIGNOR;HPRD;+),
25,social_synaptic,Social-synaptic & psychiatric risk,25.2,"Cortical development, migration and Reelin signalling",AUTS2,0,unresolved,low,unresolved,FALSE,"chromatin/PRC1-associated developmental regulator; OmniPath only ELMO2/DOCK1/PREX1 edges at ce=1, none to the anchors",,unresolved_needs_evidence
25,social_synaptic,Social-synaptic & psychiatric risk,25.2,"Cortical development, migration and Reelin signalling",DAB1,1,transducer,medium,rule,FALSE,obligate-transducer class: Dab1 is the required intracellular relay for Reelin signalling through VLDLR/ApoER2,,
25,social_synaptic,Social-synaptic & psychiatric risk,25.2,"Cortical development, migration and Reelin signalling",FOXP1,0,off-axis,medium,rule,FALSE,"developmental/lineage TF class: effect on adhesion tone is a consequence of cell fate, not of signalling level",,
25,social_synaptic,Social-synaptic & psychiatric risk,25.2,"Cortical development, migration and Reelin signalling",FOXP2,0,ambiguous,medium,literature,FALSE,"RESOLVED SET_ZERO: Signed vs synapse-organising tone: direction is region-dependent (striatal Foxp2-|Mef2c gives +1) and the CNTNAP2 edge is Dual and activating in songbird, so the db -1 fails | PI: framing: 0 under a whole-brain adhesion tone, +1 under a corticostriatal referent",27595386; 28488276; 24179158,pi_framing_choice
25,social_synaptic,Social-synaptic & psychiatric risk,25.2,"Cortical development, migration and Reelin signalling",LRP8,1,transducer,high,omnipath,FALSE,ApoER2 is consensus-stimulated by RELN (anchor) and transduces it to DAB1,omnipath RELN->LRP8 ce=34 (SIGNOR-adjacent set: HPRD;HINT;BioGRID;AlzPathway;+),
25,social_synaptic,Social-synaptic & psychiatric risk,25.2,"Cortical development, migration and Reelin signalling",RELN,1,driver,high,omnipath,TRUE,anchor: Reelin consensus-stimulates both of its receptors VLDLR and LRP8,omnipath RELN->VLDLR ce=24 (SIGNOR;HPRD;HINT;KEGG-MEDICUS;+); RELN->LRP8 ce=34,
25,social_synaptic,Social-synaptic & psychiatric risk,25.2,"Cortical development, migration and Reelin signalling",SATB2,0,off-axis,medium,rule,FALSE,developmental/lineage TF class: specifies callosal projection-neuron identity rather than adhesion signalling level,,
25,social_synaptic,Social-synaptic & psychiatric risk,25.2,"Cortical development, migration and Reelin signalling",TBR1,0,off-axis,medium,rule,FALSE,"developmental/lineage TF class: deep-layer identity determinant, not a directional driver of adhesion tone",,
25,social_synaptic,Social-synaptic & psychiatric risk,25.2,"Cortical development, migration and Reelin signalling",VLDLR,1,transducer,high,omnipath,FALSE,consensus-stimulated by RELN (anchor) and transduces it to DAB1,omnipath RELN->VLDLR ce=24 (SIGNOR;HPRD;HINT;KEGG-MEDICUS;+),
25,social_synaptic,Social-synaptic & psychiatric risk,25.3,Neuregulin–ERBB and dysbindin-related synaptic signaling,DTNBP1,0,off-axis,low,rule,FALSE,"BLOC-1 vesicle-trafficking risk gene, flagged in the audit as separate; OmniPath only ABI1/WASF2 at ce=1, none to anchors",,
25,social_synaptic,Social-synaptic & psychiatric risk,25.3,Neuregulin–ERBB and dysbindin-related synaptic signaling,ERBB4,1,transducer,medium,rule,FALSE,receptor class: RTK transducing NRG1/NRG3; signed by the direction of its own transduction,,
25,social_synaptic,Social-synaptic & psychiatric risk,25.3,Neuregulin–ERBB and dysbindin-related synaptic signaling,NRG1,1,driver,medium,rule,FALSE,ligand class: ERBB4 agonist promoting synapse maturation; caveat isoform-dependent and acts largely via interneurons,,
25,social_synaptic,Social-synaptic & psychiatric risk,25.3,Neuregulin–ERBB and dysbindin-related synaptic signaling,NRG3,1,driver,low,rule,FALSE,ligand class: ERBB4-selective neuregulin; less functionally characterised than NRG1,,low_confidence_signed
25,social_synaptic,Social-synaptic & psychiatric risk,25.4,Activity-dependent and psychiatric-risk transcriptional regulation,MEF2A,-1,brake,medium,literature,FALSE,MEF2 activation suppresses excitatory synapse number via arc/synGAP; more MEF2 means fewer synapses,PMID 16484497; PMID 30699340,
25,social_synaptic,Social-synaptic & psychiatric risk,25.4,Activity-dependent and psychiatric-risk transcriptional regulation,MEF2C,-1,brake,medium,literature,FALSE,MEF2 activation suppresses excitatory synapse number via arc/synGAP; more MEF2 means fewer synapses,PMID 16484497,
25,social_synaptic,Social-synaptic & psychiatric risk,25.4,Activity-dependent and psychiatric-risk transcriptional regulation,TCF4,1,driver,medium,literature,FALSE,"RESOLVED ADOPT_DATABASE: Signed vs synapse-organising tone: adult KO lowers spine number, overexpression raises spines and synaptic proteins, patient neurons lose synaptic transmission - gain and loss agree.",29933371; 33037178; 37573005,
25,social_synaptic,Social-synaptic & psychiatric risk,25.4,Activity-dependent and psychiatric-risk transcriptional regulation,ZNF804A,0,unresolved,low,unresolved,FALSE,"schizophrenia risk locus with poorly defined molecular role; only OmniPath edge is ZNF804A->STAT2 at ce=1, off-axis",,unresolved_needs_evidence
25,social_synaptic,Social-synaptic & psychiatric risk,25.5,"Convergent neuronal excitability, nicotinic and growth/cytoskeletal signaling",ANK3,0,off-axis,medium,rule,FALSE,structural scaffold class: ankyrin-G organises the axon initial segment; OmniPath edges are cytoskeletal (SPTBN1;DMD;DAG1),,
25,social_synaptic,Social-synaptic & psychiatric risk,25.5,"Convergent neuronal excitability, nicotinic and growth/cytoskeletal signaling",CHRNA5,0,off-axis,medium,rule,FALSE,nicotinic accessory subunit on the excitability arm; excitatory-ionotropic reading is +1 but not on the adhesion axis,,
25,social_synaptic,Social-synaptic & psychiatric risk,25.5,"Convergent neuronal excitability, nicotinic and growth/cytoskeletal signaling",CHRNA7,0,off-axis,medium,rule,FALSE,alpha7 nAChR on the excitability arm; excitatory-ionotropic reading is +1 but not on the adhesion axis,,
25,social_synaptic,Social-synaptic & psychiatric risk,25.5,"Convergent neuronal excitability, nicotinic and growth/cytoskeletal signaling",PTEN,-1,brake,medium,literature,FALSE,PTEN restrains PI3K/Akt/mTOR growth signalling; loss gives dendritic overgrowth and increased spine density,PMID 35101965,
25,social_synaptic,Social-synaptic & psychiatric risk,25.5,"Convergent neuronal excitability, nicotinic and growth/cytoskeletal signaling",TRIO,1,transducer,medium,literature,FALSE,Rac1-activating GEF that interacts with NLGN1 and is required for NLGN1-mediated glutamatergic synaptogenesis,PMID 34353896,
26,thyroid,Thyroid & neurodevelopment,26.1,TSH signaling and thyroid hormone synthesis,DUOX2,1,synthesis,high,rule,FALSE,obligate-accessory class: DUOX2 supplies the H2O2 that TPO requires for iodination; loss causes dyshormonogenesis,,
26,thyroid,Thyroid & neurodevelopment,26.1,TSH signaling and thyroid hormone synthesis,IYD,1,synthesis,high,literature,FALSE,"DEHAL1/IYD deiodinates MIT/DIT to recycle iodide for hormone synthesis; loss causes hypothyroidism, so it is not an inactivator",PMID 24629858,
26,thyroid,Thyroid & neurodevelopment,26.1,TSH signaling and thyroid hormone synthesis,SLC5A5,1,capacity,high,rule,FALSE,"loading-transporter class: NIS concentrates iodide into the thyrocyte, the rate-limiting substrate step for synthesis",,
26,thyroid,Thyroid & neurodevelopment,26.1,TSH signaling and thyroid hormone synthesis,TG,1,synthesis,high,rule,TRUE,anchor: thyroglobulin is the scaffold precursor on which T4/T3 are formed and stored,,
26,thyroid,Thyroid & neurodevelopment,26.1,TSH signaling and thyroid hormone synthesis,TPO,1,synthesis,high,rule,TRUE,anchor: rate-limiting hormonogenesis enzyme catalysing iodination and coupling,,
26,thyroid,Thyroid & neurodevelopment,26.1,TSH signaling and thyroid hormone synthesis,TSHB,1,driver,medium,omnipath,FALSE,"consensus-stimulates TSHR, the primary drive onto the gland; caveat serum TSH is itself set by TH negative feedback",omnipath TSHB->TSHR ce=14 (SIGNOR;HPRD;Guide2Pharma;KEGG-MEDICUS;+),
26,thyroid,Thyroid & neurodevelopment,26.1,TSH signaling and thyroid hormone synthesis,TSHR,1,transducer,high,omnipath,FALSE,Gs-coupled receptor transducing TSH into thyrocyte cAMP and hormone output,omnipath TSHB->TSHR ce=14 (SIGNOR;HPRD;Guide2Pharma;NetPath;+),
26,thyroid,Thyroid & neurodevelopment,26.2,Deiodinases,DIO1,1,synthesis,medium,rule,FALSE,"activating-enzyme class: outer-ring deiodination converts T4 to T3; also clears rT3, so net effect is activating",,
26,thyroid,Thyroid & neurodevelopment,26.2,Deiodinases,DIO2,1,synthesis,high,rule,FALSE,"activating-enzyme class: outer-ring deiodinase generating intracellular T3, dominant in brain",,
26,thyroid,Thyroid & neurodevelopment,26.2,Deiodinases,DIO3,-1,catabolism,high,rule,FALSE,"inactivating-enzyme class: inner-ring deiodination converts T4 to rT3 and T3 to T2, terminating hormone action",,
26,thyroid,Thyroid & neurodevelopment,26.3,Receptors and heterodimer partners,RXRA,1,accessory,low,omnipath,FALSE,heterodimer partner of TR on DR4 elements; caveat RXRA is shared with RAR/PPAR/LXR so it is not thyroid-specific,omnipath THRB->RXRA ce=25 (HPRD;HINT;SignaLink3;Lit-BM-17),low_confidence_signed
26,thyroid,Thyroid & neurodevelopment,26.3,Receptors and heterodimer partners,THRA,1,transducer,medium,rule,FALSE,receptor class: TRalpha transduces T3 to target-gene transcription; caveat the unliganded aporeceptor represses,,
26,thyroid,Thyroid & neurodevelopment,26.3,Receptors and heterodimer partners,THRB,1,transducer,high,rule,TRUE,anchor: TRbeta is the nuclear receptor whose T3-dependent transcription defines the target-tissue tone,,
26,thyroid,Thyroid & neurodevelopment,26.4,Transport across the blood-brain barrier,SLC16A10,1,capacity,low,rule,FALSE,uptake-transporter class: MCT10 carries T3/T4 into cells; caveat it is bidirectional so net direction depends on gradient,,low_confidence_signed
26,thyroid,Thyroid & neurodevelopment,26.4,Transport across the blood-brain barrier,SLC16A2,1,capacity,high,literature,FALSE,Mct8-null mice have reduced brain T3 uptake and T3/T4 content with a locally hypothyroid signature,PMID 17318265,
26,thyroid,Thyroid & neurodevelopment,26.4,Transport across the blood-brain barrier,SLCO1C1,1,capacity,medium,rule,FALSE,uptake-transporter class: OATP1C1 mediates T4 influx across the blood-brain barrier to supply DIO2,,
26,thyroid,Thyroid & neurodevelopment,26.5,Serum binding proteins,SERPINA7,0,buffer,medium,rule,FALSE,"carrier-globulin heuristic says -1, but HPT feedback restores free T4 so TBG level buffers rather than sets tone",,
26,thyroid,Thyroid & neurodevelopment,26.5,Serum binding proteins,TTR,0,buffer,medium,rule,FALSE,"carrier-globulin heuristic says -1, but choroid-plexus TTR is also read as delivering T4 to brain; readings collide",,
26,thyroid,Thyroid & neurodevelopment,26.6,Thyroid development and hypothalamic TRH regulation,FOXE1,0,off-axis,medium,rule,FALSE,developmental/lineage TF class: TTF-2 governs thyroid morphogenesis rather than signalling level,,
26,thyroid,Thyroid & neurodevelopment,26.6,Thyroid development and hypothalamic TRH regulation,PAX8,0,off-axis,medium,rule,FALSE,RESOLVED KEEP_CURRENT: Signed vs T3-signalling tone. PAX8 does transactivate TG/NIS/TSHR (17614769;14630715) but is the convention's named lineage-determinant exemplar. PI MUST DECIDE | PI: two independent passes disagree (0 vs +1); wild-type PAX8 does raise TG/NIS/TSHR,17614769;14630715,pi_framing_choice
26,thyroid,Thyroid & neurodevelopment,26.6,Thyroid development and hypothalamic TRH regulation,TRH,1,driver,medium,omnipath,FALSE,"consensus-stimulates TRHR, the hypothalamic drive onto the axis; caveat TRH is itself under TH negative feedback",omnipath TRH->TRHR ce=20 (SIGNOR;HPRD;HINT;KEGG-MEDICUS;+),
27,appetite,Appetite & metabolic programming,27.1,"Adipose, pancreatic and gut signals",ADIPOQ,0,unresolved,low,unresolved,FALSE,Central effect on food intake disputed (orexigenic via hypothalamic AMPK vs anorexigenic); no settled expression-level direction,,unresolved_needs_evidence
27,appetite,Appetite & metabolic programming,27.1,"Adipose, pancreatic and gut signals",GCG,1,driver,medium,literature,FALSE,"Proglucagon precursor of GLP-1/oxyntomodulin, anorexigenic gut peptides that raise satiety",PMID 15058309,
27,appetite,Appetite & metabolic programming,27.1,"Adipose, pancreatic and gut signals",GHRL,-1,brake,high,literature,FALSE,"Ghrelin is the orexigenic GHSR agonist; opposes satiety tone (OmniPath GHRL->GHSR stim, curation_effort=48)",PMID 15058309,
27,appetite,Appetite & metabolic programming,27.1,"Adipose, pancreatic and gut signals",IAPP,1,driver,medium,literature,FALSE,"Amylin, a meal-induced satiation signal acting at hindbrain; raises satiety tone",PMID 15058309,
27,appetite,Appetite & metabolic programming,27.1,"Adipose, pancreatic and gut signals",INS,1,driver,medium,literature,FALSE,Central insulin is an anorexigenic adiposity signal (inhibits hypothalamic AMPK); peripheral anabolic action is a different axis,PMID 15058305,
27,appetite,Appetite & metabolic programming,27.1,"Adipose, pancreatic and gut signals",LEP,1,driver,high,literature,TRUE,Leptin is the defining anorexigenic adiposity hormone; anchor for the satiety tone,PMID 15058305,
27,appetite,Appetite & metabolic programming,27.1,"Adipose, pancreatic and gut signals",LEPR,1,transducer,high,omnipath,TRUE,"Leptin receptor: LEP consensus-stimulates LEPR, which stimulates JAK2/STAT3; positive transducer of satiety signal",OmniPath LEP->LEPR consensus_stimulation=True curation_effort=23 sources(abridged)=SIGNOR;Guide2Pharma;HPRD;NetPath;CellPhoneDB,
27,appetite,Appetite & metabolic programming,27.1,"Adipose, pancreatic and gut signals",PYY,1,driver,medium,literature,FALSE,PYY is a postprandial anorexigenic gut peptide reducing food intake,PMID 15058309,
27,appetite,Appetite & metabolic programming,27.2,Hypothalamic melanocortin circuit,AGRP,-1,antagonist,high,omnipath,FALSE,"Endogenous MC4R/MC3R antagonist-inverse agonist: OmniPath consensus_inhibition on both; orexigenic, lowers satiety tone",OmniPath AGRP->MC4R consensus_stimulation=False consensus_inhibition=True curation_effort=36 sources(abridged)=SIGNOR;Guide2Pharma;HPRD;EMBRACE;CellPhoneDB,
27,appetite,Appetite & metabolic programming,27.2,Hypothalamic melanocortin circuit,CARTPT,1,driver,low,literature,FALSE,"CART, anorexigenic co-transmitter of POMC neurons; site-dependent effects on intake keep confidence low",PMID 15058309,low_confidence_signed
27,appetite,Appetite & metabolic programming,27.2,Hypothalamic melanocortin circuit,MC3R,0,ambiguous,medium,literature,FALSE,"RESOLVED KEEP_CURRENT: Tone is satiety/intake drive. Gs gives +1 by class, but Mc3r-null mice are hypophagic yet fatter, so the coupling referent is contradicted on intake and the two readings oppose",10973258;10965927,
27,appetite,Appetite & metabolic programming,27.2,Hypothalamic melanocortin circuit,MC4R,1,transducer,high,gtopdb,TRUE,"Gs-coupled melanocortin receptor: POMC stimulates, AGRP inhibits; loss of function causes hyperphagic obesity. Anchor | confirmed by GtoPdb coupling (Gs)",OmniPath POMC->MC4R consensus_stimulation=True curation_effort=32; MC4R->GNAS stimulation; sources(abridged)=SIGNOR;Guide2Pharma;HPRD; GtoPdb Gs,
27,appetite,Appetite & metabolic programming,27.3,Leptin and insulin intracellular signalling,INSR,1,transducer,medium,omnipath,FALSE,"Receptor for the anorexigenic central insulin signal; INS consensus-stimulates INSR, INSR stimulates IRS1",OmniPath INS->INSR consensus_stimulation=True curation_effort=56; INSR->IRS1 True curation_effort=79 sources(abridged)=SIGNOR;HPRD;Adhesome,
27,appetite,Appetite & metabolic programming,27.3,Leptin and insulin intracellular signalling,IRS1,1,transducer,medium,omnipath,FALSE,Positive transducer downstream of INSR and JAK-coupled LEPR; stimulates PIK3R1,OmniPath INSR->IRS1 consensus_stimulation=True curation_effort=79; IRS1->PIK3R1 True curation_effort=72 sources(abridged)=SIGNOR;HPRD;ACSN,
27,appetite,Appetite & metabolic programming,27.3,Leptin and insulin intracellular signalling,PIK3R1,0,ambiguous,low,literature,FALSE,"Accessory-subunit class gives +1, but reduced Pik3r1 expression improves insulin signalling in vivo; readings collide",PMID 11781359; PMID 22698915,
27,appetite,Appetite & metabolic programming,27.3,Leptin and insulin intracellular signalling,PTPN1,-1,feedback,high,rule,FALSE,"Inactivating-enzyme class: PTP1B dephosphorylates INSR and JAK2/STAT3, restraining both insulin and leptin signalling","OmniPath PTPN1->INSR curation_effort=127 and PTPN1->JAK2 curation_effort=31, sources(abridged)=DEPOD;SIGNOR;HPRD;Adhesome (DEPOD=dephosphorylation)",
27,appetite,Appetite & metabolic programming,27.4,"Cellular energy sensing, adipogenic and mitochondrial regulation",PPARG,-1,brake,medium,literature,FALSE,CNS PPAR-gamma activation drives positive energy balance and hyperphagia; shRNA knockdown gives negative energy balance,PMID 21532595,
27,appetite,Appetite & metabolic programming,27.4,"Cellular energy sensing, adipogenic and mitochondrial regulation",PPARGC1A,0,off-axis,medium,rule,FALSE,"Mitochondrial-biogenesis coactivator: acts on energy expenditure, with no established direction on appetite/satiety tone",,
27,appetite,Appetite & metabolic programming,27.4,"Cellular energy sensing, adipogenic and mitochondrial regulation",PRKAA2,-1,brake,medium,literature,FALSE,Hypothalamic AMPK is inhibited by leptin/insulin and raised by AgRP; constitutively active AMPK increases food intake,PMID 15058305; PMID 36096244,
27,appetite,Appetite & metabolic programming,27.4,"Cellular energy sensing, adipogenic and mitochondrial regulation",UCP2,-1,accessory,low,literature,FALSE,UCP2 is required for ghrelin's orexigenic action on NPY/AgRP neurons; permissive for orexigenic drive,PMID 18668043,low_confidence_signed
27,appetite,Appetite & metabolic programming,27.4,"Cellular energy sensing, adipogenic and mitochondrial regulation",UCP3,0,off-axis,medium,rule,FALSE,Skeletal-muscle uncoupling and fatty-acid handling; no established directional relation to appetite tone,,
27,appetite,Appetite & metabolic programming,27.5,Growth axis and fetal programming,GHR,0,off-axis,medium,rule,FALSE,"Growth-hormone receptor: growth/anabolic axis, not the satiety axis this tone indexes",,
27,appetite,Appetite & metabolic programming,27.5,Growth axis and fetal programming,IGF1,0,off-axis,medium,rule,FALSE,IGF-1 belongs to the growth/fetal-programming axis; no established direction on satiety tone,,
27,appetite,Appetite & metabolic programming,27.5,Growth axis and fetal programming,IGF1R,0,off-axis,medium,rule,FALSE,"IGF-1 receptor transduces growth signalling, not appetite restraint; off-axis for this tone",,
27,appetite,Appetite & metabolic programming,27.5,Growth axis and fetal programming,IGFBP1,0,off-axis,medium,rule,FALSE,"Binding-protein class gives -1 on IGF signalling, but that is a different axis; no satiety-tone direction",,
27,appetite,Appetite & metabolic programming,27.5,Growth axis and fetal programming,IGFBP3,0,off-axis,medium,rule,FALSE,"Main IGF carrier: sequestration class scores the IGF axis, not the satiety tone; off-axis here",,
27,appetite,Appetite & metabolic programming,27.6,Lipid metabolism and adiposity-regulatory loci,ABCG1,0,off-axis,medium,rule,FALSE,Cholesterol/phospholipid efflux transporter; lipid-handling axis with no appetite direction,,
27,appetite,Appetite & metabolic programming,27.6,Lipid metabolism and adiposity-regulatory loci,CPT1A,-1,brake,low,literature,FALSE,"Inhibiting hypothalamic CPT1 decreases food intake, so higher activity favours intake; isoform and tissue caveats",PMID 12754501,low_confidence_signed
27,appetite,Appetite & metabolic programming,27.6,Lipid metabolism and adiposity-regulatory loci,FTO,-1,brake,medium,literature,FALSE,Ubiquitous Fto overexpression dose-dependently increases food intake and fat mass in mice,PMID 21076408,
27,appetite,Appetite & metabolic programming,27.6,Lipid metabolism and adiposity-regulatory loci,IRX3,0,off-axis,medium,literature,FALSE,"Irx3 deficiency lowers body weight via basal metabolic rate and browning, not via intake; expenditure axis",PMID 24646999,
27,appetite,Appetite & metabolic programming,27.6,Lipid metabolism and adiposity-regulatory loci,PHGDH,0,off-axis,medium,rule,FALSE,Rate-limiting enzyme of serine synthesis; no established directional relation to appetite tone,,
27,appetite,Appetite & metabolic programming,27.6,Lipid metabolism and adiposity-regulatory loci,SREBF1,0,off-axis,low,rule,FALSE,"Lipogenic transcription factor; lipid-synthesis axis, direction on appetite tone not established",,
27,appetite,Appetite & metabolic programming,27.6,Lipid metabolism and adiposity-regulatory loci,TMEM18,0,unresolved,low,unresolved,FALSE,BMI-associated locus with poorly characterised molecular function; no directional appetite mechanism established,,unresolved_needs_evidence
27,appetite,Appetite & metabolic programming,27.7,Metabolic adaptation and developmental-programming loci,ESM1,0,off-axis,low,rule,FALSE,"Endothelial-specific molecule 1, a secreted endothelial/angiogenic factor; no appetite direction",,
27,appetite,Appetite & metabolic programming,27.7,Metabolic adaptation and developmental-programming loci,FSD1L,0,unresolved,low,unresolved,FALSE,Molecular function poorly characterised; nothing to sign against a satiety tone. Functional annotation would settle it,,unresolved_needs_evidence
27,appetite,Appetite & metabolic programming,27.7,Metabolic adaptation and developmental-programming loci,HIF3A,0,readout,medium,literature,FALSE,"HIF3A methylation tracks BMI but methylation-raising SNPs are not BMI-associated: marker of adiposity, not driver",PMID 24630777,
27,appetite,Appetite & metabolic programming,27.7,Metabolic adaptation and developmental-programming loci,HNF4A,0,off-axis,medium,rule,FALSE,"Lineage-identity transcription factor (hepatic/pancreatic); any tone effect is a cell-fate consequence, not signalling level",,
27,appetite,Appetite & metabolic programming,27.7,Metabolic adaptation and developmental-programming loci,METTL8,0,off-axis,low,rule,FALSE,Mitochondrial tRNA m3C methyltransferase; no established directional role in appetite regulation,,
27,appetite,Appetite & metabolic programming,27.7,Metabolic adaptation and developmental-programming loci,PFKFB3,0,off-axis,low,rule,FALSE,PFK-2 regulator of glycolytic flux; no established directional relation to satiety tone,,
27,appetite,Appetite & metabolic programming,27.7,Metabolic adaptation and developmental-programming loci,PIM3,0,unresolved,low,unresolved,FALSE,Serine/threonine kinase with no established directional role in appetite regulation; targeted feeding study would settle it,,unresolved_needs_evidence
27,appetite,Appetite & metabolic programming,27.7,Metabolic adaptation and developmental-programming loci,PRDM16,0,off-axis,medium,rule,FALSE,"Brown/beige adipocyte determination factor; thermogenesis and expenditure axis, not appetite drive",,
28,ageing,"Ageing, epigenetic clocks & telomere",28.1,Canonical epigenetic age-associated CpG loci,ASPA,0,readout,high,rule,FALSE,"Aspartoacylase: in the panel as an age-predictive CpG locus, not because its product drives ageing tone",,
28,ageing,"Ageing, epigenetic clocks & telomere",28.1,Canonical epigenetic age-associated CpG loci,CCDC102B,0,readout,high,rule,FALSE,Uncharacterised coiled-coil protein; present as an age-predictive CpG locus with no directional product,,
28,ageing,"Ageing, epigenetic clocks & telomere",28.1,Canonical epigenetic age-associated CpG loci,EDARADD,0,readout,high,rule,FALSE,EDAR-associated death-domain adaptor (ectodermal development); structural adaptor plus clock locus,,
28,ageing,"Ageing, epigenetic clocks & telomere",28.1,Canonical epigenetic age-associated CpG loci,ELOVL2,0,readout,high,rule,FALSE,"Fatty-acid elongase, the strongest age-predictive CpG locus; product not shown to set ageing tone",,
28,ageing,"Ageing, epigenetic clocks & telomere",28.1,Canonical epigenetic age-associated CpG loci,FHL2,0,readout,high,literature,FALSE,RESOLVED SET_ZERO: Signed vs senescence/ageing tone. TRRUST's sole source (21377781) states FHL2 is tumour-promoting or -suppressing by cell type and is anti-apoptotic; clock-CpG readout locus.,21377781,
28,ageing,"Ageing, epigenetic clocks & telomere",28.1,Canonical epigenetic age-associated CpG loci,ITGA2B,0,readout,high,rule,FALSE,"Platelet integrin alpha-IIb; lineage marker and age-predictive CpG locus, not an ageing effector",,
28,ageing,"Ageing, epigenetic clocks & telomere",28.1,Canonical epigenetic age-associated CpG loci,KLF14,0,readout,high,rule,FALSE,Imprinted adipose-metabolic transcription factor; in the panel as an age-predictive CpG locus,,
28,ageing,"Ageing, epigenetic clocks & telomere",28.1,Canonical epigenetic age-associated CpG loci,MIR29B2CHG,0,readout,high,rule,FALSE,Non-coding host gene for miR-29b-2/c; no directional protein product to sign,,
28,ageing,"Ageing, epigenetic clocks & telomere",28.1,Canonical epigenetic age-associated CpG loci,OTUD7A,0,readout,high,rule,FALSE,OTU-family deubiquitinase; age-predictive CpG locus with no established ageing direction,,
28,ageing,"Ageing, epigenetic clocks & telomere",28.1,Canonical epigenetic age-associated CpG loci,PDE4C,0,readout,high,rule,FALSE,cAMP phosphodiesterase; age-predictive CpG locus with no established ageing direction,,
28,ageing,"Ageing, epigenetic clocks & telomere",28.1,Canonical epigenetic age-associated CpG loci,TRIM59,0,readout,high,rule,FALSE,TRIM-family E3 ligase; age-predictive CpG locus with no established ageing direction,,
28,ageing,"Ageing, epigenetic clocks & telomere",28.2,Telomere maintenance,ACD,-1,accessory,low,literature,FALSE,TPP1 shelterin subunit; pathogenic ACD variants found in short-telomere patients,PMID 30995915,low_confidence_signed
28,ageing,"Ageing, epigenetic clocks & telomere",28.2,Telomere maintenance,ATM,1,transducer,medium,omnipath,FALSE,"DDR kinase consensus-stimulating TP53 and CDKN1A, engaging the senescence program; ATM-null progeria is a counter-reading",OmniPath ATM->TP53 consensus_stimulation=True consensus_inhibition=False curation_effort=574 sources(abridged)=SIGNOR;PhosphoSite;Reactome_ProtMapper;HPRD;ACSN,
28,ageing,"Ageing, epigenetic clocks & telomere",28.2,Telomere maintenance,CTC1,-1,accessory,low,literature,FALSE,CST subunit for telomeric C-strand fill-in; pathogenic CTC1 variants in short-telomere patients; also terminates telomerase,PMID 30995915,low_confidence_signed
28,ageing,"Ageing, epigenetic clocks & telomere",28.2,Telomere maintenance,DCLRE1B,-1,accessory,low,rule,FALSE,Apollo/SNM1B nuclease protects leading-strand telomeres during replication; loss gives telomere dysfunction,,low_confidence_signed
28,ageing,"Ageing, epigenetic clocks & telomere",28.2,Telomere maintenance,DKC1,-1,accessory,medium,literature,FALSE,H/ACA RNP component stabilising TERC; loss of function causes dyskeratosis congenita with short telomeres,PMID 26247919,
28,ageing,"Ageing, epigenetic clocks & telomere",28.2,Telomere maintenance,NAF1,-1,accessory,low,rule,FALSE,Obligate-accessory class: H/ACA RNP biogenesis factor for telomerase; same sign as telomerase,,low_confidence_signed
28,ageing,"Ageing, epigenetic clocks & telomere",28.2,Telomere maintenance,NHP2,-1,accessory,low,literature,FALSE,H/ACA RNP subunit of the telomerase complex; same maintenance class as DKC1/NOP10,PMID 26247919,low_confidence_signed
28,ageing,"Ageing, epigenetic clocks & telomere",28.2,Telomere maintenance,NOP10,-1,accessory,low,literature,FALSE,"H/ACA RNP subunit of the telomerase complex; obligate accessory, same sign as telomerase",PMID 26247919,low_confidence_signed
28,ageing,"Ageing, epigenetic clocks & telomere",28.2,Telomere maintenance,PARN,-1,accessory,low,rule,FALSE,Obligate-accessory class: deadenylase that matures and stabilises TERC; same sign as telomerase,,low_confidence_signed
28,ageing,"Ageing, epigenetic clocks & telomere",28.2,Telomere maintenance,PARP1,1,transducer,low,omnipath,FALSE,"Consensus-stimulates the anchor TP53; counter-reading is that PARP1 also supports DNA repair, so direction is not secure",OmniPath PARP1->TP53 consensus_stimulation=True consensus_inhibition=False curation_effort=21 sources=DIP;HINT;IntAct;SIGNOR;Lit-BM-17;HPRD;BioGRID;SPIKE_LC,low_confidence_signed
28,ageing,"Ageing, epigenetic clocks & telomere",28.2,Telomere maintenance,POT1,-1,brake,low,literature,FALSE,POT1 mutations cause telomere dysfunction and chromosomal abnormalities; counter-reading: it also limits telomerase access,PMID 23502782,low_confidence_signed
28,ageing,"Ageing, epigenetic clocks & telomere",28.2,Telomere maintenance,RTEL1,-1,capacity,low,literature,FALSE,Helicase required for telomere replication; pathogenic RTEL1 variants found in short-telomere patients,PMID 30995915,low_confidence_signed
28,ageing,"Ageing, epigenetic clocks & telomere",28.2,Telomere maintenance,STN1,-1,accessory,low,rule,FALSE,Obligate-accessory class: CST complex subunit with CTC1 and TEN1; same sign as the complex,,low_confidence_signed
28,ageing,"Ageing, epigenetic clocks & telomere",28.2,Telomere maintenance,TEN1,-1,accessory,low,rule,FALSE,Obligate-accessory class: smallest CST subunit; same sign as the complex. No human disease reported to check against,,low_confidence_signed
28,ageing,"Ageing, epigenetic clocks & telomere",28.2,Telomere maintenance,TERC,-1,capacity,medium,literature,FALSE,"Telomerase RNA template; pathogenic variants found in short-telomere patients, giving replicative exhaustion",PMID 26247919; PMID 30995915,
28,ageing,"Ageing, epigenetic clocks & telomere",28.2,Telomere maintenance,TERF1,0,ambiguous,low,literature,FALSE,"TRF1 overexpression progressively shortens telomeres, yet TRF1 is required for telomere protection; expression-level readings collide",PMID 9034193,
28,ageing,"Ageing, epigenetic clocks & telomere",28.2,Telomere maintenance,TERF2,-1,brake,medium,rule,FALSE,Capping factor class: TRF2 prevents ATM-dependent DNA-damage signalling at telomeres; loss triggers senescence,,
28,ageing,"Ageing, epigenetic clocks & telomere",28.2,Telomere maintenance,TERF2IP,-1,accessory,low,rule,FALSE,Obligate-accessory class: RAP1 is the TRF2-bound shelterin subunit; same sign as TERF2,,low_confidence_signed
28,ageing,"Ageing, epigenetic clocks & telomere",28.2,Telomere maintenance,TERT,-1,capacity,medium,literature,FALSE,Telomerase catalytic subunit; loss of function causes short-telomere syndromes with premature-ageing features,PMID 26247919; PMID 30995915,
28,ageing,"Ageing, epigenetic clocks & telomere",28.2,Telomere maintenance,TINF2,-1,accessory,low,rule,FALSE,Obligate-accessory class: TIN2 bridges the shelterin complex; loss causes telomere deprotection,,low_confidence_signed
28,ageing,"Ageing, epigenetic clocks & telomere",28.2,Telomere maintenance,WRAP53,-1,accessory,low,rule,FALSE,Obligate-accessory class: TCAB1 traffics telomerase to telomeres; same sign as telomerase,,low_confidence_signed
28,ageing,"Ageing, epigenetic clocks & telomere",28.3,Cellular senescence,CDKN1A,1,driver,high,omnipath,TRUE,p21 CDK inhibitor executing p53-dependent senescent growth arrest; TP53 consensus-stimulates it. Anchor,OmniPath TP53->CDKN1A consensus_stimulation=True curation_effort=32; CDKN1A->CDK2 edge present sources(abridged)=SIGNOR;HPRD;CancerCellMap,
28,ageing,"Ageing, epigenetic clocks & telomere",28.3,Cellular senescence,CDKN2A,1,driver,high,rule,TRUE,Growth-arrest effector class: p16INK4a inhibits CDK4/6 to enforce senescence; canonical ageing marker. Anchor,,
28,ageing,"Ageing, epigenetic clocks & telomere",28.3,Cellular senescence,CDKN2B,1,driver,medium,rule,FALSE,"Growth-arrest effector class: p15INK4b inhibits CDK4/6, same class as CDKN2A",,
28,ageing,"Ageing, epigenetic clocks & telomere",28.3,Cellular senescence,GLB1,0,readout,high,literature,FALSE,"SA-beta-gal activity comes from GLB1, but GLB1 is not required for senescence: marker, not driver",PMID 16626397,
28,ageing,"Ageing, epigenetic clocks & telomere",28.3,Cellular senescence,LMNB1,-1,readout,medium,literature,FALSE,"Lamin B1 is lost on senescence entry downstream of p53/pRB; inverse marker, so the sign is associational not causal",PMID 22496421,
28,ageing,"Ageing, epigenetic clocks & telomere",28.3,Cellular senescence,RB1,1,driver,medium,omnipath,FALSE,pRB consensus-inhibits E2F1 to enforce the senescent arrest downstream of p16,OmniPath RB1->E2F1 consensus_inhibition=True curation_effort=144 sources=DIP;HINT;SPIKE;Cui2007;ELM;IntAct;LMPID;SIGNOR;Wang;InnateDB;Lit-BM-17;HPRD;BioGRID,
28,ageing,"Ageing, epigenetic clocks & telomere",28.3,Cellular senescence,TP53,1,driver,high,omnipath,TRUE,"Consensus-stimulates CDKN1A and is the DDR-activated hub of senescence entry. Anchor | TRRUST chain (TP53 activation CDKN1A (w_g +1)) inverts here because the path runs through the system negative feedback; chain discarded, anchor definition holds",OmniPath TP53->CDKN1A consensus_stimulation=True curation_effort=32 sources=HINT;SPIKE;Cui2007;Sparser_ProtMapper;ACSN;IntAct;Wang;Lit-BM-17;ProtMapper;SPIKE_LC,
28,ageing,"Ageing, epigenetic clocks & telomere",28.4,Longevity-associated protective and nutrient-sensing loci,APOE,0,off-axis,medium,literature,FALSE,"Longevity effect is allele-specific (e4 lowers, e2 raises survival odds); no expression-level direction on ageing tone",PMID 31413261,
28,ageing,"Ageing, epigenetic clocks & telomere",28.4,Longevity-associated protective and nutrient-sensing loci,FOXO3,0,ambiguous,low,literature,FALSE,"Longevity-associated alleles imply protection, but FOXO3 induces CDKN1A and senescent arrest; readings oppose",OmniPath FOXO3->CDKN1A consensus_stimulation=True consensus_inhibition=True curation_effort=8 sources=Wang;SPIKE;ACSN;SPIKE_LC; plus PMID 18765803,
28,ageing,"Ageing, epigenetic clocks & telomere",28.4,Longevity-associated protective and nutrient-sensing loci,KL,-1,brake,medium,literature,FALSE,Klotho overexpression extends lifespan and deficiency gives a progeroid syndrome; represses insulin/IGF1 signalling,PMID 16123266; PMID 9363890,
29,oxidative,Oxidative stress & mitochondria,29.1,Antioxidant enzymes,CAT,-1,brake,high,rule,FALSE,rule: inactivating-enzyme class for the effector; catalase decomposes hydrogen peroxide,,
29,oxidative,Oxidative stress & mitochondria,29.1,Antioxidant enzymes,GPX1,-1,brake,high,rule,FALSE,rule: inactivating-enzyme class; glutathione peroxidase reduces hydrogen peroxide,,
29,oxidative,Oxidative stress & mitochondria,29.1,Antioxidant enzymes,GPX4,-1,brake,high,rule,FALSE,rule: inactivating-enzyme class; reduces lipid hydroperoxides and restrains lipid peroxidation,,
29,oxidative,Oxidative stress & mitochondria,29.1,Antioxidant enzymes,PRDX1,-1,brake,high,rule,FALSE,rule: inactivating-enzyme class; peroxiredoxin 1 reduces hydrogen peroxide,,
29,oxidative,Oxidative stress & mitochondria,29.1,Antioxidant enzymes,PRDX3,-1,brake,high,rule,FALSE,rule: inactivating-enzyme class; mitochondrial peroxiredoxin reduces matrix hydrogen peroxide,,
29,oxidative,Oxidative stress & mitochondria,29.1,Antioxidant enzymes,SOD1,-1,brake,medium,rule,FALSE,rule: inactivating-enzyme class; dismutates superoxide although its product H2O2 still needs downstream removal,,
29,oxidative,Oxidative stress & mitochondria,29.1,Antioxidant enzymes,SOD2,-1,brake,high,rule,FALSE,rule: inactivating-enzyme class; mitochondrial superoxide dismutase is the main matrix superoxide sink,,
29,oxidative,Oxidative stress & mitochondria,29.1,Antioxidant enzymes,SOD3,-1,brake,medium,rule,FALSE,rule: inactivating-enzyme class; extracellular superoxide dismutase,,
29,oxidative,Oxidative stress & mitochondria,29.1,Antioxidant enzymes,TXN,-1,buffer,high,rule,FALSE,rule: redox-buffer class; thioredoxin reduces oxidised protein thiols and recycles peroxiredoxins,,
29,oxidative,Oxidative stress & mitochondria,29.1,Antioxidant enzymes,TXNRD1,-1,buffer,high,rule,FALSE,rule: redox-buffer class; regenerates reduced thioredoxin sustaining the peroxiredoxin peroxide sink,,
29,oxidative,Oxidative stress & mitochondria,29.2,NRF2 pathway,HMOX1,-1,brake,medium,omnipath,FALSE,NFE2L2 stimulates HMOX1 in OmniPath so HMOX1 is an NRF2-programme effector; caveat that heme-derived free iron can be pro-oxidant,OmniPath NFE2L2->HMOX1 consensus_stimulation; Wang;SPIKE;ACSN;SPIKE_LC curation_effort=8,
29,oxidative,Oxidative stress & mitochondria,29.2,NRF2 pathway,KEAP1,1,brake-of-brake,high,omnipath,FALSE,"KEAP1 inhibits NFE2L2 in OmniPath so it restrains the antioxidant programme and raises ROS burden | role relabelled from ""antagonist"": restrains NFE2L2, which drives the antioxidant programme, so KEAP1 raises oxidative burden",OmniPath KEAP1-|NFE2L2 consensus_inhibition; KEGG-MEDICUS;SIGNOR;NRF2ome;ACSN;IntAct and others curation_effort=152,
29,oxidative,Oxidative stress & mitochondria,29.2,NRF2 pathway,NFE2L2,-1,brake,high,omnipath,FALSE,master antioxidant TF: KEAP1 inhibits it and it stimulates HMOX1 and NQO1 in OmniPath so it lowers ROS burden,OmniPath KEAP1-|NFE2L2 effort=152; NFE2L2->HMOX1 effort=8; NFE2L2->NQO1 effort=4,
29,oxidative,Oxidative stress & mitochondria,29.2,NRF2 pathway,NQO1,-1,brake,medium,omnipath,FALSE,NFE2L2 stimulates NQO1 in OmniPath; two-electron quinone reduction prevents redox cycling,OmniPath NFE2L2->NQO1 consensus_stimulation; SPIKE;SPIKE_LC curation_effort=4,
29,oxidative,Oxidative stress & mitochondria,29.3,Glutathione redox regeneration and conjugation,GSR,-1,buffer,high,rule,FALSE,rule: redox-buffer class; regenerates reduced glutathione sustaining the GSH-dependent peroxide sink,,
29,oxidative,Oxidative stress & mitochondria,29.3,Glutathione redox regeneration and conjugation,GSTM1,-1,brake,medium,rule,FALSE,rule: detoxifying-conjugation class; glutathione conjugation of electrophiles and lipid-peroxidation products,,
29,oxidative,Oxidative stress & mitochondria,29.3,Glutathione redox regeneration and conjugation,GSTP1,-1,brake,medium,rule,FALSE,rule: detoxifying-conjugation class; its separate JNK-binding role is off-axis for ROS burden,,
29,oxidative,Oxidative stress & mitochondria,29.4,Mitochondrial biogenesis and dynamics,DNM1L,0,ambiguous,medium,rule,FALSE,excess DRP1-driven fission raises ROS but fission is also required for mitophagy of damaged mitochondria; no monotone relation,,
29,oxidative,Oxidative stress & mitochondria,29.4,Mitochondrial biogenesis and dynamics,FIS1,0,ambiguous,low,rule,FALSE,fission adaptor with a reported mitophagy role; same bidirectional fission versus quality-control conflict as DNM1L,,
29,oxidative,Oxidative stress & mitochondria,29.4,Mitochondrial biogenesis and dynamics,MFN1,0,ambiguous,low,rule,FALSE,fusion dilutes local damage but also propagates it; no ROS-burden direction established for MFN1 specifically,,
29,oxidative,Oxidative stress & mitochondria,29.4,Mitochondrial biogenesis and dynamics,MFN2,0,ambiguous,low,rule,FALSE,fusion and ER-mitochondria tethering; both loss and excess are reported to raise ROS so the direction is not monotone,,
29,oxidative,Oxidative stress & mitochondria,29.4,Mitochondrial biogenesis and dynamics,NRF1,0,ambiguous,medium,literature,FALSE,"RESOLVED SET_ZERO: Signed vs ROS-burden tone. NRF-1 raises ETC gene expression (2166701) AND PRDX3/5 (21051700) - both arms, no net sign. TRRUST's NRF1 set is NFE2L1-contaminated (11035254).",2166701;21051700;11035254,
29,oxidative,Oxidative stress & mitochondria,29.4,Mitochondrial biogenesis and dynamics,OPA1,0,ambiguous,low,rule,FALSE,cristae integrity limits electron leak but OPA1 also opposes mitophagic removal of damaged mitochondria; direction not monotone,,
29,oxidative,Oxidative stress & mitochondria,29.5,Mitophagy and quality control,BNIP3,0,ambiguous,medium,rule,FALSE,mitophagy receptor that clears ROS-leaking mitochondria but also a pro-apoptotic BH3-only protein that permeabilises them,,
29,oxidative,Oxidative stress & mitochondria,29.5,Mitophagy and quality control,PINK1,-1,brake,medium,omnipath,FALSE,PINK1 stimulates PRKN in OmniPath; the PINK1-parkin axis clears damaged ROS-leaking mitochondria,OmniPath PINK1->PRKN consensus_stimulation; SIGNOR;KEGG-MEDICUS;PhosphoSite and others curation_effort=152,
29,oxidative,Oxidative stress & mitochondria,29.5,Mitophagy and quality control,PRKN,-1,brake,medium,omnipath,FALSE,parkin acts downstream of PINK1 (OmniPath consensus_stimulation) in mitophagic clearance of damaged ROS-leaking mitochondria,OmniPath PINK1->PRKN consensus_stimulation curation_effort=152,
29,oxidative,Oxidative stress & mitochondria,29.5,Mitophagy and quality control,SQSTM1,-1,brake,medium,omnipath,FALSE,p62 inhibits KEAP1 in OmniPath which de-represses NFE2L2; that two-hop path lowers ROS burden and its autophagy-adaptor role agrees,OmniPath SQSTM1-|KEAP1 consensus_inhibition; HINT;IntAct;NRF2ome;HuRI;InnateDB;Lit-BM-17;BioGRID curation_effort=46,
29,oxidative,Oxidative stress & mitochondria,29.6,ROS production,CYBB,1,driver,high,rule,TRUE,rule: ROS-generating enzyme class; NOX2 catalytic subunit produces superoxide,,
29,oxidative,Oxidative stress & mitochondria,29.6,ROS production,NOX4,1,driver,high,rule,TRUE,rule: ROS-generating enzyme class; constitutively active NADPH oxidase producing hydrogen peroxide,,
29,oxidative,Oxidative stress & mitochondria,29.6,ROS production,XDH,1,driver,medium,rule,TRUE,rule: ROS-generating enzyme class; the oxidase form yields superoxide and H2O2 although its urate product is an antioxidant,,
30,pharmacogenes,Pharmacogenes,30.1,Cytochrome P450 drug metabolism,CYP2B6,0,capacity,high,rule,FALSE,PGx capacity marker: whether more activity lowers or raises drug effect depends on the substrate (clearance versus bioactivation),,
30,pharmacogenes,Pharmacogenes,30.1,Cytochrome P450 drug metabolism,CYP2C19,0,capacity,high,rule,FALSE,PGx capacity marker: substrate-specific direction (clopidogrel needs activation while others are cleared) so no consistent tone,,
30,pharmacogenes,Pharmacogenes,30.1,Cytochrome P450 drug metabolism,CYP2C9,0,capacity,high,rule,FALSE,PGx capacity marker: substrate-specific direction so no consistent relation to any biological activation tone,,
30,pharmacogenes,Pharmacogenes,30.1,Cytochrome P450 drug metabolism,CYP2D6,0,capacity,high,rule,FALSE,PGx capacity marker: bioactivates codeine and tamoxifen while clearing other substrates so the sign is substrate-conditional,,
30,pharmacogenes,Pharmacogenes,30.1,Cytochrome P450 drug metabolism,CYP2E1,0,capacity,high,rule,FALSE,PGx capacity marker: it is also a ROS source on ethanol oxidation but that belongs to system 29 not to a drug-response tone,,
30,pharmacogenes,Pharmacogenes,30.1,Cytochrome P450 drug metabolism,CYP3A4,0,capacity,high,rule,FALSE,PGx capacity marker: substrate-specific direction (clearance versus bioactivation) so no consistent tone relation,,
30,pharmacogenes,Pharmacogenes,30.1,Cytochrome P450 drug metabolism,CYP3A5,0,capacity,high,rule,FALSE,PGx capacity marker: substrate-specific direction and largely redundant with CYP3A4 so no consistent tone relation,,
30,pharmacogenes,Pharmacogenes,30.2,Non-CYP drug-metabolizing enzymes,DPYD,0,capacity,high,rule,FALSE,PGx capacity marker: low activity raises fluoropyrimidine toxicity while high activity lowers efficacy so there is no single tone,,
30,pharmacogenes,Pharmacogenes,30.2,Non-CYP drug-metabolizing enzymes,NAT1,0,capacity,high,rule,FALSE,PGx capacity marker: N-acetylation can inactivate or bioactivate arylamines so no consistent direction,,
30,pharmacogenes,Pharmacogenes,30.2,Non-CYP drug-metabolizing enzymes,TPMT,0,capacity,high,rule,FALSE,PGx capacity marker: thiopurine methylation diverts drug from activation so direction depends on the endpoint scored,,
30,pharmacogenes,Pharmacogenes,30.3,Drug transporters,ABCG2,0,capacity,high,rule,FALSE,PGx capacity marker: efflux transporter whose direction depends on which compartment exposure is scored,,
30,pharmacogenes,Pharmacogenes,30.3,Drug transporters,SLCO1B1,0,capacity,high,rule,FALSE,PGx capacity marker: hepatic uptake transporter raising hepatic while lowering systemic exposure so there is no single tone,,
