system_id,system,gene,gene_name,chr,n_probes,n_kept,usability,caution,gene_function
1,"Oxytocin, vasopressin & CICR",TRPM2,transient receptor potential cation channel subfamily M member 2,chr21,21,16,good,,"Plasma-membrane cation channel gated by ADP-ribose and by oxidative stress, providing the calcium entry that sustains the positive feedback loop. Its dual sensitivity makes it a convergence point for inflammation and oxytocin signalling."
1,"Oxytocin, vasopressin & CICR",AVPR2,arginine vasopressin receptor 2,chrX,16,13,good,X-linked: X-inactivation makes female values a two-allele average - analyse within sex or model sex explicitly,"Renal vasopressin receptor coupled to Gs and cAMP rather than to calcium, governing water reabsorption. Included as a within-family specificity control: a genuine social effect should NOT appear here."
1,"Oxytocin, vasopressin & CICR",OXT,oxytocin/neurophysin I prepropeptide,chr20,13,11,good,,"Encodes the oxytocin prepropeptide made in hypothalamic magnocellular neurons and cleaved to the nine-amino-acid hormone. Its promoter and intron 1 CpGs are studied as the supply-side counterpart to OXTR methylation, though peripheral expression is low."
1,"Oxytocin, vasopressin & CICR",NOS1,nitric oxide synthase 1,chr12,36,10,good,,"Neuronal nitric oxide synthase, activated by the calcium-calmodulin complex and producing the gaseous messenger that feeds back on oxytocin release. Couples CICR output to retrograde signalling."
1,"Oxytocin, vasopressin & CICR",RYR1,ryanodine receptor 1,chr19,56,9,good,,"Skeletal-muscle-type ryanodine receptor, the calcium release channel opened by cADPR downstream of CD38. Calcium released through it opens neighbouring RyR channels, making this a positive feedback loop in the strict sense: calcium triggering further calcium release."
1,"Oxytocin, vasopressin & CICR",AVP,arginine vasopressin,chr20,12,8,good,,"Vasopressin precursor, co-released with oxytocin and acting on partly overlapping receptors, generally with opposite valence for social vigilance. Its methylation is a classic readout of early-life stress in maternal separation models."
1,"Oxytocin, vasopressin & CICR",ATP2A2,ATPase sarcoplasmic/endoplasmic reticulum Ca2+ transporting 2,chr12,26,7,good,,"SERCA2 pump, returning cytosolic calcium to the ER and refilling the store. Refill is what stops the positive feedback loop running to exhaustion, making oxytocin signalling oscillatory rather than a single decaying surge."
1,"Oxytocin, vasopressin & CICR",CACNA1C,calcium voltage-gated channel subunit alpha1 C,chr12,53,7,good,,"L-type voltage-gated calcium channel Cav1.2, whose depolarisation-driven calcium entry can itself ignite the RyR positive feedback loop. Also one of the most robust cross-disorder psychiatric GWAS loci."
1,"Oxytocin, vasopressin & CICR",OXTR,oxytocin receptor,chr3,19,7,good,,"The Gq-coupled oxytocin receptor; activation drives PLC to IP3 and ignites the calcium-induced calcium release positive feedback loop. Its MT2 region, especially the CpG at -934, is the most replicated methylation target in social behaviour research."
1,"Oxytocin, vasopressin & CICR",CAMK2A,calcium/calmodulin dependent protein kinase II alpha,chr5,18,6,good,,"Calcium/calmodulin kinase II alpha, the main decoder of calcium transients into lasting synaptic change through autophosphorylation. Where a calcium signal becomes a durable behavioural trace."
1,"Oxytocin, vasopressin & CICR",CD38,CD38 molecule,chr4,12,5,adequate,,"Ectoenzyme generating cyclic ADP-ribose, the messenger that opens ryanodine receptors and so switches on the CICR positive feedback loop; it is required for hypothalamic oxytocin release. Cd38 knockout mice show social amnesia that oxytocin rescues."
1,"Oxytocin, vasopressin & CICR",ITPR3,"inositol 1,4,5-trisphosphate receptor type 3",chr6,27,5,adequate,,"Type 3 IP3 receptor, biased towards initiating rather than sustaining calcium waves, so it governs how readily the loop starts. Completes the IP3 receptor trio feeding the CICR positive feedback loop."
1,"Oxytocin, vasopressin & CICR",MAGEL2,MAGE family member L2,chr15,20,5,adequate,,"Imprinted, paternally expressed gene whose loss reduces hypothalamic oxytocin production; mutations cause Schaaf-Yang syndrome with autistic features. Sits at the intersection of the oxytocin system and the imprinted-DMR literature."
1,"Oxytocin, vasopressin & CICR",ATP2A3,ATPase sarcoplasmic/endoplasmic reticulum Ca2+ transporting 3,chr17,38,4,adequate,,"SERCA3, a lower-affinity pump expressed in non-muscle and immune cells, providing store refill in the tissues sampled in saliva and blood. The peripherally relevant SERCA isoform."
1,"Oxytocin, vasopressin & CICR",CACNA1D,calcium voltage-gated channel subunit alpha1 D,chr3,22,4,adequate,,"Cav1.3 L-type channel, activating at more negative voltages and supporting pacemaking and tonic calcium influx. Complements CACNA1C in linking excitability to the calcium loop."
1,"Oxytocin, vasopressin & CICR",FKBP1B,FKBP prolyl isomerase 1B,chr2,13,4,adequate,,"FKBP12.6, the higher-affinity RYR2 stabiliser whose loss produces leaky channels and dysregulated release. The gating counterpart to FKBP1A in cardiac and neuronal tissue."
1,"Oxytocin, vasopressin & CICR",ITPR1,"inositol 1,4,5-trisphosphate receptor type 1",chr3,32,4,adequate,,"Type 1 IP3 receptor, releasing endoplasmic reticulum calcium in response to the IP3 generated by OXTR, Gq and PLC. It provides the initial spark that the RyR positive feedback loop then amplifies."
1,"Oxytocin, vasopressin & CICR",RYR2,ryanodine receptor 2,chr1,21,4,adequate,,"Cardiac-type ryanodine receptor, also widely expressed in brain, where it sustains the calcium positive feedback loop underlying transmitter release and plasticity. One of the RyR family implicated in oxytocin signalling in Ein-Dor et al. (2024, Communications Psychology)."
1,"Oxytocin, vasopressin & CICR",TPCN1,two pore segment channel 1,chr12,36,4,adequate,,"Two-pore channel releasing calcium from acidic lysosomal stores in response to NAADP, a second messenger also generated by CD38. Represents the lysosomal, non-ER limb of oxytocin-triggered calcium signalling."
1,"Oxytocin, vasopressin & CICR",TPCN2,two pore segment channel 2,chr11,25,4,adequate,,"The lysosome-restricted two-pore channel and principal NAADP target, triggering local calcium that primes ER release. Links CD38 enzymatic output to the CICR loop by a route independent of cADPR."
1,"Oxytocin, vasopressin & CICR",ASPH,aspartate beta-hydroxylase,chr8,23,3,adequate,,"Aspartate beta-hydroxylase, whose junctin isoform completes the calsequestrin-triadin-RyR complex that regulates store-dependent gating. Represents the luminal regulatory arm of the loop."
1,"Oxytocin, vasopressin & CICR",BST1,bone marrow stromal cell antigen 1,chr4,11,3,adequate,,"CD38 paralogue, also called CD157, with the same ADP-ribosyl cyclase activity and partly redundant cADPR supply to the CICR loop. Studied in social anxiety and in Parkinson disease."
1,"Oxytocin, vasopressin & CICR",CALM2,calmodulin 2,chr2,23,3,adequate,,"Second of three genes encoding identical calmodulin protein, differing only in regulatory sequence and hence in methylation-sensitive expression. Dosage, not sequence, is what varies here."
1,"Oxytocin, vasopressin & CICR",FKBP1A,FKBP prolyl isomerase 1A,chr20,15,3,adequate,,"Immunophilin FKBP12, binding ryanodine and IP3 receptors and stabilising them closed to prevent calcium leak. Its methylation bears on how tightly the CICR loop is clamped between signals."
1,"Oxytocin, vasopressin & CICR",GNA11,G protein subunit alpha 11,chr19,22,3,adequate,,"G11 alpha subunit, functionally near-identical to GNAQ and largely redundant with it. Included so the transducer step is not represented by a single gene."
1,"Oxytocin, vasopressin & CICR",AVPR1A,arginine vasopressin receptor 1A,chr12,17,2,limited - 2 probes,,"The principal brain vasopressin receptor, Gq-coupled like OXTR and feeding the same IP3 and RyR calcium loop. Promoter methylation and the linked RS3 repeat are studied for pair bonding, social recognition and aggression."
1,"Oxytocin, vasopressin & CICR",CALM1,calmodulin 1,chr14,22,2,limited - 2 probes,,"Calmodulin, the universal calcium sensor that activates CaMKII and directly modulates RyR and IP3 receptor gating. Three genes encode an identical protein, so coverage across all three matters."
1,"Oxytocin, vasopressin & CICR",CALM3,calmodulin 3,chr19,19,2,limited - 2 probes,,"Third calmodulin gene; total calmodulin availability is the sum of CALM1 to CALM3, making the trio a natural test of dosage-sensitive methylation effects."
1,"Oxytocin, vasopressin & CICR",CAMK2D,calcium/calmodulin dependent protein kinase II delta,chr4,29,2,limited - 2 probes,,"CaMKII delta, the isoform dominant outside neurons and therefore the one measurable where the tissue is saliva or blood. The peripherally accessible member of the family."
1,"Oxytocin, vasopressin & CICR",CASQ1,calsequestrin 1,chr1,15,2,limited - 2 probes,,"Calsequestrin 1, the high-capacity luminal calcium buffer that sets how much calcium is available for RyR to release. Determines the size of the releasable store."
1,"Oxytocin, vasopressin & CICR",ITPR2,"inositol 1,4,5-trisphosphate receptor type 2",chr12,35,2,limited - 2 probes,,"Type 2 IP3 receptor, higher affinity for IP3 than ITPR1 and dominant in secretory and glial cells. Sets how small an oxytocin signal needs to be to ignite the positive feedback loop."
1,"Oxytocin, vasopressin & CICR",ORAI1,ORAI calcium release-activated calcium modulator 1,chr12,16,2,limited - 2 probes,,"The store-operated calcium entry channel opened by STIM1, replenishing ER calcium after release. Completes the refill circuit that sustains pulsatile signalling."
1,"Oxytocin, vasopressin & CICR",PLCB1,phospholipase C beta 1,chr20,25,2,limited - 2 probes,,"Phospholipase C beta 1, the Gq effector hydrolysing PIP2 to IP3 and DAG immediately downstream of OXTR and AVPR1A. The first amplification step in the pathway."
1,"Oxytocin, vasopressin & CICR",RYR3,ryanodine receptor 3,chr15,23,2,limited - 2 probes,,"The brain-enriched ryanodine receptor and the main amplifier of the CICR positive feedback loop in neurons. Methylation here indexes loop gain, meaning how much a given oxytocin signal is amplified, rather than receptor availability."
1,"Oxytocin, vasopressin & CICR",STIM1,stromal interaction molecule 1,chr11,22,2,limited - 2 probes,,"ER calcium sensor detecting store depletion and migrating to the membrane to open ORAI1. The trigger for store-operated entry, without which repeated oxytocin signalling would exhaust the store."
1,"Oxytocin, vasopressin & CICR",TRDN,triadin,chr6,9,2,limited - 2 probes,,"Triadin, the anchoring protein coupling calsequestrin to the ryanodine receptor so that luminal calcium load is sensed by the channel. Structural rather than signalling, but rate-limiting for release."
1,"Oxytocin, vasopressin & CICR",AVPR1B,arginine vasopressin receptor 1B,chr1,9,1,SINGLE PROBE - cannot support a gene-level claim,,"Pituitary vasopressin receptor that potentiates CRH-driven ACTH release, making it the direct link between the vasopressin arm and the HPA axis. Of interest wherever social stress and cortisol reactivity are modelled together."
1,"Oxytocin, vasopressin & CICR",CAMK2B,calcium/calmodulin dependent protein kinase II beta,chr7,29,1,SINGLE PROBE - cannot support a gene-level claim,,"CaMKII beta subunit, binding actin and targeting the holoenzyme to the synapse while tuning its calcium sensitivity. Structural partner to CAMK2A in the decoding step."
1,"Oxytocin, vasopressin & CICR",CASQ2,calsequestrin 2,chr1,8,1,SINGLE PROBE - cannot support a gene-level claim,,"Cardiac calsequestrin, buffering luminal calcium and regulating RYR2 gating through triadin and junctin. Store capacity here constrains the amplitude of each release event."
1,"Oxytocin, vasopressin & CICR",GNAQ,G protein subunit alpha q,chr9,6,1,SINGLE PROBE - cannot support a gene-level claim,,"Gq alpha subunit, the G protein coupling OXTR and AVPR1A to phospholipase C. The obligatory transducer between receptor occupancy and calcium release."
1,"Oxytocin, vasopressin & CICR",PLCB4,phospholipase C beta 4,chr20,18,1,SINGLE PROBE - cannot support a gene-level claim,,"Phospholipase C beta 4, the isoform enriched in brain and retina, giving regional specificity to Gq signalling. An alternative route from receptor to IP3."
1,"Oxytocin, vasopressin & CICR",SIGMAR1,sigma non-opioid intracellular receptor 1,chr9,15,1,SINGLE PROBE - cannot support a gene-level claim,,"Sigma-1 receptor, an ER chaperone at mitochondria-associated membranes that stabilises ITPR3 under stress and sustains calcium transfer. A stress-responsive modulator of the same IP3 machinery oxytocin recruits."
1,"Oxytocin, vasopressin & CICR",ATP2B1,ATPase plasma membrane Ca2+ transporting 1,chr12,14,0,NO USABLE PROBE - all filtered out for low variance,,"Plasma-membrane calcium ATPase extruding calcium from the cell, setting the resting baseline against which release events are read. Determines how quickly the system resets."
1,"Oxytocin, vasopressin & CICR",SELENON,selenoprotein N,chr1,14,0,NO USABLE PROBE - all filtered out for low variance,,"Selenoprotein N, an ER protein required for redox-dependent regulation of RyR and SERCA calcium handling. Places selenium status and oxidative state upstream of CICR efficiency."
2,HPA axis & glucocorticoid signalling,TSC22D3,TSC22 domain family member 3,chrX,35,31,good,X-linked: X-inactivation makes female values a two-allele average - analyse within sex or model sex explicitly,"GILZ, one of the most strongly glucocorticoid-induced genes, mediating the anti-inflammatory arm of cortisol action. Directly connects the HPA axis to immune suppression."
2,HPA axis & glucocorticoid signalling,SGK1,serum/glucocorticoid regulated kinase 1,chr6,50,14,good,,"Serum and glucocorticoid-regulated kinase 1, a rapidly induced direct receptor target and a widely used readout that glucocorticoid signalling actually occurred. A downstream reporter rather than a regulator."
2,HPA axis & glucocorticoid signalling,UCN,urocortin,chr2,15,12,good,,"Urocortin 1, binding both CRH receptors and sustaining the stress response beyond the initial CRH pulse. Extends the temporal profile of axis activation."
2,HPA axis & glucocorticoid signalling,ZBTB16,zinc finger and BTB domain containing 16,chr11,39,11,good,,"PLZF, a glucocorticoid-responsive transcription factor with roles in immune cell fate and neural progenitor maintenance. Represents the developmental branch of the receptor's target programme."
2,HPA axis & glucocorticoid signalling,CRH,corticotropin releasing hormone,chr8,17,8,good,,"Corticotropin-releasing hormone, the hypothalamic peptide initiating the entire cascade by driving pituitary ACTH release. Its promoter methylation is a primary candidate for how early adversity sets axis tone."
2,HPA axis & glucocorticoid signalling,CRHBP,corticotropin releasing hormone binding protein,chr5,13,8,good,,"CRH binding protein, sequestering circulating CRH and limiting how much reaches the pituitary. The brake on the first step, so its methylation shifts axis sensitivity without changing CRH output."
2,HPA axis & glucocorticoid signalling,FKBP5,FKBP prolyl isomerase 5,chr6,18,7,good,,"Co-chaperone lowering glucocorticoid receptor affinity and slowing nuclear translocation; cortisol induces it, creating an ultra-short feedback loop. Intron 7 demethylation after early trauma is a landmark demonstration of environmentally driven methylation change."
2,HPA axis & glucocorticoid signalling,NR3C1,nuclear receptor subfamily 3 group C member 1,chr5,40,6,good,,"The glucocorticoid receptor, mediating cortisol's effects and its own negative feedback. Exon 1F promoter methylation is the most replicated finding in behavioural epigenetics, from Weaver's maternal care work onward."
2,HPA axis & glucocorticoid signalling,POMC,proopiomelanocortin,chr2,20,6,good,,"Proopiomelanocortin, the pituitary precursor cleaved to ACTH and also the shared precursor of beta-endorphin and MSH. Its methylation links the HPA axis to the opioid and appetite systems."
2,HPA axis & glucocorticoid signalling,DDIT4,DNA damage inducible transcript 4,chr10,19,5,adequate,,"REDD1, a glucocorticoid-induced inhibitor of mTOR signalling, linking stress hormones to suppressed protein synthesis and plasticity. A plausible route from chronic cortisol to reduced neural remodelling."
2,HPA axis & glucocorticoid signalling,HSD11B1,hydroxysteroid 11-beta dehydrogenase 1,chr1,17,4,adequate,,"Regenerates active cortisol from inert cortisone within target tissues, so local exposure can exceed circulating levels. Explains why tissue glucocorticoid action is not readable from serum cortisol alone."
2,HPA axis & glucocorticoid signalling,HSP90AA1,heat shock protein 90 alpha family class A member 1,chr14,24,4,adequate,,The inducible HSP90 alpha chaperone holding the glucocorticoid receptor in a ligand-binding-competent conformation. Without it the receptor cannot bind cortisol at physiological concentrations.
2,HPA axis & glucocorticoid signalling,MC2R,melanocortin 2 receptor,chr18,10,4,adequate,,"The adrenal ACTH receptor, translating pituitary signal into cortisol synthesis. The single obligatory receptor step between ACTH and the adrenal response."
2,HPA axis & glucocorticoid signalling,PCSK2,proprotein convertase subtilisin/kexin type 2,chr20,18,4,adequate,,"Prohormone convertase 2, directing POMC processing towards alpha-MSH and beta-endorphin rather than ACTH. Determines which branch of the precursor's output predominates."
2,HPA axis & glucocorticoid signalling,UCN3,urocortin 3,chr10,12,4,adequate,,"Urocortin 3, the most CRHR2-selective ligand, implicated in terminating the stress response and in social behaviour. The clearest molecular handle on stress offset rather than onset."
2,HPA axis & glucocorticoid signalling,ANXA1,annexin A1,chr9,5,3,adequate,,"Annexin A1, mediating the rapid non-genomic anti-inflammatory and negative-feedback actions of glucocorticoids. Captures the fast arm of cortisol signalling that receptor-transcription models miss."
2,HPA axis & glucocorticoid signalling,CRHR2,corticotropin releasing hormone receptor 2,chr7,22,3,adequate,,"The second CRH receptor, preferentially bound by urocortins and generally opposing CRHR1 by supporting stress recovery rather than initiation. Represents the off-switch arm of CRH signalling."
2,HPA axis & glucocorticoid signalling,MRAP,melanocortin 2 receptor accessory protein,chr21,12,3,adequate,,"Melanocortin receptor accessory protein, required to traffic MC2R to the cell surface and confer ACTH responsiveness. MC2R is non-functional without it, so the two must be read together."
2,HPA axis & glucocorticoid signalling,PCSK1,proprotein convertase subtilisin/kexin type 1,chr5,22,3,adequate,,"Prohormone convertase 1/3, performing the cleavage of POMC to ACTH. Without it the precursor is made but the active hormone is not, so it is a rate-limiting post-translational step."
2,HPA axis & glucocorticoid signalling,BAG1,BAG cochaperone 1,chr9,18,2,limited - 2 probes,,"Co-chaperone promoting receptor degradation and inhibiting its transcriptional activity, acting as a negative regulator of glucocorticoid signalling. The disposal arm of the chaperone complex."
2,HPA axis & glucocorticoid signalling,FKBP4,FKBP prolyl isomerase 4,chr12,22,2,limited - 2 probes,,"The partner co-chaperone FKBP52, which increases receptor affinity and promotes nuclear translocation, opposing FKBP5. The FKBP4 to FKBP5 ratio, not either alone, sets receptor sensitivity."
2,HPA axis & glucocorticoid signalling,SERPINA6,serpin family A member 6,chr14,11,2,limited - 2 probes,,"Corticosteroid binding globulin, carrying roughly 90 percent of circulating cortisol and determining the free fraction available to tissues. Sets the bioavailability of the entire axis output."
2,HPA axis & glucocorticoid signalling,STIP1,stress induced phosphoprotein 1,chr11,27,2,limited - 2 probes,,"HOP, the adaptor handing the unliganded glucocorticoid receptor from HSP70 to HSP90 during maturation. A required assembly step for a receptor competent to bind cortisol."
2,HPA axis & glucocorticoid signalling,UCN2,urocortin 2,chr3,8,2,limited - 2 probes,,"Urocortin 2, a selective CRHR2 agonist involved in the delayed, recovery-phase component of the stress response. Methylation here bears on how quickly the axis returns to baseline."
2,HPA axis & glucocorticoid signalling,HSD11B2,hydroxysteroid 11-beta dehydrogenase 2,chr16,13,1,SINGLE PROBE - cannot support a gene-level claim,,"Inactivates cortisol to cortisone and, in placenta, forms the barrier protecting the fetus from maternal cortisol. Its placental methylation is a central mechanism in prenatal stress programming."
2,HPA axis & glucocorticoid signalling,KLF9,KLF transcription factor 9,chr9,11,1,SINGLE PROBE - cannot support a gene-level claim,,Transcription factor induced by glucocorticoids that amplifies the receptor's transcriptional programme through a feedforward loop. Extends a transient cortisol pulse into a longer transcriptional response.
2,HPA axis & glucocorticoid signalling,CRHR1,corticotropin releasing hormone receptor 1,chr17,10,0,NO USABLE PROBE - all filtered out for low variance,,The pituitary and cortical CRH receptor mediating ACTH release and anxiety-like responses. Its interaction with childhood maltreatment is among the most studied gene-environment findings in the HPA literature.
2,HPA axis & glucocorticoid signalling,NR3C2,nuclear receptor subfamily 3 group C member 2,chr4,23,0,NO USABLE PROBE - all filtered out for low variance,,"The mineralocorticoid receptor, binding cortisol at roughly tenfold higher affinity than NR3C1 and so governing tone at basal rather than peak levels. Sets the threshold at which the axis engages."
2,HPA axis & glucocorticoid signalling,PTGES3,prostaglandin E synthase 3,chr12,17,0,NO USABLE PROBE - all filtered out for low variance,,"p23, stabilising the mature HSP90-receptor complex and needed for high-affinity hormone binding. Completes the chaperone heterocomplex with STIP1 and HSP90AA1."
2,HPA axis & glucocorticoid signalling,TBX19,T-box transcription factor 19,chr1,8,0,NO USABLE PROBE - all filtered out for low variance,,"T-box transcription factor TPIT, required for corticotroph differentiation and POMC transcription. Loss causes isolated ACTH deficiency, making it the developmental gatekeeper of the pituitary limb."
3,Steroidogenesis (adrenal & gonadal),NR0B1,nuclear receptor subfamily 0 group B member 1,chrX,18,16,good,X-linked: X-inactivation makes female values a two-allele average - analyse within sex or model sex explicitly,"DAX1, an atypical nuclear receptor repressing NR5A1 targets; X-linked and dosage-sensitive, with duplication causing sex reversal. The brake on the steroidogenic transcriptional programme."
3,Steroidogenesis (adrenal & gonadal),STAR,steroidogenic acute regulatory protein,chr8,14,10,good,,"Steroidogenic acute regulatory protein, moving cholesterol across the mitochondrial membrane to CYP11A1. This transfer, not any enzyme, is the rate-limiting step of all steroid synthesis."
3,Steroidogenesis (adrenal & gonadal),CYP11A1,cytochrome P450 family 11 subfamily A member 1,chr15,27,8,good,,"Side-chain cleavage enzyme converting cholesterol to pregnenolone, the committed first enzymatic step shared by every steroid product. Everything downstream, cortisol and sex steroids alike, passes through it."
3,Steroidogenesis (adrenal & gonadal),FDXR,ferredoxin reductase,chr17,27,6,good,,"Ferredoxin reductase, transferring electrons from NADPH to FDX1 and so powering all mitochondrial steroid hydroxylations. Links cellular redox state to steroid output."
3,Steroidogenesis (adrenal & gonadal),POR,cytochrome p450 oxidoreductase,chr7,24,6,good,,"Cytochrome P450 oxidoreductase, the obligatory electron donor for CYP17A1, CYP21A2 and CYP19A1. A single cofactor gene whose methylation could shift several steroidogenic steps at once."
3,Steroidogenesis (adrenal & gonadal),LDLR,low density lipoprotein receptor,chr19,21,4,adequate,,Low-density lipoprotein receptor importing circulating cholesterol; steroidogenic cells prefer this route to de novo synthesis. The main substrate supply line in adrenal and gonadal tissue.
3,Steroidogenesis (adrenal & gonadal),CYP11B1,cytochrome P450 family 11 subfamily B member 1,chr8,10,3,adequate,,"11-beta-hydroxylase, performing the final step to cortisol in the adrenal fasciculata. The terminal enzyme of the glucocorticoid branch."
3,Steroidogenesis (adrenal & gonadal),CYP11B2,cytochrome P450 family 11 subfamily B member 2,chr8,6,2,limited - 2 probes,,"Aldosterone synthase, the mineralocorticoid branch point in the adrenal glomerulosa. Diverges from CYP11B1 despite near-identical sequence, so probe-level specificity matters especially here."
3,Steroidogenesis (adrenal & gonadal),HSD3B2,"hydroxy-delta-5-steroid dehydrogenase, 3 beta- and steroid delta-isomerase 2",chr1,6,2,limited - 2 probes,,The adrenal and gonadal isoform performing the same conversion and the one that limits classical steroid output. Distinguishing the two isoforms separates peripheral from glandular synthesis.
3,Steroidogenesis (adrenal & gonadal),NR5A1,nuclear receptor subfamily 5 group A member 1,chr9,8,2,limited - 2 probes,,"Steroidogenic factor 1, the master transcription factor switching on STAR and most steroidogenic enzymes and directing adrenal and gonadal development. Coordinate control of the whole system."
3,Steroidogenesis (adrenal & gonadal),SCARB1,scavenger receptor class B member 1,chr12,26,2,limited - 2 probes,,"Scavenger receptor B1, taking up HDL cholesteryl esters selectively and serving as the preferred cholesterol source for steroidogenic cells. Complements LDLR as the second substrate route."
3,Steroidogenesis (adrenal & gonadal),CYP17A1,cytochrome P450 family 17 subfamily A member 1,chr10,13,1,SINGLE PROBE - cannot support a gene-level claim,,"Dual-function enzyme whose 17-alpha-hydroxylase and 17,20-lyase activities determine the split between cortisol and androgen production. The most important branch point between the HPA and sex-steroid outputs."
3,Steroidogenesis (adrenal & gonadal),CYP21A2,cytochrome P450 family 21 subfamily A member 2,chr6,1,1,SINGLE PROBE - cannot support a gene-level claim,,"21-hydroxylase, required for both cortisol and aldosterone; its deficiency causes congenital adrenal hyperplasia with androgen excess. Illustrates how one block redirects the whole pathway."
3,Steroidogenesis (adrenal & gonadal),FDX1,ferredoxin 1,chr11,9,1,SINGLE PROBE - cannot support a gene-level claim,,"Ferredoxin 1, shuttling electrons from FDXR to the mitochondrial P450 enzymes CYP11A1 and CYP11B1/B2. The mitochondrial counterpart to POR."
3,Steroidogenesis (adrenal & gonadal),HMGCR,3-hydroxy-3-methylglutaryl-CoA reductase,chr5,16,1,SINGLE PROBE - cannot support a gene-level claim,,"Rate-limiting enzyme of cholesterol biosynthesis and the statin target, supplying the substrate all steroidogenesis depends on. Upstream of, but limiting for, the entire pathway."
3,Steroidogenesis (adrenal & gonadal),HSD3B1,"hydroxy-delta-5-steroid dehydrogenase, 3 beta- and steroid delta-isomerase 1",chr1,5,1,SINGLE PROBE - cannot support a gene-level claim,,"The placental and peripheral 3-beta-hydroxysteroid dehydrogenase isoform, converting pregnenolone to progesterone. Governs steroid production in the tissues most relevant to pregnancy."
3,Steroidogenesis (adrenal & gonadal),TSPO,translocator protein,chr22,20,1,SINGLE PROBE - cannot support a gene-level claim,,"Translocator protein on the outer mitochondrial membrane, partnering STAR in cholesterol import and widely used as a neuroinflammation marker. Sits at the junction of steroid synthesis and glial activation."
4,Sex steroids: receptors & metabolism,AR,androgen receptor,chrX,41,39,good,X-linked: X-inactivation makes female values a two-allele average - analyse within sex or model sex explicitly,"Ligand-activated transcription factor for testosterone and DHT, and the endpoint of the entire androgen pathway. X-linked, so its CpGs are subject to X-inactivation and must be analysed within sex; the CAG repeat further modulates receptor sensitivity."
4,Sex steroids: receptors & metabolism,ESR1,estrogen receptor 1,chr6,69,22,good,,"Oestrogen receptor alpha, the dominant mediator of oestradiol's genomic effects in reproductive tissue, bone and brain. Its promoter methylation in the medial preoptic area is the canonical mechanism transmitting maternal care across generations."
4,Sex steroids: receptors & metabolism,CYP1A1,cytochrome P450 family 1 subfamily A member 1,chr15,32,10,good,,Hydroxylates oestradiol to the relatively benign 2-hydroxy catechol and is induced by aryl hydrocarbons in tobacco smoke. Connects environmental exposure to oestrogen metabolism.
4,Sex steroids: receptors & metabolism,SRD5A2,steroid 5 alpha-reductase 2,chr2,20,10,good,,"5-alpha-reductase type 2, the prostate and genital isoform responsible for male external differentiation; its deficiency causes 46,XY undervirilisation. The developmentally decisive isoform of the pair."
4,Sex steroids: receptors & metabolism,HSD17B2,hydroxysteroid 17-beta dehydrogenase 2,chr16,14,9,good,,"Performs the reverse oxidation, inactivating oestradiol to oestrone and testosterone to androstenedione. The HSD17B1 to HSD17B2 balance sets local active hormone concentration."
4,Sex steroids: receptors & metabolism,NCOA4,nuclear receptor coactivator 4,chr10,27,9,good,,"Better characterised as the ferritinophagy receptor delivering ferritin for degradation, with a secondary androgen receptor coactivator role. Links iron handling to androgen signalling."
4,Sex steroids: receptors & metabolism,GATA2,GATA binding protein 2,chr3,33,8,good,,"Pioneer factor collaborating with FOXA1 to license androgen receptor binding, acting upstream of receptor recruitment. Part of the chromatin-accessibility layer of steroid signalling."
4,Sex steroids: receptors & metabolism,SHBG,sex hormone binding globulin,chr17,30,8,good,,"Sex hormone binding globulin, carrying testosterone and oestradiol in plasma and determining the free, bioavailable fraction. Total hormone levels are uninterpretable without it."
4,Sex steroids: receptors & metabolism,CYP19A1,cytochrome P450 family 19 subfamily A member 1,chr15,27,7,good,,"Aromatase, converting androgens to oestrogens and so setting the local oestrogen-to-androgen ratio in brain, adipose and placenta. The most important switch in sex-steroid balance, and heavily promoter-regulated in a tissue-specific way."
4,Sex steroids: receptors & metabolism,CYP1B1,cytochrome P450 family 1 subfamily B member 1,chr2,35,7,good,,"Directs oestradiol instead to the 4-hydroxy catechol, which is redox-active and DNA-damaging. The CYP1A1 to CYP1B1 ratio determines whether oestrogen metabolism is benign or genotoxic."
4,Sex steroids: receptors & metabolism,TMPRSS2,transmembrane serine protease 2,chr21,27,7,good,,"Androgen-regulated serine protease, best known for its prostate cancer fusion and as the SARS-CoV-2 entry protease. Its androgen responsiveness is the proposed basis for sex differences in COVID-19 severity."
4,Sex steroids: receptors & metabolism,PGR,progesterone receptor,chr11,30,6,good,,"Progesterone receptor, itself oestrogen-induced, governing uterine function, lactational readiness and progesterone's effects on mood. Its two isoforms arise from distinct promoters, so promoter methylation changes which isoform predominates."
4,Sex steroids: receptors & metabolism,KLK3,kallikrein related peptidase 3,chr19,9,5,adequate,,"Prostate-specific antigen, a canonical androgen receptor target and the standard readout that androgen signalling has occurred. A reporter rather than a regulator."
4,Sex steroids: receptors & metabolism,UGT2B7,UDP glucuronosyltransferase family 2 member B7,chr4,8,5,adequate,,"Glucuronidates androgens and oestrogens for excretion, one of the main terminal clearance routes. Determines how long a steroid signal persists."
4,Sex steroids: receptors & metabolism,AKR1C2,aldo-keto reductase family 1 member C2,chr10,5,4,adequate,,3-alpha-hydroxysteroid dehydrogenase inactivating DHT to androstanediol and generating allopregnanolone. Sits at the junction of androgen clearance and neurosteroid production.
4,Sex steroids: receptors & metabolism,GPER1,G protein-coupled estrogen receptor 1,chr7,26,4,adequate,,"G protein-coupled oestrogen receptor mediating rapid, non-genomic oestradiol signalling through cAMP and calcium. Captures the fast arm of oestrogen action on a timescale transcriptional receptors cannot explain."
4,Sex steroids: receptors & metabolism,HOXB13,homeobox B13,chr17,26,4,adequate,,Prostate-specific homeobox factor that partners the androgen receptor and reprogrammes its binding sites. Determines the tissue identity of the androgen response.
4,Sex steroids: receptors & metabolism,HSD17B1,hydroxysteroid 17-beta dehydrogenase 1,chr17,12,4,adequate,,"Converts oestrone to the far more potent oestradiol, mainly in placenta and granulosa cells. The activating step of the oestrogen branch."
4,Sex steroids: receptors & metabolism,SULT2A1,sulfotransferase family 2A member 1,chr19,10,4,adequate,,"Sulfonates DHEA to DHEA-S, the most abundant circulating steroid and a reservoir for peripheral androgen and oestrogen synthesis. Controls the size of the steroid precursor pool."
4,Sex steroids: receptors & metabolism,NCOA2,nuclear receptor coactivator 2,chr8,26,3,adequate,,"SRC-2, a coactivator with a tissue profile distinct from NCOA1 and a strong role in metabolic and reproductive tissue. Determines which target genes a given receptor actually activates."
4,Sex steroids: receptors & metabolism,AKR1C3,aldo-keto reductase family 1 member C3,chr10,7,2,limited - 2 probes,,"17-beta-hydroxysteroid dehydrogenase type 5, generating testosterone from androstenedione in peripheral tissue independently of the gonads. The main route to extragonadal androgen."
4,Sex steroids: receptors & metabolism,AKR1C4,aldo-keto reductase family 1 member C4,chr10,6,2,limited - 2 probes,,"The liver-specific family member, dominating hepatic bile acid and steroid reduction. Its methylation bears on systemic steroid clearance rather than on local tissue action."
4,Sex steroids: receptors & metabolism,ESR2,estrogen receptor 2,chr14,33,2,limited - 2 probes,,"Oestrogen receptor beta, often opposing ESR1 and enriched in hypothalamus, hippocampus and amygdala. Generally linked to the anxiolytic and social effects of oestradiol rather than to reproductive ones."
4,Sex steroids: receptors & metabolism,FOXA1,forkhead box A1,chr14,20,2,limited - 2 probes,,"Pioneer factor that opens compacted chromatin so androgen and oestrogen receptors can reach their response elements. Its binding is strongly methylation-sensitive, making it a direct route from DNA methylation to hormone responsiveness."
4,Sex steroids: receptors & metabolism,HSD17B3,hydroxysteroid 17-beta dehydrogenase 3,chr9,13,2,limited - 2 probes,,"The testicular enzyme converting androstenedione to testosterone; deficiency causes 46,XY disorders of sex development. The final activating step of testicular androgen synthesis."
4,Sex steroids: receptors & metabolism,HSD17B6,hydroxysteroid 17-beta dehydrogenase 6,chr12,13,2,limited - 2 probes,,"Oxidative enzyme with 3-alpha-hydroxysteroid dehydrogenase activity that back-converts androstanediol to DHT, providing an alternative androgen route. Relevant where classical synthesis is limited."
4,Sex steroids: receptors & metabolism,AKR1D1,aldo-keto reductase family 1 member D1,chr7,10,1,SINGLE PROBE - cannot support a gene-level claim,,"5-beta-reductase, directing steroids down the inactivating 5-beta route instead of the activating 5-alpha route. The metabolic fork determining whether a steroid is potentiated or cleared."
4,Sex steroids: receptors & metabolism,HSD17B12,hydroxysteroid 17-beta dehydrogenase 12,chr11,14,1,SINGLE PROBE - cannot support a gene-level claim,,"Primarily a fatty acid elongase that also generates oestradiol, widely expressed and linking lipid metabolism to oestrogen supply. Its dual role makes methylation effects here ambiguous to interpret."
4,Sex steroids: receptors & metabolism,NCOA1,nuclear receptor coactivator 1,chr2,18,1,SINGLE PROBE - cannot support a gene-level claim,,"Steroid receptor coactivator 1, recruited by ligand-bound steroid receptors to acetylate histones and open chromatin. The bridge between hormone binding and epigenetic change."
4,Sex steroids: receptors & metabolism,NCOA3,nuclear receptor coactivator 3,chr20,31,1,SINGLE PROBE - cannot support a gene-level claim,,"SRC-3, amplified in hormone-dependent cancers and the most growth-promoting family member. Its dosage strongly modulates receptor output."
4,Sex steroids: receptors & metabolism,NRIP1,nuclear receptor interacting protein 1,chr21,16,1,SINGLE PROBE - cannot support a gene-level claim,,"RIP140, a corepressor that dampens nuclear receptor output despite being recruited by the same ligand. Provides the negative control against which the coactivators are read."
4,Sex steroids: receptors & metabolism,SRD5A1,steroid 5 alpha-reductase 1,chr5,16,1,SINGLE PROBE - cannot support a gene-level claim,,"5-alpha-reductase type 1, dominant in liver, skin and brain, converting testosterone to the more potent DHT and progesterone to allopregnanolone. Links the androgen pathway to neurosteroid GABA modulation."
4,Sex steroids: receptors & metabolism,AKR1C1,aldo-keto reductase family 1 member C1,chr10,2,0,NO USABLE PROBE - all filtered out for low variance,,"Reduces progesterone to 20-alpha-hydroxyprogesterone, lowering progestogenic tone. The main progesterone-inactivating enzyme in peripheral tissue."
4,Sex steroids: receptors & metabolism,SRD5A3,steroid 5 alpha-reductase 3,chr4,11,0,NO USABLE PROBE - all filtered out for low variance,,"Third 5-alpha-reductase, acting primarily as a polyprenol reductase in N-glycosylation with weaker steroid activity. Included for completeness of the family rather than for a strong steroid role."
4,Sex steroids: receptors & metabolism,SULT1E1,sulfotransferase family 1E member 1,chr4,1,0,NO USABLE PROBE - all filtered out for low variance,,"Oestrogen sulfotransferase, inactivating oestradiol by sulfonation so it can no longer bind its receptor. The primary off-switch for oestrogen at tissue level."
4,Sex steroids: receptors & metabolism,UGT2B15,UDP glucuronosyltransferase family 2 member B15,chr4,2,0,NO USABLE PROBE - all filtered out for low variance,,"Glucuronidates DHT and androstanediol with high specificity, the main inactivation step for potent androgens. With UGT2B17 it sets androgen half-life."
4,Sex steroids: receptors & metabolism,UGT2B17,UDP glucuronosyltransferase family 2 member B17,NA,0,0,NOT ON ARRAY - no EPIC v2 probe exists,,Androgen-glucuronidating enzyme notable for a common whole-gene deletion with strong ancestry variation. Probes here may reflect copy number rather than methylation and should be interpreted with caution.
5,"HPG axis, puberty & KNDy",DHRS9,dehydrogenase/reductase 9,chr2,21,9,good,,"Retinol dehydrogenase contributing to retinoic acid generation in gonadal tissue, where retinoic acid governs entry into meiosis. Links vitamin A status to germ cell development."
5,"HPG axis, puberty & KNDy",INHA,inhibin subunit alpha,chr2,14,7,good,,"Inhibin alpha subunit, part of the gonadal feedback that specifically suppresses pituitary FSH. Provides selective FSH control independent of LH."
5,"HPG axis, puberty & KNDy",INHBB,inhibin subunit beta B,chr2,16,7,good,,"Beta-B subunit, generating inhibin B, the clinical marker of Sertoli cell function and ovarian reserve. The most directly measurable output of this feedback arm."
5,"HPG axis, puberty & KNDy",AMH,anti-Mullerian hormone,chr19,15,6,good,,"Anti-Mullerian hormone, driving Mullerian regression in male fetal development and serving as the standard ovarian reserve marker in adults. Two quite separate uses of one gene."
5,"HPG axis, puberty & KNDy",DMRT1,doublesex and mab-3 related transcription factor 1,chr9,17,5,adequate,,"Maintains testicular identity after birth by repressing FOXL2, the mirror image of FOXL2's action. Sits at 9p24.3, where deletion causes gonadal dysgenesis."
5,"HPG axis, puberty & KNDy",FSHB,follicle stimulating hormone subunit beta,chr11,7,4,adequate,,"Follicle-stimulating hormone beta subunit, governing follicular growth and spermatogenesis and limiting FSH output. Its transcription responds to slow GnRH pulses, unlike LHB."
5,"HPG axis, puberty & KNDy",FSHR,follicle stimulating hormone receptor,chr2,6,4,adequate,,Granulosa and Sertoli cell FSH receptor controlling follicle recruitment and Sertoli cell number. Sets the ceiling on gamete production.
5,"HPG axis, puberty & KNDy",RSPO1,R-spondin 1,chr1,13,4,adequate,,Amplifies WNT4 signalling; its loss causes female-to-male sex reversal. The dose-setting partner of the ovarian pathway.
5,"HPG axis, puberty & KNDy",SOX9,SRY-box transcription factor 9,chr17,18,4,adequate,,"The effector of SRY, sufficient to drive testis formation even without SRY and central to chondrogenesis as well. The convergence point of male sex determination."
5,"HPG axis, puberty & KNDy",WNT4,Wnt family member 4,chr1,16,4,adequate,,Ovarian pathway gene opposing testis development and required for Mullerian duct formation. One half of the antagonistic pair with the SOX9 route.
5,"HPG axis, puberty & KNDy",INHBA,inhibin subunit beta A,chr7,14,3,adequate,,"Beta-A subunit, forming inhibin A with INHA but activin A when dimerised with itself, so one gene yields opposing signals. Its methylation effects depend entirely on partner availability."
5,"HPG axis, puberty & KNDy",CGA,"glycoprotein hormones, alpha polypeptide",chr6,7,2,limited - 2 probes,,"The common alpha subunit shared by LH, FSH, TSH and hCG. Because it is shared, its methylation could shift several endocrine axes at once."
5,"HPG axis, puberty & KNDy",FOXL2,forkhead box L2,chr3,19,2,limited - 2 probes,,"The ovarian determination factor actively repressing SOX9 throughout life; its loss makes adult granulosa cells transdifferentiate towards Sertoli cells. Shows gonadal identity is actively maintained, not merely established."
5,"HPG axis, puberty & KNDy",INSL3,insulin like 3,chr19,9,2,limited - 2 probes,,"Leydig cell peptide directing the transabdominal phase of testicular descent and serving as a constitutive marker of Leydig function. Less pulsatile than testosterone, so a steadier readout."
5,"HPG axis, puberty & KNDy",TACR3,tachykinin receptor 3,chr4,14,2,limited - 2 probes,,The neurokinin B receptor completing the autocrine KNDy loop; its loss produces the same pubertal failure as loss of TAC3. Confirms the pathway is obligatory rather than modulatory.
5,"HPG axis, puberty & KNDy",GNRH1,gonadotropin releasing hormone 1,chr8,9,1,SINGLE PROBE - cannot support a gene-level claim,,"Gonadotropin-releasing hormone, released in pulses from hypothalamic neurons to drive the entire reproductive axis. Pulse frequency, not total amount, determines whether LH or FSH predominates."
5,"HPG axis, puberty & KNDy",KISS1,KiSS-1 metastasis suppressor,chr1,9,1,SINGLE PROBE - cannot support a gene-level claim,,"Kisspeptin, the obligate upstream trigger of GnRH release and the gatekeeper of puberty onset. Its promoter methylation shifts across the pubertal transition, making it a rare developmentally dynamic target."
5,"HPG axis, puberty & KNDy",LIN28B,lin-28 RNA binding posttranscriptional regulator B,chr6,10,1,SINGLE PROBE - cannot support a gene-level claim,,"RNA-binding protein blocking let-7 microRNA maturation, and the strongest common-variant locus for age at menarche. A rare case where a GWAS hit has a clean mechanism."
5,"HPG axis, puberty & KNDy",RXFP2,relaxin family peptide receptor 2,chr13,6,1,SINGLE PROBE - cannot support a gene-level claim,,The INSL3 receptor; its loss causes cryptorchidism. Completes the descent-signalling pair with INSL3.
5,"HPG axis, puberty & KNDy",AMHR2,anti-Mullerian hormone receptor type 2,chr12,7,0,NO USABLE PROBE - all filtered out for low variance,,The AMH receptor; its loss produces persistent Mullerian duct syndrome in genetic males despite normal testosterone. Demonstrates that the two arms of male differentiation are separable.
5,"HPG axis, puberty & KNDy",GNRHR,gonadotropin releasing hormone receptor,chr4,5,0,NO USABLE PROBE - all filtered out for low variance,,"The pituitary GnRH receptor, whose density is itself GnRH-regulated, producing the self-priming that underlies the LH surge. The gain control of the axis."
5,"HPG axis, puberty & KNDy",KISS1R,KISS1 receptor,chr19,12,0,NO USABLE PROBE - all filtered out for low variance,,The kisspeptin receptor on GnRH neurons; loss of function causes normosmic hypogonadotropic hypogonadism and absent puberty. The single obligatory relay from kisspeptin to GnRH.
5,"HPG axis, puberty & KNDy",LHB,luteinizing hormone subunit beta,chr19,6,0,NO USABLE PROBE - all filtered out for low variance,,"The luteinising hormone beta subunit, conferring specificity on the shared glycoprotein alpha chain and driving ovulation and testicular testosterone. The subunit that makes LH distinct."
5,"HPG axis, puberty & KNDy",LHCGR,luteinizing hormone/choriogonadotropin receptor,chr2,10,0,NO USABLE PROBE - all filtered out for low variance,,"Gonadal receptor for LH and hCG, driving ovulation, luteinisation and Leydig cell testosterone. The point at which a pituitary signal becomes gonadal steroid output."
5,"HPG axis, puberty & KNDy",SRY,sex determining region Y,NA,0,0,NOT ON ARRAY - no EPIC v2 probe exists,,"The Y-linked testis-determining factor initiating male gonadal development through SOX9. Present only in males, so it must be analysed within sex or excluded outright."
5,"HPG axis, puberty & KNDy",TAC3,tachykinin precursor 3,chr12,6,0,NO USABLE PROBE - all filtered out for low variance,,"Neurokinin B, one of the three KNDy neuron peptides, providing the stimulatory drive that sets GnRH pulse frequency. Mutations delay or abolish puberty."
6,Libido & sexual function,NOS3,nitric oxide synthase 3,chr7,25,11,good,,"Endothelial nitric oxide synthase, the source of the NO that drives corpus cavernosum vasodilation and genital blood flow. The initiating enzyme of the physiological arousal response."
6,Libido & sexual function,PRLR,prolactin receptor,chr5,23,11,good,,"The prolactin receptor, signalling through JAK2 and STAT5 in mammary tissue and hypothalamus. Determines sensitivity to a hormone whose levels vary enormously across the peripartum period."
6,Libido & sexual function,GALR1,galanin receptor 1,chr18,34,6,good,,"Gi-coupled galanin receptor mediating the inhibitory, sedative and anxiolytic effects of galanin. The dampening arm of galanin signalling."
6,Libido & sexual function,GUCY1B1,guanylate cyclase 1 soluble subunit beta 1,chr4,13,6,good,,Beta subunit carrying the haem group that actually binds NO; the enzyme is non-functional without it. The NO-sensing half of the heterodimer.
6,Libido & sexual function,GALR3,galanin receptor 3,chr22,13,3,adequate,,Gi-coupled galanin receptor concentrated in limbic regions and pursued as an antidepressant and anxiolytic target. The least characterised of the three.
6,Libido & sexual function,NOS2,nitric oxide synthase 2,chr17,17,3,adequate,,"Inducible nitric oxide synthase, producing sustained high-output NO during inflammation rather than the pulsatile NO of arousal. Its activity signals an inflammatory rather than a signalling context."
6,Libido & sexual function,PRKG1,protein kinase cGMP-dependent 1,chr10,31,3,adequate,,"cGMP-dependent protein kinase, the effector that lowers intracellular calcium and relaxes smooth muscle. Where the cGMP signal becomes mechanical change."
6,Libido & sexual function,GAL,galanin and GMAP prepropeptide,chr11,13,2,limited - 2 probes,,"Galanin, co-released with noradrenaline and serotonin and a facilitator of male sexual reflexes in animal models, while broadly inhibitory of arousal systems. Its role is therefore state-dependent rather than fixed."
6,Libido & sexual function,GUCY1A1,guanylate cyclase 1 soluble subunit alpha 1,chr4,25,2,limited - 2 probes,,"Alpha subunit of soluble guanylate cyclase, the NO receptor that converts GTP to cGMP. The obligatory transducer between NO and smooth muscle relaxation."
6,Libido & sexual function,PDE5A,phosphodiesterase 5A,chr4,23,2,limited - 2 probes,,"Phosphodiesterase 5, degrading cGMP and terminating the relaxation response; the target of sildenafil. The best-validated pharmacological node in this system."
6,Libido & sexual function,PRL,prolactin,chr6,10,2,limited - 2 probes,,"Prolactin, driving lactation and, after orgasm, mediating the refractory period by suppressing dopaminergic drive. Chronically elevated levels are a common cause of reduced libido."
6,Libido & sexual function,PTGER3,prostaglandin E receptor 3,chr1,13,2,limited - 2 probes,,"The EP3 prostaglandin receptor, Gi-coupled and generally contractile, opposing the relaxant EP2 and EP4 receptors. Provides the counter-regulatory prostaglandin signal."
6,Libido & sexual function,GALR2,galanin receptor 2,chr17,9,1,SINGLE PROBE - cannot support a gene-level claim,,"Gq-coupled galanin receptor with excitatory and trophic effects, generally opposing GALR1. Receptor subtype, not ligand, determines the direction of the effect."
6,Libido & sexual function,PTGES,prostaglandin E synthase,chr9,8,1,SINGLE PROBE - cannot support a gene-level claim,,"Prostaglandin E synthase, generating PGE1 and PGE2, which produce erection independently of the NO pathway. The basis of alprostadil therapy where NO signalling fails."
6,Libido & sexual function,ARG1,arginase 1,chr6,5,0,NO USABLE PROBE - all filtered out for low variance,,"Arginase 1, competing with nitric oxide synthase for their shared arginine substrate and so limiting NO production. Substrate competition is a genuine control point here, not a side reaction."
6,Libido & sexual function,ARG2,arginase 2,chr14,12,0,NO USABLE PROBE - all filtered out for low variance,,"The mitochondrial arginase isoform and the one predominantly expressed in genital tissue, making it the main local competitor with NOS3. Directly constrains arousal-related NO output."
6,Libido & sexual function,OR7D4,olfactory receptor family 7 subfamily D member 4,NA,0,0,NOT ON ARRAY - no EPIC v2 probe exists,,"Olfactory receptor for androstenone, whose common functional variants determine whether that steroid smells unpleasant, faintly sweet or of nothing at all. A rare demonstrated genetic basis for individual differences in body-odour perception."
7,"Pregnancy, parturition & lactation",PGF,placental growth factor,chr14,20,7,good,,"Placental growth factor, promoting placental vascular development; low maternal levels precede pre-eclampsia and now guide clinical triage. Directly relevant to placental insufficiency phenotypes."
7,"Pregnancy, parturition & lactation",PTGFR,prostaglandin F receptor,chr1,12,4,adequate,,The PGF2-alpha receptor triggering myometrial contraction and luteolysis; its ablation prevents labour onset in mice. The most direct receptor-level control of parturition timing.
7,"Pregnancy, parturition & lactation",RXFP1,relaxin family peptide receptor 1,chr4,12,4,adequate,,The relaxin receptor mediating cervical ripening and maternal vascular adaptation. The single obligatory relay for relaxin's effects.
7,"Pregnancy, parturition & lactation",FLT1,fms related receptor tyrosine kinase 1,chr13,34,3,adequate,,"VEGF receptor 1, whose soluble form sFlt-1 sequesters PGF and VEGF and is the central mediator of pre-eclampsia. The sFlt-1 to PGF ratio is the standard clinical index."
7,"Pregnancy, parturition & lactation",PTGS2,prostaglandin-endoperoxide synthase 2,chr1,16,3,adequate,,"COX-2, the inducible cyclooxygenase generating the prostaglandins that ripen the cervix and drive myometrial contraction. The principal enzymatic driver of labour onset and a leading preterm birth candidate."
7,"Pregnancy, parturition & lactation",VEGFA,vascular endothelial growth factor A,chr6,49,3,adequate,,"Vascular endothelial growth factor A, driving the angiogenesis that establishes placental perfusion. Its effective availability is set by how much FLT1 sequesters."
7,"Pregnancy, parturition & lactation",CSH1,chorionic somatomammotropin hormone 1,chr17,2,2,limited - 2 probes,,"Placental lactogen, secreted into maternal circulation to induce insulin resistance and redirect glucose to the fetus. A deliberate maternal metabolic sacrifice, and the basis of gestational diabetes."
7,"Pregnancy, parturition & lactation",RLN2,relaxin 2,chr9,3,2,limited - 2 probes,,"The main circulating relaxin, remodelling collagen in the pelvic ligaments and cervix and driving the systemic vasodilation of early pregnancy. The functional relaxin in humans."
7,"Pregnancy, parturition & lactation",RLN1,relaxin 1,chr9,1,1,SINGLE PROBE - cannot support a gene-level claim,,"Relaxin 1, a primate-specific paralogue expressed mainly in prostate and of uncertain role in pregnancy. Included alongside RLN2 because the two cannot be assumed equivalent."
7,"Pregnancy, parturition & lactation",GH2,growth hormone 2,chr17,2,0,NO USABLE PROBE - all filtered out for low variance,,"Placental growth hormone, progressively replacing maternal pituitary GH across gestation and driving maternal IGF-1. The main determinant of maternal metabolic adaptation in late pregnancy."
8,Dopamine,PPP1R1B,protein phosphatase 1 regulatory inhibitor subunit 1B,chr17,30,17,good,,"DARPP-32, the convergence point where D1 and D2 signals are integrated. PKA-phosphorylated DARPP-32 inhibits protein phosphatase 1, which prevents its own dephosphorylation, so this too is a positive feedback loop that amplifies and prolongs a brief dopamine signal."
8,Dopamine,ADORA2A,adenosine A2a receptor,chr22,36,15,good,,"Adenosine A2A receptor, forming heteromers with DRD2 and antagonising it directly; the other main caffeine target. The tightest known molecular coupling between adenosine and dopamine."
8,Dopamine,COMT,catechol-O-methyltransferase,chr22,44,15,good,,"Catechol-O-methyltransferase, degrading dopamine and dominating prefrontal clearance where the transporter is sparse. The Val158Met polymorphism yields a well-replicated prefrontal cognition effect, and the locus sits inside the 22q11 deletion region."
8,Dopamine,NR4A2,nuclear receptor subfamily 4 group A member 2,chr2,29,14,good,,"NURR1, the transcription factor required to specify and then maintain midbrain dopamine neurons. Its loss causes progressive dopaminergic degeneration, making it a survival factor as well as a developmental one."
8,Dopamine,FOXA2,forkhead box A2,chr20,19,9,good,,"Pioneer factor for midbrain dopaminergic differentiation, acting upstream of NR4A2 and PITX3. The earliest step in the specification cascade."
8,Dopamine,SLC6A3,solute carrier family 6 member 3,chr5,22,8,good,,"The dopamine transporter clearing dopamine from the synapse, and the target of methylphenidate and cocaine. It sets the duration of every dopamine signal, so its methylation has system-wide consequences."
8,Dopamine,ANKK1,ankyrin repeat and kinase domain containing 1,chr11,17,7,good,,Kinase adjacent to DRD2 and carrying the TaqIA polymorphism long misattributed to DRD2 itself. Its methylation is best read as a proxy for the DRD2 locus rather than as an independent signal.
8,Dopamine,GNAL,G protein subunit alpha L,chr18,49,7,good,,"The Golf alpha subunit coupling D1 receptors to adenylyl cyclase in striatum, where Gs itself is largely absent. Mutations cause dystonia, showing it is not redundant with Gs."
8,Dopamine,ADORA1,adenosine A1 receptor,chr1,17,6,good,,"Adenosine A1 receptor, inhibitory and broadly opposing dopaminergic arousal; a principal target of caffeine. Links accumulated sleep pressure to dopamine function."
8,Dopamine,DRD1,dopamine receptor D1,chr5,17,5,adequate,,"The main excitatory Gs-coupled dopamine receptor, defining the striatal direct pathway that promotes action initiation. The go side of basal ganglia control."
8,Dopamine,DRD3,dopamine receptor D3,chr3,11,3,adequate,,"D2-like receptor concentrated in limbic rather than dorsal striatum, biasing it towards motivational rather than motor function. The affective member of the D2 family."
8,Dopamine,DRD4,dopamine receptor D4,chr11,10,3,adequate,,"Receptor carrying the well-known exon 3 VNTR whose 7-repeat allele is associated with novelty seeking and ADHD. Probes here may be affected by the repeat, so interpret with care."
8,Dopamine,GPR88,G protein-coupled receptor 88,chr1,16,2,limited - 2 probes,,Orphan striatal receptor tuning both D1 and D2 pathway output; its loss produces hyperactivity and impaired motor learning. A striatum-specific modulator with no known ligand.
8,Dopamine,PDE10A,phosphodiesterase 10A,chr6,46,2,limited - 2 probes,,Striatum-enriched phosphodiesterase degrading both cAMP and cGMP and so setting the gain of dopamine signalling. An active drug target in psychosis.
8,Dopamine,RGS9,regulator of G protein signaling 9,chr17,10,2,limited - 2 probes,,"Regulator of G protein signalling concentrated in striatum, accelerating termination of dopamine receptor signalling. Determines how sharply a dopamine signal ends."
8,Dopamine,CALY,calcyon neuron specific vesicular protein,chr10,11,1,SINGLE PROBE - cannot support a gene-level claim,,Neuron-specific protein regulating D1 receptor internalisation and therefore surface availability. Controls receptor trafficking rather than signalling itself.
8,Dopamine,DRD2,dopamine receptor D2,chr11,18,1,SINGLE PROBE - cannot support a gene-level claim,,"Gi-coupled receptor of the indirect pathway and target of every antipsychotic; as a presynaptic autoreceptor it provides negative feedback on release, opposing the positive feedback loop acting downstream at DARPP-32. Striatal availability is the most studied correlate of reward sensitivity and addiction risk."
8,Dopamine,DRD5,dopamine receptor D5,chr4,5,1,SINGLE PROBE - cannot support a gene-level claim,,"D1-like receptor with higher dopamine affinity than DRD1 but far lower expression, contributing tonic rather than phasic signalling. The low-abundance counterpart to DRD1."
8,Dopamine,PITX3,paired like homeodomain 3,chr10,13,0,NO USABLE PROBE - all filtered out for low variance,,Homeobox factor acting with NR4A2 to specify substantia nigra dopamine neurons in particular. Determines which dopamine population develops.
9,Serotonin,HTR2C,5-hydroxytryptamine receptor 2C,chrX,14,14,good,X-linked: X-inactivation makes female values a two-allele average - analyse within sex or model sex explicitly,"Gq-coupled receptor uniquely subject to RNA editing, which generates isoforms of differing efficacy; regulates appetite and is implicated in antipsychotic weight gain. Transcript sequence here varies independently of DNA."
9,Serotonin,HTR5A,5-hydroxytryptamine receptor 5A,chr7,20,12,good,,"Gi-coupled receptor with poorly resolved function, implicated in circadian regulation and exploratory behaviour. Sparse literature relative to the rest of the family."
9,Serotonin,DEAF1,DEAF1 transcription factor,chr11,48,11,good,,"Transcription factor repressing presynaptic HTR1A while permitting postsynaptic expression, so it sets autoreceptor tone. A single factor controlling the feedback gain of the whole system."
9,Serotonin,HTR3A,5-hydroxytryptamine receptor 3A,chr11,15,8,good,,"The only ionotropic serotonin receptor, a ligand-gated cation channel mediating fast transmission and the antiemetic target of ondansetron. Fast synaptic action rather than modulation."
9,Serotonin,HTR2A,5-hydroxytryptamine receptor 2A,chr13,23,6,good,,"The principal excitatory Gq-coupled serotonin receptor in cortex, mediating psychedelic effects and targeted by atypical antipsychotics. Its methylation is widely studied in psychosis and in childhood adversity."
9,Serotonin,HTR3D,5-hydroxytryptamine receptor 3D,chr3,13,6,good,,"Accessory subunit of the human-specific HTR3C-D-E cluster, expressed at low levels and mainly peripherally. Included for completeness of the locus."
9,Serotonin,HTR6,5-hydroxytryptamine receptor 6,chr1,20,6,good,,"Gs-coupled receptor almost exclusive to the CNS and especially striatum, pursued as a cognition target. Its near-total CNS restriction makes peripheral measurement hard to interpret."
9,Serotonin,TPH2,tryptophan hydroxylase 2,chr12,11,6,good,,"The neuronal isoform and rate-limiting enzyme for all brain serotonin, restricted to the raphe nuclei. The gene that sets central serotonergic capacity."
9,Serotonin,GATA3,GATA binding protein 3,chr10,55,4,adequate,,"Required for serotonergic differentiation in the caudal raphe specifically, giving the programme regional specificity. Determines which raphe subgroups form."
9,Serotonin,HTR3B,5-hydroxytryptamine receptor 3B,chr11,14,4,adequate,,Subunit that combines with HTR3A to raise channel conductance; it cannot form functional channels alone. Modifies the response rather than mediating it.
9,Serotonin,HTR4,5-hydroxytryptamine receptor 4,chr5,21,4,adequate,,"Gs-coupled receptor promoting cAMP signalling, gut motility and hippocampal plasticity, with rapid antidepressant-like effects in animals. One of the few facilitatory serotonin receptors."
9,Serotonin,NKX2-2,NK2 homeobox 2,chr20,19,4,adequate,,Homeobox factor specifying the ventral neural progenitor domain from which serotonergic neurons arise. Acts earlier than FEV in the same cascade.
9,Serotonin,CC2D1A,coiled-coil and C2 domain containing 1A,chr19,18,3,adequate,,"Freud-1, a repressor of HTR1A transcription; its mutation causes autosomal recessive intellectual disability. Links serotonergic regulation to neurodevelopmental outcome."
9,Serotonin,HTR1B,5-hydroxytryptamine receptor 1B,chr6,19,3,adequate,,"Gi-coupled terminal autoreceptor limiting serotonin release, and postsynaptically linked to aggression and impulsivity. Acts at the axon terminal where HTR1A acts at the cell body."
9,Serotonin,HTR1D,5-hydroxytryptamine receptor 1D,chr1,11,3,adequate,,Gi-coupled receptor mediating cranial vasoconstriction and the target of triptans in migraine. Peripheral and vascular rather than behavioural in its principal role.
9,Serotonin,HTR1E,5-hydroxytryptamine receptor 1E,chr6,17,3,adequate,,"Gi-coupled receptor present in human cortex and hippocampus but absent in rodents, and therefore poorly characterised. Its absence from animal models is itself the argument for measuring it in humans."
9,Serotonin,HTR2B,5-hydroxytryptamine receptor 2B,chr2,8,3,adequate,,"Gq-coupled receptor mediating cardiac valve growth, the basis of fenfluramine withdrawal; a stop-codon variant segregates with severe impulsivity in a Finnish pedigree. Peripheral toxicity and behaviour in one gene."
9,Serotonin,FEV,"FEV transcription factor, ETS family member",chr2,13,2,limited - 2 probes,,"PET-1, the terminal selector transcription factor that makes a neuron serotonergic and then maintains that identity. Its loss removes most serotonergic neurons."
9,Serotonin,HTR1F,5-hydroxytryptamine receptor 1F,chr3,11,2,limited - 2 probes,,Gi-coupled receptor targeted by lasmiditan to treat migraine without vasoconstriction. Distinguishes the neural from the vascular arm of migraine mechanism.
9,Serotonin,HTR3E,5-hydroxytryptamine receptor 3E,chr3,16,2,limited - 2 probes,,"Accessory subunit with gut-restricted expression, associated with irritable bowel syndrome in women. The most clearly phenotype-linked of the accessory subunits."
9,Serotonin,INSM1,INSM transcriptional repressor 1,chr20,15,2,limited - 2 probes,,Zinc finger factor driving the transition from progenitor to differentiated neuroendocrine and serotonergic cell. The commitment step of the cascade.
9,Serotonin,HTR1A,5-hydroxytryptamine receptor 1A,chr5,27,1,SINGLE PROBE - cannot support a gene-level claim,,Gi-coupled receptor acting as the somatodendritic autoreceptor on raphe neurons and as a postsynaptic receptor in hippocampus and cortex. Its C(-1019)G promoter variant and methylation are among the most studied markers in depression and SSRI response.
9,Serotonin,HTR3C,5-hydroxytryptamine receptor 3C,chr3,7,1,SINGLE PROBE - cannot support a gene-level claim,,"Accessory subunit absent in rodents and expressed mainly in gut, modulating channel properties. Part of the human-specific expansion of this family."
9,Serotonin,HTR7,5-hydroxytryptamine receptor 7,chr10,12,1,SINGLE PROBE - cannot support a gene-level claim,,"Gs-coupled receptor regulating circadian rhythm, thermoregulation and REM sleep, with high affinity for many antidepressants. The main serotonergic input to the circadian system."
9,Serotonin,LMX1B,LIM homeobox transcription factor 1 beta,chr9,17,1,SINGLE PROBE - cannot support a gene-level claim,,"Transcription factor acting with FEV to specify raphe serotonergic neurons, and separately required for limb and kidney development. Sits upstream of serotonergic identity."
9,Serotonin,TPH1,tryptophan hydroxylase 1,chr11,5,1,SINGLE PROBE - cannot support a gene-level claim,,"Tryptophan hydroxylase 1, rate-limiting for peripheral serotonin in gut enterochromaffin cells and pineal gland. Governs the roughly 95 percent of body serotonin that is not in brain."
9,Serotonin,SLC6A4,solute carrier family 6 member 4,chr17,13,0,NO USABLE PROBE - all filtered out for low variance,,"The serotonin transporter, target of every SSRI and site of the 5-HTTLPR polymorphism at the centre of gene-environment interaction research. Its promoter methylation is among the most replicated findings in the stress and depression literature."
10,Noradrenaline & sympathetic nervous system,CHGA,chromogranin A,chr14,18,11,good,,"Chromogranin A, the main protein of catecholamine storage vesicles and precursor of catestatin, which inhibits catecholamine release. Both a structural and a regulatory component of secretion."
10,Noradrenaline & sympathetic nervous system,ADRB3,adrenoceptor beta 3,chr8,18,8,good,,Beta receptor on adipose tissue driving lipolysis and thermogenesis. The metabolic arm of sympathetic signalling.
10,Noradrenaline & sympathetic nervous system,ADRA1A,adrenoceptor alpha 1A,chr8,26,6,good,,"Gq-coupled alpha-1 receptor driving vascular smooth muscle contraction and, in cortex, impairing working memory when noradrenaline is high. The receptor engaged when stress exceeds the optimal range."
10,Noradrenaline & sympathetic nervous system,SLC6A2,solute carrier family 6 member 2,chr16,34,6,good,,"The noradrenaline transporter clearing synaptic noradrenaline and the target of reboxetine and atomoxetine. In prefrontal cortex it also clears dopamine, so its effects are not noradrenaline-specific."
10,Noradrenaline & sympathetic nervous system,ADRA2C,adrenoceptor alpha 2C,chr4,11,5,adequate,,"Alpha-2 subtype operating at low noradrenaline concentrations, providing tonic rather than phasic feedback inhibition. Sets baseline rather than peak control."
10,Noradrenaline & sympathetic nervous system,ADRA2A,adrenoceptor alpha 2A,chr10,17,4,adequate,,"Gi-coupled presynaptic autoreceptor limiting noradrenaline release, and the prefrontal receptor whose activation by guanfacine improves working memory. Both the brake on release and the therapeutic target."
10,Noradrenaline & sympathetic nervous system,NPY1R,neuropeptide Y receptor Y1,chr4,19,4,adequate,,The receptor mediating NPY's anxiolytic and vasoconstrictor effects. The main behavioural target of the peptide.
10,Noradrenaline & sympathetic nervous system,SLC18A1,solute carrier family 18 member A1,chr8,9,4,adequate,,"Vesicular monoamine transporter 1, loading catecholamines into granules in neuroendocrine cells. The peripheral counterpart to the neuronal SLC18A2."
10,Noradrenaline & sympathetic nervous system,ADRB1,adrenoceptor beta 1,chr10,15,3,adequate,,"The dominant cardiac beta receptor driving heart rate and contractility, and the main target of beta blockers. The principal effector of sympathetic cardiac drive."
10,Noradrenaline & sympathetic nervous system,CHGB,chromogranin B,chr20,13,3,adequate,,"Chromogranin B, driving secretory granule biogenesis and sorting peptides into the regulated release pathway. Determines how much can be stored for release."
10,Noradrenaline & sympathetic nervous system,DBH,dopamine beta-hydroxylase,chr9,15,3,adequate,,"Dopamine beta-hydroxylase, converting dopamine to noradrenaline and so forming the branch point between the two systems. Its promoter variants explain an unusually large share of enzyme activity."
10,Noradrenaline & sympathetic nervous system,ADRA1B,adrenoceptor alpha 1B,chr5,12,2,limited - 2 probes,,Alpha-1 subtype prominent in liver and heart and contributing to the pressor response. Functionally overlaps ADRA1A but with a different tissue distribution.
10,Noradrenaline & sympathetic nervous system,ADRA1D,adrenoceptor alpha 1D,chr20,11,2,limited - 2 probes,,"Alpha-1 subtype enriched in aorta and bladder, contributing to vascular tone and urinary function. The most peripherally restricted of the three."
10,Noradrenaline & sympathetic nervous system,ADRA2B,adrenoceptor alpha 2B,chr2,17,2,limited - 2 probes,,Alpha-2 subtype mediating peripheral vasoconstriction; a common deletion variant is associated with enhanced emotional memory. One of the clearer behavioural pharmacogenetic findings.
10,Noradrenaline & sympathetic nervous system,ADRB2,adrenoceptor beta 2,chr5,12,2,limited - 2 probes,,"Beta receptor on bronchial and vascular smooth muscle and on immune cells, where it mediates catecholamine suppression of inflammation. The molecular link between sympathetic tone and immune function."
10,Noradrenaline & sympathetic nervous system,NPY5R,neuropeptide Y receptor Y5,chr4,12,2,limited - 2 probes,,"Receptor mediating NPY's appetite-stimulating effects, linking sympathetic signalling to feeding. The metabolic arm of NPY action."
10,Noradrenaline & sympathetic nervous system,PNMT,phenylethanolamine N-methyltransferase,chr17,16,2,limited - 2 probes,,"Phenylethanolamine N-methyltransferase, converting noradrenaline to adrenaline in the adrenal medulla and induced by glucocorticoids. A direct molecular junction between the HPA axis and the sympathetic system."
10,Noradrenaline & sympathetic nervous system,NPY,neuropeptide Y,chr7,13,1,SINGLE PROBE - cannot support a gene-level claim,,"Neuropeptide Y, co-released with noradrenaline under intense sympathetic activation and acting as a stress-resilience and anxiolytic factor. Its release marks high-intensity rather than routine activation."
10,Noradrenaline & sympathetic nervous system,PHOX2B,paired like homeobox 2B,chr4,17,1,SINGLE PROBE - cannot support a gene-level claim,,The master transcription factor specifying noradrenergic identity throughout the sympathetic system; mutations cause congenital central hypoventilation syndrome. Determines whether a cell is noradrenergic at all.
10,Noradrenaline & sympathetic nervous system,NPY2R,neuropeptide Y receptor Y2,chr4,14,0,NO USABLE PROBE - all filtered out for low variance,,"Presynaptic autoreceptor limiting further NPY and noradrenaline release, generally opposing NPY1R behaviourally. Provides negative feedback on the peptide's own release."
11,"Monoamine synthesis, transport & degradation",MAOA,monoamine oxidase A,chrX,15,14,good,X-linked: X-inactivation makes female values a two-allele average - analyse within sex or model sex explicitly,"Monoamine oxidase A, degrading serotonin and noradrenaline preferentially; the Brunner syndrome gene and the subject of the Caspi maltreatment interaction. X-linked, so its CpGs are subject to X-inactivation and must be analysed within sex."
11,"Monoamine synthesis, transport & degradation",DDC,dopa decarboxylase,chr7,27,10,good,,"Aromatic L-amino acid decarboxylase, producing both dopamine and serotonin from their hydroxylated precursors. The one enzyme shared by the catecholamine and indoleamine branches."
11,"Monoamine synthesis, transport & degradation",MAOB,monoamine oxidase B,chrX,8,6,good,X-linked: X-inactivation makes female values a two-allele average - analyse within sex or model sex explicitly,"Monoamine oxidase B, degrading dopamine and phenylethylamine and the target of selegiline in Parkinson disease. Also X-linked and immediately adjacent to MAOA."
11,"Monoamine synthesis, transport & degradation",SLC18A2,solute carrier family 18 member A2,chr10,8,5,adequate,,"Vesicular monoamine transporter 2, packaging all monoamines into synaptic vesicles and the target of tetrabenazine. Without it, cytosolic monoamines are degraded rather than released."
11,"Monoamine synthesis, transport & degradation",TH,tyrosine hydroxylase,chr11,17,5,adequate,,"Tyrosine hydroxylase, the rate-limiting enzyme for dopamine, noradrenaline and adrenaline alike. A single control point for the entire catecholamine output of the body."
11,"Monoamine synthesis, transport & degradation",ALDH2,aldehyde dehydrogenase 2 family member,chr12,18,2,limited - 2 probes,,"Aldehyde dehydrogenase 2, clearing the reactive aldehydes produced by monoamine oxidation as well as acetaldehyde from alcohol. Its common East Asian inactivating variant makes it a strong gene-environment candidate."
11,"Monoamine synthesis, transport & degradation",PTS,6-pyruvoyltetrahydropterin synthase,chr11,10,2,limited - 2 probes,,"6-pyruvoyltetrahydropterin synthase, the second step of BH4 synthesis; its deficiency causes atypical phenylketonuria with monoamine depletion. Shows that cofactor supply, not enzyme abundance, can be limiting."
11,"Monoamine synthesis, transport & degradation",QDPR,quinoid dihydropteridine reductase,chr4,10,2,limited - 2 probes,,"Dihydropteridine reductase, regenerating BH4 after each hydroxylation. Recycling capacity matters more than synthesis for sustained monoamine production."
11,"Monoamine synthesis, transport & degradation",SPR,sepiapterin reductase,chr2,14,2,limited - 2 probes,,"Sepiapterin reductase, completing BH4 synthesis; its deficiency produces dopa-responsive dystonia. The final step of the cofactor pathway."
11,"Monoamine synthesis, transport & degradation",GCH1,GTP cyclohydrolase 1,chr14,11,1,SINGLE PROBE - cannot support a gene-level claim,,"GTP cyclohydrolase 1, rate-limiting for tetrahydrobiopterin, the obligatory cofactor for TH, TPH and NOS. A single gene simultaneously limiting dopamine, serotonin and nitric oxide production."
11,"Monoamine synthesis, transport & degradation",SLC22A3,solute carrier family 22 member 3,chr6,7,1,SINGLE PROBE - cannot support a gene-level claim,,"Organic cation transporter 3, a low-affinity high-capacity route clearing monoamines where the specific transporters are sparse. Matters most precisely when the classical transporters are saturated or blocked."
11,"Monoamine synthesis, transport & degradation",DHFR,dihydrofolate reductase,chr5,10,0,NO USABLE PROBE - all filtered out for low variance,,"Dihydrofolate reductase, contributing to BH4 salvage as well as folate metabolism, which places it in this system and in one-carbon metabolism at once. A genuine point of overlap between the two."
11,"Monoamine synthesis, transport & degradation",SLC29A4,solute carrier family 29 member 4,chr7,3,0,NO USABLE PROBE - all filtered out for low variance,,"Plasma membrane monoamine transporter, a second corticosterone-sensitive uptake-2 route operating at high monoamine concentrations. Complements SLC22A3 as a backup clearance system."
12,Opioid & melanocortin,PDYN,prodynorphin,chr20,15,11,good,,"Prodynorphin, precursor of the kappa agonists released under sustained stress and producing dysphoria. The molecular basis of the aversive arm of the opioid system."
12,Opioid & melanocortin,OPRM1,opioid receptor mu 1,chr6,32,10,good,,"The mu opioid receptor, mediating analgesia, reward and social attachment and the target of morphine and naltrexone. Its role in maternal-infant bonding makes it a core attachment gene, not only an addiction one."
12,Opioid & melanocortin,OPRD1,opioid receptor delta 1,chr1,20,7,good,,"The delta opioid receptor, associated more with mood regulation and anxiolysis than with analgesia. Provides the affective rather than nociceptive arm of opioid signalling."
12,Opioid & melanocortin,PNOC,prepronociceptin,chr8,16,7,good,,"Prepronociceptin, precursor of the OPRL1 ligand nociceptin. Completes the fourth, non-classical opioid ligand-receptor pair."
12,Opioid & melanocortin,PENK,proenkephalin,chr8,25,6,good,,"Proenkephalin, precursor of the enkephalins that preferentially activate delta and mu receptors. The tonic, low-intensity opioid ligand pool."
12,Opioid & melanocortin,OPRL1,opioid related nociceptin receptor 1,chr20,28,4,adequate,,"The nociceptin receptor, a fourth family member not activated by classical opioids, modulating stress and anxiety. Independent of the morphine-sensitive system despite the structural similarity."
12,Opioid & melanocortin,MME,membrane metalloendopeptidase,chr3,26,2,limited - 2 probes,,"Neprilysin, degrading enkephalins and also amyloid beta, so it both terminates opioid signalling and clears amyloid. Its dual substrate range links pain signalling to neurodegeneration."
12,Opioid & melanocortin,OPRK1,opioid receptor kappa 1,chr8,15,2,limited - 2 probes,,"The kappa opioid receptor, mediating dysphoria and stress-induced aversion through dynorphin. Functionally opposes OPRM1, so the mu-to-kappa balance is the meaningful quantity."
12,Opioid & melanocortin,MC1R,melanocortin 1 receptor,chr16,18,1,SINGLE PROBE - cannot support a gene-level claim,,"Melanocortin 1 receptor determining pigmentation, with well-documented variants that also raise anaesthetic requirement and alter pain sensitivity. A rare case of a pigmentation gene with a reproducible pain phenotype."
13,Orexin / hypocretin & MCH,HCRT,hypocretin neuropeptide precursor,chr17,13,3,adequate,,"Orexin/hypocretin precursor, made by a small hypothalamic population that stabilises wakefulness; its loss causes narcolepsy with cataplexy. One of the clearest single-peptide behavioural phenotypes known."
13,Orexin / hypocretin & MCH,MCHR1,melanin concentrating hormone receptor 1,chr22,13,3,adequate,,The MCH receptor mediating appetite stimulation and REM sleep promotion. The effector of the arousal-suppressing arm.
13,Orexin / hypocretin & MCH,HCRTR1,hypocretin receptor 1,chr1,5,2,limited - 2 probes,,"Orexin receptor 1, selective for orexin A and mediating arousal, reward and stress responses. The motivationally weighted receptor of the pair."
13,Orexin / hypocretin & MCH,HCRTR2,hypocretin receptor 2,chr6,10,2,limited - 2 probes,,"Orexin receptor 2, binding both orexins; its loss causes canine narcolepsy and it is the principal sleep-wake target, blocked by suvorexant. The sleep-critical member of the pair."
13,Orexin / hypocretin & MCH,PMCH,pro-melanin concentrating hormone,chr12,3,1,SINGLE PROBE - cannot support a gene-level claim,,"Pro-melanin-concentrating hormone, made by hypothalamic neurons that promote sleep and feeding and largely oppose orexin. The counterweight in hypothalamic arousal control."
14,Endocannabinoid,CNR2,cannabinoid receptor 2,chr1,11,6,good,,"The CB2 receptor, predominantly on immune cells and microglia, mediating anti-inflammatory effects without psychoactivity. The immunological arm of the system."
14,Endocannabinoid,DAGLB,diacylglycerol lipase beta,chr7,29,6,good,,"The peripheral and immune-cell 2-AG synthase, complementing the neuronal DAGLA. Determines endocannabinoid tone outside the CNS."
14,Endocannabinoid,FAAH,fatty acid amide hydrolase,chr1,15,5,adequate,,"Fatty acid amide hydrolase, degrading anandamide; a common P129T variant raises anandamide and reduces anxiety. One of the best-validated behavioural pharmacogenetic loci in this system."
14,Endocannabinoid,MGLL,monoglyceride lipase,chr3,25,3,adequate,,"Monoacylglycerol lipase, degrading 2-AG, which is far more abundant than anandamide and carries most retrograde signalling. The principal termination enzyme of the system."
14,Endocannabinoid,ABHD12,"abhydrolase domain containing 12, lysophospholipase",chr20,14,1,SINGLE PROBE - cannot support a gene-level claim,,"A further 2-AG hydrolase, enriched in microglia; its loss causes the neurodegenerative PHARC syndrome. Links endocannabinoid clearance to neuroinflammation."
14,Endocannabinoid,ABHD6,"abhydrolase domain containing 6, acylglycerol lipase",chr3,18,1,SINGLE PROBE - cannot support a gene-level claim,,Alternative 2-AG hydrolase acting postsynaptically and controlling what fraction of 2-AG reaches CB1. Regulates the signal locally where MGLL acts globally.
14,Endocannabinoid,DAGLA,diacylglycerol lipase alpha,chr11,21,1,SINGLE PROBE - cannot support a gene-level claim,,"Diacylglycerol lipase alpha, the neuronal enzyme synthesising 2-AG on demand at the postsynaptic membrane. Endocannabinoids are made when needed rather than stored, so synthesis is the control point."
14,Endocannabinoid,NAPEPLD,N-acyl phosphatidylethanolamine phospholipase D,chr7,17,1,SINGLE PROBE - cannot support a gene-level claim,,The main synthetic enzyme for anandamide and related N-acylethanolamines. Sets the supply of the tonic rather than phasic endocannabinoid ligand.
14,Endocannabinoid,CNR1,cannabinoid receptor 1,chr6,30,0,NO USABLE PROBE - all filtered out for low variance,,"The CB1 receptor, the most abundant GPCR in brain, mediating retrograde suppression of transmitter release and the psychoactive effects of THC. Its methylation is studied in stress regulation, appetite and cannabis use."
15,Kynurenine pathway,KYAT1,kynurenine aminotransferase 1,chr9,27,7,good,,"Kynurenine aminotransferase I, a second route to kynurenic acid with different pH and substrate preferences. Contributes to the same protective arm as AADAT."
15,Kynurenine pathway,AHR,aryl hydrocarbon receptor,chr7,17,5,adequate,,"Aryl hydrocarbon receptor, activated by kynurenine itself and driving regulatory T cell differentiation and immune tolerance. Makes kynurenine a signalling molecule rather than merely a metabolite."
15,Kynurenine pathway,NADSYN1,NAD synthetase 1,chr11,46,5,adequate,,"NAD synthetase, the terminal enzyme making NAD+ from the pathway's output. Connects tryptophan catabolism to cellular energy and sirtuin activity."
15,Kynurenine pathway,TDO2,"tryptophan 2,3-dioxygenase",chr4,9,5,adequate,,"Tryptophan 2,3-dioxygenase, the hepatic glucocorticoid-inducible entry enzyme responsible for baseline tryptophan degradation. Where IDO1 responds to inflammation, TDO2 responds to cortisol."
15,Kynurenine pathway,AFMID,arylformamidase,chr17,19,4,adequate,,"Arylformamidase, hydrolysing N-formylkynurenine to kynurenine in the second and non-rate-limiting step. Necessary but not regulatory."
15,Kynurenine pathway,IDO1,"indoleamine 2,3-dioxygenase 1",chr8,7,4,adequate,,"Indoleamine 2,3-dioxygenase 1, the inflammation-inducible enzyme diverting tryptophan away from serotonin into the kynurenine pathway. The principal molecular route by which inflammation produces depressive symptoms."
15,Kynurenine pathway,KYNU,kynureninase,chr2,5,4,adequate,,"Kynureninase, continuing the neurotoxic branch towards 3-hydroxyanthranilic acid. Downstream of, and committed by, the KMO decision."
15,Kynurenine pathway,QPRT,quinolinate phosphoribosyltransferase,chr16,13,4,adequate,,"Quinolinate phosphoribosyltransferase, consuming quinolinic acid to make NAD+; when saturated, quinolinic acid accumulates and acts as an NMDA agonist. Clearance capacity is what determines neurotoxicity."
15,Kynurenine pathway,ACMSD,aminocarboxymuconate semialdehyde decarboxylase,chr2,8,3,adequate,,"Aminocarboxymuconate semialdehyde decarboxylase, diverting substrate away from spontaneous quinolinic acid formation towards picolinic acid. The main determinant of how much quinolinic acid is actually produced."
15,Kynurenine pathway,IDO2,"indoleamine 2,3-dioxygenase 2",chr8,12,3,adequate,,"Paralogue with far lower catalytic activity and a restricted immune distribution, acting mainly in B cell tolerance. Present in the pathway but unlikely to drive flux."
15,Kynurenine pathway,KYAT3,kynurenine aminotransferase 3,chr1,15,3,adequate,,"Kynurenine aminotransferase III, the third kynurenic acid-producing enzyme, mitochondrially localised. Completes the protective branch."
15,Kynurenine pathway,AADAT,aminoadipate aminotransferase,chr4,17,2,limited - 2 probes,,"Kynurenine aminotransferase II, the main producer of kynurenic acid, an NMDA and alpha7 nicotinic antagonist. The neuroprotective branch, and elevated in schizophrenia."
15,Kynurenine pathway,GOT2,glutamic-oxaloacetic transaminase 2,chr16,10,2,limited - 2 probes,,"Aspartate aminotransferase 2, which also carries kynurenine aminotransferase IV activity, linking the pathway to central carbon metabolism. Dual-function, so methylation effects here are not pathway-specific."
15,Kynurenine pathway,HAAO,"3-hydroxyanthranilate 3,4-dioxygenase",chr2,15,1,SINGLE PROBE - cannot support a gene-level claim,,"3-hydroxyanthranilate oxygenase, generating the immediate precursor of quinolinic acid. The penultimate step of the neurotoxic arm."
15,Kynurenine pathway,NAMPT,nicotinamide phosphoribosyltransferase,chr7,16,1,SINGLE PROBE - cannot support a gene-level claim,,"Nicotinamide phosphoribosyltransferase, rate-limiting for NAD+ salvage and also an inflammatory cytokine known as visfatin. Couples NAD+ status directly to inflammation."
15,Kynurenine pathway,KMO,kynurenine 3-monooxygenase,chr1,11,0,NO USABLE PROBE - all filtered out for low variance,,"Kynurenine 3-monooxygenase, the branch point directing kynurenine towards neurotoxic 3-hydroxykynurenine and quinolinic acid. The single most important switch between the neurotoxic and neuroprotective arms."
16,Glutamate & synaptic scaffolding,DLG3,discs large MAGUK scaffold protein 3,chrX,39,28,good,X-linked: X-inactivation makes female values a two-allele average - analyse within sex or model sex explicitly,"SAP102, the scaffold dominant early in development before PSD-95 takes over; X-linked, and its mutation causes intellectual disability. The developmentally early scaffold."
16,Glutamate & synaptic scaffolding,DLG2,discs large MAGUK scaffold protein 2,chr11,73,22,good,,"PSD-93, a postsynaptic density scaffold whose de novo mutations recur in schizophrenia and intellectual disability. Among the strongest scaffold-gene psychiatric associations."
16,Glutamate & synaptic scaffolding,GRM4,glutamate metabotropic receptor 4,chr6,62,19,good,,Group III presynaptic autoreceptor limiting release at a different set of synapses from GRM2 and GRM3. Extends inhibitory feedback to further circuits.
16,Glutamate & synaptic scaffolding,GRIN1,glutamate ionotropic receptor NMDA type subunit 1,chr9,30,16,good,,The obligatory NMDA receptor subunit present in every functional receptor; no NMDA signalling occurs without it. The invariant core against which subunit composition varies.
16,Glutamate & synaptic scaffolding,SHANK1,SH3 and multiple ankyrin repeat domains 1,chr19,33,13,good,,"Master scaffold of the postsynaptic density, cross-linking GRM5, HOMER1 and the PSD-95 complex. The outermost layer of the synaptic scaffold."
16,Glutamate & synaptic scaffolding,SHANK2,SH3 and multiple ankyrin repeat domains 2,chr11,63,13,good,,"Scaffold whose de novo mutations cause autism with a distinctive profile, and which regulates synapse maturation. One of the better-replicated autism genes."
16,Glutamate & synaptic scaffolding,SLC1A2,solute carrier family 1 member 2,chr11,35,11,good,,"EAAT2 or GLT-1, the astrocytic transporter responsible for the large majority of glutamate clearance in brain. The single most important determinant of extracellular glutamate."
16,Glutamate & synaptic scaffolding,SHANK3,SH3 and multiple ankyrin repeat domains 3,chr22,18,10,good,,"The 22q13 gene whose deletion causes Phelan-McDermid syndrome, the clearest single-gene route to autism with intellectual disability. Deletion, duplication and point mutation all produce phenotypes."
16,Glutamate & synaptic scaffolding,GRIA1,glutamate ionotropic receptor AMPA type subunit 1,chr5,22,8,good,,AMPA receptor subunit whose trafficking into the synapse is the physical substrate of long-term potentiation. Where a plasticity signal becomes a materially stronger synapse.
16,Glutamate & synaptic scaffolding,GRIN2D,glutamate ionotropic receptor NMDA type subunit 2D,chr19,27,8,good,,"Subunit with the longest deactivation in the family, expressed in interneurons and subcortical regions. Contributes tonic rather than phasic NMDA current."
16,Glutamate & synaptic scaffolding,GRM1,glutamate metabotropic receptor 1,chr6,32,8,good,,"Group I metabotropic receptor coupled to Gq, driving IP3 and calcium release in cerebellum and hippocampus. Feeds the same IP3 machinery the oxytocin system uses."
16,Glutamate & synaptic scaffolding,SLC1A3,solute carrier family 1 member 3,chr5,29,8,good,,"EAAT1 or GLAST, the astrocytic transporter dominant in cerebellum and during development. Complements SLC1A2 regionally."
16,Glutamate & synaptic scaffolding,GRIK2,glutamate ionotropic receptor kainate type subunit 2,chr6,27,7,good,,"Kainate receptor subunit modulating presynaptic release and interneuron excitability, and RNA-edited at the Q/R site. Regulates network excitability rather than point-to-point transmission."
16,Glutamate & synaptic scaffolding,GRM2,glutamate metabotropic receptor 2,chr3,30,7,good,,"Group II autoreceptor coupled to Gi, suppressing presynaptic glutamate release; a long-standing antipsychotic target. The main negative feedback on glutamate release."
16,Glutamate & synaptic scaffolding,GLUL,glutamate-ammonia ligase,chr1,31,6,good,,"Glutamine synthetase, converting glutamate taken up by astrocytes into harmless glutamine for return to neurons. The astrocytic half of the glutamate-glutamine cycle."
16,Glutamate & synaptic scaffolding,GRIN2C,glutamate ionotropic receptor NMDA type subunit 2C,chr17,30,6,good,,"Cerebellar and glial NMDA subunit with low magnesium sensitivity, so it conducts at resting potential. Differs from the forebrain subunits in kind, not merely degree."
16,Glutamate & synaptic scaffolding,SYNGAP1,synaptic Ras GTPase activating protein 1,chr6,52,6,good,,"Ras GTPase-activating protein restraining AMPA receptor insertion, so it acts as a brake on synaptic strengthening. Haploinsufficiency is a common cause of intellectual disability with epilepsy."
16,Glutamate & synaptic scaffolding,GRIN2B,glutamate ionotropic receptor NMDA type subunit 2B,chr12,18,5,adequate,,"The immature NMDA subunit with long channel open time, supporting the heightened plasticity of early development. Its persistence into later ages is associated with intellectual disability and autism."
16,Glutamate & synaptic scaffolding,GRM5,glutamate metabotropic receptor 5,chr11,12,5,adequate,,"Group I receptor physically coupled to NMDA receptors through HOMER1 and SHANK, and a central node in fragile X and autism models. The most behaviourally implicated metabotropic receptor."
16,Glutamate & synaptic scaffolding,GRM6,glutamate metabotropic receptor 6,chr5,19,5,adequate,,Retina-specific receptor mediating the ON bipolar cell response to light. Included for family completeness; not expected to be informative in saliva or blood.
16,Glutamate & synaptic scaffolding,DLG4,discs large MAGUK scaffold protein 4,chr17,47,4,adequate,,"PSD-95, the principal postsynaptic density scaffold anchoring NMDA receptors and coupling them to NOS1. The organising centre of the excitatory synapse."
16,Glutamate & synaptic scaffolding,GRIN2A,glutamate ionotropic receptor NMDA type subunit 2A,chr16,40,4,adequate,,"NMDA subunit that progressively replaces GRIN2B after birth, producing faster decay kinetics. The GRIN2A to GRIN2B ratio is a molecular index of synaptic maturity, testable across the T4 to T6 waves."
16,Glutamate & synaptic scaffolding,GRIN3B,glutamate ionotropic receptor NMDA type subunit 3B,chr19,12,4,adequate,,"The second GRIN3 subunit, sparsely expressed and carrying a common null polymorphism in many populations. Between-person variability here may exceed any methylation effect."
16,Glutamate & synaptic scaffolding,GRID1,glutamate ionotropic receptor delta type subunit 1,chr10,15,3,adequate,,Delta receptor that does not gate glutamate but acts as a synaptic organiser through cerebellin and neurexin. Structural rather than ionotropic despite family membership.
16,Glutamate & synaptic scaffolding,GRIN3A,glutamate ionotropic receptor NMDA type subunit 3A,chr9,15,3,adequate,,"Dominant-negative subunit reducing calcium permeability and limiting plasticity, peaking in early postnatal life. A brake on maturation rather than a mediator of it."
16,Glutamate & synaptic scaffolding,GRINA,glutamate ionotropic receptor NMDA type subunit associated protein 1,chr8,17,3,adequate,,"Despite the name, a transmembrane BAX inhibitor family protein regulating calcium homeostasis and apoptosis, not an NMDA subunit. Grouped with the family for historical reasons; interpret accordingly."
16,Glutamate & synaptic scaffolding,SLC1A1,solute carrier family 1 member 1,chr9,13,3,adequate,,"EAAT3, the neuronal glutamate transporter, also implicated in obsessive-compulsive disorder. Neuronal rather than the bulk glial uptake route."
16,Glutamate & synaptic scaffolding,DLG1,discs large MAGUK scaffold protein 1,chr3,39,2,limited - 2 probes,,"SAP97, scaffolding protein trafficking AMPA receptors and organising both sides of the synapse. Determines receptor delivery rather than receptor function."
16,Glutamate & synaptic scaffolding,HOMER1,homer scaffold protein 1,chr5,18,2,limited - 2 probes,,Scaffold linking GRM5 to IP3 receptors and internal calcium stores; its short isoform Homer1a is an immediate-early gene that uncouples the complex during activity. Structural and activity-dependent at one locus.
16,Glutamate & synaptic scaffolding,GRID2,glutamate ionotropic receptor delta type subunit 2,chr4,14,1,SINGLE PROBE - cannot support a gene-level claim,,"Delta 2 receptor, essential for cerebellar parallel fibre synapse formation; its loss causes ataxia. The clearest case of an ionotropic-family gene acting purely structurally."
16,Glutamate & synaptic scaffolding,GRM3,glutamate metabotropic receptor 3,chr7,23,1,SINGLE PROBE - cannot support a gene-level claim,,"Group II receptor with a robust schizophrenia GWAS association, expressed both presynaptically and on glia. One of the few glutamate genes with consistent psychiatric genetic support."
16,Glutamate & synaptic scaffolding,GRM7,glutamate metabotropic receptor 7,chr3,18,1,SINGLE PROBE - cannot support a gene-level claim,,"Group III receptor with the lowest glutamate affinity in the family, so it engages only during intense activity. A high-threshold safety valve."
16,Glutamate & synaptic scaffolding,GRM8,glutamate metabotropic receptor 8,chr7,24,1,SINGLE PROBE - cannot support a gene-level claim,,Group III receptor modulating release in limbic circuits and studied in anxiety. Complements GRM7 at lower activity levels.
16,Glutamate & synaptic scaffolding,GLS,glutaminase,chr2,13,0,NO USABLE PROBE - all filtered out for low variance,,"Glutaminase, regenerating glutamate from glutamine inside the neuron. The neuronal half of the cycle, and the step that actually supplies transmitter."
17,GABA & excitation-inhibition balance,ABAT,4-aminobutyrate aminotransferase,chr16,36,15,good,,"GABA transaminase, degrading GABA to succinate and the target of vigabatrin. The terminal clearance step of the system."
17,GABA & excitation-inhibition balance,GABRB3,gamma-aminobutyric acid type A receptor subunit beta3,chr15,42,13,good,,"Beta subunit lying within the imprinted 15q11-13 Angelman and Prader-Willi region, so it sits at the intersection of the GABA and imprinting systems. Its methylation is interpretable in both frames."
17,GABA & excitation-inhibition balance,SLC12A5,solute carrier family 12 member 5,chr20,33,10,good,,"KCC2, exporting chloride and driving the postnatal switch to inhibitory GABA. The NKCC1 to KCC2 ratio is a direct molecular index of inhibitory maturation, testable across T4 to T6."
17,GABA & excitation-inhibition balance,SLC6A1,solute carrier family 6 member 1,chr3,36,10,good,,"GAT-1, the main GABA transporter clearing synaptic GABA and the target of tiagabine. Determines how long each inhibitory signal lasts."
17,GABA & excitation-inhibition balance,GABRA1,gamma-aminobutyric acid type A receptor subunit alpha1,chr5,31,7,good,,"The most abundant alpha subunit in adult brain, conferring the sedative and anticonvulsant effects of benzodiazepines. The mature default subunit."
17,GABA & excitation-inhibition balance,GABRA6,gamma-aminobutyric acid type A receptor subunit alpha6,chr5,12,7,good,,"Cerebellar granule cell subunit, benzodiazepine-insensitive and mediating tonic inhibition there. Highly region-restricted in expression."
17,GABA & excitation-inhibition balance,GABRA5,gamma-aminobutyric acid type A receptor subunit alpha5,chr15,21,5,adequate,,Hippocampus-enriched subunit mediating tonic inhibition and memory suppression; inverse agonists here act as cognition enhancers. Where inhibition specifically constrains learning.
17,GABA & excitation-inhibition balance,GABRB1,gamma-aminobutyric acid type A receptor subunit beta1,chr4,25,5,adequate,,"Beta subunit contributing to receptor assembly with a distinct regional profile, part of the chromosome 4p cluster. An assembly partner rather than a pharmacological determinant."
17,GABA & excitation-inhibition balance,GABRA3,gamma-aminobutyric acid type A receptor subunit alpha3,chrX,5,4,adequate,X-linked: X-inactivation makes female values a two-allele average - analyse within sex or model sex explicitly,"X-linked alpha subunit prominent in early development and in monoaminergic nuclei, later largely replaced by GABRA1. Its X-linkage requires within-sex analysis."
17,GABA & excitation-inhibition balance,GABRA4,gamma-aminobutyric acid type A receptor subunit alpha4,chr4,15,3,adequate,,"Benzodiazepine-insensitive subunit forming extrasynaptic receptors with delta and mediating tonic inhibition. A different mode of inhibition, not simply a different strength."
17,GABA & excitation-inhibition balance,GABRG2,gamma-aminobutyric acid type A receptor subunit gamma2,chr5,16,2,limited - 2 probes,,The gamma subunit required for benzodiazepine binding; without it the receptor functions but is benzodiazepine-insensitive. Mutations cause febrile seizures and epilepsy.
17,GABA & excitation-inhibition balance,GAD1,glutamate decarboxylase 1,chr2,28,2,limited - 2 probes,,"GAD67, producing the bulk of cytoplasmic GABA and setting the overall size of the GABA pool. Its reduction in prefrontal interneurons is one of the most replicated schizophrenia post-mortem findings."
17,GABA & excitation-inhibition balance,GAD2,glutamate decarboxylase 2,chr10,15,2,limited - 2 probes,,"GAD65, vesicle-associated and synthesising GABA on demand for phasic release. Supplies release-ready transmitter where GAD1 supplies the standing pool."
17,GABA & excitation-inhibition balance,SLC12A2,solute carrier family 12 member 2,chr5,17,2,limited - 2 probes,,"NKCC1, importing chloride and keeping intracellular chloride high in immature neurons, which makes GABA depolarising rather than inhibitory. One half of the developmental polarity switch."
17,GABA & excitation-inhibition balance,GABRA2,gamma-aminobutyric acid type A receptor subunit alpha2,chr4,30,1,SINGLE PROBE - cannot support a gene-level claim,,"Alpha subunit mediating anxiolysis without sedation, and one of the most replicated alcohol dependence loci. Separates the therapeutic from the sedating actions of benzodiazepines."
17,GABA & excitation-inhibition balance,GABRB2,gamma-aminobutyric acid type A receptor subunit beta2,chr5,28,1,SINGLE PROBE - cannot support a gene-level claim,,"The most widely expressed beta subunit, repeatedly associated with schizophrenia. Among the more consistently implicated GABA genes."
18,Neurotrophins & activity-dependent plasticity,GDNF,glial cell derived neurotrophic factor,chr5,39,21,good,,"Glial cell line-derived neurotrophic factor, the principal survival factor for midbrain dopamine neurons. The main trophic link between this system and dopamine."
18,Neurotrophins & activity-dependent plasticity,SYP,synaptophysin,chrX,19,17,good,X-linked: X-inactivation makes female values a two-allele average - analyse within sex or model sex explicitly,"Synaptophysin, the most abundant synaptic vesicle protein and the standard quantitative marker of synapse density. A structural readout rather than a regulator."
18,Neurotrophins & activity-dependent plasticity,SYN1,synapsin I,chrX,18,15,good,X-linked: X-inactivation makes female values a two-allele average - analyse within sex or model sex explicitly,"Synapsin I, tethering vesicles to the actin cytoskeleton and releasing them on phosphorylation, so it sets the size of the reserve pool. X-linked, and its mutation causes epilepsy with autism."
18,Neurotrophins & activity-dependent plasticity,NR4A1,nuclear receptor subfamily 4 group A member 1,chr12,40,9,good,,"NUR77, an immediate-early nuclear receptor mediating activity-dependent synapse remodelling and dendritic distribution. Bridges the immediate-early and nuclear receptor families."
18,Neurotrophins & activity-dependent plasticity,CRTC1,CREB regulated transcription coactivator 1,chr19,18,7,good,,"CREB-regulated transcription coactivator, translocating to the nucleus only on coincident calcium and cAMP signals. The molecular coincidence detector upstream of CREB1."
18,Neurotrophins & activity-dependent plasticity,NTRK2,neurotrophic receptor tyrosine kinase 2,chr9,43,7,good,,"TrkB, the BDNF receptor; its truncated isoform acts as a dominant-negative sink. Which isoform predominates determines whether BDNF signals at all."
18,Neurotrophins & activity-dependent plasticity,BDNF,brain derived neurotrophic factor,chr11,73,6,good,,"Brain-derived neurotrophic factor, the principal activity-dependent mediator of synaptic growth and survival, and the most studied gene in behavioural epigenetics after NR3C1. Promoter IV methylation is the canonical readout of early adversity, from Roth and Sweatt onward."
18,Neurotrophins & activity-dependent plasticity,NTRK1,neurotrophic receptor tyrosine kinase 1,chr1,37,6,good,,"TrkA, the NGF receptor; loss of function causes congenital insensitivity to pain with anhidrosis. Demonstrates how completely peripheral sensation depends on this pathway."
18,Neurotrophins & activity-dependent plasticity,ARC,activity regulated cytoskeleton associated protein,chr8,20,5,adequate,,"Immediate-early gene whose mRNA is transported to activated synapses and which drives AMPA receptor endocytosis. It encodes synapse-specific weakening, so the plasticity it supports is subtractive."
18,Neurotrophins & activity-dependent plasticity,EGR2,early growth response 2,chr10,33,5,adequate,,"KROX20, an immediate-early gene also essential for hindbrain segmentation and Schwann cell myelination. Its developmental and activity-dependent roles are difficult to separate."
18,Neurotrophins & activity-dependent plasticity,EGR3,early growth response 3,chr8,34,5,adequate,,Immediate-early gene downstream of neurotrophin signalling and repeatedly associated with schizophrenia. Links activity-dependent transcription to psychiatric risk.
18,Neurotrophins & activity-dependent plasticity,NPAS4,neuronal PAS domain protein 4,chr11,13,5,adequate,,"The only immediate-early gene induced selectively by neuronal activity rather than by any depolarising stimulus, and the specific regulator of inhibitory synapse formation. Uniquely activity-specific and inhibition-directed."
18,Neurotrophins & activity-dependent plasticity,NTRK3,neurotrophic receptor tyrosine kinase 3,chr15,51,5,adequate,,"TrkC, the NT-3 receptor, which doubles as a synaptic adhesion molecule partnering PTPRS. Structural as well as trophic."
18,Neurotrophins & activity-dependent plasticity,RET,ret proto-oncogene,chr10,39,4,adequate,,"The GDNF receptor tyrosine kinase, also required for enteric nervous system development; its mutation causes Hirschsprung disease. A broader developmental role than its neurotrophic one."
18,Neurotrophins & activity-dependent plasticity,FOS,"Fos proto-oncogene, AP-1 transcription factor subunit",chr14,20,3,adequate,,"The canonical immediate-early gene, dimerising with JUN to form AP-1 and serving as the standard histological marker of neuronal activation. A transcriptional readout of recent activity."
18,Neurotrophins & activity-dependent plasticity,EGR1,early growth response 1,chr5,16,2,limited - 2 probes,,Zinc finger immediate-early transcription factor coupling neuronal activity to lasting transcriptional change. Among the most widely used markers of recent neural activation.
18,Neurotrophins & activity-dependent plasticity,NGF,nerve growth factor,chr1,21,2,limited - 2 probes,,"Nerve growth factor, supporting cholinergic and sympathetic neuron survival centrally and mediating inflammatory pain sensitisation peripherally. Trophic in one compartment, nociceptive in the other."
18,Neurotrophins & activity-dependent plasticity,JUN,"Jun proto-oncogene, AP-1 transcription factor subunit",chr1,28,1,SINGLE PROBE - cannot support a gene-level claim,,"The AP-1 partner of FOS, also acting in stress-activated signalling and apoptosis. Its dimer partner determines whether the output is growth or death."
18,Neurotrophins & activity-dependent plasticity,VGF,VGF nerve growth factor inducible,chr7,12,1,SINGLE PROBE - cannot support a gene-level claim,,Neurosecretory peptide precursor induced by BDNF and mediating part of its antidepressant-like effect. A downstream effector rather than a parallel factor.
18,Neurotrophins & activity-dependent plasticity,NTF3,neurotrophin 3,chr12,32,0,NO USABLE PROBE - all filtered out for low variance,,"Neurotrophin 3, acting mainly during development on proprioceptive and cortical neurons. More developmental than activity-dependent."
19,GPCR signalling & second messengers,GNAS,GNAS complex locus,chr20,181,79,good,,"The Gs alpha subunit, an imprinted locus with complex tissue-specific parental expression whose disruption causes pseudohypoparathyroidism. Belongs equally to this system and to imprinted genes."
19,GPCR signalling & second messengers,PDE4D,phosphodiesterase 4D,chr5,90,30,good,,"Phosphodiesterase 4D, the principal cAMP-degrading enzyme in brain and the target of rolipram, also associated with memory and stroke risk. Sets how long a cAMP signal persists."
19,GPCR signalling & second messengers,GRK2,G protein-coupled receptor kinase 2,chr11,31,13,good,,"G protein-coupled receptor kinase 2, phosphorylating agonist-occupied receptors to begin desensitisation. The first step in switching a receptor off."
19,GPCR signalling & second messengers,ADCY3,adenylate cyclase 3,chr2,34,9,good,,"Cyclase enriched in olfactory neurons and hypothalamus, with common variants strongly associated with obesity. Links this system to metabolic programming."
19,GPCR signalling & second messengers,PRKACB,protein kinase cAMP-activated catalytic subunit beta,chr1,24,9,good,,Second PKA catalytic subunit with a distinct tissue distribution and partial redundancy with PRKACA. Determines local rather than global PKA capacity.
19,GPCR signalling & second messengers,PRKACA,protein kinase cAMP-activated catalytic subunit alpha,chr19,29,6,good,,"The main catalytic subunit of protein kinase A, the principal effector of every cAMP signal. The common endpoint of Gs-coupled receptor signalling."
19,GPCR signalling & second messengers,ADCY6,adenylate cyclase 6,chr12,26,4,adequate,,"Broadly expressed cyclase inhibited rather than stimulated by calcium, so it behaves opposite to ADCY1. Provides the calcium-suppressed arm of cAMP control."
19,GPCR signalling & second messengers,CREB1,cAMP responsive element binding protein 1,chr2,25,4,adequate,,"The transcription factor at which cAMP, calcium and neurotrophin signalling converge, and the gateway to long-term memory. The transcriptional endpoint of most of this system."
19,GPCR signalling & second messengers,PRKAR1A,protein kinase cAMP-dependent type I regulatory subunit alpha,chr17,39,4,adequate,,The regulatory subunit holding PKA inactive until cAMP binds; its loss causes Carney complex through constitutive PKA activity. The actual cAMP sensor of the holoenzyme.
19,GPCR signalling & second messengers,ADCY1,adenylate cyclase 1,chr7,25,3,adequate,,"Calcium/calmodulin-stimulated adenylyl cyclase, the isoform making cAMP production conditional on prior calcium influx. A coincidence detector joining the calcium and cAMP arms."
19,GPCR signalling & second messengers,ADCY2,adenylate cyclase 2,chr5,23,3,adequate,,"Adenylyl cyclase stimulated by G protein beta-gamma subunits, with a robust bipolar disorder GWAS association. One of the more psychiatrically implicated cyclases."
19,GPCR signalling & second messengers,ARRB1,arrestin beta 1,chr11,14,3,adequate,,"Beta-arrestin 1, terminating G protein signalling and simultaneously initiating a separate arrestin-dependent cascade. Desensitisation and signalling in one molecule."
19,GPCR signalling & second messengers,ARRB2,arrestin beta 2,chr17,18,3,adequate,,"Beta-arrestin 2, mediating opioid receptor internalisation and implicated in separating analgesia from respiratory depression. The conceptual basis of biased agonist drug design."
19,GPCR signalling & second messengers,ADCY5,adenylate cyclase 5,chr3,22,1,SINGLE PROBE - cannot support a gene-level claim,,Striatum-enriched cyclase whose mutations cause paroxysmal dyskinesia; the main cAMP source downstream of D1 and A2A receptors. Where dopamine and adenosine signals converge.
19,GPCR signalling & second messengers,AKAP5,A-kinase anchoring protein 5,chr14,11,1,SINGLE PROBE - cannot support a gene-level claim,,"AKAP79/150, anchoring PKA, PKC and calcineurin at the postsynaptic membrane so they act on defined targets. Converts a diffusible messenger into a local signal."
19,GPCR signalling & second messengers,AKAP6,A-kinase anchoring protein 6,chr14,14,1,SINGLE PROBE - cannot support a gene-level claim,,"mAKAP, anchoring PKA and phosphodiesterases at the nuclear envelope and sarcoplasmic reticulum. Provides compartmentalised cAMP control in heart and neurons."
19,GPCR signalling & second messengers,GRK5,G protein-coupled receptor kinase 5,chr10,15,1,SINGLE PROBE - cannot support a gene-level claim,,Receptor kinase with a substrate preference distinct from GRK2 and a bias towards arrestin-mediated rather than G protein signalling. Determines which downstream pathway persists after desensitisation.
20,Epigenetic machinery,MECP2,methyl-CpG binding protein 2,chrX,23,17,good,X-linked: X-inactivation makes female values a two-allele average - analyse within sex or model sex explicitly,"Methyl-CpG binding protein that reads methylated DNA and recruits repressors; its mutation causes Rett syndrome. X-linked, so its CpGs are subject to X-inactivation and must be analysed within sex."
20,Epigenetic machinery,EHMT2,euchromatic histone lysine methyltransferase 2,chr6,112,9,good,,"G9a, the main H3K9 dimethyltransferase producing facultative heterochromatin and required for cocaine-induced plasticity. The principal enzyme of activity-dependent silencing."
20,Epigenetic machinery,DNMT3B,DNA methyltransferase 3 beta,chr20,40,8,good,,De novo methyltransferase acting mainly at pericentromeric satellite repeats in early embryogenesis; its mutation causes ICF syndrome. More embryonic and repeat-directed than DNMT3A.
20,Epigenetic machinery,CREBBP,CREB binding lysine acetyltransferase,chr16,59,7,good,,"CBP, the p300 paralogue whose haploinsufficiency causes Rubinstein-Taybi syndrome with intellectual disability. Demonstrates that acetyltransferase dosage is behaviourally consequential."
20,Epigenetic machinery,DNMT3A,DNA methyltransferase 3 alpha,chr2,41,7,good,,"De novo methyltransferase establishing new methylation during development and in postmitotic neurons, where it mediates experience-dependent change. The enzyme most likely responsible for the effects this project is looking for."
20,Epigenetic machinery,KMT2A,lysine methyltransferase 2A,chr11,62,7,good,,"MLL1, depositing activating H3K4 methylation at promoters; its mutation causes Wiedemann-Steiner syndrome. The activating counterpart to the Polycomb system."
20,Epigenetic machinery,UHRF1,ubiquitin like with PHD and ring finger domains 1,chr19,40,6,good,,"Reads hemimethylated DNA and recruits DNMT1 to it, making maintenance methylation possible. Without it DNMT1 cannot locate its substrate."
20,Epigenetic machinery,EZH2,enhancer of zeste 2 polycomb repressive complex 2 subunit,chr7,41,5,adequate,,"Catalytic subunit of Polycomb repressive complex 2, depositing H3K27me3 to keep developmental genes switched off. The main mechanism holding alternative cell fates closed."
20,Epigenetic machinery,SETDB1,SET domain bifurcated histone lysine methyltransferase 1,chr1,23,5,adequate,,H3K9 trimethyltransferase silencing endogenous retroviruses and imprinted loci. Guards the repetitive and imprinted compartments of the genome.
20,Epigenetic machinery,EP300,EP300 lysine acetyltransferase,chr22,43,4,adequate,,"p300 histone acetyltransferase, the coactivator recruited by CREB1 and by nuclear receptors to open chromatin. Where signalling converges on histone acetylation."
20,Epigenetic machinery,MBD4,"methyl-CpG binding domain 4, DNA glycosylase",chr3,25,4,adequate,,"Glycosylase repairing T:G mismatches at methylated CpG sites, the main defence against deamination-driven CpG loss. Explains why CpG dinucleotides are depleted genome-wide."
20,Epigenetic machinery,SIRT1,sirtuin 1,chr10,20,4,adequate,,"NAD+-dependent deacetylase coupling metabolic state to chromatin, and through NAD+ availability to the kynurenine pathway. Where cellular energy status becomes an epigenetic signal."
20,Epigenetic machinery,DNMT1,DNA methyltransferase 1,chr19,32,3,adequate,,"The maintenance methyltransferase copying methylation onto the daughter strand at replication, preserving patterns rather than creating them. Every measurement in this dataset depends on its fidelity."
20,Epigenetic machinery,HDAC4,histone deacetylase 4,chr2,57,3,adequate,,"Class IIa deacetylase shuttling between nucleus and cytoplasm under calcium control, so its activity is directly activity-dependent. Signal-responsive rather than constitutive."
20,Epigenetic machinery,TET3,tet methylcytosine dioxygenase 3,chr2,27,3,adequate,,"The TET enzyme of the zygote and of postmitotic neurons, responsible for paternal genome demethylation after fertilisation. The developmentally decisive family member."
20,Epigenetic machinery,HDAC5,histone deacetylase 5,chr17,22,2,limited - 2 probes,,Class IIa deacetylase whose nuclear export is regulated by chronic stress and antidepressant exposure in the nucleus accumbens. A direct chromatin substrate of chronic stress.
20,Epigenetic machinery,MBD3,methyl-CpG binding domain protein 3,chr19,19,2,limited - 2 probes,,"NuRD component that, unusually for the family, cannot bind methylated DNA itself but is required for complex integrity. Structural rather than a reader."
20,Epigenetic machinery,DNMT3L,DNA methyltransferase 3 like,chr21,6,1,SINGLE PROBE - cannot support a gene-level claim,,"Catalytically inactive cofactor stimulating DNMT3A and DNMT3B, and essential for germline imprint establishment. Regulatory rather than enzymatic, and the direct link to imprinting."
20,Epigenetic machinery,HDAC2,histone deacetylase 2,chr6,23,1,SINGLE PROBE - cannot support a gene-level claim,,Histone deacetylase whose neuronal overexpression suppresses memory and whose inhibition restores it. The best-characterised chromatin link to learning.
20,Epigenetic machinery,MBD1,methyl-CpG binding domain protein 1,chr18,16,1,SINGLE PROBE - cannot support a gene-level claim,,Methyl-binding protein linking DNA methylation to H3K9 methylation and stable silencing; its loss impairs adult neurogenesis. Couples the two main repressive marks.
20,Epigenetic machinery,MBD2,methyl-CpG binding domain protein 2,chr18,11,1,SINGLE PROBE - cannot support a gene-level claim,,"Methyl-binding component of the NuRD complex, coupling methylation to chromatin remodelling and deacetylation. The most direct route from a methyl mark to a closed chromatin state."
20,Epigenetic machinery,TET2,tet methylcytosine dioxygenase 2,chr4,24,1,SINGLE PROBE - cannot support a gene-level claim,,TET enzyme dominant in haematopoietic cells and the most commonly mutated gene in clonal haematopoiesis. Directly relevant to any blood-derived methylation measurement in older participants.
20,Epigenetic machinery,TET1,tet methylcytosine dioxygenase 1,chr10,29,0,NO USABLE PROBE - all filtered out for low variance,,"Dioxygenase oxidising 5-methylcytosine to 5-hydroxymethylcytosine, the first step of active demethylation. Note that bisulfite arrays cannot distinguish 5mC from 5hmC, so its product is invisible to this assay."
21,Imprinted genes & DMRs,NNAT,neuronatin,chr20,42,40,good,,"Neuronatin, paternally expressed and involved in calcium signalling and neurodevelopment, and among the most methylation-variable imprinted loci. Its variability makes it a sensitive detector but also a noisy one."
21,Imprinted genes & DMRs,MEST,mesoderm specific transcript,chr7,63,31,good,,"PEG1, paternally expressed and involved in mesoderm growth and maternal behaviour; its loss in mice produces deficient maternal care. A rare imprinted gene with a direct parenting phenotype."
21,Imprinted genes & DMRs,IGF2,insulin like growth factor 2,chr11,102,27,good,,Paternally expressed fetal growth factor whose imprinting control region is the classic case of environmentally sensitive imprinting; the Dutch Hunger Winter cohort showed persistent hypomethylation six decades after prenatal famine. The strongest precedent that a prenatal exposure can leave a lifelong methylation mark.
21,Imprinted genes & DMRs,KCNQ1OT1,KCNQ1 opposite strand/antisense transcript 1,chr11,84,20,good,,Paternally expressed antisense RNA silencing a cluster of maternally expressed genes across roughly one megabase. Demonstrates imprinting acting in trans across an entire domain.
21,Imprinted genes & DMRs,PLAGL1,PLAG1 like zinc finger 1,chr6,60,20,good,,"ZAC1, paternally expressed and the hub of a network of co-regulated imprinted genes controlling fetal growth. Its loss of imprinting causes transient neonatal diabetes."
21,Imprinted genes & DMRs,MEG3,maternally expressed 3,chr14,74,16,good,,"Maternally expressed non-coding RNA at the DLK1-DIO3 locus, regulating a large cluster of microRNAs. One of the few imprinted loci with clear postnatal brain function."
21,Imprinted genes & DMRs,PEG3,paternally expressed 3,chr19,39,15,good,,"Paternally expressed zinc finger gene required for maternal nurturing and milk letdown, acting partly through oxytocin neuron number. Directly connects the imprinting and oxytocin systems."
21,Imprinted genes & DMRs,MKRN3,makorin ring finger protein 3,chr15,15,13,good,,Paternally expressed gene in the Prader-Willi region acting as a brake on puberty; its loss of function is the commonest known cause of central precocious puberty. Connects imprinting to HPG axis timing.
21,Imprinted genes & DMRs,SNRPN,small nuclear ribonucleoprotein polypeptide N,chr15,32,10,good,,Paternally expressed gene in the 15q11-13 Prader-Willi region whose imprinting centre controls the whole domain; its methylation is the diagnostic test for Prader-Willi and Angelman syndromes. The best-characterised imprinting centre in humans.
21,Imprinted genes & DMRs,NDN,"necdin, MAGE family member",chr15,15,9,good,,"Necdin, paternally expressed in the same Prader-Willi region, promoting neuronal differentiation and required for normal oxytocin neuron development. A second link between imprinting and the oxytocin system."
21,Imprinted genes & DMRs,DLK1,delta like non-canonical Notch ligand 1,chr14,31,6,good,,"Paternally expressed Notch ligand regulating adipogenesis and neurogenesis, reciprocal to MEG3 at the same locus. The protein-coding half of that imprinted pair."
21,Imprinted genes & DMRs,PEG10,paternally expressed 10,chr7,61,3,adequate,,Retrotransposon-derived paternally expressed gene essential for placental formation; its loss is embryonic lethal. Illustrates how a domesticated transposon became developmentally indispensable.
21,Imprinted genes & DMRs,H19,H19 imprinted maternally expressed transcript,NA,0,0,NOT ON ARRAY - no EPIC v2 probe exists,,"Maternally expressed non-coding RNA reciprocally imprinted with IGF2 and sharing its control region. Loss of imprinting here causes Beckwith-Wiedemann and Silver-Russell syndromes, so the locus is dosage-critical."
22,One-carbon metabolism,SLC19A1,solute carrier family 19 member 1,chr21,34,8,good,,"Reduced folate carrier, the main route for folate uptake into cells. Determines intracellular folate availability regardless of dietary intake."
22,One-carbon metabolism,TCN2,transcobalamin 2,chr22,20,8,good,,"Transcobalamin 2, carrying vitamin B12 in plasma and delivering it into cells. B12 delivery, not circulating B12 level, is what limits MTR activity."
22,One-carbon metabolism,BHMT,betaine--homocysteine S-methyltransferase,chr5,16,5,adequate,,"Betaine-homocysteine methyltransferase, a folate-independent route to remethylate homocysteine using betaine derived from choline. The backup methyl supply when folate is limiting."
22,One-carbon metabolism,MTRR,5-methyltetrahydrofolate-homocysteine methyltransferase reductase,chr5,30,5,adequate,,"Methionine synthase reductase, reactivating MTR after its cofactor oxidises. Without this recycling, MTR is inactivated after a limited number of turnovers."
22,One-carbon metabolism,FOLR1,folate receptor alpha,chr11,10,2,limited - 2 probes,,"Folate receptor alpha, a high-affinity uptake route critical at the placenta and choroid plexus; autoantibodies against it cause cerebral folate deficiency. The barrier-crossing transporter."
22,One-carbon metabolism,MTHFR,methylenetetrahydrofolate reductase,chr1,34,2,limited - 2 probes,,"Methylenetetrahydrofolate reductase, generating the methyl donor form of folate; the common C677T variant cuts activity by up to 70 percent and raises homocysteine. The single most important genetic determinant of methyl group supply."
22,One-carbon metabolism,AHCY,adenosylhomocysteinase,chr20,26,1,SINGLE PROBE - cannot support a gene-level claim,,"S-adenosylhomocysteine hydrolase, clearing SAH, a potent inhibitor of every methyltransferase including DNMT1 and DNMT3A. The SAM to SAH ratio this enzyme sets is the direct biochemical determinant of methylation capacity."
22,One-carbon metabolism,CBS,cystathionine beta-synthase,NA,0,0,NOT ON ARRAY - no EPIC v2 probe exists,,"Cystathionine beta-synthase, diverting homocysteine into transsulfuration towards glutathione instead of remethylation. The branch point between methylation capacity and antioxidant capacity."
22,One-carbon metabolism,MTR,5-methyltetrahydrofolate-homocysteine methyltransferase,chr1,24,0,NO USABLE PROBE - all filtered out for low variance,,"Methionine synthase, transferring the methyl group from folate to homocysteine to make methionine, and requiring vitamin B12. The junction of the folate and B12 cycles."
23,Circadian & melatonin,AANAT,aralkylamine N-acetyltransferase,chr17,29,9,good,,"Arylalkylamine N-acetyltransferase, the rate-limiting and sharply rhythmic enzyme of melatonin synthesis. Its activity varies more than tenfold across the day, making it the clock's output amplifier."
23,Circadian & melatonin,CSNK1E,casein kinase 1 epsilon,chr22,19,9,good,,"Casein kinase 1 epsilon, phosphorylating PER proteins to target them for degradation and thereby setting period length. Mutation here produces the short-period tau phenotype."
23,Circadian & melatonin,MTNR1B,melatonin receptor 1B,chr11,14,9,good,,"MT2 melatonin receptor, mediating circadian phase shifting rather than sedation, and carrying one of the strongest type 2 diabetes GWAS variants. Phase-shifting and metabolic in one gene."
23,Circadian & melatonin,PER3,period circadian regulator 3,chr1,22,8,good,,"Period 3, carrying a variable number tandem repeat associated with morningness and sleep homeostasis. Probes here may be affected by the repeat, so interpret with care."
23,Circadian & melatonin,CRY2,cryptochrome circadian regulator 2,chr11,18,5,adequate,,"Cryptochrome 2, contributing to repression with a temporal profile distinct from CRY1. Fine-tunes the period rather than setting it."
23,Circadian & melatonin,NR1D1,nuclear receptor subfamily 1 group D member 1,chr17,21,5,adequate,,"REV-ERB alpha, forming a second interlocking loop by repressing ARNTL, and also a heme sensor linking metabolism to the clock. Where metabolic state feeds back on timing."
23,Circadian & melatonin,RORA,RAR related orphan receptor A,chr15,38,3,adequate,,"Retinoic acid receptor-related orphan receptor alpha, activating ARNTL in opposition to NR1D1 and separately implicated in autism. Belongs to both the circadian and neurodevelopmental literatures."
23,Circadian & melatonin,ASMT,acetylserotonin O-methyltransferase,chrX,7,2,limited - 2 probes,X-linked: X-inactivation makes female values a two-allele average - analyse within sex or model sex explicitly,"Acetylserotonin O-methyltransferase, the final enzyme converting N-acetylserotonin to melatonin. It lies in the pseudoautosomal region, so it escapes X-inactivation and is present in two active copies in both sexes."
23,Circadian & melatonin,CLOCK,clock circadian regulator,chr4,26,2,limited - 2 probes,,"Transcription factor dimerising with ARNTL to drive the positive limb of the circadian loop, and itself a histone acetyltransferase. Directly couples circadian timing to chromatin state."
23,Circadian & melatonin,CRY1,cryptochrome circadian regulator 1,chr12,18,2,limited - 2 probes,,"Cryptochrome 1, the stronger repressor of the negative limb; a splice variant causes delayed sleep phase disorder. The dominant partner of the PER-CRY complex."
23,Circadian & melatonin,MTNR1A,melatonin receptor 1A,chr4,17,2,limited - 2 probes,,"MT1 melatonin receptor, mediating the acute sleep-promoting and SCN-inhibiting effects of melatonin. The sedating arm of melatonin action."
23,Circadian & melatonin,PER2,period circadian regulator 2,chr2,16,2,limited - 2 probes,,"Period 2, the repressor whose mutation causes familial advanced sleep phase syndrome. The clearest single-gene determinant of human chronotype."
23,Circadian & melatonin,ARNTL,basic helix-loop-helix ARNT like 1,chr11,13,1,SINGLE PROBE - cannot support a gene-level claim,,"BMAL1, the obligate CLOCK partner and the only clock gene whose single deletion abolishes circadian rhythmicity entirely. The non-redundant core of the oscillator."
23,Circadian & melatonin,PER1,period circadian regulator 1,chr17,25,0,NO USABLE PROBE - all filtered out for low variance,,"Period 1, a negative-limb repressor that is also directly glucocorticoid-inducible, making it the main entry point for cortisol into the clock. Where the HPA axis meets circadian timing."
23,Circadian & melatonin,TIMELESS,timeless circadian regulator,chr12,15,0,NO USABLE PROBE - all filtered out for low variance,,Clock-associated protein whose principal mammalian role is in replication fork protection and the DNA damage response. More a genome stability gene than a core oscillator component in humans.
24,"Immune, inflammation & HLA",HLA-DPA1,"major histocompatibility complex, class II, DP alpha 1",chr6,32,17,good,,"Class II alpha chain of the DP heterodimer, less polymorphic than DR or DQ, presenting extracellular peptides to CD4 T cells. The stable half of the DP pair."
24,"Immune, inflammation & HLA",HLA-DPB1,"major histocompatibility complex, class II, DP beta 1",chr6,22,16,good,,"The DP beta chain, associated with hepatitis B vaccine response and beryllium sensitivity. The polymorphic half of the DP dimer."
24,"Immune, inflammation & HLA",HLA-DMB,"major histocompatibility complex, class II, DM beta",chr6,32,12,good,,"Class II accessory molecule catalysing peptide exchange in the endosome so high-affinity peptides are loaded. Determines the quality of what is presented, not whether presentation happens."
24,"Immune, inflammation & HLA",HLA-DPB2,"major histocompatibility complex, class II, DP beta 2 (pseudogene)",chr6,21,9,good,,Pseudogene at the DP locus retaining regulatory sequence but producing no protein. Methylation here indexes local chromatin state rather than gene function.
24,"Immune, inflammation & HLA",NLRP3,NLR family pyrin domain containing 3,chr1,16,9,good,,"Sensor forming the inflammasome that cleaves pro-IL-1beta into its active form, activated by cellular stress and metabolic danger signals. The step at which stress becomes inflammation."
24,"Immune, inflammation & HLA",HLA-DQB2,"major histocompatibility complex, class II, DQ beta 2",chr6,11,7,good,,"The beta chain partner of HLA-DQA2, expressed at low levels with an incompletely defined role. Included for locus completeness."
24,"Immune, inflammation & HLA",HLA-F,"major histocompatibility complex, class I, F",chr6,34,7,good,,Non-classical class I molecule with roles in NK regulation and at the maternal-fetal interface. Its function remains incompletely resolved.
24,"Immune, inflammation & HLA",HLA-L,"major histocompatibility complex, class I, L (pseudogene)",chr6,21,6,good,,"Class I pseudogene, transcribed at low levels with no known function. A regional rather than a functional signal."
24,"Immune, inflammation & HLA",IL6R,interleukin 6 receptor,chr1,24,6,good,,"The membrane IL-6 receptor giving classical, largely regenerative signalling; its soluble form instead drives pro-inflammatory trans-signalling. Which form predominates determines the direction of the IL-6 effect."
24,"Immune, inflammation & HLA",TLR4,toll like receptor 4,chr9,13,6,good,,Pattern recognition receptor for bacterial lipopolysaccharide and for endogenous danger signals released by tissue stress. The main route by which sterile psychological stress can engage innate immunity.
24,"Immune, inflammation & HLA",HLA-F-AS1,HLA-F antisense RNA 1,chr6,22,5,adequate,,Antisense transcript regulating HLA-F expression in cis. Indexes regulation of the locus rather than the molecule.
24,"Immune, inflammation & HLA",HLA-G,"major histocompatibility complex, class I, G",chr6,13,5,adequate,,"Non-classical class I molecule expressed by extravillous trophoblast to induce maternal immune tolerance of the fetus. The central molecule of maternal-fetal tolerance, and directly relevant to a pregnancy cohort."
24,"Immune, inflammation & HLA",IL10,interleukin 10,chr1,17,5,adequate,,"The principal anti-inflammatory cytokine, restraining and terminating the inflammatory response. The IL-6 to IL-10 balance is more informative than either measured alone."
24,"Immune, inflammation & HLA",IL12RB1,interleukin 12 receptor subunit beta 1,chr19,24,5,adequate,,Receptor subunit shared by IL-12 and IL-23; its deficiency causes mycobacterial susceptibility. The common receptor half of both pathways.
24,"Immune, inflammation & HLA",IL18,interleukin 18,chr11,12,5,adequate,,"Inflammasome-processed cytokine driving interferon gamma production, sharing activation machinery with IL1B but with a distinct downstream profile. The Th1-directing arm of inflammasome output."
24,"Immune, inflammation & HLA",TNF,tumor necrosis factor,chr6,27,5,adequate,,"Tumour necrosis factor, a central pro-inflammatory cytokine located inside the MHC region and a core CTRA gene. Its MHC position means methylation here may partly reflect haplotype."
24,"Immune, inflammation & HLA",HLA-B,"major histocompatibility complex, class I, B",chr6,17,4,adequate,,"Highly polymorphic class I molecule presenting intracellular peptides to CD8 T cells. Extreme sequence polymorphism means probe hybridisation itself varies by haplotype, so interpret with caution."
24,"Immune, inflammation & HLA",HLA-DOB,"major histocompatibility complex, class II, DO beta",chr6,8,4,adequate,,"The beta chain partner of HLA-DOA, completing the HLA-DM inhibitory complex. Non-functional without its partner."
24,"Immune, inflammation & HLA",IL12A-AS1,IL12A antisense RNA 1,chr3,14,4,adequate,,Antisense transcript regulating IL12A expression in cis. Indexes regulation of the locus rather than the cytokine.
24,"Immune, inflammation & HLA",IL12B,interleukin 12B,chr5,11,4,adequate,,"The p40 subunit shared by IL-12 and IL-23, so it feeds two different T helper programmes. A shared subunit whose regulation affects both Th1 and Th17 responses."
24,"Immune, inflammation & HLA",IL6,interleukin 6,chr7,14,4,adequate,,"Pleiotropic cytokine that is pro- or anti-inflammatory depending on whether it signals classically or by trans-signalling, and the most measured marker in psychoneuroimmunology. Its ambiguity is intrinsic, not a measurement problem."
24,"Immune, inflammation & HLA",CCL2,C-C motif chemokine ligand 2,chr17,11,3,adequate,,"MCP-1, recruiting monocytes into tissue and mediating the monocyte trafficking that underlies stress-induced inflammation. The chemotactic arm of the CTRA."
24,"Immune, inflammation & HLA",HLA-C,"major histocompatibility complex, class I, C",chr6,13,3,adequate,,Class I molecule presenting peptides to CD8 T cells and the main ligand for killer immunoglobulin receptors on NK cells. Bridges adaptive and innate recognition.
24,"Immune, inflammation & HLA",HLA-DOA,"major histocompatibility complex, class II, DO alpha",chr6,51,3,adequate,,"Modulator of HLA-DM activity in B cells and thymic epithelium, biasing which peptides are selected. A regulator of the regulator."
24,"Immune, inflammation & HLA",IL12RB2,interleukin 12 receptor subunit beta 2,chr1,21,3,adequate,,The IL-12-specific receptor subunit conferring Th1 selectivity. What distinguishes an IL-12 from an IL-23 response at the receptor.
24,"Immune, inflammation & HLA",IL6ST,interleukin 6 cytokine family signal transducer,chr5,17,3,adequate,,"gp130, the shared signal transducer for IL-6 and related cytokines and the obligatory partner for all IL-6 signalling. A single gene mediating an entire cytokine family."
24,"Immune, inflammation & HLA",HLA-DQA2,"major histocompatibility complex, class II, DQ alpha 2",chr6,5,2,limited - 2 probes,,"Class II alpha chain of the less-studied DQ2 pair, expressed mainly in Langerhans cells. Distinct in expression pattern from the classical HLA-DQA1."
24,"Immune, inflammation & HLA",HLA-DRA,"major histocompatibility complex, class II, DR alpha",chr6,17,2,limited - 2 probes,,"The invariant class II alpha chain, essentially monomorphic and pairing with any DR beta chain. Its constancy makes it the cleanest quantitative index of class II expression on the array."
24,"Immune, inflammation & HLA",HLA-DRB1,"major histocompatibility complex, class II, DR beta 1",chr6,4,2,limited - 2 probes,,"The most polymorphic class II gene and the site of the strongest genetic associations with autoimmune disease. Haplotype variation is extreme, so treat probe signal here cautiously."
24,"Immune, inflammation & HLA",HLA-DRB9,"major histocompatibility complex, class II, DR beta 9 (pseudogene)",chr6,2,2,limited - 2 probes,,Class II pseudogene fragment retained in the DR region. A haplotype and chromatin marker rather than a functional gene.
24,"Immune, inflammation & HLA",HLA-E,"major histocompatibility complex, class I, E",chr6,36,2,limited - 2 probes,,"Non-classical, minimally polymorphic class I molecule presenting leader peptides to NK cells as evidence that class I synthesis is intact. A self-integrity check rather than an antigen presenter."
24,"Immune, inflammation & HLA",HLA-H,"major histocompatibility complex, class I, H (pseudogene)",chr6,5,2,limited - 2 probes,,"Class I pseudogene retaining promoter and regulatory sequence but producing no protein. Useful as a regional chromatin readout, not as a functional gene."
24,"Immune, inflammation & HLA",IL1B,interleukin 1 beta,chr2,11,2,limited - 2 probes,,"Interleukin 1 beta, the prototypical pro-inflammatory cytokine released after inflammasome activation and a core CTRA response-to-adversity gene. Among the most consistently upregulated transcripts under chronic social threat."
24,"Immune, inflammation & HLA",IL6R-AS1,IL6R antisense RNA 1,chr1,5,2,limited - 2 probes,,"Antisense long non-coding RNA at the IL6R locus, regulating receptor expression in cis. Probes here index regulation of IL6R rather than IL6R itself."
24,"Immune, inflammation & HLA",HLA-DRB6,"major histocompatibility complex, class II, DR beta 6 (pseudogene)",chr6,1,1,SINGLE PROBE - cannot support a gene-level claim,,"Class II pseudogene present only on DR1, DR2 and DR10 haplotypes, disrupted by a retroviral insertion. Its very presence is haplotype-dependent."
24,"Immune, inflammation & HLA",HLA-J,"major histocompatibility complex, class I, J (pseudogene)",chr6,13,1,SINGLE PROBE - cannot support a gene-level claim,,"Class I pseudogene within the MHC, transcribed but never translated into a functional molecule. Interpret as a marker of the regulatory landscape."
24,"Immune, inflammation & HLA",HLA-K,"major histocompatibility complex, class I, K (pseudogene)",chr6,7,1,SINGLE PROBE - cannot support a gene-level claim,,Class I pseudogene in the MHC region with no protein product. Included because the array covers it and it reports on local chromatin.
24,"Immune, inflammation & HLA",ICAM1,intercellular adhesion molecule 1,chr19,14,1,SINGLE PROBE - cannot support a gene-level claim,,"Adhesion molecule enabling leukocytes to cross the endothelium into tissue, and elevated under chronic stress. The step converting circulating inflammation into tissue infiltration."
24,"Immune, inflammation & HLA",IL12A,interleukin 12A,chr3,14,1,SINGLE PROBE - cannot support a gene-level claim,,"The p35 subunit of IL-12, driving Th1 differentiation. Functional only when paired with IL12B, so its methylation must be read jointly with it."
24,"Immune, inflammation & HLA",NFKB1,nuclear factor kappa B subunit 1,chr4,23,1,SINGLE PROBE - cannot support a gene-level claim,,"The transcription factor at which most inflammatory signals converge, and the proposed molecular substrate of the conserved transcriptional response to adversity. The hub of the CTRA model."
24,"Immune, inflammation & HLA",C4A,complement C4A (Chido/Rodgers blood group),chr6,1,0,NO USABLE PROBE - all filtered out for low variance,,"Complement component 4A, whose copy number drives microglial synaptic pruning and provides the mechanism behind the strongest schizophrenia GWAS signal. Probes here may reflect copy number as much as methylation."
24,"Immune, inflammation & HLA",CRP,C-reactive protein,chr1,12,0,NO USABLE PROBE - all filtered out for low variance,,"C-reactive protein, the acute phase protein synthesised by liver under IL-6 control and the standard clinical inflammation marker. A downstream readout rather than a driver."
24,"Immune, inflammation & HLA",HLA-DRB5,"major histocompatibility complex, class II, DR beta 5",NA,0,0,NOT ON ARRAY - no EPIC v2 probe exists,,"Beta chain present only on certain DR haplotypes, notably DR15, and absent entirely in many people. Probe signal partly indexes haplotype presence rather than methylation."
24,"Immune, inflammation & HLA",HLA-S,"major histocompatibility complex, class I, S (pseudogene)",NA,0,0,NOT ON ARRAY - no EPIC v2 probe exists,,Class I pseudogene fragment in the MHC. Reports on chromatin state of the region rather than on any gene product.
24,"Immune, inflammation & HLA",TRAC,T cell receptor alpha constant,NA,0,0,NOT ON ARRAY - no EPIC v2 probe exists,,"T cell receptor alpha constant region; its methylation and rearrangement status index alpha-beta T cell abundance. Effectively a cell composition marker, which matters given the EpiDISH deconvolution in this pipeline."
24,"Immune, inflammation & HLA",TRDC,T cell receptor delta constant,NA,0,0,NOT ON ARRAY - no EPIC v2 probe exists,,"T cell receptor delta constant region, marking the gamma-delta lineage, and deleted during alpha-beta commitment. Its retention indexes an unconventional T cell population."
24,"Immune, inflammation & HLA",TRGC1,T cell receptor gamma constant 1,NA,0,0,NOT ON ARRAY - no EPIC v2 probe exists,,"T cell receptor gamma constant region 1, marking gamma-delta T cells, which are enriched at mucosal surfaces including oral mucosa. Directly relevant to saliva-derived samples."
24,"Immune, inflammation & HLA",TRGC2,T cell receptor gamma constant 2,chr7,1,0,NO USABLE PROBE - all filtered out for low variance,,"The second gamma constant region, used by a distinct gamma-delta subset. Complements TRGC1 as a lineage marker."
25,Social-synaptic & psychiatric risk,NLGN3,neuroligin 3,chrX,19,17,good,X-linked: X-inactivation makes female values a two-allele average - analyse within sex or model sex explicitly,X-linked neuroligin whose R451C mutation was among the first identified monogenic causes of autism. Its X-linkage requires within-sex analysis.
25,Social-synaptic & psychiatric risk,NRG1,neuregulin 1,chr8,43,15,good,,"Neuregulin 1, signalling through ERBB4 to regulate myelination, interneuron development and NMDA receptor function. A historically central schizophrenia candidate gene."
25,Social-synaptic & psychiatric risk,MEF2C,myocyte enhancer factor 2C,chr5,53,14,good,,Activity-dependent transcription factor driving synapse elimination; its haploinsufficiency causes intellectual disability with limited speech. The transcriptional controller of synaptic pruning.
25,Social-synaptic & psychiatric risk,NRXN1,neurexin 1,chr2,49,13,good,,"Presynaptic adhesion molecule with thousands of splice isoforms, and one of the most robust copy number associations across autism and schizophrenia. Deletion here is an established psychiatric risk factor."
25,Social-synaptic & psychiatric risk,FOXP2,forkhead box P2,chr7,22,12,good,,"Transcription factor whose disruption causes a severe speech and language disorder in the KE family, the first gene implicated in human language. Acts by repressing a large downstream programme including CNTNAP2."
25,Social-synaptic & psychiatric risk,NRXN2,neurexin 2,chr11,43,10,good,,Neurexin family member contributing to presynaptic organisation with a distinct isoform repertoire. Less strongly implicated than NRXN1 but mechanistically parallel.
25,Social-synaptic & psychiatric risk,NLGN2,neuroligin 2,chr17,23,7,good,,"The inhibitory counterpart, localising exclusively to GABAergic synapses. With NLGN1 it sets the excitation-inhibition ratio structurally."
25,Social-synaptic & psychiatric risk,NRXN3,neurexin 3,chr14,48,7,good,,Neurexin implicated in addiction and obesity as well as synaptic organisation. The family member with the clearest non-psychiatric associations.
25,Social-synaptic & psychiatric risk,AUTS2,activator of transcription and developmental regulator AUTS2,chr7,43,4,adequate,,"Neurodevelopmental regulator of neurite outgrowth and a Polycomb-associated transcriptional regulator, lying in a region of accelerated human evolution. Both a synaptic and a chromatin gene."
25,Social-synaptic & psychiatric risk,CNTNAP2,contactin associated protein 2,chr7,18,4,adequate,,"CASPR2, a neurexin superfamily member regulating potassium channel clustering and cortical development; recessive mutations cause cortical dysplasia with focal epilepsy. Also a FOXP2 target, which links it to language."
25,Social-synaptic & psychiatric risk,NLGN1,neuroligin 1,chr3,31,4,adequate,,Postsynaptic adhesion molecule specifying excitatory synapses by binding presynaptic neurexins. Determines synapse type rather than synapse number.
25,Social-synaptic & psychiatric risk,RELN,reelin,chr7,21,4,adequate,,"Reelin, guiding neuronal migration during cortical layering and modulating adult plasticity; its promoter hypermethylation is a long-standing schizophrenia finding. One of the earliest psychiatric methylation candidates."
25,Social-synaptic & psychiatric risk,DTNBP1,dystrobrevin binding protein 1,chr6,19,3,adequate,,"Dysbindin, regulating vesicular trafficking and glutamate release; reduced prefrontal expression in schizophrenia is well documented despite weak GWAS support. A case where expression evidence outran genetic evidence."
25,Social-synaptic & psychiatric risk,CHRNA7,cholinergic receptor nicotinic alpha 7 subunit,chr15,15,2,limited - 2 probes,,"Alpha-7 nicotinic receptor mediating sensory gating, with a partial duplication that complicates both genotyping and probe interpretation. The molecular basis of the P50 gating deficit in schizophrenia."
25,Social-synaptic & psychiatric risk,ERBB4,erb-b2 receptor tyrosine kinase 4,chr2,18,2,limited - 2 probes,,"The NRG1 receptor, concentrated on parvalbumin interneurons where it regulates inhibitory tone. Where the neuregulin signal is actually received."
25,Social-synaptic & psychiatric risk,NLGN4X,neuroligin 4 X-linked,chrX,15,2,limited - 2 probes,X-linked: X-inactivation makes female values a two-allele average - analyse within sex or model sex explicitly,"X-linked neuroligin with the strongest autism association in the family, and partially escaping X-inactivation. Both its linkage and its partial escape complicate methylation interpretation."
26,Thyroid & neurodevelopment,DIO2,iodothyronine deiodinase 2,chr14,16,9,good,,"Deiodinase 2, generating T3 locally within brain and pituitary so that tissue T3 is regulated independently of blood levels. The reason serum thyroid measures understate brain exposure."
26,Thyroid & neurodevelopment,DIO3,iodothyronine deiodinase 3,chr14,29,5,adequate,,"Deiodinase 3, inactivating thyroid hormone and highly expressed in placenta, where it shields the fetus from maternal T3. It also sits in the imprinted DLK1-MEG3 locus, belonging to both systems."
26,Thyroid & neurodevelopment,THRA,thyroid hormone receptor alpha,chr17,28,5,adequate,,"Thyroid hormone receptor alpha, dominant in brain, heart and bone and the principal mediator of thyroid effects on neurodevelopment. The receptor through which maternal thyroid status reaches the fetal brain."
26,Thyroid & neurodevelopment,TSHR,thyroid stimulating hormone receptor,chr14,22,4,adequate,,"The TSH receptor on thyroid follicular cells, driving hormone synthesis and the target of stimulating autoantibodies in Graves disease. The single relay from pituitary to thyroid."
26,Thyroid & neurodevelopment,DIO1,iodothyronine deiodinase 1,chr1,11,3,adequate,,"Deiodinase 1, converting T4 to active T3 mainly in liver and kidney and contributing to the circulating T3 pool. The systemic activation route."
26,Thyroid & neurodevelopment,THRB,thyroid hormone receptor beta,chr3,27,1,SINGLE PROBE - cannot support a gene-level claim,,"Thyroid hormone receptor beta, dominant in liver and in pituitary feedback; its mutation causes resistance to thyroid hormone. The receptor governing the axis's own set point."
27,Appetite & metabolic programming,GHRL,ghrelin and obestatin prepropeptide,chr3,20,9,good,,"Ghrelin, the only known circulating orexigenic hormone, rising before meals and also acting on reward and stress circuits. The hunger signal, with a secondary role in stress coping."
27,Appetite & metabolic programming,PPARG,peroxisome proliferator activated receptor gamma,chr3,34,9,good,,The master transcriptional regulator of adipocyte differentiation and the target of thiazolidinediones. Determines how many fat cells form and how insulin-sensitive they are.
27,Appetite & metabolic programming,PPARGC1A,PPARG coactivator 1 alpha,chr4,22,9,good,,"PGC-1 alpha, the coactivator driving mitochondrial biogenesis in response to exercise and cold; its promoter methylation responds to a single bout of acute exercise. One of the few loci with demonstrated short-term environmental methylation change in humans."
27,Appetite & metabolic programming,MC3R,melanocortin 3 receptor,chr20,10,7,good,,"Melanocortin 3 receptor, regulating energy partitioning and, as recently shown, the timing of puberty in relation to nutritional state. Links this system to the HPG axis."
27,Appetite & metabolic programming,CARTPT,CART prepropeptide,chr5,16,6,good,,"Cocaine- and amphetamine-regulated transcript, an anorexigenic peptide co-expressed with POMC in hypothalamic neurons. Reinforces the satiety arm."
27,Appetite & metabolic programming,LEP,leptin,chr7,9,6,good,,"Leptin, secreted by adipose tissue in proportion to fat mass and signalling energy sufficiency to the hypothalamus. Its promoter methylation in cord blood is a leading marker of prenatal metabolic programming."
27,Appetite & metabolic programming,IGF1,insulin like growth factor 1,chr12,13,4,adequate,,"Insulin-like growth factor 1, the principal mediator of growth hormone action and a determinant of fetal and postnatal growth. Directly relevant to the birth weight phenotypes in this cohort."
27,Appetite & metabolic programming,INS,insulin,chr11,13,4,adequate,,"Insulin, whose variable number tandem repeat is imprinted and associated with birth weight and type 1 diabetes. Metabolic and imprinted at once."
27,Appetite & metabolic programming,AGRP,agouti related neuropeptide,chr16,11,3,adequate,,"Agouti-related peptide, an inverse agonist at MC4R that actively drives feeding, opposing alpha-MSH. The orexigenic half of the melanocortin balance."
27,Appetite & metabolic programming,IGF1R,insulin like growth factor 1 receptor,chr15,53,3,adequate,,"The IGF-1 receptor mediating growth and, in model organisms, extending lifespan when signalling is reduced. Links growth programming to ageing."
27,Appetite & metabolic programming,MC4R,melanocortin 4 receptor,chr18,10,3,adequate,,"Melanocortin 4 receptor, the downstream effector of POMC-derived alpha-MSH and the commonest monogenic cause of obesity. Also the point at which the POMC precursor serves appetite rather than the HPA axis."
27,Appetite & metabolic programming,FTO,FTO alpha-ketoglutarate dependent dioxygenase,chr16,28,1,SINGLE PROBE - cannot support a gene-level claim,,"The strongest common obesity locus, acting through long-range regulation of IRX3 and IRX5 rather than on itself, and separately an m6A RNA demethylase. Its methylation is not simply an obesity readout."
27,Appetite & metabolic programming,LEPR,leptin receptor,chr1,25,1,SINGLE PROBE - cannot support a gene-level claim,,"The leptin receptor; signalling defects here produce leptin resistance, in which high leptin fails to suppress appetite. Explains why obesity coexists with elevated leptin."
28,"Ageing, epigenetic clocks & telomere",FHL2,four and a half LIM domains 2,chr2,32,11,good,,"Four and a half LIM domains 2, a transcriptional cofactor whose promoter methylation increases robustly with age across tissues. A standard component of forensic age prediction panels."
28,"Ageing, epigenetic clocks & telomere",RTEL1,regulator of telomere elongation helicase 1,chr20,27,10,good,,"Helicase resolving telomeric secondary structures during replication; its mutation causes Hoyeraal-Hreidarsson syndrome, a severe telomere biology disorder. Required to replicate the telomere at all."
28,"Ageing, epigenetic clocks & telomere",TERT,telomerase reverse transcriptase,chr5,42,8,good,,"The catalytic subunit of telomerase, rate-limiting for telomere maintenance; its promoter is the most frequently mutated non-coding region in cancer. Methylation here has a paradoxical positive relationship with expression."
28,"Ageing, epigenetic clocks & telomere",ASPA,aspartoacylase,chr17,18,6,good,,"Aspartoacylase, whose deficiency causes Canavan disease and whose promoter methylation is a well-validated age marker. Its clock utility is unrelated to its metabolic function."
28,"Ageing, epigenetic clocks & telomere",EDARADD,EDAR associated via death domain,chr1,15,5,adequate,,"Adaptor in ectodysplasin signalling whose methylation decreases with age, giving a marker that moves opposite to most others. That directionality is itself what makes it useful in a panel."
28,"Ageing, epigenetic clocks & telomere",ELOVL2,ELOVL fatty acid elongase 2,chr6,10,5,adequate,,Fatty acid elongase whose promoter shows the strongest and most reproducible age-related hypermethylation of any locus in the human genome. The single best univariate methylation age predictor known.
28,"Ageing, epigenetic clocks & telomere",KLF14,KLF transcription factor 14,chr7,22,2,limited - 2 probes,,"Maternally imprinted transcription factor acting as a master regulator of adipose gene expression, and age-associated in its methylation. Imprinted and age-related simultaneously."
28,"Ageing, epigenetic clocks & telomere",POT1,protection of telomeres 1,chr7,14,2,limited - 2 probes,,"Protection of telomeres 1, binding the single-stranded overhang and regulating telomerase access. Its mutation causes familial melanoma and glioma through telomere lengthening."
28,"Ageing, epigenetic clocks & telomere",TERF1,telomeric repeat binding factor 1,chr8,14,2,limited - 2 probes,,"TRF1, a shelterin component binding double-stranded telomeric DNA and negatively regulating telomere length. The main length-sensing brake."
28,"Ageing, epigenetic clocks & telomere",TERF2,telomeric repeat binding factor 2,chr16,21,2,limited - 2 probes,,"TRF2, the shelterin component preventing the telomere end from being read as a double-strand break. Protects against end-to-end fusion rather than setting length."
28,"Ageing, epigenetic clocks & telomere",TRIM59,tripartite motif containing 59,chr3,18,2,limited - 2 probes,,Tripartite motif protein whose methylation is a consistent age marker and a component of several forensic age models. Included as a clock marker rather than for its immune function.
29,Oxidative stress & mitochondria,SOD2,superoxide dismutase 2,chr6,44,12,good,,"The mitochondrial manganese superoxide dismutase, handling superoxide at its main site of production. The most consequential antioxidant enzyme for mitochondrial integrity."
29,Oxidative stress & mitochondria,NFE2L2,NFE2 like bZIP transcription factor 2,chr2,52,4,adequate,,"NRF2, the master transcription factor inducing the entire antioxidant response programme once oxidative stress is detected. Coordinate control of everything else in this system."
29,Oxidative stress & mitochondria,NQO1,NAD(P)H quinone dehydrogenase 1,chr16,16,3,adequate,,Quinone reductase performing two-electron reduction to avoid generating radical intermediates; a common null polymorphism is frequent in some populations. A detoxification enzyme with substantial genetic variation.
29,Oxidative stress & mitochondria,CAT,catalase,chr11,15,2,limited - 2 probes,,"Catalase, decomposing hydrogen peroxide to water at extremely high turnover, mainly in peroxisomes. Handles bulk peroxide where GPX1 handles low concentrations."
29,Oxidative stress & mitochondria,GPX1,glutathione peroxidase 1,chr3,14,2,limited - 2 probes,,"Glutathione peroxidase 1, reducing hydrogen peroxide using glutathione and requiring selenium. Links selenium status to antioxidant capacity, as SELENON does for calcium handling."
29,Oxidative stress & mitochondria,SOD1,superoxide dismutase 1,chr21,16,2,limited - 2 probes,,"Cytosolic copper-zinc superoxide dismutase, the first line of defence against cytosolic superoxide; its mutation causes familial ALS through toxic gain of function. Loss and gain of function here have entirely different consequences."
29,Oxidative stress & mitochondria,TFAM,"transcription factor A, mitochondrial",chr10,16,0,NO USABLE PROBE - all filtered out for low variance,,"Mitochondrial transcription factor A, packaging mitochondrial DNA and determining copy number. Mitochondrial DNA copy number is itself an increasingly used stress biomarker."
30,Pharmacogenes,CYP2D6,cytochrome P450 family 2 subfamily D member 6 (gene/pseudogene),chr22,4,1,SINGLE PROBE - cannot support a gene-level claim,,"Metabolises roughly a quarter of prescribed drugs including most antidepressants and antipsychotics, with copy number ranging from zero to more than ten. Probe signal here is heavily confounded by copy number, so interpret methylation with real caution."
30,Pharmacogenes,CYP3A4,cytochrome P450 family 3 subfamily A member 4,chr7,3,0,NO USABLE PROBE - all filtered out for low variance,,"The single most important drug-metabolising enzyme, handling around half of all clinical drugs and strongly inducible by exposure. Its inducibility makes methylation here potentially exposure-responsive rather than merely constitutive."
