probe,column,gene,system_id,system,input,requested_gene,best_direction,best_label,best_confidence,best_evidence,best_tier,best_expected_accuracy,direction_uncertain,best_direction_filled,best_direction_flipped,smr_direction,smr_tier,smr_p,smr_n_instruments,smr_gene_dist,smr_agreement,consensus_direction,n_tissues_calling,tissue_agreement,gene_blood,dir_blood,conf_blood,tier_blood,status_blood,gene_nasal,dir_nasal,conf_nasal,tier_nasal,status_nasal,gene_solid,dir_solid,conf_solid,tier_solid,status_solid,gene_universal,dist_universal,dir_universal,p_universal,agree_universal,dist_unanimous,dist_dir_blood,dist_dir_nasal,dist_dir_solid,measured_genes,measured_tissues,measured_direction,measured_direction_requested,annotation_mismatch,mismatch_note,note,p_conf,p_plus
cg00036871,cg00036871_TC11_T1_INHA,INHA,5,"HPG axis, puberty & KNDy",cg00036871,INHA,,,,no_evidence,,,FALSE,,,,,,,,,,0,,,,,,UNMAPPED,OBSL1,,0.9158,A,REQUESTED_GENE_UNAVAILABLE,OBSL1,,0.4326,A,REQUESTED_GENE_UNAVAILABLE,,,,,,,,,,,,,,,"",no catalogue holds this CpG-gene pair and no distance could be computed,,
cg00039463,cg00039463_BC11_T1_CREBBP,CREBBP,20,Epigenetic machinery,cg00039463,CREBBP,,,,no_evidence,,,FALSE,,,,,,,,,,0,,DNASE1,,0.1077,B,REQUESTED_GENE_UNAVAILABLE,ADCY9,,0.31,A,REQUESTED_GENE_UNAVAILABLE,DNASE1,,0.0131,A,REQUESTED_GENE_UNAVAILABLE,,,,,,,,,,,,,,,"",no catalogue holds this CpG-gene pair and no distance could be computed,,
cg00040455,cg00040455_BC21_T1_NR0B1,NR0B1,3,Steroidogenesis (adrenal & gonadal),cg00040455,NR0B1,,,,no_evidence,,,FALSE,,,,,,,,,,0,,,,,,UNMAPPED,,,,,UNMAPPED,,,,,UNMAPPED,,,,,,,,,,,,,,,"",no catalogue holds this CpG-gene pair and no distance could be computed,,
cg00056257,cg00056257_TC21_T1_GRM7,GRM7,16,Glutamate & synaptic scaffolding,cg00056257,GRM7,,,,no_evidence,,,FALSE,,,,,,,,,,0,,,,,,UNMAPPED,,,,,UNMAPPED,PHF13,,0.0131,B,REQUESTED_GENE_UNAVAILABLE,,,,,,,,,,,,,,,"",no catalogue holds this CpG-gene pair and no distance could be computed,,
cg00061695,cg00061695_TC21_T1_NLGN2,NLGN2,25,Social-synaptic & psychiatric risk,cg00061695,NLGN2,1,higher methylation -> HIGHER expression,,smr_moderate,A,"0.84-0.86 (SMR tier S2, single instrument; validated n=6,008)",FALSE,1,1,1,S2,2.909e-13,1,4372,TRUE,,1,1,TNK1,,0.2712,A,REQUESTED_GENE_UNAVAILABLE,NLGN2,,0.0501,A,ABSTAIN,NLGN2,-1,0.4326,A,PREDICTED,,,,,,,,,,,,,,,"",causal direction from SMR (blood); consistent with methylation affecting expression AND with linkage - HEIDI not run,0.7,0.85
cg00066816,cg00066816_TC21_T1_IL12B,IL12B,24,"Immune, inflammation & HLA",cg00066816,IL12B,,,,no_evidence,,,FALSE,,,,,,,,,,0,,,,,,UNMAPPED,,,,,UNMAPPED,SERAC1,,0.0131,B,REQUESTED_GENE_UNAVAILABLE,,,,,,,,,,,,,,,"",no catalogue holds this CpG-gene pair and no distance could be computed,,
cg00078348,cg00078348_TC21_T1_HTR3A,HTR3A,9,Serotonin,cg00078348,HTR3A,1,higher methylation -> HIGHER expression,,smr_moderate,,"0.84-0.86 (SMR tier S2, single instrument; validated n=6,008)",FALSE,1,1,1,S2,2.111e-10,1,7832,TRUE,,0,,,,,,UNMAPPED,,,,,UNMAPPED,,,,,UNMAPPED,,,,,,,,,,,,,,,"",causal direction from SMR (blood); consistent with methylation affecting expression AND with linkage - HEIDI not run,0.7,0.85
cg00082219,cg00082219_TC21_T1_FEV,FEV,9,Serotonin,cg00082219,FEV,,,,no_evidence,,,FALSE,,,,,,,,,,0,,LOC285181,,0.2377,B,REQUESTED_GENE_UNAVAILABLE,CYP27A1,,0.1453,A,REQUESTED_GENE_UNAVAILABLE,ZFAND2B,,0.0131,B,REQUESTED_GENE_UNAVAILABLE,,,,,,,,,,,,,,,"",no catalogue holds this CpG-gene pair and no distance could be computed,,
cg00083700,cg00083700_BC11_T1_AANAT,AANAT,23,Circadian & melatonin,cg00083700,AANAT,,,,no_evidence,,,FALSE,,,,,,,,,,0,,AC079325.1,,0.0733,A,REQUESTED_GENE_UNAVAILABLE,RHBDF2,,0.3197,A,REQUESTED_GENE_UNAVAILABLE,CYGB,,0.1124,B,REQUESTED_GENE_UNAVAILABLE,,,,,,,,,,,,,,,"",no catalogue holds this CpG-gene pair and no distance could be computed,,
cg00089566,cg00089566_TC21_T1_GRIN2C,GRIN2C,16,Glutamate & synaptic scaffolding,cg00089566,GRIN2C,,,,no_evidence,,,FALSE,,,,,,,,,,0,,ARHGEF28,,0.0365,B,REQUESTED_GENE_UNAVAILABLE,NAT9,,0.139,B,REQUESTED_GENE_UNAVAILABLE,SLC16A5,,0.2414,B,REQUESTED_GENE_UNAVAILABLE,,,,,,,,,,,,,,,"",no catalogue holds this CpG-gene pair and no distance could be computed,,
cg00105415,cg00105415_TC21_T1_EGR2,EGR2,18,Neurotrophins & activity-dependent plasticity,cg00105415,EGR2,,,,no_evidence,,,FALSE,,,,,,,,,,0,,,,,,UNMAPPED,ADO,,0.3771,A,REQUESTED_GENE_UNAVAILABLE,,,,,UNMAPPED,,,,,,,,,,,,,,,"",no catalogue holds this CpG-gene pair and no distance could be computed,,
cg00121904,cg00121904_TC21_T1_MAOB,MAOB,11,"Monoamine synthesis, transport & degradation",cg00121904,MAOB,,,,no_evidence,,,FALSE,,,,,,,,,,0,,,,,,UNMAPPED,,,,,UNMAPPED,,,,,UNMAPPED,,,,,,,,,,,,,,,"",no catalogue holds this CpG-gene pair and no distance could be computed,,
cg00125300,cg00125300_BC21_T1_NRXN3,NRXN3,25,Social-synaptic & psychiatric risk,cg00125300,NRXN3,,,,no_evidence,,,FALSE,,,,,,,,,,0,,,,,,UNMAPPED,NRXN3,,0.1556,B,ABSTAIN,,,,,UNMAPPED,,,,,,,,,,,,,,,"",no catalogue holds this CpG-gene pair and no distance could be computed,,
cg00140754,cg00140754_BC21_T1_RXFP1,RXFP1,7,"Pregnancy, parturition & lactation",cg00140754,RXFP1,,,,no_evidence,,,FALSE,,,,,,,,,,0,,C4ORF46,,0.0365,B,REQUESTED_GENE_UNAVAILABLE,C4ORF46,,0.0694,B,REQUESTED_GENE_UNAVAILABLE,,,,,UNMAPPED,,,,,,,,,,,,,,,"",no catalogue holds this CpG-gene pair and no distance could be computed,,
cg00141330,cg00141330_BC21_T1_PDE4D,PDE4D,19,GPCR signalling & second messengers,cg00141330,PDE4D,,,,no_evidence,,,FALSE,,,,,,,,,,0,,ZNF329,,0.1897,B,REQUESTED_GENE_UNAVAILABLE,ZNF587B,,0.1556,B,REQUESTED_GENE_UNAVAILABLE,C14ORF37,,0.1667,B,REQUESTED_GENE_UNAVAILABLE,,,,,,,,,,,,,,,"",no catalogue holds this CpG-gene pair and no distance could be computed,,
cg00146500,cg00146500_BC21_T1_TSC22D3,TSC22D3,2,HPA axis & glucocorticoid signalling,cg00146500,TSC22D3,,,,no_evidence,,,FALSE,,,,,,,,,,0,,,,,,UNMAPPED,,,,,UNMAPPED,,,,,UNMAPPED,,,,,,,,,,,,,,,"",no catalogue holds this CpG-gene pair and no distance could be computed,,
cg00155351,cg00155351_BC21_T1_PDYN,PDYN,12,Opioid & melanocortin,cg00155351,PDYN,,,,no_evidence,,,FALSE,,,,,,,,,,0,,,,,,UNMAPPED,LOC388780,,0.1239,B,REQUESTED_GENE_UNAVAILABLE,,,,,UNMAPPED,,,,,,,,,,,,,,,"",no catalogue holds this CpG-gene pair and no distance could be computed,,
cg00156633,cg00156633_TC21_T1_HTR4,HTR4,9,Serotonin,cg00156633,HTR4,,,,no_evidence,,,FALSE,,,,,,,,,,0,,,,,,UNMAPPED,,,,,UNMAPPED,,,,,UNMAPPED,,,,,,,,,,,,,,,"",no catalogue holds this CpG-gene pair and no distance could be computed,,
cg00168184,cg00168184_TC11_T1_MEG3,MEG3,21,Imprinted genes & DMRs,cg00168184,MEG3,-1,higher methylation -> LOWER expression,0.4729,catalogue_single,A,"0.62-0.87 (tier A, one tissue only)",FALSE,-1,-1,,,,,,,,1,1,MEG3,-1,0.4729,A,PREDICTED,,,,,UNMAPPED,,,,,UNMAPPED,,,,,,,,,,,,,,,"",only one tissue called; no cross-tissue corroboration,0.4729,0.26355
cg00174076,cg00174076_BC21_T1_ERBB4,ERBB4,25,Social-synaptic & psychiatric risk,cg00174076,ERBB4,-1,higher methylation -> LOWER expression,0.5586,catalogue_consensus,A,"0.77-0.87 (tier A, tissues agree)",FALSE,-1,-1,,,,,,,-1,2,1,,,,,UNMAPPED,ERBB4,-1,0.6433,A,PREDICTED,ERBB4,-1,0.474,A,PREDICTED,,,,,,,,,,,,,,,"","",0.5586,0.2207
cg00181439,cg00181439_TC21_T1_HTR1B,HTR1B,9,Serotonin,cg00181439,HTR1B,,,,no_evidence,,,FALSE,,,,,,,,,,0,,LHFPL2,,0.126,A,REQUESTED_GENE_UNAVAILABLE,,,,,UNMAPPED,LHFPL2,,0.0131,B,REQUESTED_GENE_UNAVAILABLE,,,,,,,,,,,,,,,"",no catalogue holds this CpG-gene pair and no distance could be computed,,
cg00194126,cg00194126_BC21_T1_NR4A2,NR4A2,8,Dopamine,cg00194126,NR4A2,,,,no_evidence,,,FALSE,,,,,,,,,,0,,FLJ46875,,0.4729,A,REQUESTED_GENE_UNAVAILABLE,,,,,UNMAPPED,,,,,UNMAPPED,,,,,,,,,,,,,,,"",no catalogue holds this CpG-gene pair and no distance could be computed,,
cg00201945,cg00201945_TC21_T1_PRKACB,PRKACB,19,GPCR signalling & second messengers,cg00201945,PRKACB,,,,no_evidence,,,FALSE,,,,,,,,,,0,,USP10,,0.289,B,REQUESTED_GENE_UNAVAILABLE,PRKACB,,0.0694,B,ABSTAIN,,,,,UNMAPPED,,,,,,,,,,,,,,,"",no catalogue holds this CpG-gene pair and no distance could be computed,,
cg00202441,cg00202441_BC21_T1_GABRB1,GABRB1,17,GABA & excitation-inhibition balance,cg00202441,GABRB1,,,,no_evidence,,,FALSE,,,,,,,,,,0,,SNORD67,,0.0153,B,REQUESTED_GENE_UNAVAILABLE,,,,,UNMAPPED,,,,,UNMAPPED,,,,,,,,,,,,,,,"",no catalogue holds this CpG-gene pair and no distance could be computed,,
cg00202711,cg00202711_BC21_T1_HTR2C,HTR2C,9,Serotonin,cg00202711,HTR2C,,,,no_evidence,,,FALSE,,,,,,,,,,0,,,,,,UNMAPPED,,,,,UNMAPPED,,,,,UNMAPPED,,,,,,,,,,,,,,,"",no catalogue holds this CpG-gene pair and no distance could be computed,,
cg00215587,cg00215587_TC11_T1_MKRN3,MKRN3,21,Imprinted genes & DMRs,cg00215587,MKRN3,,,,no_evidence,,,FALSE,,,,,,,,,,0,,NR1D2,,0.7056,A,REQUESTED_GENE_UNAVAILABLE,,,,,UNMAPPED,,,,,UNMAPPED,,,,,,,,,,,,,,,"",no catalogue holds this CpG-gene pair and no distance could be computed,,
cg00217795,cg00217795_BC21_T1_DIO2,DIO2,26,Thyroid & neurodevelopment,cg00217795,DIO2,-1,higher methylation -> LOWER expression,0.31,catalogue_single,A,"0.62-0.87 (tier A, one tissue only)",FALSE,-1,-1,,,,,,,,1,1,,,,,UNMAPPED,DIO2,-1,0.31,A,PREDICTED,FAH,,0.2027,B,REQUESTED_GENE_UNAVAILABLE,,,,,,,,,,,,,,,"",only one tissue called; no cross-tissue corroboration,0.31,0.345
cg00220102,cg00220102_TC11_T1_ABAT,ABAT,17,GABA & excitation-inhibition balance,cg00220102,ABAT,1,higher methylation -> HIGHER expression,1,measured,A,"~1.00 (measured, not predicted)",FALSE,1,1,1,S2,2.388e-201,1,16671,TRUE,,1,1,ABAT,1,1,A,DIRECT_eQTM,ABAT,,0.1453,B,ABSTAIN,RERE,,0.3688,B,REQUESTED_GENE_UNAVAILABLE,,,,,,,,,,ABAT,blood,ABAT:+1,1,FALSE,"","",1,1
cg00220369,cg00220369_BC21_T1_GABRA6,GABRA6,17,GABA & excitation-inhibition balance,cg00220369,GABRA6,,,,no_evidence,,,FALSE,,,,,,,,,,0,,,,,,UNMAPPED,,,,,UNMAPPED,,,,,UNMAPPED,,,,,,,,,,,,,,,"",no catalogue holds this CpG-gene pair and no distance could be computed,,
cg00220677,cg00220677_BC21_T1_PRLR,PRLR,6,Libido & sexual function,cg00220677,PRLR,,,,no_evidence,,,FALSE,,,,,,,,,,0,,CREM,,0.1934,B,REQUESTED_GENE_UNAVAILABLE,,,,,UNMAPPED,CREM,,0.1124,B,REQUESTED_GENE_UNAVAILABLE,,,,,,,,,,,,,,,"",no catalogue holds this CpG-gene pair and no distance could be computed,,
cg00223043,cg00223043_TC21_T1_TCN2,TCN2,22,One-carbon metabolism,cg00223043,TCN2,,,,no_evidence,,,FALSE,,,,,,,,,,0,,SEC14L6,,0.1077,A,REQUESTED_GENE_UNAVAILABLE,SLC35E4,,0.4852,A,REQUESTED_GENE_UNAVAILABLE,,,,,UNMAPPED,,,,,,,,,,,,,,,"",no catalogue holds this CpG-gene pair and no distance could be computed,,
cg00223677,cg00223677_BC21_T1_DLG3,DLG3,16,Glutamate & synaptic scaffolding,cg00223677,DLG3,,,,no_evidence,,,FALSE,,,,,,,,,,0,,,,,,UNMAPPED,,,,,UNMAPPED,,,,,UNMAPPED,,,,,,,,,,,,,,,"",no catalogue holds this CpG-gene pair and no distance could be computed,,
cg00231389,cg00231389_TC21_T1_ABAT,ABAT,17,GABA & excitation-inhibition balance,cg00231389,ABAT,1,higher methylation -> HIGHER expression,1,measured,A,"~1.00 (measured, not predicted)",FALSE,1,1,1,S2,5.584e-64,1,16674,TRUE,,1,1,ABAT,1,1,A,DIRECT_eQTM,ABAT,,0.1453,B,ABSTAIN,RERE,,0.3688,B,REQUESTED_GENE_UNAVAILABLE,,,,,,,,,,ABAT,blood,ABAT:+1,1,FALSE,"","",1,1
cg00247334,cg00247334_BC21_T1_OXTR,OXTR,1,"Oxytocin, vasopressin & CICR",cg00247334,OXTR,-1,higher methylation -> LOWER expression,0.8169,catalogue_single,B,"0.55-0.84 (tier B, one tissue only)",FALSE,-1,-1,,,,,,,,1,1,TRIM66,,0.126,B,REQUESTED_GENE_UNAVAILABLE,OXTR,-1,0.8169,B,PREDICTED,TRIM66,,0.1474,A,REQUESTED_GENE_UNAVAILABLE,,,,,,,,,,,,,,,"",only one tissue called; no cross-tissue corroboration,0.8169,0.09155
cg00266433,cg00266433_TC21_T1_PDE4D,PDE4D,19,GPCR signalling & second messengers,cg00266433,PDE4D,,,,no_evidence,,,FALSE,,,,,,,,,,0,,,,,,UNMAPPED,,,,,UNMAPPED,,,,,UNMAPPED,,,,,,,,,,,,,,,"",no catalogue holds this CpG-gene pair and no distance could be computed,,
cg00267746,cg00267746_TC11_T1_GNAS,GNAS,19,GPCR signalling & second messengers,cg00267746,GNAS,,,,no_evidence,,,FALSE,,,,,,,,,,0,,CTSZ,,0.6537,A,REQUESTED_GENE_UNAVAILABLE,CTSZ,,0.3409,B,REQUESTED_GENE_UNAVAILABLE,,,,,UNMAPPED,,,,,,,,,,,,,,,"",no catalogue holds this CpG-gene pair and no distance could be computed,,
cg00273464,cg00273464_BC11_T1_IGF2,IGF2,21,Imprinted genes & DMRs,cg00273464,IGF2,1,higher methylation -> HIGHER expression,,smr_moderate,,"0.84-0.86 (SMR tier S2, single instrument; validated n=6,008)",FALSE,1,1,1,S2,1.814e-09,1,9825,TRUE,,0,,MAD1L1,,0.1971,A,REQUESTED_GENE_UNAVAILABLE,CD81,,0.3639,A,REQUESTED_GENE_UNAVAILABLE,MAD1L1,,0.0131,B,REQUESTED_GENE_UNAVAILABLE,,,,,,,,,,,,,,,"",causal direction from SMR (blood); consistent with methylation affecting expression AND with linkage - HEIDI not run,0.7,0.85
cg00281530,cg00281530_BC21_T1_NLGN4X,NLGN4X,25,Social-synaptic & psychiatric risk,cg00281530,NLGN4X,,,,no_evidence,,,FALSE,,,,,,,,,,0,,,,,,UNMAPPED,,,,,UNMAPPED,,,,,UNMAPPED,,,,,,,,,,,,,,,"",no catalogue holds this CpG-gene pair and no distance could be computed,,
cg00287826,cg00287826_TC21_T1_TLR4,TLR4,24,"Immune, inflammation & HLA",cg00287826,TLR4,,,,no_evidence,,,FALSE,,,,,,,,,,0,,,,,,UNMAPPED,,,,,UNMAPPED,,,,,UNMAPPED,,,,,,,,,,,,,,,"",no catalogue holds this CpG-gene pair and no distance could be computed,,
cg00297776,cg00297776_BC21_T1_NOS2,NOS2,6,Libido & sexual function,cg00297776,NOS2,,,,no_evidence,,,FALSE,,,,,,,,,,0,,LGALS9,,0.1077,B,REQUESTED_GENE_UNAVAILABLE,LGALS9,,0.378,B,REQUESTED_GENE_UNAVAILABLE,,,,,UNMAPPED,,,,,,,,,,,,,,,"",no catalogue holds this CpG-gene pair and no distance could be computed,,
cg00299047,cg00299047_TC21_T1_AMH,AMH,5,"HPG axis, puberty & KNDy",cg00299047,AMH,-1,higher methylation -> LOWER expression,,smr_moderate,,"0.84-0.86 (SMR tier S2, single instrument; validated n=6,008)",FALSE,-1,-1,-1,S2,2.384e-55,1,1700,TRUE,,0,,JSRP1,,0.4598,A,REQUESTED_GENE_UNAVAILABLE,PLEKHJ1,,0.8866,A,REQUESTED_GENE_UNAVAILABLE,PLEKHJ1,,0.1667,A,REQUESTED_GENE_UNAVAILABLE,,,,,,,,,,,,,,,"",causal direction from SMR (blood); consistent with methylation affecting expression AND with linkage - HEIDI not run,0.7,0.15
cg00300969,cg00300969_TC21_T1_DNMT3B,DNMT3B,20,Epigenetic machinery,cg00300969,DNMT3B,,,,no_evidence,,,FALSE,,,,,,,,,,0,,,,,,UNMAPPED,BPIFB2,,0.8457,A,REQUESTED_GENE_UNAVAILABLE,,,,,UNMAPPED,,,,,,,,,,,,,,,"",no catalogue holds this CpG-gene pair and no distance could be computed,,
cg00308665,cg00308665_BC21_T1_HTR2A,HTR2A,9,Serotonin,cg00308665,HTR2A,,,,no_evidence,,,FALSE,,,,,,,,,,0,,ESD,,0.058,B,REQUESTED_GENE_UNAVAILABLE,ESD,,0.4745,A,REQUESTED_GENE_UNAVAILABLE,,,,,UNMAPPED,,,,,,,,,,,,,,,"",no catalogue holds this CpG-gene pair and no distance could be computed,,
cg00310588,cg00310588_BC21_T1_HTR3C,HTR3C,9,Serotonin,cg00310588,HTR3C,,,,no_evidence,,,FALSE,,,,,,,,,,0,,ABCC5,,0.1291,A,REQUESTED_GENE_UNAVAILABLE,ABCC5,,0.1239,A,REQUESTED_GENE_UNAVAILABLE,,,,,UNMAPPED,,,,,,,,,,,,,,,"",no catalogue holds this CpG-gene pair and no distance could be computed,,
cg00322656,cg00322656_BC21_T1_PDE4D,PDE4D,19,GPCR signalling & second messengers,cg00322656,PDE4D,-1,higher methylation -> LOWER expression,0.52,catalogue_single,B,"0.55-0.84 (tier B, one tissue only)",FALSE,-1,-1,,,,,,,,1,1,PDE4D,-1,0.52,B,PREDICTED,,,,,UNMAPPED,,,,,UNMAPPED,,,,,,,,,,,,,,,"",only one tissue called; no cross-tissue corroboration,0.52,0.24
cg00329728,cg00329728_BC21_T1_GABRA5,GABRA5,17,GABA & excitation-inhibition balance,cg00329728,GABRA5,,,,no_evidence,,,FALSE,,,,,,,,,,0,,NSMCE1,,0.2377,B,REQUESTED_GENE_UNAVAILABLE,HIST1H2BK,,0.6135,B,REQUESTED_GENE_UNAVAILABLE,GABRB3,,0.6296,A,REQUESTED_GENE_UNAVAILABLE,,,,,,,,,,,,,,,"",no catalogue holds this CpG-gene pair and no distance could be computed,,
cg00335124,cg00335124_TC21_T1_PDE4D,PDE4D,19,GPCR signalling & second messengers,cg00335124,PDE4D,,,,no_evidence,,,FALSE,,,,,,,,,,0,,PDE4D,,0.2377,B,ABSTAIN,,,,,UNMAPPED,C14ORF37,,0.0131,B,REQUESTED_GENE_UNAVAILABLE,,,,,,,,,,,,,,,"",no catalogue holds this CpG-gene pair and no distance could be computed,,
cg00335286,cg00335286_TC21_T1_MC2R,MC2R,2,HPA axis & glucocorticoid signalling,cg00335286,MC2R,,,,no_evidence,,,FALSE,,,,,,,,,,0,,,,,,UNMAPPED,,,,,UNMAPPED,,,,,UNMAPPED,,,,,,,,,,,,,,,"",no catalogue holds this CpG-gene pair and no distance could be computed,,
cg00343433,cg00343433_BC22_T1_ASPH,ASPH,1,"Oxytocin, vasopressin & CICR",cg00343433,ASPH,,,,no_evidence,,,FALSE,,,,,,,,,,0,,,,,,UNMAPPED,,,,,UNMAPPED,,,,,UNMAPPED,,,,,,,,,,,,,,,"",no catalogue holds this CpG-gene pair and no distance could be computed,,
cg00345522,cg00345522_BC21_T1_NRXN1,NRXN1,25,Social-synaptic & psychiatric risk,cg00345522,NRXN1,,,,no_evidence,,,FALSE,,,,,,,,,,0,,,,,,UNMAPPED,,,,,UNMAPPED,,,,,UNMAPPED,,,,,,,,,,,,,,,"",no catalogue holds this CpG-gene pair and no distance could be computed,,
cg00350942,cg00350942_TC21_T1_GRIN1,GRIN1,16,Glutamate & synaptic scaffolding,cg00350942,GRIN1,,,,no_evidence,,,FALSE,,,,,,,,,,0,,DPP7,,0.298,A,REQUESTED_GENE_UNAVAILABLE,DPP7,,0.4852,A,REQUESTED_GENE_UNAVAILABLE,MAN1B1-AS1,,0.1474,B,REQUESTED_GENE_UNAVAILABLE,,,,,,,,,,,,,,,"",no catalogue holds this CpG-gene pair and no distance could be computed,,
cg00365524,cg00365524_TC21_T1_HTR6,HTR6,9,Serotonin,cg00365524,HTR6,,,,no_evidence,,,FALSE,,,,,,,,,,0,,MINOS1-NBL1,,0.4598,A,REQUESTED_GENE_UNAVAILABLE,NBL1,,0.8366,A,REQUESTED_GENE_UNAVAILABLE,GPRC5B,,0.1815,B,REQUESTED_GENE_UNAVAILABLE,,,,,,,,,,,,,,,"",no catalogue holds this CpG-gene pair and no distance could be computed,,
cg00369202,cg00369202_BC21_T1_GRM4,GRM4,16,Glutamate & synaptic scaffolding,cg00369202,GRM4,,,,no_evidence,,,FALSE,,,,,,,,,,0,,,,,,UNMAPPED,,,,,UNMAPPED,,,,,UNMAPPED,,,,,,,,,,,,,,,"",no catalogue holds this CpG-gene pair and no distance could be computed,,
cg00380835,cg00380835_TC11_T1_SHANK1,SHANK1,16,Glutamate & synaptic scaffolding,cg00380835,SHANK1,,,,no_evidence,,,FALSE,,,,,,,,,,0,,CLEC11A,,0.561,A,REQUESTED_GENE_UNAVAILABLE,JOSD2,,0.4583,A,REQUESTED_GENE_UNAVAILABLE,SHANK3,,0.0131,B,REQUESTED_GENE_UNAVAILABLE,,,,,,,,,,,,,,,"",no catalogue holds this CpG-gene pair and no distance could be computed,,
cg00404599,cg00404599_TC21_T1_TSC22D3,TSC22D3,2,HPA axis & glucocorticoid signalling,cg00404599,TSC22D3,,,,no_evidence,,,FALSE,,,,,,,,,,0,,,,,,UNMAPPED,,,,,UNMAPPED,,,,,UNMAPPED,,,,,,,,,,,,,,,"",no catalogue holds this CpG-gene pair and no distance could be computed,,
cg00406460,cg00406460_BC21_T1_SYN1,SYN1,18,Neurotrophins & activity-dependent plasticity,cg00406460,SYN1,,,,no_evidence,,,FALSE,,,,,,,,,,0,,,,,,UNMAPPED,,,,,UNMAPPED,,,,,UNMAPPED,,,,,,,,,,,,,,,"",no catalogue holds this CpG-gene pair and no distance could be computed,,
cg00414078,cg00414078_BC21_T1_CNR2,CNR2,14,Endocannabinoid,cg00414078,CNR2,,,,no_evidence,,,FALSE,,,,,,,,,,0,,GALE,,0.3429,A,REQUESTED_GENE_UNAVAILABLE,GALE,,0.0695,A,REQUESTED_GENE_UNAVAILABLE,,,,,UNMAPPED,,,,,,,,,,,,,,,"",no catalogue holds this CpG-gene pair and no distance could be computed,,
cg00426720,cg00426720_BC21_T1_NR4A2,NR4A2,8,Dopamine,cg00426720,NR4A2,,,,no_evidence,,,FALSE,,,,,,,,,,0,,FLJ46875,,0.4729,A,REQUESTED_GENE_UNAVAILABLE,,,,,UNMAPPED,,,,,UNMAPPED,,,,,,,,,,,,,,,"",no catalogue holds this CpG-gene pair and no distance could be computed,,
cg00432837,cg00432837_TC21_T1_PGF,PGF,7,"Pregnancy, parturition & lactation",cg00432837,PGF,,,,no_evidence,,,FALSE,,,,,,,,,,0,,RPS6KL1,,0.4729,A,REQUESTED_GENE_UNAVAILABLE,RPS6KL1,,0.4583,A,REQUESTED_GENE_UNAVAILABLE,,,,,UNMAPPED,,,,,,,,,,,,,,,"",no catalogue holds this CpG-gene pair and no distance could be computed,,
cg00437879,cg00437879_BC21_T1_HTR7,HTR7,9,Serotonin,cg00437879,HTR7,,,,no_evidence,,,FALSE,,,,,,,,,,0,,,,,,UNMAPPED,,,,,UNMAPPED,,,,,UNMAPPED,,,,,,,,,,,,,,,"",no catalogue holds this CpG-gene pair and no distance could be computed,,
cg00452076,cg00452076_TC21_T1_CALY,CALY,8,Dopamine,cg00452076,CALY,,,,no_evidence,,,FALSE,,,,,,,,,,0,,TUBGCP2,,0.058,A,REQUESTED_GENE_UNAVAILABLE,TUBGCP2,,0.4583,A,REQUESTED_GENE_UNAVAILABLE,TUBGCP2,,0.1667,A,REQUESTED_GENE_UNAVAILABLE,,,,,,,,,,,,,,,"",no catalogue holds this CpG-gene pair and no distance could be computed,,
cg00480913,cg00480913_TC21_T1_MEG3,MEG3,21,Imprinted genes & DMRs,cg00480913,MEG3,-1,higher methylation -> LOWER expression,0.3429,catalogue_single,A,"0.62-0.87 (tier A, one tissue only)",FALSE,-1,-1,,,,,,,,1,1,MEG3,-1,0.3429,A,PREDICTED,,,,,UNMAPPED,,,,,UNMAPPED,,,,,,,,,,,,,,,"",only one tissue called; no cross-tissue corroboration,0.3429,0.32855
cg00498305,cg00498305_BC21_T1_SLC18A2,SLC18A2,11,"Monoamine synthesis, transport & degradation",cg00498305,SLC18A2,-1,higher methylation -> LOWER expression,0.6744,catalogue_consensus,B,"0.64-0.84 (tier B, tissues agree)",FALSE,-1,-1,,,,,,,-1,2,1,SLC18A2,-1,0.7056,A,PREDICTED,SLC18A2,-1,0.6433,B,PREDICTED,,,,,UNMAPPED,,,,,,,,,,,,,,,"","",0.6744,0.1628
cg00500176,cg00500176_BC21_T1_ICAM1,ICAM1,24,"Immune, inflammation & HLA",cg00500176,ICAM1,-1,higher methylation -> LOWER expression,,smr_high,A,"0.95-0.97 (SMR tier S1, concordant instruments; validated n=2,141)",FALSE,-1,-1,-1,S1,1.875e-21,2,6757,TRUE,,2,0.5,ICAM1,-1,0.6537,A,PREDICTED,ICAM1,1,0.4765,A,PREDICTED,,,,,UNMAPPED,,,,,,,,,,ICAM3,blood,ICAM3:-1,,TRUE,"measured association is with ICAM3, not the requested gene - check which gene this CpG actually tracks","causal direction from SMR (blood); consistent with methylation affecting expression AND with linkage - HEIDI not run | measured association is with ICAM3, not the requested gene",0.7,0.15
cg00538717,cg00538717_BC21_T1_GRM4,GRM4,16,Glutamate & synaptic scaffolding,cg00538717,GRM4,,,,no_evidence,,,FALSE,,,,,,,,,,0,,,,,,UNMAPPED,,,,,UNMAPPED,,,,,UNMAPPED,,,,,,,,,,,,,,,"",no catalogue holds this CpG-gene pair and no distance could be computed,,
cg00565882,cg00565882_BC21_T1_CYP1B1,CYP1B1,4,Sex steroids: receptors & metabolism,cg00565882,CYP1B1,1,higher methylation -> HIGHER expression,,smr_high,,"0.95-0.97 (SMR tier S1, concordant instruments; validated n=2,141)",FALSE,1,1,1,S1,1.04e-62,2,14873,TRUE,,0,,ZNF37A,,0.2377,A,REQUESTED_GENE_UNAVAILABLE,RMDN2,,0.4852,A,REQUESTED_GENE_UNAVAILABLE,RMDN2,,0.0131,B,REQUESTED_GENE_UNAVAILABLE,,,,,,,,,,,,,,,"",causal direction from SMR (blood); consistent with methylation affecting expression AND with linkage - HEIDI not run,0.7,0.85
cg00571021,cg00571021_BC21_T1_NOS3,NOS3,6,Libido & sexual function,cg00571021,NOS3,-1,higher methylation -> LOWER expression,,smr_moderate,,"0.84-0.86 (SMR tier S2, single instrument; validated n=6,008)",FALSE,-1,-1,-1,S2,5.077e-09,1,7434,TRUE,,0,,ATG9B,,0.7056,A,REQUESTED_GENE_UNAVAILABLE,ATG9B,,0.3409,A,REQUESTED_GENE_UNAVAILABLE,KCNH2,,0.1244,A,REQUESTED_GENE_UNAVAILABLE,,,,,,,,,,,,,,,"",causal direction from SMR (blood); consistent with methylation affecting expression AND with linkage - HEIDI not run,0.7,0.15
cg00572323,cg00572323_TC21_T1_QPRT,QPRT,15,Kynurenine pathway,cg00572323,QPRT,1,higher methylation -> HIGHER expression,,smr_moderate,A,"0.84-0.86 (SMR tier S2, single instrument; validated n=6,008)",FALSE,1,1,1,S2,3.227e-24,1,5977,TRUE,,1,1,SPN,,0.289,A,REQUESTED_GENE_UNAVAILABLE,QPRT,-1,0.3409,A,PREDICTED,GABBR1,,0.2414,B,REQUESTED_GENE_UNAVAILABLE,,,,,,,,,,,,,,,"",causal direction from SMR (blood); consistent with methylation affecting expression AND with linkage - HEIDI not run,0.7,0.85
cg00576435,cg00576435_TC21_T1_NNAT,NNAT,21,Imprinted genes & DMRs,cg00576435,NNAT,,,,no_evidence,,,FALSE,,,,,,,,,,0,,,,,,UNMAPPED,BLCAP,,0.0695,A,REQUESTED_GENE_UNAVAILABLE,SRC,,0.1815,B,REQUESTED_GENE_UNAVAILABLE,,,,,,,,,,,,,,,"",no catalogue holds this CpG-gene pair and no distance could be computed,,
cg00576550,cg00576550_BC21_T1_HTR3D,HTR3D,9,Serotonin,cg00576550,HTR3D,,,,no_evidence,,,FALSE,,,,,,,,,,0,,ABCC5,,0.561,A,REQUESTED_GENE_UNAVAILABLE,ABCC5,,0.139,B,REQUESTED_GENE_UNAVAILABLE,,,,,UNMAPPED,,,,,,,,,,ABCC5,blood;nasal_epithelium,ABCC5:+1,,TRUE,"measured association is with ABCC5, not the requested gene - check which gene this CpG actually tracks","no catalogue holds this CpG-gene pair and no distance could be computed | measured association is with ABCC5, not the requested gene",,
cg00581583,cg00581583_TC21_T1_SYP,SYP,18,Neurotrophins & activity-dependent plasticity,cg00581583,SYP,,,,no_evidence,,,FALSE,,,,,,,,,,0,,,,,,UNMAPPED,,,,,UNMAPPED,,,,,UNMAPPED,,,,,,,,,,,,,,,"",no catalogue holds this CpG-gene pair and no distance could be computed,,
cg00584549,cg00584549_TC11_T1_HLA_G,HLA-G,24,"Immune, inflammation & HLA",cg00584549,HLA-G,,,,tissue_conflict,A,,FALSE,,,,,,,,,,2,0.5,HLA-G,-1,0.6537,A,PREDICTED,HLA-G,1,0.8509,A,PREDICTED,CDIPT,,0.0131,B,REQUESTED_GENE_UNAVAILABLE,,,,,,,,,,,,,,,"",tissues returned opposite directions; not resolved,,
cg00601836,cg00601836_TC11_T1_ESR1,ESR1,4,Sex steroids: receptors & metabolism,cg00601836,ESR1,1,higher methylation -> HIGHER expression,,smr_moderate,,"0.84-0.86 (SMR tier S2, single instrument; validated n=6,008)",FALSE,1,1,1,S2,1.359e-40,1,83958,TRUE,,0,,RIF1,,0.0451,A,REQUESTED_GENE_UNAVAILABLE,,,,,UNMAPPED,,,,,UNMAPPED,,,,,,,,,,,,,,,"",causal direction from SMR (blood); consistent with methylation affecting expression AND with linkage - HEIDI not run,0.7,0.85
cg00618452,cg00618452_BC21_T1_EZH2,EZH2,20,Epigenetic machinery,cg00618452,EZH2,,,,no_evidence,,,FALSE,,,,,,,,,,0,,EZH2,,0.2377,B,ABSTAIN,,,,,UNMAPPED,PCYOX1L,,0.0131,B,REQUESTED_GENE_UNAVAILABLE,,,,,,,,,,,,,,,"",no catalogue holds this CpG-gene pair and no distance could be computed,,
cg00621837,cg00621837_TC21_T1_GABRA4,GABRA4,17,GABA & excitation-inhibition balance,cg00621837,GABRA4,,,,no_evidence,,,FALSE,,,,,,,,,,0,,SNORD67,,0.0365,B,REQUESTED_GENE_UNAVAILABLE,,,,,UNMAPPED,,,,,UNMAPPED,,,,,,,,,,,,,,,"",no catalogue holds this CpG-gene pair and no distance could be computed,,
cg00629772,cg00629772_BC21_T1_PMCH,PMCH,13,Orexin / hypocretin & MCH,cg00629772,PMCH,,,,no_evidence,,,FALSE,,,,,,,,,,0,,,,,,UNMAPPED,,,,,UNMAPPED,,,,,UNMAPPED,,,,,,,,,,,,,,,"",no catalogue holds this CpG-gene pair and no distance could be computed,,
cg00664406,cg00664406_BC11_T1_GRM2,GRM2,16,Glutamate & synaptic scaffolding,cg00664406,GRM2,-1,higher methylation -> LOWER expression,,smr_moderate,,"0.84-0.86 (SMR tier S2, single instrument; validated n=6,008)",FALSE,-1,-1,-1,S2,1.821e-100,1,5982,TRUE,,0,,IQCF4,,0.1971,B,REQUESTED_GENE_UNAVAILABLE,PARP3,,0.8793,A,REQUESTED_GENE_UNAVAILABLE,EPS15,,0.3688,A,REQUESTED_GENE_UNAVAILABLE,,,,,,,,,,PARP3,nasal_epithelium,PARP3:+1,,TRUE,"measured association is with PARP3, not the requested gene - check which gene this CpG actually tracks","causal direction from SMR (blood); consistent with methylation affecting expression AND with linkage - HEIDI not run | measured association is with PARP3, not the requested gene",0.7,0.15
cg00668337,cg00668337_TC21_T1_NRXN2,NRXN2,25,Social-synaptic & psychiatric risk,cg00668337,NRXN2,,,,no_evidence,,,FALSE,,,,,,,,,,0,,AP003774.3,,0.298,A,REQUESTED_GENE_UNAVAILABLE,CDC42BPG,,0.4852,A,REQUESTED_GENE_UNAVAILABLE,SYNE2,,0.0131,B,REQUESTED_GENE_UNAVAILABLE,,,,,,,,,,,,,,,"",no catalogue holds this CpG-gene pair and no distance could be computed,,
cg00683788,cg00683788_TC21_T1_PDYN,PDYN,12,Opioid & melanocortin,cg00683788,PDYN,,,,no_evidence,,,FALSE,,,,,,,,,,0,,,,,,UNMAPPED,LOC388780,,0.1239,B,REQUESTED_GENE_UNAVAILABLE,,,,,UNMAPPED,,,,,,,,,,,,,,,"",no catalogue holds this CpG-gene pair and no distance could be computed,,
cg00688810,cg00688810_TC21_T1_SHBG,SHBG,4,Sex steroids: receptors & metabolism,cg00688810,SHBG,,,,no_evidence,,,FALSE,,,,,,,,,,0,,SOX15,,0.298,A,REQUESTED_GENE_UNAVAILABLE,SOX15,,0.3409,A,REQUESTED_GENE_UNAVAILABLE,TNFSF13,,0.1244,A,REQUESTED_GENE_UNAVAILABLE,,,,,,,,,,,,,,,"",no catalogue holds this CpG-gene pair and no distance could be computed,,
cg00700487,cg00700487_TC21_T1_NOS3,NOS3,6,Libido & sexual function,cg00700487,NOS3,-1,higher methylation -> LOWER expression,,smr_moderate,,"0.84-0.86 (SMR tier S2, single instrument; validated n=6,008)",FALSE,-1,-1,-1,S2,5.443e-09,1,6249,TRUE,,0,,ATG9B,,0.7056,A,REQUESTED_GENE_UNAVAILABLE,ATG9B,,0.3409,A,REQUESTED_GENE_UNAVAILABLE,KCNH2,,0.1244,A,REQUESTED_GENE_UNAVAILABLE,,,,,,,,,,,,,,,"",causal direction from SMR (blood); consistent with methylation affecting expression AND with linkage - HEIDI not run,0.7,0.15
cg00704442,cg00704442_BC21_T1_SLC12A5,SLC12A5,17,GABA & excitation-inhibition balance,cg00704442,SLC12A5,,,,no_evidence,,,FALSE,,,,,,,,,,0,,CD40,,0.289,A,REQUESTED_GENE_UNAVAILABLE,MMP9,,0.6135,A,REQUESTED_GENE_UNAVAILABLE,PLTP,,0.1244,A,REQUESTED_GENE_UNAVAILABLE,,,,,,,,,,,,,,,"",no catalogue holds this CpG-gene pair and no distance could be computed,,
cg00712841,cg00712841_TC21_T1_GDNF,GDNF,18,Neurotrophins & activity-dependent plasticity,cg00712841,GDNF,,,,no_evidence,,,FALSE,,,,,,,,,,0,,PPP1R1B,,0.2377,B,REQUESTED_GENE_UNAVAILABLE,,,,,UNMAPPED,TBC1D1,,0.0131,B,REQUESTED_GENE_UNAVAILABLE,,,,,,,,,,,,,,,"",no catalogue holds this CpG-gene pair and no distance could be computed,,
cg00712943,cg00712943_TC21_T1_SRD5A2,SRD5A2,4,Sex steroids: receptors & metabolism,cg00712943,SRD5A2,,,,no_evidence,,,FALSE,,,,,,,,,,0,,,,,,UNMAPPED,XDH,,0.0694,B,REQUESTED_GENE_UNAVAILABLE,EHMT2,,0.0131,B,REQUESTED_GENE_UNAVAILABLE,,,,,,,,,,,,,,,"",no catalogue holds this CpG-gene pair and no distance could be computed,,
cg00714531,cg00714531_TC21_T1_SLC19A1,SLC19A1,22,One-carbon metabolism,cg00714531,SLC19A1,,,,no_evidence,,,FALSE,,,,,,,,,,0,,,,,,UNMAPPED,,,,,UNMAPPED,,,,,UNMAPPED,,,,,,,,,,,,,,,"",no catalogue holds this CpG-gene pair and no distance could be computed,,
cg00732589,cg00732589_BC21_T1_FDX1,FDX1,3,Steroidogenesis (adrenal & gonadal),cg00732589,FDX1,,,,no_evidence,,,FALSE,,,,,,,,,,0,,,,,,UNMAPPED,,,,,UNMAPPED,,,,,UNMAPPED,,,,,,,,,,,,,,,"",no catalogue holds this CpG-gene pair and no distance could be computed,,
cg00732970,cg00732970_BC21_T1_GNAS,GNAS,19,GPCR signalling & second messengers,cg00732970,GNAS,,,,no_evidence,,,FALSE,,,,,,,,,,0,,CTSZ,,0.5493,A,REQUESTED_GENE_UNAVAILABLE,CTSZ,,0.1556,B,REQUESTED_GENE_UNAVAILABLE,,,,,UNMAPPED,,,,,,,,,,,,,,,"",no catalogue holds this CpG-gene pair and no distance could be computed,,
cg00739644,cg00739644_TC21_T1_TMPRSS2,TMPRSS2,4,Sex steroids: receptors & metabolism,cg00739644,TMPRSS2,,,,no_evidence,,,FALSE,,,,,,,,,,0,,MX1,,0.058,A,REQUESTED_GENE_UNAVAILABLE,MX1,,0.0694,B,REQUESTED_GENE_UNAVAILABLE,MX1,,0.1124,B,REQUESTED_GENE_UNAVAILABLE,,,,,,,,,,,,,,,"",no catalogue holds this CpG-gene pair and no distance could be computed,,
cg00742240,cg00742240_TC21_T1_MECP2,MECP2,20,Epigenetic machinery,cg00742240,MECP2,,,,no_evidence,,,FALSE,,,,,,,,,,0,,PNMA6B,,0.1077,A,REQUESTED_GENE_UNAVAILABLE,,,,,UNMAPPED,,,,,UNMAPPED,,,,,,,,,,,,,,,"",no catalogue holds this CpG-gene pair and no distance could be computed,,
cg00761985,cg00761985_BC11_T1_GDNF,GDNF,18,Neurotrophins & activity-dependent plasticity,cg00761985,GDNF,,,,no_evidence,,,FALSE,,,,,,,,,,0,,PPP1R1B,,0.2377,B,REQUESTED_GENE_UNAVAILABLE,,,,,UNMAPPED,TBC1D1,,0.0131,B,REQUESTED_GENE_UNAVAILABLE,,,,,,,,,,,,,,,"",no catalogue holds this CpG-gene pair and no distance could be computed,,
cg00768158,cg00768158_BC21_T1_SYP,SYP,18,Neurotrophins & activity-dependent plasticity,cg00768158,SYP,,,,no_evidence,,,FALSE,,,,,,,,,,0,,,,,,UNMAPPED,,,,,UNMAPPED,,,,,UNMAPPED,,,,,,,,,,,,,,,"",no catalogue holds this CpG-gene pair and no distance could be computed,,
cg00768195,cg00768195_BC21_T1_DHRS9,DHRS9,5,"HPG axis, puberty & KNDy",cg00768195,DHRS9,,,,no_evidence,,,FALSE,,,,,,,,,,0,,,,,,UNMAPPED,,,,,UNMAPPED,,,,,UNMAPPED,,,,,,,,,,,,,,,"",no catalogue holds this CpG-gene pair and no distance could be computed,,
cg00772020,cg00772020_TC21_T1_VGF,VGF,18,Neurotrophins & activity-dependent plasticity,cg00772020,VGF,,,,no_evidence,,,FALSE,,,,,,,,,,0,,SERPINE1,,0.0451,A,REQUESTED_GENE_UNAVAILABLE,AP1S1,,0.4852,A,REQUESTED_GENE_UNAVAILABLE,PLOD3,,0.1474,B,REQUESTED_GENE_UNAVAILABLE,,,,,,,,,,,,,,,"",no catalogue holds this CpG-gene pair and no distance could be computed,,
cg00775909,cg00775909_BC21_T1_ZBTB16,ZBTB16,2,HPA axis & glucocorticoid signalling,cg00775909,ZBTB16,,,,no_evidence,,,FALSE,,,,,,,,,,0,,,,,,UNMAPPED,,,,,UNMAPPED,MARCKS,,0.2027,A,REQUESTED_GENE_UNAVAILABLE,,,,,,,,,,,,,,,"",no catalogue holds this CpG-gene pair and no distance could be computed,,
cg00779763,cg00779763_BC21_T1_SYN1,SYN1,18,Neurotrophins & activity-dependent plasticity,cg00779763,SYN1,,,,no_evidence,,,FALSE,,,,,,,,,,0,,,,,,UNMAPPED,,,,,UNMAPPED,,,,,UNMAPPED,,,,,,,,,,,,,,,"",no catalogue holds this CpG-gene pair and no distance could be computed,,
cg00798281,cg00798281_BC21_T1_HLA_DPA1,HLA-DPA1,24,"Immune, inflammation & HLA",cg00798281,HLA-DPA1,-1,higher methylation -> LOWER expression,0.9961,catalogue_single,A,"0.62-0.87 (tier A, one tissue only)",FALSE,-1,-1,,,,,,,,1,1,HLA-DPA1,,0.0451,A,ABSTAIN,HLA-DPA1,-1,0.9961,A,PREDICTED,DYNLRB1,,0.1244,B,REQUESTED_GENE_UNAVAILABLE,,,,,,,,,,,,,,,"",only one tissue called; no cross-tissue corroboration,0.9961,0.00195000000000001
cg00813752,cg00813752_TC21_T1_CHGA,CHGA,10,Noradrenaline & sympathetic nervous system,cg00813752,CHGA,,,,no_evidence,,,FALSE,,,,,,,,,,0,,LGMN,,0.2377,B,REQUESTED_GENE_UNAVAILABLE,LGMN,,0.31,B,REQUESTED_GENE_UNAVAILABLE,,,,,UNMAPPED,,,,,,,,,,,,,,,"",no catalogue holds this CpG-gene pair and no distance could be computed,,
cg00822539,cg00822539_BC21_T1_GNAS,GNAS,19,GPCR signalling & second messengers,cg00822539,GNAS,,,,no_evidence,,,FALSE,,,,,,,,,,0,,CTSZ,,0.2377,A,REQUESTED_GENE_UNAVAILABLE,CTSZ,,0.3409,B,REQUESTED_GENE_UNAVAILABLE,,,,,UNMAPPED,,,,,,,,,,,,,,,"",no catalogue holds this CpG-gene pair and no distance could be computed,,
cg00831923,cg00831923_BC21_T1_SLC6A2,SLC6A2,10,Noradrenaline & sympathetic nervous system,cg00831923,SLC6A2,,,,no_evidence,,,FALSE,,,,,,,,,,0,,CES1P2,,0.0365,B,REQUESTED_GENE_UNAVAILABLE,CES1P1,,0.3771,A,REQUESTED_GENE_UNAVAILABLE,CAPNS2,,0.0131,B,REQUESTED_GENE_UNAVAILABLE,,,,,,,,,,,,,,,"",no catalogue holds this CpG-gene pair and no distance could be computed,,
cg00839032,cg00839032_TC21_T1_OPRD1,OPRD1,12,Opioid & melanocortin,cg00839032,OPRD1,,,,no_evidence,,,FALSE,,,,,,,,,,0,,SUZ12P1,,0.6322,A,REQUESTED_GENE_UNAVAILABLE,EPB41,,0.1556,B,REQUESTED_GENE_UNAVAILABLE,EPB41,,0.0131,B,REQUESTED_GENE_UNAVAILABLE,,,,,,,,,,,,,,,"",no catalogue holds this CpG-gene pair and no distance could be computed,,
cg00846036,cg00846036_TC21_T1_DLG2,DLG2,16,Glutamate & synaptic scaffolding,cg00846036,DLG2,,,,no_evidence,,,FALSE,,,,,,,,,,0,,,,,,UNMAPPED,,,,,UNMAPPED,,,,,UNMAPPED,,,,,,,,,,,,,,,"",no catalogue holds this CpG-gene pair and no distance could be computed,,
cg00854963,cg00854963_BC21_T1_NLGN3,NLGN3,25,Social-synaptic & psychiatric risk,cg00854963,NLGN3,,,,no_evidence,,,FALSE,,,,,,,,,,0,,,,,,UNMAPPED,,,,,UNMAPPED,,,,,UNMAPPED,,,,,,,,,,,,,,,"",no catalogue holds this CpG-gene pair and no distance could be computed,,
cg00862588,cg00862588_TC21_T1_HLA_DMB,HLA-DMB,24,"Immune, inflammation & HLA",cg00862588,HLA-DMB,-1,higher methylation -> LOWER expression,1,measured,A,"~1.00 (measured, not predicted)",FALSE,-1,-1,,,,,,,-1,3,1,HLA-DMB,-1,0.3429,A,PREDICTED,HLA-DMB,-1,0.9961,A,DIRECT_eQTM,HLA-DMB,-1,0.4326,A,PREDICTED,,,,,,,,,,HLA-DMA;HLA-DMB;HLA-DOA;TAP1,nasal_epithelium,HLA-DMA:-1;HLA-DMB:-1;HLA-DOA:-1;TAP1:-1,-1,FALSE,"","",1,0
cg00879685,cg00879685_TC21_T1_PDE4D,PDE4D,19,GPCR signalling & second messengers,cg00879685,PDE4D,,,,no_evidence,,,FALSE,,,,,,,,,,0,,,,,,UNMAPPED,,,,,UNMAPPED,,,,,UNMAPPED,,,,,,,,,,,,,,,"",no catalogue holds this CpG-gene pair and no distance could be computed,,
cg00901401,cg00901401_BC21_T1_FKBP1B,FKBP1B,1,"Oxytocin, vasopressin & CICR",cg00901401,FKBP1B,,,,no_evidence,,,FALSE,,,,,,,,,,0,,ZNF70,,0.2377,A,REQUESTED_GENE_UNAVAILABLE,SF3B6,,0.0694,A,REQUESTED_GENE_UNAVAILABLE,SRSF10,,0.0131,B,REQUESTED_GENE_UNAVAILABLE,,,,,,,,,,,,,,,"",no catalogue holds this CpG-gene pair and no distance could be computed,,
cg00912149,cg00912149_BC21_T1_AANAT,AANAT,23,Circadian & melatonin,cg00912149,AANAT,,,,no_evidence,,,FALSE,,,,,,,,,,0,,AC079325.1,,0.2377,A,REQUESTED_GENE_UNAVAILABLE,RHBDF2,,0.5716,A,REQUESTED_GENE_UNAVAILABLE,SPHK1,,0.0131,B,REQUESTED_GENE_UNAVAILABLE,,,,,,,,,,,,,,,"",no catalogue holds this CpG-gene pair and no distance could be computed,,
cg00929661,cg00929661_TC21_T1_IL6R,IL6R,24,"Immune, inflammation & HLA",cg00929661,IL6R,-1,higher methylation -> LOWER expression,0.6433,catalogue_single,A,"0.62-0.87 (tier A, one tissue only)",FALSE,-1,-1,,,,,,,,1,1,IL6R,,0.298,A,ABSTAIN,IL6R,-1,0.6433,A,PREDICTED,RPRM,,0.1474,B,REQUESTED_GENE_UNAVAILABLE,,,,,,,,,,,,,,,"",only one tissue called; no cross-tissue corroboration,0.6433,0.17835
cg00943909,cg00943909_TC11_T1_GNAS,GNAS,19,GPCR signalling & second messengers,cg00943909,GNAS,,,,no_evidence,,,FALSE,,,,,,,,,,0,,CTSZ,,0.4648,A,REQUESTED_GENE_UNAVAILABLE,CTSZ,,0.3409,B,REQUESTED_GENE_UNAVAILABLE,,,,,UNMAPPED,,,,,,,,,,,,,,,"",no catalogue holds this CpG-gene pair and no distance could be computed,,
cg00959963,cg00959963_TC21_T1_SLC18A2,SLC18A2,11,"Monoamine synthesis, transport & degradation",cg00959963,SLC18A2,-1,higher methylation -> LOWER expression,0.6744,catalogue_consensus,B,"0.64-0.84 (tier B, tissues agree)",FALSE,-1,-1,,,,,,,-1,2,1,SLC18A2,-1,0.7056,A,PREDICTED,SLC18A2,-1,0.6433,B,PREDICTED,,,,,UNMAPPED,,,,,,,,,,,,,,,"","",0.6744,0.1628
cg00961617,cg00961617_BC21_T1_PPP1R1B,PPP1R1B,8,Dopamine,cg00961617,PPP1R1B,-1,higher methylation -> LOWER expression,,smr_moderate,,"0.84-0.86 (SMR tier S2, single instrument; validated n=6,008)",FALSE,-1,-1,-1,S2,1.149e-24,1,5556,TRUE,,0,,PGAP3,,0.289,A,REQUESTED_GENE_UNAVAILABLE,PGAP3,,0.3889,A,REQUESTED_GENE_UNAVAILABLE,,,,,UNMAPPED,,,,,,,,,,IKZF3,nasal_epithelium,IKZF3:+1,,TRUE,"measured association is with IKZF3, not the requested gene - check which gene this CpG actually tracks","causal direction from SMR (blood); consistent with methylation affecting expression AND with linkage - HEIDI not run | measured association is with IKZF3, not the requested gene",0.7,0.15
cg00972288,cg00972288_TC11_T1_SIRT1,SIRT1,20,Epigenetic machinery,cg00972288,SIRT1,-1,higher methylation -> LOWER expression,,smr_moderate,,"0.84-0.86 (SMR tier S2, single instrument; validated n=6,008)",FALSE,-1,-1,-1,S2,2.649e-21,1,16939,TRUE,,0,,,,,,UNMAPPED,,,,,UNMAPPED,,,,,UNMAPPED,,,,,,,,,,,,,,,"",causal direction from SMR (blood); consistent with methylation affecting expression AND with linkage - HEIDI not run,0.7,0.15
cg00981643,cg00981643_TC21_T1_MECP2,MECP2,20,Epigenetic machinery,cg00981643,MECP2,,,,no_evidence,,,FALSE,,,,,,,,,,0,,,,,,UNMAPPED,,,,,UNMAPPED,,,,,UNMAPPED,,,,,,,,,,,,,,,"",no catalogue holds this CpG-gene pair and no distance could be computed,,
cg00992239,cg00992239_BC11_T1_MME,MME,12,Opioid & melanocortin,cg00992239,MME,,,,no_evidence,,,FALSE,,,,,,,,,,0,,,,,,UNMAPPED,,,,,UNMAPPED,,,,,UNMAPPED,,,,,,,,,,,,,,,"",no catalogue holds this CpG-gene pair and no distance could be computed,,
cg00999867,cg00999867_BC21_T1_MAOB,MAOB,11,"Monoamine synthesis, transport & degradation",cg00999867,MAOB,,,,no_evidence,,,FALSE,,,,,,,,,,0,,,,,,UNMAPPED,,,,,UNMAPPED,,,,,UNMAPPED,,,,,,,,,,,,,,,"",no catalogue holds this CpG-gene pair and no distance could be computed,,
cg01002802,cg01002802_TC21_T1_PRKACB,PRKACB,19,GPCR signalling & second messengers,cg01002802,PRKACB,,,,no_evidence,,,FALSE,,,,,,,,,,0,,USP10,,0.289,B,REQUESTED_GENE_UNAVAILABLE,PRKACB,,0.1453,B,ABSTAIN,,,,,UNMAPPED,,,,,,,,,,,,,,,"",no catalogue holds this CpG-gene pair and no distance could be computed,,
cg01006609,cg01006609_BC11_T1_ASPA,ASPA,28,"Ageing, epigenetic clocks & telomere",cg01006609,ASPA,,,,no_evidence,,,FALSE,,,,,,,,,,0,,SDK1,,0.0153,A,REQUESTED_GENE_UNAVAILABLE,SDK1,,0.1453,B,REQUESTED_GENE_UNAVAILABLE,SDK1,,0.4431,B,REQUESTED_GENE_UNAVAILABLE,,,,,,,,,,,,,,,"",no catalogue holds this CpG-gene pair and no distance could be computed,,
cg01008919,cg01008919_TC21_T1_NLGN3,NLGN3,25,Social-synaptic & psychiatric risk,cg01008919,NLGN3,,,,no_evidence,,,FALSE,,,,,,,,,,0,,,,,,UNMAPPED,,,,,UNMAPPED,,,,,UNMAPPED,,,,,,,,,,,,,,,"",no catalogue holds this CpG-gene pair and no distance could be computed,,
cg01013627,cg01013627_BC21_T1_STIM1,STIM1,1,"Oxytocin, vasopressin & CICR",cg01013627,STIM1,,,,no_evidence,,,FALSE,,,,,,,,,,0,,LRRN1,,0.1971,B,REQUESTED_GENE_UNAVAILABLE,CHRNA10,,0.3409,A,REQUESTED_GENE_UNAVAILABLE,EEF2,,0.1667,B,REQUESTED_GENE_UNAVAILABLE,,,,,,,,,,,,,,,"",no catalogue holds this CpG-gene pair and no distance could be computed,,
cg01041449,cg01041449_TC21_T1_GUCY1B1,GUCY1B1,6,Libido & sexual function,cg01041449,GUCY1B1,,,,no_evidence,,,FALSE,,,,,,,,,,0,,,,,,UNMAPPED,CTSO,,0.139,B,REQUESTED_GENE_UNAVAILABLE,CTSO,,0.0131,B,REQUESTED_GENE_UNAVAILABLE,,,,,,,,,,,,,,,"",no catalogue holds this CpG-gene pair and no distance could be computed,,
cg01054891,cg01054891_BC21_T1_PEG3,PEG3,21,Imprinted genes & DMRs,cg01054891,PEG3,,,,no_evidence,,,FALSE,,,,,,,,,,0,,ZNF835,,0.4598,A,REQUESTED_GENE_UNAVAILABLE,,,,,UNMAPPED,,,,,UNMAPPED,,,,,,,,,,,,,,,"",no catalogue holds this CpG-gene pair and no distance could be computed,,
cg01071966,cg01071966_TC21_T1_CRHBP,CRHBP,2,HPA axis & glucocorticoid signalling,cg01071966,CRHBP,,,,no_evidence,,,FALSE,,,,,,,,,,0,,S100Z,,0.2377,B,REQUESTED_GENE_UNAVAILABLE,,,,,UNMAPPED,,,,,UNMAPPED,,,,,,,,,,,,,,,"",no catalogue holds this CpG-gene pair and no distance could be computed,,
cg01083397,cg01083397_TC11_T1_MECP2,MECP2,20,Epigenetic machinery,cg01083397,MECP2,,,,no_evidence,,,FALSE,,,,,,,,,,0,,,,,,UNMAPPED,,,,,UNMAPPED,,,,,UNMAPPED,,,,,,,,,,,,,,,"",no catalogue holds this CpG-gene pair and no distance could be computed,,
cg01086868,cg01086868_BC21_T1_AR,AR,4,Sex steroids: receptors & metabolism,cg01086868,AR,,,,no_evidence,,,FALSE,,,,,,,,,,0,,,,,,UNMAPPED,,,,,UNMAPPED,,,,,UNMAPPED,,,,,,,,,,,,,,,"",no catalogue holds this CpG-gene pair and no distance could be computed,,
cg01102073,cg01102073_BC11_T1_GATA2,GATA2,4,Sex steroids: receptors & metabolism,cg01102073,GATA2,,,,no_evidence,,,FALSE,,,,,,,,,,0,,,,,,UNMAPPED,,,,,UNMAPPED,,,,,UNMAPPED,,,,,,,,,,,,,,,"",no catalogue holds this CpG-gene pair and no distance could be computed,,
cg01133446,cg01133446_BC21_T1_ADORA1,ADORA1,8,Dopamine,cg01133446,ADORA1,,,,no_evidence,,,FALSE,,,,,,,,,,0,,ADORA1,,0.298,A,ABSTAIN,CHI3L1,,0.0695,A,REQUESTED_GENE_UNAVAILABLE,CHI3L1,,0.0131,B,REQUESTED_GENE_UNAVAILABLE,,,,,,,,,,,,,,,"",no catalogue holds this CpG-gene pair and no distance could be computed,,
cg01137471,cg01137471_TC21_T1_DMRT1,DMRT1,5,"HPG axis, puberty & KNDy",cg01137471,DMRT1,,,,no_evidence,,,FALSE,,,,,,,,,,0,,,,,,UNMAPPED,DMRT3,,0.4583,B,REQUESTED_GENE_UNAVAILABLE,GAK,,0.1124,B,REQUESTED_GENE_UNAVAILABLE,,,,,,,,,,,,,,,"",no catalogue holds this CpG-gene pair and no distance could be computed,,
cg01149238,cg01149238_BC21_T1_GABRB3,GABRB3,17,GABA & excitation-inhibition balance,cg01149238,GABRB3,-1,higher methylation -> LOWER expression,0.4852,catalogue_single,A,"0.62-0.87 (tier A, one tissue only)",FALSE,-1,-1,,,,,,,,1,1,,,,,UNMAPPED,GABRB3,-1,0.4852,A,PREDICTED,GABRB3,,0.2414,A,ABSTAIN,,,,,,,,,,,,,,,"",only one tissue called; no cross-tissue corroboration,0.4852,0.2574
cg01186006,cg01186006_BC21_T1_MEF2C,MEF2C,25,Social-synaptic & psychiatric risk,cg01186006,MEF2C,,,,no_evidence,,,FALSE,,,,,,,,,,0,,,,,,UNMAPPED,LINC00461,,0.3409,B,REQUESTED_GENE_UNAVAILABLE,LINC00461,,0.1124,B,REQUESTED_GENE_UNAVAILABLE,,,,,,,,,,,,,,,"",no catalogue holds this CpG-gene pair and no distance could be computed,,
cg01220564,cg01220564_BC21_T1_DDC,DDC,11,"Monoamine synthesis, transport & degradation",cg01220564,DDC,,,,no_evidence,,,FALSE,,,,,,,,,,0,,LIMA1,,0.1077,A,REQUESTED_GENE_UNAVAILABLE,GRB10,,0.9158,A,REQUESTED_GENE_UNAVAILABLE,BRD7,,0.2414,B,REQUESTED_GENE_UNAVAILABLE,,,,,,,,,,,,,,,"",no catalogue holds this CpG-gene pair and no distance could be computed,,
cg01221157,cg01221157_TC21_T1_ABAT,ABAT,17,GABA & excitation-inhibition balance,cg01221157,ABAT,1,higher methylation -> HIGHER expression,1,measured,A,"~1.00 (measured, not predicted)",FALSE,1,1,,,,,,,,1,1,ABAT,1,1,A,DIRECT_eQTM,ABAT,,0.1453,B,ABSTAIN,RERE,,0.3688,B,REQUESTED_GENE_UNAVAILABLE,,,,,,,,,,ABAT,blood,ABAT:+1,1,FALSE,"","",1,1
cg01266707,cg01266707_BC11_T1_PNMT,PNMT,10,Noradrenaline & sympathetic nervous system,cg01266707,PNMT,,,,no_evidence,,,FALSE,,,,,,,,,,0,,PGAP3,,0.298,A,REQUESTED_GENE_UNAVAILABLE,PGAP3,,0.6135,A,REQUESTED_GENE_UNAVAILABLE,,,,,UNMAPPED,,,,,,,,,,,,,,,"",no catalogue holds this CpG-gene pair and no distance could be computed,,
cg01281904,cg01281904_BC21_T1_OPRK1,OPRK1,12,Opioid & melanocortin,cg01281904,OPRK1,,,,no_evidence,,,FALSE,,,,,,,,,,0,,,,,,UNMAPPED,,,,,UNMAPPED,WDR72,,0.1474,B,REQUESTED_GENE_UNAVAILABLE,,,,,,,,,,,,,,,"",no catalogue holds this CpG-gene pair and no distance could be computed,,
cg01284869,cg01284869_BC11_T1_TCN2,TCN2,22,One-carbon metabolism,cg01284869,TCN2,1,higher methylation -> HIGHER expression,,smr_high,,"0.95-0.97 (SMR tier S1, concordant instruments; validated n=2,141)",FALSE,1,1,1,S1,7.755e-130,2,10099,TRUE,,0,,SEC14L6,,0.7856,A,REQUESTED_GENE_UNAVAILABLE,SLC35E4,,0.8457,A,REQUESTED_GENE_UNAVAILABLE,,,,,UNMAPPED,,,,,,,,,,,,,,,"",causal direction from SMR (blood); consistent with methylation affecting expression AND with linkage - HEIDI not run,0.7,0.85
cg01289552,cg01289552_TC21_T1_RET,RET,18,Neurotrophins & activity-dependent plasticity,cg01289552,RET,,,,no_evidence,,,FALSE,,,,,,,,,,0,,XPO5,,0.298,A,REQUESTED_GENE_UNAVAILABLE,,,,,UNMAPPED,,,,,UNMAPPED,,,,,,,,,,,,,,,"",no catalogue holds this CpG-gene pair and no distance could be computed,,
cg01290568,cg01290568_BC21_T1_IL1B,IL1B,24,"Immune, inflammation & HLA",cg01290568,IL1B,,,,no_evidence,,,FALSE,,,,,,,,,,0,,CCDC191,,0.2377,B,REQUESTED_GENE_UNAVAILABLE,,,,,UNMAPPED,,,,,UNMAPPED,,,,,,,,,,,,,,,"",no catalogue holds this CpG-gene pair and no distance could be computed,,
cg01306563,cg01306563_BC21_T1_FOXP2,FOXP2,25,Social-synaptic & psychiatric risk,cg01306563,FOXP2,,,,no_evidence,,,FALSE,,,,,,,,,,0,,MAGI3,,0.2377,B,REQUESTED_GENE_UNAVAILABLE,,,,,UNMAPPED,,,,,UNMAPPED,,,,,,,,,,,,,,,"",no catalogue holds this CpG-gene pair and no distance could be computed,,
cg01309141,cg01309141_BC21_T1_PCSK2,PCSK2,2,HPA axis & glucocorticoid signalling,cg01309141,PCSK2,,,,no_evidence,,,FALSE,,,,,,,,,,0,,,,,,UNMAPPED,,,,,UNMAPPED,,,,,UNMAPPED,,,,,,,,,,,,,,,"",no catalogue holds this CpG-gene pair and no distance could be computed,,
cg01315067,cg01315067_TC21_T1_NCOA4,NCOA4,4,Sex steroids: receptors & metabolism,cg01315067,NCOA4,-1,higher methylation -> LOWER expression,,smr_moderate,,"0.84-0.86 (SMR tier S2, single instrument; validated n=6,008)",FALSE,-1,-1,-1,S2,2.056e-23,1,1688,TRUE,,0,,PARG;PARGP1,,0.7056,A,REQUESTED_GENE_UNAVAILABLE,MSMB,,0.3771,A,REQUESTED_GENE_UNAVAILABLE,RAD54L2,,0.4326,B,REQUESTED_GENE_UNAVAILABLE,,,,,,,,,,PARG;PARGP1,blood,PARG;PARGP1:-1,,TRUE,"measured association is with PARG;PARGP1, not the requested gene - check which gene this CpG actually tracks","causal direction from SMR (blood); consistent with methylation affecting expression AND with linkage - HEIDI not run | measured association is with PARG;PARGP1, not the requested gene",0.7,0.15
cg01329836,cg01329836_TC11_T1_AR,AR,4,Sex steroids: receptors & metabolism,cg01329836,AR,,,,no_evidence,,,FALSE,,,,,,,,,,0,,,,,,UNMAPPED,,,,,UNMAPPED,,,,,UNMAPPED,,,,,,,,,,,,,,,"",no catalogue holds this CpG-gene pair and no distance could be computed,,
cg01345087,cg01345087_TC21_T1_SYN1,SYN1,18,Neurotrophins & activity-dependent plasticity,cg01345087,SYN1,,,,no_evidence,,,FALSE,,,,,,,,,,0,,,,,,UNMAPPED,,,,,UNMAPPED,,,,,UNMAPPED,,,,,,,,,,,,,,,"",no catalogue holds this CpG-gene pair and no distance could be computed,,
cg01346718,cg01346718_TC21_T1_CSNK1E,CSNK1E,23,Circadian & melatonin,cg01346718,CSNK1E,,,,no_evidence,,,FALSE,,,,,,,,,,0,,,,,,UNMAPPED,TMEM184B,,0.8509,A,REQUESTED_GENE_UNAVAILABLE,PLA2G6,,0.3688,A,REQUESTED_GENE_UNAVAILABLE,,,,,,,,,,,,,,,"",no catalogue holds this CpG-gene pair and no distance could be computed,,
cg01351425,cg01351425_TC21_T1_IGF2,IGF2,21,Imprinted genes & DMRs,cg01351425,IGF2,1,higher methylation -> HIGHER expression,,smr_moderate,,"0.84-0.86 (SMR tier S2, single instrument; validated n=6,008)",FALSE,1,1,1,S2,8.748e-09,1,10244,TRUE,,0,,MAD1L1,,0.1971,A,REQUESTED_GENE_UNAVAILABLE,CD81,,0.3639,A,REQUESTED_GENE_UNAVAILABLE,MAD1L1,,0.0131,B,REQUESTED_GENE_UNAVAILABLE,,,,,,,,,,,,,,,"",causal direction from SMR (blood); consistent with methylation affecting expression AND with linkage - HEIDI not run,0.7,0.85
cg01369725,cg01369725_TC21_T1_UHRF1,UHRF1,20,Epigenetic machinery,cg01369725,UHRF1,,,,no_evidence,,,FALSE,,,,,,,,,,0,,ARRDC5,,0.4517,A,REQUESTED_GENE_UNAVAILABLE,KDM4B,,0.3409,B,REQUESTED_GENE_UNAVAILABLE,INCA1,,0.4431,A,REQUESTED_GENE_UNAVAILABLE,,,,,,,,,,,,,,,"",no catalogue holds this CpG-gene pair and no distance could be computed,,
cg01370805,cg01370805_BC21_T1_SHANK3,SHANK3,16,Glutamate & synaptic scaffolding,cg01370805,SHANK3,,,,no_evidence,,,FALSE,,,,,,,,,,0,,MAPK8IP2,,0.126,A,REQUESTED_GENE_UNAVAILABLE,MAPK8IP2,,0.1453,B,REQUESTED_GENE_UNAVAILABLE,,,,,UNMAPPED,,,,,,,,,,,,,,,"",no catalogue holds this CpG-gene pair and no distance could be computed,,
cg01374870,cg01374870_TC21_T1_HLA_DMB,HLA-DMB,24,"Immune, inflammation & HLA",cg01374870,HLA-DMB,,,,tissue_conflict,A,,FALSE,,,,,,,,,,2,0.5,HLA-DMB,-1,0.571,A,PREDICTED,HLA-DMB,1,0.8509,A,PREDICTED,HLA-DMB,,0.1667,A,ABSTAIN,,,,,,,,,,,,,,,"",tissues returned opposite directions; not resolved,,
cg01383840,cg01383840_BC21_T1_GCH1,GCH1,11,"Monoamine synthesis, transport & degradation",cg01383840,GCH1,-1,higher methylation -> LOWER expression,0.3688,catalogue_single,A,"0.62-0.87 (tier A, one tissue only)",FALSE,-1,-1,,,,,,,,1,1,WDHD1,,0.0153,B,REQUESTED_GENE_UNAVAILABLE,LGALS3,,0.139,B,REQUESTED_GENE_UNAVAILABLE,GCH1,-1,0.3688,A,PREDICTED,,,,,,,,,,,,,,,"",only one tissue called; no cross-tissue corroboration,0.3688,0.3156
cg01386493,cg01386493_BC21_T1_ADRB3,ADRB3,10,Noradrenaline & sympathetic nervous system,cg01386493,ADRB3,,,,no_evidence,,,FALSE,,,,,,,,,,0,,ADGRA2,,0.1934,B,REQUESTED_GENE_UNAVAILABLE,LSM1,,0.0695,B,REQUESTED_GENE_UNAVAILABLE,ADGRA2,,0.1244,B,REQUESTED_GENE_UNAVAILABLE,,,,,,,,,,,,,,,"",no catalogue holds this CpG-gene pair and no distance could be computed,,
cg01399658,cg01399658_BC21_T1_QPRT,QPRT,15,Kynurenine pathway,cg01399658,QPRT,1,higher methylation -> HIGHER expression,0.3197,catalogue_single,A,"0.62-0.87 (tier A, one tissue only)",FALSE,1,1,,,,,,,,1,1,SPN,,0.3429,A,REQUESTED_GENE_UNAVAILABLE,QPRT,1,0.3197,A,PREDICTED,GABBR1,,0.4431,B,REQUESTED_GENE_UNAVAILABLE,,,,,,,,,,,,,,,"",only one tissue called; no cross-tissue corroboration,0.3197,0.65985
cg01401680,cg01401680_BC21_T1_SETDB1,SETDB1,20,Epigenetic machinery,cg01401680,SETDB1,,,,no_evidence,,,FALSE,,,,,,,,,,0,,ANXA9,,0.3739,A,REQUESTED_GENE_UNAVAILABLE,ANXA9,,0.4583,A,REQUESTED_GENE_UNAVAILABLE,DCLK2,,0.1815,B,REQUESTED_GENE_UNAVAILABLE,,,,,,,,,,,,,,,"",no catalogue holds this CpG-gene pair and no distance could be computed,,
cg01410359,cg01410359_TC21_T1_CYP1B1,CYP1B1,4,Sex steroids: receptors & metabolism,cg01410359,CYP1B1,,,,no_evidence,,,FALSE,,,,,,,,,,0,,ZNF37A,,0.4729,A,REQUESTED_GENE_UNAVAILABLE,RMDN2,,0.4852,A,REQUESTED_GENE_UNAVAILABLE,RMDN2,,0.0131,B,REQUESTED_GENE_UNAVAILABLE,,,,,,,,,,,,,,,"",no catalogue holds this CpG-gene pair and no distance could be computed,,
cg01412654,cg01412654_TC21_T1_PPARG,PPARG,27,Appetite & metabolic programming,cg01412654,PPARG,-1,higher methylation -> LOWER expression,,smr_moderate,,"0.84-0.86 (SMR tier S2, single instrument; validated n=6,008)",FALSE,-1,-1,-1,S2,9.776e-10,1,74277,TRUE,,0,,,,,,UNMAPPED,TIMP4,,0.1453,B,REQUESTED_GENE_UNAVAILABLE,TIMP4,,0.0131,B,REQUESTED_GENE_UNAVAILABLE,,,,,,,,,,,,,,,"",causal direction from SMR (blood); consistent with methylation affecting expression AND with linkage - HEIDI not run,0.7,0.15
cg01441237,cg01441237_BC21_T1_NR5A1,NR5A1,3,Steroidogenesis (adrenal & gonadal),cg01441237,NR5A1,,,,no_evidence,,,FALSE,,,,,,,,,,0,,PSMB7,,0.126,B,REQUESTED_GENE_UNAVAILABLE,PSMB7,,0.1453,B,REQUESTED_GENE_UNAVAILABLE,,,,,UNMAPPED,,,,,,,,,,,,,,,"",no catalogue holds this CpG-gene pair and no distance could be computed,,
cg01441777,cg01441777_BC21_T1_CSNK1E,CSNK1E,23,Circadian & melatonin,cg01441777,CSNK1E,-1,higher methylation -> LOWER expression,,smr_high,,"0.95-0.97 (SMR tier S1, concordant instruments; validated n=2,141)",FALSE,-1,-1,-1,S1,1.048e-14,2,26196,TRUE,,0,,,,,,UNMAPPED,TMEM184B,,0.7966,A,REQUESTED_GENE_UNAVAILABLE,PLA2G6,,0.2027,A,REQUESTED_GENE_UNAVAILABLE,,,,,,,,,,,,,,,"",causal direction from SMR (blood); consistent with methylation affecting expression AND with linkage - HEIDI not run,0.7,0.15
cg01442195,cg01442195_TC21_T1_IL6R,IL6R,24,"Immune, inflammation & HLA",cg01442195,IL6R,-1,higher methylation -> LOWER expression,0.6433,catalogue_single,A,"0.62-0.87 (tier A, one tissue only)",FALSE,-1,-1,,,,,,,,1,1,IL6R,,0.298,A,ABSTAIN,IL6R,-1,0.6433,A,PREDICTED,RPRM,,0.1474,B,REQUESTED_GENE_UNAVAILABLE,,,,,,,,,,,,,,,"",only one tissue called; no cross-tissue corroboration,0.6433,0.17835
cg01445838,cg01445838_TC21_T1_PLAGL1,PLAGL1,21,Imprinted genes & DMRs,cg01445838,PLAGL1,,,,no_evidence,,,FALSE,,,,,,,,,,0,,PLAGL1,,0.2377,B,ABSTAIN,PLAGL1,,0.31,B,ABSTAIN,PLAGL1,,0.0131,B,ABSTAIN,,,,,,,,,,,,,,,"",no catalogue holds this CpG-gene pair and no distance could be computed,,
cg01448525,cg01448525_BC21_T1_DLG3,DLG3,16,Glutamate & synaptic scaffolding,cg01448525,DLG3,,,,no_evidence,,,FALSE,,,,,,,,,,0,,,,,,UNMAPPED,,,,,UNMAPPED,,,,,UNMAPPED,,,,,,,,,,,,,,,"",no catalogue holds this CpG-gene pair and no distance could be computed,,
cg01459748,cg01459748_BC21_T1_HTR3B,HTR3B,9,Serotonin,cg01459748,HTR3B,,,,no_evidence,,,FALSE,,,,,,,,,,0,,,,,,UNMAPPED,,,,,UNMAPPED,,,,,UNMAPPED,,,,,,,,,,,,,,,"",no catalogue holds this CpG-gene pair and no distance could be computed,,
cg01462782,cg01462782_BC21_T1_ADORA2A,ADORA2A,8,Dopamine,cg01462782,ADORA2A,,,,no_evidence,,,FALSE,,,,,,,,,,0,,,,,,UNMAPPED,SPECC1L,,0.0694,A,REQUESTED_GENE_UNAVAILABLE,ADORA2A,,0.2027,A,ABSTAIN,,,,,,,,,,,,,,,"",no catalogue holds this CpG-gene pair and no distance could be computed,,
cg01466133,cg01466133_BC21_T1_NNAT,NNAT,21,Imprinted genes & DMRs,cg01466133,NNAT,,,,no_evidence,,,FALSE,,,,,,,,,,0,,,,,,UNMAPPED,BLCAP,,0.3409,A,REQUESTED_GENE_UNAVAILABLE,SRC,,0.1815,B,REQUESTED_GENE_UNAVAILABLE,,,,,,,,,,,,,,,"",no catalogue holds this CpG-gene pair and no distance could be computed,,
cg01470356,cg01470356_TC21_T1_PHOX2B,PHOX2B,10,Noradrenaline & sympathetic nervous system,cg01470356,PHOX2B,,,,no_evidence,,,FALSE,,,,,,,,,,0,,,,,,UNMAPPED,,,,,UNMAPPED,,,,,UNMAPPED,,,,,,,,,,,,,,,"",no catalogue holds this CpG-gene pair and no distance could be computed,,
cg01475205,cg01475205_BC21_T1_NRXN2,NRXN2,25,Social-synaptic & psychiatric risk,cg01475205,NRXN2,,,,no_evidence,,,FALSE,,,,,,,,,,0,,AP003774.3,,0.298,B,REQUESTED_GENE_UNAVAILABLE,DAPK2,,0.0695,A,REQUESTED_GENE_UNAVAILABLE,SYNE2,,0.0131,B,REQUESTED_GENE_UNAVAILABLE,,,,,,,,,,,,,,,"",no catalogue holds this CpG-gene pair and no distance could be computed,,
cg01479396,cg01479396_TC21_T1_SHBG,SHBG,4,Sex steroids: receptors & metabolism,cg01479396,SHBG,,,,no_evidence,,,FALSE,,,,,,,,,,0,,SOX15,,0.298,A,REQUESTED_GENE_UNAVAILABLE,SOX15,,0.4745,A,REQUESTED_GENE_UNAVAILABLE,TNFSF13,,0.1244,A,REQUESTED_GENE_UNAVAILABLE,,,,,,,,,,,,,,,"",no catalogue holds this CpG-gene pair and no distance could be computed,,
cg01482593,cg01482593_TC21_T1_NTRK1,NTRK1,18,Neurotrophins & activity-dependent plasticity,cg01482593,NTRK1,,,,no_evidence,,,FALSE,,,,,,,,,,0,,CCNL1,,0.298,B,REQUESTED_GENE_UNAVAILABLE,LRRC71,,0.1453,A,REQUESTED_GENE_UNAVAILABLE,LRRC71,,0.1124,B,REQUESTED_GENE_UNAVAILABLE,,,,,,,,,,,,,,,"",no catalogue holds this CpG-gene pair and no distance could be computed,,
cg01482695,cg01482695_BC21_T1_NTRK1,NTRK1,18,Neurotrophins & activity-dependent plasticity,cg01482695,NTRK1,,,,no_evidence,,,FALSE,,,,,,,,,,0,,CCNL1,,0.298,B,REQUESTED_GENE_UNAVAILABLE,LRRC71,,0.0695,A,REQUESTED_GENE_UNAVAILABLE,LRRC71,,0.1244,A,REQUESTED_GENE_UNAVAILABLE,,,,,,,,,,,,,,,"",no catalogue holds this CpG-gene pair and no distance could be computed,,
cg01529076,cg01529076_BC11_T1_FOS,FOS,18,Neurotrophins & activity-dependent plasticity,cg01529076,FOS,,,,no_evidence,,,FALSE,,,,,,,,,,0,,TMEM170A,,0.3429,A,REQUESTED_GENE_UNAVAILABLE,BATF,,0.7966,A,REQUESTED_GENE_UNAVAILABLE,BTC,,0.1815,B,REQUESTED_GENE_UNAVAILABLE,,,,,,,,,,,,,,,"",no catalogue holds this CpG-gene pair and no distance could be computed,,
cg01538522,cg01538522_TC21_T1_GNAS,GNAS,19,GPCR signalling & second messengers,cg01538522,GNAS,,,,no_evidence,,,FALSE,,,,,,,,,,0,,CTSZ,,0.6537,A,REQUESTED_GENE_UNAVAILABLE,CTSZ,,0.3409,B,REQUESTED_GENE_UNAVAILABLE,,,,,UNMAPPED,,,,,,,,,,,,,,,"",no catalogue holds this CpG-gene pair and no distance could be computed,,
cg01541198,cg01541198_BC21_T1_TCN2,TCN2,22,One-carbon metabolism,cg01541198,TCN2,,,,no_evidence,,,FALSE,,,,,,,,,,0,,SEC14L6,,0.7856,A,REQUESTED_GENE_UNAVAILABLE,SLC35E4,,0.8457,A,REQUESTED_GENE_UNAVAILABLE,,,,,UNMAPPED,,,,,,,,,,,,,,,"",no catalogue holds this CpG-gene pair and no distance could be computed,,
cg01562552,cg01562552_TC21_T1_MGLL,MGLL,14,Endocannabinoid,cg01562552,MGLL,-1,higher methylation -> LOWER expression,0.5862,catalogue_consensus,B,"0.64-0.84 (tier B, tissues agree)",FALSE,-1,-1,,,,,,,-1,2,1,MGLL,,0.4729,B,ABSTAIN,MGLL,-1,0.7399,B,PREDICTED,MGLL,-1,0.4326,A,PREDICTED,,,,,,,,,,,,,,,"","",0.5862,0.2069
cg01581781,cg01581781_TC21_T1_DRD1,DRD1,8,Dopamine,cg01581781,DRD1,,,,no_evidence,,,FALSE,,,,,,,,,,0,,,,,,UNMAPPED,,,,,UNMAPPED,,,,,UNMAPPED,,,,,,,,,,,,,,,"",no catalogue holds this CpG-gene pair and no distance could be computed,,
cg01586609,cg01586609_BC21_T1_HTR3A,HTR3A,9,Serotonin,cg01586609,HTR3A,,,,no_evidence,,,FALSE,,,,,,,,,,0,,,,,,UNMAPPED,,,,,UNMAPPED,,,,,UNMAPPED,,,,,,,,,,,,,,,"",no catalogue holds this CpG-gene pair and no distance could be computed,,
cg01591898,cg01591898_TC21_T1_CSNK1E,CSNK1E,23,Circadian & melatonin,cg01591898,CSNK1E,,,,no_evidence,,,FALSE,,,,,,,,,,0,,,,,,UNMAPPED,TMEM184B,,0.1453,A,REQUESTED_GENE_UNAVAILABLE,PLA2G6,,0.2027,A,REQUESTED_GENE_UNAVAILABLE,,,,,,,,,,,,,,,"",no catalogue holds this CpG-gene pair and no distance could be computed,,
cg01592956,cg01592956_BC21_T1_GNAL,GNAL,8,Dopamine,cg01592956,GNAL,,,,no_evidence,,,FALSE,,,,,,,,,,0,,,,,,UNMAPPED,,,,,UNMAPPED,,,,,UNMAPPED,,,,,,,,,,,,,,,"",no catalogue holds this CpG-gene pair and no distance could be computed,,
cg01595870,cg01595870_BC21_T1_PLAGL1,PLAGL1,21,Imprinted genes & DMRs,cg01595870,PLAGL1,-1,higher methylation -> LOWER expression,,smr_moderate,,"0.84-0.86 (SMR tier S2, single instrument; validated n=6,008)",FALSE,-1,-1,-1,S2,1.904e-09,1,62830,TRUE,,0,,PLAGL1,,0.298,A,ABSTAIN,PLAGL1,,0.3409,B,ABSTAIN,PLAGL1,,0.0131,A,ABSTAIN,,,,,,,,,,,,,,,"",causal direction from SMR (blood); consistent with methylation affecting expression AND with linkage - HEIDI not run,0.7,0.15
cg01598357,cg01598357_TC21_T1_DLG3,DLG3,16,Glutamate & synaptic scaffolding,cg01598357,DLG3,,,,no_evidence,,,FALSE,,,,,,,,,,0,,,,,,UNMAPPED,,,,,UNMAPPED,,,,,UNMAPPED,,,,,,,,,,,,,,,"",no catalogue holds this CpG-gene pair and no distance could be computed,,
cg01600123,cg01600123_BC11_T1_DLG3,DLG3,16,Glutamate & synaptic scaffolding,cg01600123,DLG3,,,,no_evidence,,,FALSE,,,,,,,,,,0,,,,,,UNMAPPED,,,,,UNMAPPED,,,,,UNMAPPED,,,,,,,,,,,,,,,"",no catalogue holds this CpG-gene pair and no distance could be computed,,
cg01612247,cg01612247_TC21_T1_HSD17B1,HSD17B1,4,Sex steroids: receptors & metabolism,cg01612247,HSD17B1,,,,no_evidence,,,FALSE,,,,,,,,,,0,,MAP3K10,,0.298,A,REQUESTED_GENE_UNAVAILABLE,PLEKHH3,,0.0501,A,REQUESTED_GENE_UNAVAILABLE,PTRF,,0.4431,A,REQUESTED_GENE_UNAVAILABLE,,,,,,,,,,,,,,,"",no catalogue holds this CpG-gene pair and no distance could be computed,,
cg01639898,cg01639898_TC21_T1_HCRTR1,HCRTR1,13,Orexin / hypocretin & MCH,cg01639898,HCRTR1,,,,no_evidence,,,FALSE,,,,,,,,,,0,,ZNF860,,0.1852,A,REQUESTED_GENE_UNAVAILABLE,TINAGL1,,0.8169,A,REQUESTED_GENE_UNAVAILABLE,ARHGAP12,,0.1667,B,REQUESTED_GENE_UNAVAILABLE,,,,,,,,,,,,,,,"",no catalogue holds this CpG-gene pair and no distance could be computed,,
cg01644611,cg01644611_TC11_T1_OXT,OXT,1,"Oxytocin, vasopressin & CICR",cg01644611,OXT,,,,no_evidence,,,FALSE,,,,,,,,,,0,,AVP,,0.4598,A,REQUESTED_GENE_UNAVAILABLE,,,,,UNMAPPED,,,,,UNMAPPED,,,,,,,,,,,,,,,"",no catalogue holds this CpG-gene pair and no distance could be computed,,
cg01655356,cg01655356_TC21_T1_SHANK2,SHANK2,16,Glutamate & synaptic scaffolding,cg01655356,SHANK2,1,higher methylation -> HIGHER expression,0.7091,catalogue_single,A,"0.62-0.87 (tier A, one tissue only)",FALSE,1,1,,,,,,,,1,1,COL19A1,,0.2377,B,REQUESTED_GENE_UNAVAILABLE,SHANK2,,0.3197,B,ABSTAIN,SHANK2,1,0.7091,A,PREDICTED,,,,,,,,,,,,,,,"",only one tissue called; no cross-tissue corroboration,0.7091,0.85455
cg01663970,cg01663970_TC21_T1_SCARB1,SCARB1,3,Steroidogenesis (adrenal & gonadal),cg01663970,SCARB1,,,,no_evidence,,,FALSE,,,,,,,,,,0,,AC122688.3,,0.3429,A,REQUESTED_GENE_UNAVAILABLE,UBC,,0.3409,B,REQUESTED_GENE_UNAVAILABLE,NCOR2,,0.4431,B,REQUESTED_GENE_UNAVAILABLE,,,,,,,,,,,,,,,"",no catalogue holds this CpG-gene pair and no distance could be computed,,
cg01664864,cg01664864_BC11_T1_DIO3,DIO3,26,Thyroid & neurodevelopment,cg01664864,DIO3,,,,no_evidence,,,FALSE,,,,,,,,,,0,,PPP2R5C,,0.0153,B,REQUESTED_GENE_UNAVAILABLE,PPP2R5C,,0.3197,B,REQUESTED_GENE_UNAVAILABLE,PPP2R5C,,0.1667,B,REQUESTED_GENE_UNAVAILABLE,,,,,,,,,,,,,,,"",no catalogue holds this CpG-gene pair and no distance could be computed,,
cg01678091,cg01678091_TC21_T1_MAGEL2,MAGEL2,1,"Oxytocin, vasopressin & CICR",cg01678091,MAGEL2,,,,no_evidence,,,FALSE,,,,,,,,,,0,,NR1D2,,0.298,A,REQUESTED_GENE_UNAVAILABLE,,,,,UNMAPPED,,,,,UNMAPPED,,,,,,,,,,,,,,,"",no catalogue holds this CpG-gene pair and no distance could be computed,,
cg01678833,cg01678833_TC21_T1_TSPO,TSPO,3,Steroidogenesis (adrenal & gonadal),cg01678833,TSPO,-1,higher methylation -> LOWER expression,0.5379,catalogue_consensus,B,"0.64-0.84 (tier B, tissues agree)",FALSE,-1,-1,1,S2,2.094e-114,1,6213,FALSE,-1,2,1,,,,,UNMAPPED,TSPO,-1,0.6433,B,PREDICTED,TSPO,-1,0.4326,A,PREDICTED,,,,,,,,,,,,,,,""," | SMR (causal, blood) says +1 at tier S2 but a stronger layer supplied the opposite sign - inspect before using",0.5379,0.23105
cg01682285,cg01682285_BC21_T1_TSHR,TSHR,26,Thyroid & neurodevelopment,cg01682285,TSHR,-1,higher methylation -> LOWER expression,,smr_moderate,,"0.84-0.86 (SMR tier S2, single instrument; validated n=6,008)",FALSE,-1,-1,-1,S2,1.125e-33,1,94829,TRUE,,0,,,,,,UNMAPPED,,,,,UNMAPPED,,,,,UNMAPPED,,,,,,,,,,,,,,,"",causal direction from SMR (blood); consistent with methylation affecting expression AND with linkage - HEIDI not run,0.7,0.15
cg01685808,cg01685808_BC21_T1_GLUL,GLUL,16,Glutamate & synaptic scaffolding,cg01685808,GLUL,,,,no_evidence,,,FALSE,,,,,,,,,,0,,ITGA4,,0.289,B,REQUESTED_GENE_UNAVAILABLE,GLUL,,0.4852,B,ABSTAIN,,,,,UNMAPPED,,,,,,,,,,,,,,,"",no catalogue holds this CpG-gene pair and no distance could be computed,,
cg01685811,cg01685811_TC21_T1_GLUL,GLUL,16,Glutamate & synaptic scaffolding,cg01685811,GLUL,,,,no_evidence,,,FALSE,,,,,,,,,,0,,ITGA4,,0.289,B,REQUESTED_GENE_UNAVAILABLE,GLUL,,0.4852,B,ABSTAIN,,,,,UNMAPPED,,,,,,,,,,,,,,,"",no catalogue holds this CpG-gene pair and no distance could be computed,,
cg01685823,cg01685823_BC21_T1_GLUL,GLUL,16,Glutamate & synaptic scaffolding,cg01685823,GLUL,,,,no_evidence,,,FALSE,,,,,,,,,,0,,ITGA4,,0.289,B,REQUESTED_GENE_UNAVAILABLE,GLUL,,0.4852,B,ABSTAIN,,,,,UNMAPPED,,,,,,,,,,,,,,,"",no catalogue holds this CpG-gene pair and no distance could be computed,,
cg01685885,cg01685885_BC21_T1_GLUL,GLUL,16,Glutamate & synaptic scaffolding,cg01685885,GLUL,-1,higher methylation -> LOWER expression,0.6135,catalogue_single,B,"0.55-0.84 (tier B, one tissue only)",FALSE,-1,-1,,,,,,,,1,1,ITGA4,,0.2377,B,REQUESTED_GENE_UNAVAILABLE,GLUL,-1,0.6135,B,PREDICTED,,,,,UNMAPPED,,,,,,,,,,,,,,,"",only one tissue called; no cross-tissue corroboration,0.6135,0.19325
cg01697762,cg01697762_BC21_T1_DLG2,DLG2,16,Glutamate & synaptic scaffolding,cg01697762,DLG2,,,,no_evidence,,,FALSE,,,,,,,,,,0,,,,,,UNMAPPED,,,,,UNMAPPED,,,,,UNMAPPED,,,,,,,,,,,,,,,"",no catalogue holds this CpG-gene pair and no distance could be computed,,
cg01697794,cg01697794_TC21_T1_DLG4,DLG4,16,Glutamate & synaptic scaffolding,cg01697794,DLG4,,,,tissue_conflict,A,,FALSE,,,,,,,,,,2,0.5,DLG4,-1,0.6537,A,PREDICTED,DLG4,,0.0695,A,ABSTAIN,DLG4,1,0.4431,A,PREDICTED,,,,,,,,,,,,,,,"",tissues returned opposite directions; not resolved,,
cg01714756,cg01714756_TC21_T1_SERPINA6,SERPINA6,2,HPA axis & glucocorticoid signalling,cg01714756,SERPINA6,,,,no_evidence,,,FALSE,,,,,,,,,,0,,MCTP2,,0.2377,B,REQUESTED_GENE_UNAVAILABLE,IFI27,,0.378,B,REQUESTED_GENE_UNAVAILABLE,MCTP2,,0.4431,B,REQUESTED_GENE_UNAVAILABLE,,,,,,,,,,,,,,,"",no catalogue holds this CpG-gene pair and no distance could be computed,,
cg01722932,cg01722932_BC11_T1_MTNR1B,MTNR1B,23,Circadian & melatonin,cg01722932,MTNR1B,,,,no_evidence,,,FALSE,,,,,,,,,,0,,,,,,UNMAPPED,,,,,UNMAPPED,,,,,UNMAPPED,,,,,,,,,,,,,,,"",no catalogue holds this CpG-gene pair and no distance could be computed,,
cg01748573,cg01748573_TC21_T1_GNAS,GNAS,19,GPCR signalling & second messengers,cg01748573,GNAS,,,,no_evidence,,,FALSE,,,,,,,,,,0,,CTSZ,,0.6537,A,REQUESTED_GENE_UNAVAILABLE,CTSZ,,0.3409,B,REQUESTED_GENE_UNAVAILABLE,,,,,UNMAPPED,,,,,,,,,,,,,,,"",no catalogue holds this CpG-gene pair and no distance could be computed,,
cg01754290,cg01754290_BC21_T1_FOXP2,FOXP2,25,Social-synaptic & psychiatric risk,cg01754290,FOXP2,,,,no_evidence,,,FALSE,,,,,,,,,,0,,MAGI3,,0.298,B,REQUESTED_GENE_UNAVAILABLE,,,,,UNMAPPED,,,,,UNMAPPED,,,,,,,,,,,,,,,"",no catalogue holds this CpG-gene pair and no distance could be computed,,
cg01781529,cg01781529_TC21_T1_WNT4,WNT4,5,"HPG axis, puberty & KNDy",cg01781529,WNT4,,,,no_evidence,,,FALSE,,,,,,,,,,0,,ADGRA3,,0.12,A,REQUESTED_GENE_UNAVAILABLE,WNT4,,0.0695,A,ABSTAIN,BIN3,,0.1124,B,REQUESTED_GENE_UNAVAILABLE,,,,,,,,,,,,,,,"",no catalogue holds this CpG-gene pair and no distance could be computed,,
cg01802138,cg01802138_BC21_T1_TSC22D3,TSC22D3,2,HPA axis & glucocorticoid signalling,cg01802138,TSC22D3,,,,no_evidence,,,FALSE,,,,,,,,,,0,,,,,,UNMAPPED,,,,,UNMAPPED,,,,,UNMAPPED,,,,,,,,,,,,,,,"",no catalogue holds this CpG-gene pair and no distance could be computed,,
cg01804664,cg01804664_BC11_T1_CAMK2A,CAMK2A,1,"Oxytocin, vasopressin & CICR",cg01804664,CAMK2A,,,,no_evidence,,,FALSE,,,,,,,,,,0,,PFN2,,0.0365,B,REQUESTED_GENE_UNAVAILABLE,ARSI,,0.3409,A,REQUESTED_GENE_UNAVAILABLE,CD74,,0.0131,B,REQUESTED_GENE_UNAVAILABLE,,,,,,,,,,,,,,,"",no catalogue holds this CpG-gene pair and no distance could be computed,,
cg01817393,cg01817393_BC21_T1_GNAS,GNAS,19,GPCR signalling & second messengers,cg01817393,GNAS,,,,no_evidence,,,FALSE,,,,,,,,,,0,,CTSZ,,0.4648,A,REQUESTED_GENE_UNAVAILABLE,CTSZ,,0.3409,B,REQUESTED_GENE_UNAVAILABLE,,,,,UNMAPPED,,,,,,,,,,,,,,,"",no catalogue holds this CpG-gene pair and no distance could be computed,,
cg01819552,cg01819552_BC21_T1_CRHR2,CRHR2,2,HPA axis & glucocorticoid signalling,cg01819552,CRHR2,1,higher methylation -> HIGHER expression,,smr_moderate,,"0.84-0.86 (SMR tier S2, single instrument; validated n=6,008)",FALSE,1,1,1,S2,5.641e-36,1,9055,TRUE,,0,,IPO8,,0.0641,A,REQUESTED_GENE_UNAVAILABLE,,,,,UNMAPPED,,,,,UNMAPPED,,,,,,,,,,,,,,,"",causal direction from SMR (blood); consistent with methylation affecting expression AND with linkage - HEIDI not run,0.7,0.85
cg01828434,cg01828434_BC21_T1_TSC22D3,TSC22D3,2,HPA axis & glucocorticoid signalling,cg01828434,TSC22D3,,,,no_evidence,,,FALSE,,,,,,,,,,0,,,,,,UNMAPPED,,,,,UNMAPPED,,,,,UNMAPPED,,,,,,,,,,,,,,,"",no catalogue holds this CpG-gene pair and no distance could be computed,,
cg01839993,cg01839993_TC21_T1_DDIT4,DDIT4,2,HPA axis & glucocorticoid signalling,cg01839993,DDIT4,-1,higher methylation -> LOWER expression,,smr_moderate,,"0.84-0.86 (SMR tier S2, single instrument; validated n=6,008)",FALSE,-1,-1,-1,S2,4.165e-08,1,92,TRUE,,0,,SPOCK2,,0.3429,A,REQUESTED_GENE_UNAVAILABLE,SPOCK2,,0.1453,B,REQUESTED_GENE_UNAVAILABLE,,,,,UNMAPPED,,,,,,,,,,,,,,,"",causal direction from SMR (blood); consistent with methylation affecting expression AND with linkage - HEIDI not run,0.7,0.15
cg01845356,cg01845356_TC21_T1_DRD3,DRD3,8,Dopamine,cg01845356,DRD3,,,,no_evidence,,,FALSE,,,,,,,,,,0,,CUL4A,,0.3429,A,REQUESTED_GENE_UNAVAILABLE,TIGIT,,0.0695,A,REQUESTED_GENE_UNAVAILABLE,CUL4A,,0.0131,B,REQUESTED_GENE_UNAVAILABLE,,,,,,,,,,,,,,,"",no catalogue holds this CpG-gene pair and no distance could be computed,,
cg01847719,cg01847719_BC11_T1_CAT,CAT,29,Oxidative stress & mitochondria,cg01847719,CAT,-1,higher methylation -> LOWER expression,,smr_moderate,,"0.84-0.86 (SMR tier S2, single instrument; validated n=6,008)",FALSE,-1,-1,-1,S2,1.24e-105,1,16483,TRUE,,0,,NUDT2,,0.4729,A,REQUESTED_GENE_UNAVAILABLE,ELF5,,0.4852,A,REQUESTED_GENE_UNAVAILABLE,ELF5,,0.0131,B,REQUESTED_GENE_UNAVAILABLE,,,,,,,,,,,,,,,"",causal direction from SMR (blood); consistent with methylation affecting expression AND with linkage - HEIDI not run,0.7,0.15
cg01864032,cg01864032_TC21_T1_DLG3,DLG3,16,Glutamate & synaptic scaffolding,cg01864032,DLG3,,,,no_evidence,,,FALSE,,,,,,,,,,0,,,,,,UNMAPPED,,,,,UNMAPPED,,,,,UNMAPPED,,,,,,,,,,,,,,,"",no catalogue holds this CpG-gene pair and no distance could be computed,,
cg01877200,cg01877200_BC21_T1_IL10,IL10,24,"Immune, inflammation & HLA",cg01877200,IL10,-1,higher methylation -> LOWER expression,0.6863,catalogue_single,A,"0.62-0.87 (tier A, one tissue only)",FALSE,-1,-1,,,,,,,,1,1,IL10,-1,0.6863,A,PREDICTED,IL19,,0.3889,A,REQUESTED_GENE_UNAVAILABLE,,,,,UNMAPPED,,,,,,,,,,,,,,,"",only one tissue called; no cross-tissue corroboration,0.6863,0.15685
cg01881182,cg01881182_BC21_T1_ABAT,ABAT,17,GABA & excitation-inhibition balance,cg01881182,ABAT,1,higher methylation -> HIGHER expression,1,measured,A,"~1.00 (measured, not predicted)",FALSE,1,1,1,S1,3.353e-99,2,16896,TRUE,,1,1,ABAT,1,1,A,DIRECT_eQTM,ABAT,,0.1453,B,ABSTAIN,RERE,,0.3688,B,REQUESTED_GENE_UNAVAILABLE,,,,,,,,,,ABAT,blood,ABAT:+1,1,FALSE,"","",1,1
cg01894322,cg01894322_TC21_T1_PPP1R1B,PPP1R1B,8,Dopamine,cg01894322,PPP1R1B,,,,no_evidence,,,FALSE,,,,,,,,,,0,,PGAP3,,0.2377,A,REQUESTED_GENE_UNAVAILABLE,PGAP3,,0.3409,A,REQUESTED_GENE_UNAVAILABLE,,,,,UNMAPPED,,,,,,,,,,MIEN1,nasal_epithelium,MIEN1:+1,,TRUE,"measured association is with MIEN1, not the requested gene - check which gene this CpG actually tracks","no catalogue holds this CpG-gene pair and no distance could be computed | measured association is with MIEN1, not the requested gene",,
cg01901466,cg01901466_BC21_T1_CHGA,CHGA,10,Noradrenaline & sympathetic nervous system,cg01901466,CHGA,,,,no_evidence,,,FALSE,,,,,,,,,,0,,LGMN,,0.2377,B,REQUESTED_GENE_UNAVAILABLE,LGMN,,0.31,B,REQUESTED_GENE_UNAVAILABLE,,,,,UNMAPPED,,,,,,,,,,,,,,,"",no catalogue holds this CpG-gene pair and no distance could be computed,,
cg01921126,cg01921126_TC21_T1_IGF2,IGF2,21,Imprinted genes & DMRs,cg01921126,IGF2,,,,no_evidence,,,FALSE,,,,,,,,,,0,,MAD1L1,,0.1971,A,REQUESTED_GENE_UNAVAILABLE,CD81,,0.3639,A,REQUESTED_GENE_UNAVAILABLE,MAD1L1,,0.0131,B,REQUESTED_GENE_UNAVAILABLE,,,,,,,,,,,,,,,"",no catalogue holds this CpG-gene pair and no distance could be computed,,
cg01928691,cg01928691_TC21_T1_FHL2,FHL2,28,"Ageing, epigenetic clocks & telomere",cg01928691,FHL2,,,,no_evidence,,,FALSE,,,,,,,,,,0,,,,,,UNMAPPED,,,,,UNMAPPED,,,,,UNMAPPED,,,,,,,,,,,,,,,"",no catalogue holds this CpG-gene pair and no distance could be computed,,
cg01936702,cg01936702_TC21_T1_CREB1,CREB1,19,GPCR signalling & second messengers,cg01936702,CREB1,,,,no_evidence,,,FALSE,,,,,,,,,,0,,PTH2R,,0.298,A,REQUESTED_GENE_UNAVAILABLE,,,,,UNMAPPED,,,,,UNMAPPED,,,,,,,,,,,,,,,"",no catalogue holds this CpG-gene pair and no distance could be computed,,
cg01942530,cg01942530_BC21_T1_CYP11B1,CYP11B1,3,Steroidogenesis (adrenal & gonadal),cg01942530,CYP11B1,,,,no_evidence,,,FALSE,,,,,,,,,,0,,LOC100288181,,0.0451,A,REQUESTED_GENE_UNAVAILABLE,LY6D,,0.6135,B,REQUESTED_GENE_UNAVAILABLE,PSCA,,0.1667,B,REQUESTED_GENE_UNAVAILABLE,,,,,,,,,,,,,,,"",no catalogue holds this CpG-gene pair and no distance could be computed,,
cg01958356,cg01958356_TC21_T1_GNAL,GNAL,8,Dopamine,cg01958356,GNAL,,,,no_evidence,,,FALSE,,,,,,,,,,0,,,,,,UNMAPPED,,,,,UNMAPPED,,,,,UNMAPPED,,,,,,,,,,,,,,,"",no catalogue holds this CpG-gene pair and no distance could be computed,,
cg01961156,cg01961156_TC21_T1_GRIN2B,GRIN2B,16,Glutamate & synaptic scaffolding,cg01961156,GRIN2B,,,,no_evidence,,,FALSE,,,,,,,,,,0,,XPC,,0.126,B,REQUESTED_GENE_UNAVAILABLE,,,,,UNMAPPED,XPC,,0.0131,B,REQUESTED_GENE_UNAVAILABLE,,,,,,,,,,,,,,,"",no catalogue holds this CpG-gene pair and no distance could be computed,,
cg01972826,cg01972826_BC21_T1_CRH,CRH,2,HPA axis & glucocorticoid signalling,cg01972826,CRH,,,,no_evidence,,,FALSE,,,,,,,,,,0,,,,,,UNMAPPED,,,,,UNMAPPED,,,,,UNMAPPED,,,,,,,,,,,,,,,"",no catalogue holds this CpG-gene pair and no distance could be computed,,
cg01974660,cg01974660_BC21_T1_HDAC4,HDAC4,20,Epigenetic machinery,cg01974660,HDAC4,,,,no_evidence,,,FALSE,,,,,,,,,,0,,,,,,UNMAPPED,,,,,UNMAPPED,,,,,UNMAPPED,,,,,,,,,,,,,,,"",no catalogue holds this CpG-gene pair and no distance could be computed,,
cg01989224,cg01989224_BC21_T1_NDN,NDN,21,Imprinted genes & DMRs,cg01989224,NDN,,,,no_evidence,,,FALSE,,,,,,,,,,0,,NR1D2,,0.3429,A,REQUESTED_GENE_UNAVAILABLE,,,,,UNMAPPED,,,,,UNMAPPED,,,,,,,,,,,,,,,"",no catalogue holds this CpG-gene pair and no distance could be computed,,
cg01990106,cg01990106_BC21_T1_NLGN4X,NLGN4X,25,Social-synaptic & psychiatric risk,cg01990106,NLGN4X,,,,no_evidence,,,FALSE,,,,,,,,,,0,,,,,,UNMAPPED,,,,,UNMAPPED,,,,,UNMAPPED,,,,,,,,,,,,,,,"",no catalogue holds this CpG-gene pair and no distance could be computed,,
cg02014242,cg02014242_BC21_T1_PRLR,PRLR,6,Libido & sexual function,cg02014242,PRLR,,,,no_evidence,,,FALSE,,,,,,,,,,0,,CREM,,0.1934,B,REQUESTED_GENE_UNAVAILABLE,,,,,UNMAPPED,CREM,,0.1124,B,REQUESTED_GENE_UNAVAILABLE,,,,,,,,,,,,,,,"",no catalogue holds this CpG-gene pair and no distance could be computed,,
cg02025412,cg02025412_BC21_T1_NR4A1,NR4A1,18,Neurotrophins & activity-dependent plasticity,cg02025412,NR4A1,,,,no_evidence,,,FALSE,,,,,,,,,,0,,ANKRD33,,0.3429,A,REQUESTED_GENE_UNAVAILABLE,ACVRL1,,0.3197,A,REQUESTED_GENE_UNAVAILABLE,KRT7,,0.5988,A,REQUESTED_GENE_UNAVAILABLE,,,,,,,,,,,,,,,"",no catalogue holds this CpG-gene pair and no distance could be computed,,
cg02027878,cg02027878_BC21_T1_NOS3,NOS3,6,Libido & sexual function,cg02027878,NOS3,-1,higher methylation -> LOWER expression,,smr_moderate,,"0.84-0.86 (SMR tier S2, single instrument; validated n=6,008)",FALSE,-1,-1,-1,S2,2.671e-10,1,11259,TRUE,,0,,ATG9B,,0.7056,A,REQUESTED_GENE_UNAVAILABLE,ATG9B,,0.3197,A,REQUESTED_GENE_UNAVAILABLE,KCNH2,,0.1815,A,REQUESTED_GENE_UNAVAILABLE,,,,,,,,,,ATG9B,blood,ATG9B:-1,,TRUE,"measured association is with ATG9B, not the requested gene - check which gene this CpG actually tracks","causal direction from SMR (blood); consistent with methylation affecting expression AND with linkage - HEIDI not run | measured association is with ATG9B, not the requested gene",0.7,0.15
cg02042026,cg02042026_BC21_T1_ZBTB16,ZBTB16,2,HPA axis & glucocorticoid signalling,cg02042026,ZBTB16,,,,no_evidence,,,FALSE,,,,,,,,,,0,,,,,,UNMAPPED,,,,,UNMAPPED,MARCKS,,0.2027,A,REQUESTED_GENE_UNAVAILABLE,,,,,,,,,,,,,,,"",no catalogue holds this CpG-gene pair and no distance could be computed,,
cg02049682,cg02049682_TC21_T1_RTEL1,RTEL1,28,"Ageing, epigenetic clocks & telomere",cg02049682,RTEL1,,,,no_evidence,,,FALSE,,,,,,,,,,0,,TNFRSF6B;RTEL1;RTEL1-TNFRSF6B,,0.6863,A,REQUESTED_GENE_UNAVAILABLE,STMN3,,0.3409,A,REQUESTED_GENE_UNAVAILABLE,STMN3,,0.3688,A,REQUESTED_GENE_UNAVAILABLE,,,,,,,,,,,,,,,"",no catalogue holds this CpG-gene pair and no distance could be computed,,
cg02058483,cg02058483_BC21_T1_SLC1A2,SLC1A2,16,Glutamate & synaptic scaffolding,cg02058483,SLC1A2,,,,no_evidence,,,FALSE,,,,,,,,,,0,,,,,,UNMAPPED,,,,,UNMAPPED,,,,,UNMAPPED,,,,,,,,,,,,,,,"",no catalogue holds this CpG-gene pair and no distance could be computed,,
cg02063520,cg02063520_TC21_T1_GRIK2,GRIK2,16,Glutamate & synaptic scaffolding,cg02063520,GRIK2,,,,no_evidence,,,FALSE,,,,,,,,,,0,,,,,,UNMAPPED,,,,,UNMAPPED,,,,,UNMAPPED,,,,,,,,,,,,,,,"",no catalogue holds this CpG-gene pair and no distance could be computed,,
cg02064459,cg02064459_TC21_T1_MEF2C,MEF2C,25,Social-synaptic & psychiatric risk,cg02064459,MEF2C,,,,no_evidence,,,FALSE,,,,,,,,,,0,,,,,,UNMAPPED,LINC00461,,0.3409,B,REQUESTED_GENE_UNAVAILABLE,LINC00461,,0.0131,B,REQUESTED_GENE_UNAVAILABLE,,,,,,,,,,,,,,,"",no catalogue holds this CpG-gene pair and no distance could be computed,,
cg02107718,cg02107718_TC21_T1_GNAS,GNAS,19,GPCR signalling & second messengers,cg02107718,GNAS,,,,no_evidence,,,FALSE,,,,,,,,,,0,,CTSZ,,0.6537,A,REQUESTED_GENE_UNAVAILABLE,CTSZ,,0.3409,B,REQUESTED_GENE_UNAVAILABLE,,,,,UNMAPPED,,,,,,,,,,,,,,,"",no catalogue holds this CpG-gene pair and no distance could be computed,,
cg02111168,cg02111168_BC21_T1_TCN2,TCN2,22,One-carbon metabolism,cg02111168,TCN2,-1,higher methylation -> LOWER expression,,smr_moderate,,"0.84-0.86 (SMR tier S2, single instrument; validated n=6,008)",FALSE,-1,-1,-1,S2,3.32e-20,1,9762,TRUE,,0,,SEC14L6,,0.7856,A,REQUESTED_GENE_UNAVAILABLE,SLC35E4,,0.8457,A,REQUESTED_GENE_UNAVAILABLE,,,,,UNMAPPED,,,,,,,,,,,,,,,"",causal direction from SMR (blood); consistent with methylation affecting expression AND with linkage - HEIDI not run,0.7,0.15
cg02125271,cg02125271_TC21_T1_SNRPN,SNRPN,21,Imprinted genes & DMRs,cg02125271,SNRPN,,,,no_evidence,,,FALSE,,,,,,,,,,0,,SNRPN;PWAR6;IPW,,0.6737,A,REQUESTED_GENE_UNAVAILABLE,,,,,UNMAPPED,,,,,UNMAPPED,,,,,,,,,,,,,,,"",no catalogue holds this CpG-gene pair and no distance could be computed,,
cg02137675,cg02137675_BC21_T1_CYP11A1,CYP11A1,3,Steroidogenesis (adrenal & gonadal),cg02137675,CYP11A1,,,,no_evidence,,,FALSE,,,,,,,,,,0,,MRPL53,,0.126,A,REQUESTED_GENE_UNAVAILABLE,SEMA7A,,0.1453,A,REQUESTED_GENE_UNAVAILABLE,MRPL53,,0.1474,B,REQUESTED_GENE_UNAVAILABLE,,,,,,,,,,,,,,,"",no catalogue holds this CpG-gene pair and no distance could be computed,,
cg02152233,cg02152233_TC11_T1_OPRD1,OPRD1,12,Opioid & melanocortin,cg02152233,OPRD1,,,,no_evidence,,,FALSE,,,,,,,,,,0,,SLC46A3,,0.2377,B,REQUESTED_GENE_UNAVAILABLE,EPB41,,0.3639,B,REQUESTED_GENE_UNAVAILABLE,EPB41,,0.0131,A,REQUESTED_GENE_UNAVAILABLE,,,,,,,,,,,,,,,"",no catalogue holds this CpG-gene pair and no distance could be computed,,
cg02171442,cg02171442_BC21_T1_RYR2,RYR2,1,"Oxytocin, vasopressin & CICR",cg02171442,RYR2,,,,no_evidence,,,FALSE,,,,,,,,,,0,,,,,,UNMAPPED,MTR,,0.4765,A,REQUESTED_GENE_UNAVAILABLE,,,,,UNMAPPED,,,,,,,,,,,,,,,"",no catalogue holds this CpG-gene pair and no distance could be computed,,
cg02174634,cg02174634_TC21_T1_ADRB3,ADRB3,10,Noradrenaline & sympathetic nervous system,cg02174634,ADRB3,,,,no_evidence,,,FALSE,,,,,,,,,,0,,ADGRA2,,0.1934,B,REQUESTED_GENE_UNAVAILABLE,LSM1,,0.1239,B,REQUESTED_GENE_UNAVAILABLE,ADGRA2,,0.1244,B,REQUESTED_GENE_UNAVAILABLE,,,,,,,,,,,,,,,"",no catalogue holds this CpG-gene pair and no distance could be computed,,
cg02183671,cg02183671_BC11_T1_CD38,CD38,1,"Oxytocin, vasopressin & CICR",cg02183671,CD38,,,,no_evidence,,,FALSE,,,,,,,,,,0,,,,,,UNMAPPED,BST1,,0.1556,B,REQUESTED_GENE_UNAVAILABLE,BST1,,0.0131,B,REQUESTED_GENE_UNAVAILABLE,,,,,,,,,,,,,,,"",no catalogue holds this CpG-gene pair and no distance could be computed,,
cg02187522,cg02187522_TC21_T1_AVP,AVP,1,"Oxytocin, vasopressin & CICR",cg02187522,AVP,-1,higher methylation -> LOWER expression,0.6537,catalogue_single,A,"0.62-0.87 (tier A, one tissue only)",FALSE,-1,-1,,,,,,,,1,1,AVP,-1,0.6537,A,PREDICTED,,,,,UNMAPPED,,,,,UNMAPPED,,,,,,,,,,,,,,,"",only one tissue called; no cross-tissue corroboration,0.6537,0.17315
cg02190127,cg02190127_TC21_T1_ADRA1D,ADRA1D,10,Noradrenaline & sympathetic nervous system,cg02190127,ADRA1D,,,,no_evidence,,,FALSE,,,,,,,,,,0,,,,,,UNMAPPED,,,,,UNMAPPED,MAP2K2,,0.0131,B,REQUESTED_GENE_UNAVAILABLE,,,,,,,,,,,,,,,"",no catalogue holds this CpG-gene pair and no distance could be computed,,
cg02197634,cg02197634_BC21_T1_HLA_DPA1,HLA-DPA1,24,"Immune, inflammation & HLA",cg02197634,HLA-DPA1,1,higher methylation -> HIGHER expression,1,measured,A,"~1.00 (measured, not predicted)",FALSE,1,1,-1,S3,4.06e-33,3,8426,FALSE,,1,1,HLA-DPA1,1,0.9636,A,DIRECT_eQTM,HLA-DPA1,,0.2113,A,ABSTAIN,DYNLRB1,,0.1244,B,REQUESTED_GENE_UNAVAILABLE,,,,,,,,,,HLA-DPA1,blood,HLA-DPA1:+1,1,FALSE,""," | SMR (causal, blood) says -1 at tier S3 but a stronger layer supplied the opposite sign - inspect before using",1,1
cg02211646,cg02211646_BC21_T1_FOXP2,FOXP2,25,Social-synaptic & psychiatric risk,cg02211646,FOXP2,,,,no_evidence,,,FALSE,,,,,,,,,,0,,MAGI3,,0.2377,B,REQUESTED_GENE_UNAVAILABLE,,,,,UNMAPPED,,,,,UNMAPPED,,,,,,,,,,,,,,,"",no catalogue holds this CpG-gene pair and no distance could be computed,,
cg02228185,cg02228185_TC21_T1_ASPA,ASPA,28,"Ageing, epigenetic clocks & telomere",cg02228185,ASPA,,,,no_evidence,,,FALSE,,,,,,,,,,0,,SDK1,,0.0153,A,REQUESTED_GENE_UNAVAILABLE,SDK1,,0.1453,B,REQUESTED_GENE_UNAVAILABLE,SDK1,,0.4431,B,REQUESTED_GENE_UNAVAILABLE,,,,,,,,,,,,,,,"",no catalogue holds this CpG-gene pair and no distance could be computed,,
cg02232409,cg02232409_BC21_T1_FHL2,FHL2,28,"Ageing, epigenetic clocks & telomere",cg02232409,FHL2,,,,no_evidence,,,FALSE,,,,,,,,,,0,,,,,,UNMAPPED,,,,,UNMAPPED,,,,,UNMAPPED,,,,,,,,,,,,,,,"",no catalogue holds this CpG-gene pair and no distance could be computed,,
cg02237342,cg02237342_TC11_T1_ADORA2A,ADORA2A,8,Dopamine,cg02237342,ADORA2A,,,,no_evidence,,,FALSE,,,,,,,,,,0,,,,,,UNMAPPED,GGT1,,0.8457,A,REQUESTED_GENE_UNAVAILABLE,ADORA2A,,0.1667,A,ABSTAIN,,,,,,,,,,,,,,,"",no catalogue holds this CpG-gene pair and no distance could be computed,,
cg02272574,cg02272574_BC21_T1_IDO2,IDO2,15,Kynurenine pathway,cg02272574,IDO2,,,,no_evidence,,,FALSE,,,,,,,,,,0,,IDO1,,0.4729,A,REQUESTED_GENE_UNAVAILABLE,IDO1,,0.6135,A,REQUESTED_GENE_UNAVAILABLE,PNN,,0.0131,B,REQUESTED_GENE_UNAVAILABLE,,,,,,,,,,,,,,,"",no catalogue holds this CpG-gene pair and no distance could be computed,,
cg02274728,cg02274728_TC21_T1_GNAS,GNAS,19,GPCR signalling & second messengers,cg02274728,GNAS,,,,no_evidence,,,FALSE,,,,,,,,,,0,,CTSZ,,0.5493,A,REQUESTED_GENE_UNAVAILABLE,CTSZ,,0.1556,B,REQUESTED_GENE_UNAVAILABLE,,,,,UNMAPPED,,,,,,,,,,,,,,,"",no catalogue holds this CpG-gene pair and no distance could be computed,,
cg02286081,cg02286081_TC21_T1_HLA_DPB1,HLA-DPB1,24,"Immune, inflammation & HLA",cg02286081,HLA-DPB1,-1,higher methylation -> LOWER expression,1,measured,A,"~1.00 (measured, not predicted)",FALSE,-1,-1,-1,S2,1.436e-40,1,5499,TRUE,-1,2,1,HLA-DPB1,-1,0.4598,A,PREDICTED,HLA-DPB1,-1,0.9961,A,DIRECT_eQTM,DYNLRB1,,0.1244,B,REQUESTED_GENE_UNAVAILABLE,,,,,,,,,,HLA-DOA;HLA-DPA1;HLA-DPB1,nasal_epithelium,HLA-DOA:-1;HLA-DPA1:-1;HLA-DPB1:-1,-1,FALSE,"","",1,0
cg02286380,cg02286380_TC11_T1_ARRB2,ARRB2,19,GPCR signalling & second messengers,cg02286380,ARRB2,-1,higher methylation -> LOWER expression,,smr_high,,"0.95-0.97 (SMR tier S1, concordant instruments; validated n=2,141)",FALSE,-1,-1,-1,S1,1.666e-113,3,1916,TRUE,,0,,ALOX15,,0.126,A,REQUESTED_GENE_UNAVAILABLE,MED11,,0.139,A,REQUESTED_GENE_UNAVAILABLE,CDYL,,0.0131,A,REQUESTED_GENE_UNAVAILABLE,,,,,,,,,,ALOX15,blood;nasal_epithelium,ALOX15:+1,,TRUE,"measured association is with ALOX15, not the requested gene - check which gene this CpG actually tracks","causal direction from SMR (blood); consistent with methylation affecting expression AND with linkage - HEIDI not run | measured association is with ALOX15, not the requested gene",0.7,0.15
cg02297709,cg02297709_BC11_T1_CASQ1,CASQ1,1,"Oxytocin, vasopressin & CICR",cg02297709,CASQ1,1,higher methylation -> HIGHER expression,,smr_moderate,,"0.84-0.86 (SMR tier S2, single instrument; validated n=6,008)",FALSE,1,1,1,S2,4.686e-80,1,6310,TRUE,,0,,IFT80,,0.7056,A,REQUESTED_GENE_UNAVAILABLE,IGSF9,,0.0694,B,REQUESTED_GENE_UNAVAILABLE,IGF2R,,0.2027,A,REQUESTED_GENE_UNAVAILABLE,,,,,,,,,,,,,,,"",causal direction from SMR (blood); consistent with methylation affecting expression AND with linkage - HEIDI not run,0.7,0.85
cg02301830,cg02301830_BC21_T1_TET2,TET2,20,Epigenetic machinery,cg02301830,TET2,,,,no_evidence,,,FALSE,,,,,,,,,,0,,,,,,UNMAPPED,,,,,UNMAPPED,,,,,UNMAPPED,,,,,,,,,,,,,,,"",no catalogue holds this CpG-gene pair and no distance could be computed,,
cg02303805,cg02303805_BC11_T1_EZH2,EZH2,20,Epigenetic machinery,cg02303805,EZH2,-1,higher methylation -> LOWER expression,0.4729,catalogue_single,A,"0.62-0.87 (tier A, one tissue only)",FALSE,-1,-1,,,,,,,,1,1,EZH2,-1,0.4729,A,PREDICTED,,,,,UNMAPPED,PCYOX1L,,0.0131,B,REQUESTED_GENE_UNAVAILABLE,,,,,,,,,,,,,,,"",only one tissue called; no cross-tissue corroboration,0.4729,0.26355
cg02308779,cg02308779_BC21_T1_KYAT1,KYAT1,15,Kynurenine pathway,cg02308779,KYAT1,,,,no_evidence,,,FALSE,,,,,,,,,,0,,SPOUT1,,0.1852,A,REQUESTED_GENE_UNAVAILABLE,KYAT1,,0.1453,B,ABSTAIN,LRRC8A,,0.1667,A,REQUESTED_GENE_UNAVAILABLE,,,,,,,,,,,,,,,"",no catalogue holds this CpG-gene pair and no distance could be computed,,
cg02325664,cg02325664_TC21_T1_CYP19A1,CYP19A1,4,Sex steroids: receptors & metabolism,cg02325664,CYP19A1,,,,no_evidence,,,FALSE,,,,,,,,,,0,,,,,,UNMAPPED,GLDN,,0.3409,B,REQUESTED_GENE_UNAVAILABLE,,,,,UNMAPPED,,,,,,,,,,,,,,,"",no catalogue holds this CpG-gene pair and no distance could be computed,,
cg02331025,cg02331025_TC21_T1_GDNF,GDNF,18,Neurotrophins & activity-dependent plasticity,cg02331025,GDNF,,,,no_evidence,,,FALSE,,,,,,,,,,0,,PPP1R1B,,0.2377,B,REQUESTED_GENE_UNAVAILABLE,,,,,UNMAPPED,TBC1D1,,0.0131,B,REQUESTED_GENE_UNAVAILABLE,,,,,,,,,,,,,,,"",no catalogue holds this CpG-gene pair and no distance could be computed,,
cg02340541,cg02340541_TC21_T1_GAL,GAL,6,Libido & sexual function,cg02340541,GAL,,,,no_evidence,,,FALSE,,,,,,,,,,0,,LOC105369364,,0.126,A,REQUESTED_GENE_UNAVAILABLE,TESMIN,,0.1453,B,REQUESTED_GENE_UNAVAILABLE,,,,,UNMAPPED,,,,,,,,,,,,,,,"",no catalogue holds this CpG-gene pair and no distance could be computed,,
cg02345317,cg02345317_BC21_T1_NLGN3,NLGN3,25,Social-synaptic & psychiatric risk,cg02345317,NLGN3,,,,no_evidence,,,FALSE,,,,,,,,,,0,,,,,,UNMAPPED,,,,,UNMAPPED,,,,,UNMAPPED,,,,,,,,,,,,,,,"",no catalogue holds this CpG-gene pair and no distance could be computed,,
cg02362984,cg02362984_TC21_T1_HDAC5,HDAC5,20,Epigenetic machinery,cg02362984,HDAC5,-1,higher methylation -> LOWER expression,0.6135,catalogue_single,A,"0.62-0.87 (tier A, one tissue only)",FALSE,-1,-1,,,,,,,,1,1,ASB16-AS1,,0.1291,A,REQUESTED_GENE_UNAVAILABLE,HDAC5,-1,0.6135,A,PREDICTED,UBTF,,0.1474,B,REQUESTED_GENE_UNAVAILABLE,,,,,,,,,,,,,,,"",only one tissue called; no cross-tissue corroboration,0.6135,0.19325
cg02409177,cg02409177_TC21_T1_ADRA1A,ADRA1A,10,Noradrenaline & sympathetic nervous system,cg02409177,ADRA1A,,,,no_evidence,,,FALSE,,,,,,,,,,0,,,,,,UNMAPPED,,,,,UNMAPPED,,,,,UNMAPPED,,,,,,,,,,,,,,,"",no catalogue holds this CpG-gene pair and no distance could be computed,,
cg02423534,cg02423534_BC21_T1_ADCY6,ADCY6,19,GPCR signalling & second messengers,cg02423534,ADCY6,-1,higher methylation -> LOWER expression,0.4583,catalogue_single,A,"0.62-0.87 (tier A, one tissue only)",FALSE,-1,-1,,,,,,,,1,1,CACNB3,,0.126,A,REQUESTED_GENE_UNAVAILABLE,ADCY6,-1,0.4583,A,PREDICTED,ADCY6,,0.1667,A,ABSTAIN,,,,,,,,,,,,,,,"",only one tissue called; no cross-tissue corroboration,0.4583,0.27085
cg02452418,cg02452418_BC21_T1_RYR1,RYR1,1,"Oxytocin, vasopressin & CICR",cg02452418,RYR1,-1,higher methylation -> LOWER expression,,smr_moderate,A,"0.84-0.86 (SMR tier S2, single instrument; validated n=6,008)",FALSE,-1,-1,-1,S2,6.288e-14,1,54855,TRUE,,1,1,MAP4K1,,0.3739,A,REQUESTED_GENE_UNAVAILABLE,RYR1,,0.3409,B,ABSTAIN,RYR1,-1,0.474,A,PREDICTED,,,,,,,,,,,,,,,"",causal direction from SMR (blood); consistent with methylation affecting expression AND with linkage - HEIDI not run,0.7,0.15
cg02469186,cg02469186_TC21_T1_GABRA1,GABRA1,17,GABA & excitation-inhibition balance,cg02469186,GABRA1,,,,no_evidence,,,FALSE,,,,,,,,,,0,,,,,,UNMAPPED,,,,,UNMAPPED,,,,,UNMAPPED,,,,,,,,,,,,,,,"",no catalogue holds this CpG-gene pair and no distance could be computed,,
cg02471078,cg02471078_BC21_T1_DEAF1,DEAF1,9,Serotonin,cg02471078,DEAF1,-1,higher methylation -> LOWER expression,,smr_moderate,A,"0.84-0.86 (SMR tier S2, single instrument; validated n=6,008)",FALSE,-1,-1,-1,S2,1.629e-10,1,12685,TRUE,,1,1,DEAF1,,0.2712,A,ABSTAIN,DEAF1,-1,0.6433,A,PREDICTED,TALDO1,,0.0131,B,REQUESTED_GENE_UNAVAILABLE,,,,,,,,,,,,,,,"",causal direction from SMR (blood); consistent with methylation affecting expression AND with linkage - HEIDI not run,0.7,0.15
cg02471578,cg02471578_TC21_T1_NLGN3,NLGN3,25,Social-synaptic & psychiatric risk,cg02471578,NLGN3,,,,no_evidence,,,FALSE,,,,,,,,,,0,,,,,,UNMAPPED,,,,,UNMAPPED,,,,,UNMAPPED,,,,,,,,,,,,,,,"",no catalogue holds this CpG-gene pair and no distance could be computed,,
cg02478149,cg02478149_TC21_T1_GALR3,GALR3,6,Libido & sexual function,cg02478149,GALR3,,,,no_evidence,,,FALSE,,,,,,,,,,0,,H1F0,,0.126,A,REQUESTED_GENE_UNAVAILABLE,H1F0,,0.3889,A,REQUESTED_GENE_UNAVAILABLE,TRIOBP,,0.0131,B,REQUESTED_GENE_UNAVAILABLE,,,,,,,,,,,,,,,"",no catalogue holds this CpG-gene pair and no distance could be computed,,
cg02481294,cg02481294_BC21_T1_BST1,BST1,1,"Oxytocin, vasopressin & CICR",cg02481294,BST1,-1,higher methylation -> LOWER expression,0.9641,catalogue_single,A,"0.62-0.87 (tier A, one tissue only)",FALSE,-1,-1,,,,,,,,1,1,,,,,UNMAPPED,BST1,-1,0.9641,A,PREDICTED,BST1,,0.2027,A,ABSTAIN,,,,,,,,,,,,,,,"",only one tissue called; no cross-tissue corroboration,0.9641,0.01795
cg02490034,cg02490034_BC21_T1_MEST,MEST,21,Imprinted genes & DMRs,cg02490034,MEST,-1,higher methylation -> LOWER expression,,smr_moderate,,"0.84-0.86 (SMR tier S2, single instrument; validated n=6,008)",FALSE,-1,-1,-1,S2,3.814e-11,1,10253,TRUE,,0,,CPA5,,0.7056,A,REQUESTED_GENE_UNAVAILABLE,ARHGAP18,,0.3409,B,REQUESTED_GENE_UNAVAILABLE,CPA5,,0.0131,A,REQUESTED_GENE_UNAVAILABLE,,,,,,,,,,COPG2,blood;nasal_epithelium,COPG2:-1,,TRUE,"measured association is with COPG2, not the requested gene - check which gene this CpG actually tracks","causal direction from SMR (blood); consistent with methylation affecting expression AND with linkage - HEIDI not run | measured association is with COPG2, not the requested gene",0.7,0.15
cg02495518,cg02495518_TC21_T1_NRXN1,NRXN1,25,Social-synaptic & psychiatric risk,cg02495518,NRXN1,,,,no_evidence,,,FALSE,,,,,,,,,,0,,,,,,UNMAPPED,,,,,UNMAPPED,,,,,UNMAPPED,,,,,,,,,,,,,,,"",no catalogue holds this CpG-gene pair and no distance could be computed,,
cg02501418,cg02501418_BC21_T1_MEST,MEST,21,Imprinted genes & DMRs,cg02501418,MEST,-1,higher methylation -> LOWER expression,,smr_moderate,,"0.84-0.86 (SMR tier S2, single instrument; validated n=6,008)",FALSE,-1,-1,-1,S2,3.056e-08,1,5349,TRUE,,0,,CPA5,,0.7056,A,REQUESTED_GENE_UNAVAILABLE,ARHGAP18,,0.4852,A,REQUESTED_GENE_UNAVAILABLE,CPA5,,0.2027,A,REQUESTED_GENE_UNAVAILABLE,,,,,,,,,,,,,,,"",causal direction from SMR (blood); consistent with methylation affecting expression AND with linkage - HEIDI not run,0.7,0.15
cg02508664,cg02508664_TC21_T1_HTR1E,HTR1E,9,Serotonin,cg02508664,HTR1E,,,,no_evidence,,,FALSE,,,,,,,,,,0,,SRI,,0.2377,B,REQUESTED_GENE_UNAVAILABLE,,,,,UNMAPPED,JPH3,,0.4431,B,REQUESTED_GENE_UNAVAILABLE,,,,,,,,,,,,,,,"",no catalogue holds this CpG-gene pair and no distance could be computed,,
cg02529604,cg02529604_TC21_T1_PDE4D,PDE4D,19,GPCR signalling & second messengers,cg02529604,PDE4D,,,,no_evidence,,,FALSE,,,,,,,,,,0,,DEPDC1B,,0.6863,A,REQUESTED_GENE_UNAVAILABLE,,,,,UNMAPPED,,,,,UNMAPPED,,,,,,,,,,,,,,,"",no catalogue holds this CpG-gene pair and no distance could be computed,,
cg02532717,cg02532717_BC21_T1_WNT4,WNT4,5,"HPG axis, puberty & KNDy",cg02532717,WNT4,-1,higher methylation -> LOWER expression,0.9158,catalogue_single,A,"0.62-0.87 (tier A, one tissue only)",FALSE,-1,-1,,,,,,,,1,1,ADGRA3,,0.1852,A,REQUESTED_GENE_UNAVAILABLE,WNT4,-1,0.9158,A,PREDICTED,BIN3,,0.0131,B,REQUESTED_GENE_UNAVAILABLE,,,,,,,,,,,,,,,"",only one tissue called; no cross-tissue corroboration,0.9158,0.0421
cg02554608,cg02554608_BC21_T1_ADCY3,ADCY3,19,GPCR signalling & second messengers,cg02554608,ADCY3,,,,no_evidence,,,FALSE,,,,,,,,,,0,,SRRM1,,0.1897,A,REQUESTED_GENE_UNAVAILABLE,PTRHD1,,0.3771,A,REQUESTED_GENE_UNAVAILABLE,SRRM1,,0.4431,A,REQUESTED_GENE_UNAVAILABLE,,,,,,,,,,,,,,,"",no catalogue holds this CpG-gene pair and no distance could be computed,,
cg02554608,cg02554608_BC22_T1_ADCY3,ADCY3,19,GPCR signalling & second messengers,cg02554608,ADCY3,,,,no_evidence,,,FALSE,,,,,,,,,,0,,SRRM1,,0.1897,A,REQUESTED_GENE_UNAVAILABLE,PTRHD1,,0.3771,A,REQUESTED_GENE_UNAVAILABLE,SRRM1,,0.4431,A,REQUESTED_GENE_UNAVAILABLE,,,,,,,,,,,,,,,"",no catalogue holds this CpG-gene pair and no distance could be computed,,
cg02558452,cg02558452_BC21_T1_POMC,POMC,2,HPA axis & glucocorticoid signalling,cg02558452,POMC,-1,higher methylation -> LOWER expression,0.5163,catalogue_consensus,A,"0.77-0.87 (tier A, tissues agree)",FALSE,-1,-1,,,,,,,-1,3,1,POMC,-1,0.4729,A,PREDICTED,POMC,-1,0.6433,A,PREDICTED,POMC,-1,0.4326,A,PREDICTED,,,,,,,,,,,,,,,"","",0.5163,0.24185
cg02559875,cg02559875_BC21_T1_DNMT3A,DNMT3A,20,Epigenetic machinery,cg02559875,DNMT3A,,,,no_evidence,,,FALSE,,,,,,,,,,0,,POMC,,0.4729,A,REQUESTED_GENE_UNAVAILABLE,POMC,,0.3639,B,REQUESTED_GENE_UNAVAILABLE,POMC,,0.0131,B,REQUESTED_GENE_UNAVAILABLE,,,,,,,,,,,,,,,"",no catalogue holds this CpG-gene pair and no distance could be computed,,
cg02560110,cg02560110_BC21_T1_DNMT3A,DNMT3A,20,Epigenetic machinery,cg02560110,DNMT3A,,,,no_evidence,,,FALSE,,,,,,,,,,0,,POMC,,0.4648,A,REQUESTED_GENE_UNAVAILABLE,POMC,,0.3639,B,REQUESTED_GENE_UNAVAILABLE,POMC,,0.1124,B,REQUESTED_GENE_UNAVAILABLE,,,,,,,,,,,,,,,"",no catalogue holds this CpG-gene pair and no distance could be computed,,
cg02564313,cg02564313_BC21_T1_ABAT,ABAT,17,GABA & excitation-inhibition balance,cg02564313,ABAT,1,higher methylation -> HIGHER expression,,smr_weak,A,"0.66-0.75 (SMR tier S3, instruments disagree; validated n=456)",FALSE,1,1,1,S3,2.128e-22,2,55721,TRUE,,2,0.5,ABAT,1,0.3959,A,PREDICTED,ABAT,-1,0.3409,A,PREDICTED,RERE,,0.3688,B,REQUESTED_GENE_UNAVAILABLE,,,,,,,,,,,,,,,"",causal direction from SMR (blood); consistent with methylation affecting expression AND with linkage - HEIDI not run,0.7,0.85
cg02570342,cg02570342_TC21_T1_GABRA1,GABRA1,17,GABA & excitation-inhibition balance,cg02570342,GABRA1,,,,no_evidence,,,FALSE,,,,,,,,,,0,,,,,,UNMAPPED,,,,,UNMAPPED,,,,,UNMAPPED,,,,,,,,,,,,,,,"",no catalogue holds this CpG-gene pair and no distance could be computed,,
cg02571201,cg02571201_TC21_T1_TERF1,TERF1,28,"Ageing, epigenetic clocks & telomere",cg02571201,TERF1,,,,no_evidence,,,FALSE,,,,,,,,,,0,,ACOT4,,0.2377,B,REQUESTED_GENE_UNAVAILABLE,ACOT4,,0.3409,B,REQUESTED_GENE_UNAVAILABLE,,,,,UNMAPPED,,,,,,,,,,,,,,,"",no catalogue holds this CpG-gene pair and no distance could be computed,,
cg02582520,cg02582520_BC21_T1_GRIN3B,GRIN3B,16,Glutamate & synaptic scaffolding,cg02582520,GRIN3B,-1,higher methylation -> LOWER expression,0.4583,catalogue_single,A,"0.62-0.87 (tier A, one tissue only)",FALSE,-1,-1,,,,,,,,1,1,CNN2,,0.058,A,REQUESTED_GENE_UNAVAILABLE,GRIN3B,-1,0.4583,A,PREDICTED,TMEM259,,0.2027,A,REQUESTED_GENE_UNAVAILABLE,,,,,,,,,,,,,,,"",only one tissue called; no cross-tissue corroboration,0.4583,0.27085
cg02584610,cg02584610_TC21_T1_TPCN2,TPCN2,1,"Oxytocin, vasopressin & CICR",cg02584610,TPCN2,-1,higher methylation -> LOWER expression,,smr_moderate,,"0.84-0.86 (SMR tier S2, single instrument; validated n=6,008)",FALSE,-1,-1,-1,S2,1.607e-30,1,19665,TRUE,,0,,MRGPRF-AS1,,0.4729,A,REQUESTED_GENE_UNAVAILABLE,MRPL21,,0.139,A,REQUESTED_GENE_UNAVAILABLE,,,,,UNMAPPED,,,,,,,,,,,,,,,"",causal direction from SMR (blood); consistent with methylation affecting expression AND with linkage - HEIDI not run,0.7,0.15
cg02603875,cg02603875_BC21_T1_GRIA1,GRIA1,16,Glutamate & synaptic scaffolding,cg02603875,GRIA1,,,,no_evidence,,,FALSE,,,,,,,,,,0,,,,,,UNMAPPED,,,,,UNMAPPED,,,,,UNMAPPED,,,,,,,,,,,,,,,"",no catalogue holds this CpG-gene pair and no distance could be computed,,
cg02610779,cg02610779_BC21_T1_TMPRSS2,TMPRSS2,4,Sex steroids: receptors & metabolism,cg02610779,TMPRSS2,,,,no_evidence,,,FALSE,,,,,,,,,,0,,MX1,,0.4598,A,REQUESTED_GENE_UNAVAILABLE,MX1,,0.1453,A,REQUESTED_GENE_UNAVAILABLE,MX1,,0.3688,A,REQUESTED_GENE_UNAVAILABLE,,,,,,,,,,,,,,,"",no catalogue holds this CpG-gene pair and no distance could be computed,,
cg02613624,cg02613624_TC21_T1_IGF2,IGF2,21,Imprinted genes & DMRs,cg02613624,IGF2,,,,no_evidence,,,FALSE,,,,,,,,,,0,,MAD1L1,,0.1897,A,REQUESTED_GENE_UNAVAILABLE,TNNT3,,0.0501,A,REQUESTED_GENE_UNAVAILABLE,MAD1L1,,0.0131,B,REQUESTED_GENE_UNAVAILABLE,,,,,,,,,,,,,,,"",no catalogue holds this CpG-gene pair and no distance could be computed,,
cg02620147,cg02620147_BC21_T1_ADRA1A,ADRA1A,10,Noradrenaline & sympathetic nervous system,cg02620147,ADRA1A,,,,no_evidence,,,FALSE,,,,,,,,,,0,,,,,,UNMAPPED,,,,,UNMAPPED,,,,,UNMAPPED,,,,,,,,,,,,,,,"",no catalogue holds this CpG-gene pair and no distance could be computed,,
cg02640604,cg02640604_BC21_T1_QPRT,QPRT,15,Kynurenine pathway,cg02640604,QPRT,,,,no_evidence,,,FALSE,,,,,,,,,,0,,SPN,,0.298,A,REQUESTED_GENE_UNAVAILABLE,QPRT,,0.0694,A,ABSTAIN,GABBR1,,0.4431,B,REQUESTED_GENE_UNAVAILABLE,,,,,,,,,,,,,,,"",no catalogue holds this CpG-gene pair and no distance could be computed,,
cg02647628,cg02647628_TC21_T1_FOXP2,FOXP2,25,Social-synaptic & psychiatric risk,cg02647628,FOXP2,,,,no_evidence,,,FALSE,,,,,,,,,,0,,MAGI3,,0.2377,B,REQUESTED_GENE_UNAVAILABLE,,,,,UNMAPPED,,,,,UNMAPPED,,,,,,,,,,,,,,,"",no catalogue holds this CpG-gene pair and no distance could be computed,,
cg02661311,cg02661311_TC21_T1_NTRK2,NTRK2,18,Neurotrophins & activity-dependent plasticity,cg02661311,NTRK2,-1,higher methylation -> LOWER expression,0.9158,catalogue_single,A,"0.62-0.87 (tier A, one tissue only)",FALSE,-1,-1,,,,,,,,1,1,,,,,UNMAPPED,NTRK2,-1,0.9158,A,PREDICTED,NTRK2,,0.0131,A,ABSTAIN,,,,,,,,,,,,,,,"",only one tissue called; no cross-tissue corroboration,0.9158,0.0421
cg02682525,cg02682525_TC21_T1_ANKK1,ANKK1,8,Dopamine,cg02682525,ANKK1,1,higher methylation -> HIGHER expression,,smr_moderate,,"0.84-0.86 (SMR tier S2, single instrument; validated n=6,008)",FALSE,1,1,1,S2,3.948e-10,1,6549,TRUE,,0,,TTC12,,0.3429,A,REQUESTED_GENE_UNAVAILABLE,TTC12,,0.4583,A,REQUESTED_GENE_UNAVAILABLE,,,,,UNMAPPED,,,,,,,,,,,,,,,"",causal direction from SMR (blood); consistent with methylation affecting expression AND with linkage - HEIDI not run,0.7,0.85
cg02692313,cg02692313_TC11_T1_HLA_DPB1,HLA-DPB1,24,"Immune, inflammation & HLA",cg02692313,HLA-DPB1,1,higher methylation -> HIGHER expression,1,measured,A,"~1.00 (measured, not predicted)",FALSE,1,1,1,S2,3.737e-27,1,896,TRUE,,1,1,HLA-DPB1,1,0.9636,A,DIRECT_eQTM,HLA-DPB1,,0.2479,A,ABSTAIN,DYNLRB1,,0.1244,B,REQUESTED_GENE_UNAVAILABLE,,,,,,,,,,HLA-DPB1,blood,HLA-DPB1:+1,1,FALSE,"","",1,1
cg02693870,cg02693870_BC21_T1_SLC6A2,SLC6A2,10,Noradrenaline & sympathetic nervous system,cg02693870,SLC6A2,,,,no_evidence,,,FALSE,,,,,,,,,,0,,CES1P2,,0.0153,B,REQUESTED_GENE_UNAVAILABLE,CAPNS2,,0.9158,A,REQUESTED_GENE_UNAVAILABLE,CAPNS2,,0.0131,B,REQUESTED_GENE_UNAVAILABLE,,,,,,,,,,,,,,,"",no catalogue holds this CpG-gene pair and no distance could be computed,,
cg02697453,cg02697453_BC21_T1_NOS1,NOS1,1,"Oxytocin, vasopressin & CICR",cg02697453,NOS1,,,,no_evidence,,,FALSE,,,,,,,,,,0,,,,,,UNMAPPED,,,,,UNMAPPED,,,,,UNMAPPED,,,,,,,,,,,,,,,"",no catalogue holds this CpG-gene pair and no distance could be computed,,
cg02703002,cg02703002_BC21_T1_GABRA6,GABRA6,17,GABA & excitation-inhibition balance,cg02703002,GABRA6,,,,no_evidence,,,FALSE,,,,,,,,,,0,,,,,,UNMAPPED,,,,,UNMAPPED,,,,,UNMAPPED,,,,,,,,,,,,,,,"",no catalogue holds this CpG-gene pair and no distance could be computed,,
cg02706439,cg02706439_TC21_T1_CHGA,CHGA,10,Noradrenaline & sympathetic nervous system,cg02706439,CHGA,,,,no_evidence,,,FALSE,,,,,,,,,,0,,LGMN,,0.2377,B,REQUESTED_GENE_UNAVAILABLE,LGMN,,0.31,B,REQUESTED_GENE_UNAVAILABLE,,,,,UNMAPPED,,,,,,,,,,,,,,,"",no catalogue holds this CpG-gene pair and no distance could be computed,,
cg02709924,cg02709924_BC21_T1_NRG1,NRG1,25,Social-synaptic & psychiatric risk,cg02709924,NRG1,1,higher methylation -> HIGHER expression,,smr_high,,"0.95-0.97 (SMR tier S1, concordant instruments; validated n=2,141)",FALSE,1,1,1,S1,1.556e-39,2,519286,TRUE,,0,,LOC105379362,,0.2377,B,REQUESTED_GENE_UNAVAILABLE,,,,,UNMAPPED,AKAP6,,0.0131,B,REQUESTED_GENE_UNAVAILABLE,,,,,,,,,,,,,,,"",causal direction from SMR (blood); consistent with methylation affecting expression AND with linkage - HEIDI not run,0.7,0.85
cg02716646,cg02716646_TC21_T1_POMC,POMC,2,HPA axis & glucocorticoid signalling,cg02716646,POMC,-1,higher methylation -> LOWER expression,1,measured,A,"~1.00 (measured, not predicted)",FALSE,-1,-1,-1,S2,6.079e-118,1,3454,TRUE,-1,2,1,POMC,-1,0.7056,A,DIRECT_eQTM,POMC,-1,0.9641,A,DIRECT_eQTM,POMC,,0.1667,A,ABSTAIN,,,,,,,,,,POMC,blood;nasal_epithelium,POMC:-1,-1,FALSE,"","",1,0
cg02743878,cg02743878_BC21_T1_DHRS9,DHRS9,5,"HPG axis, puberty & KNDy",cg02743878,DHRS9,1,higher methylation -> HIGHER expression,,smr_moderate,,"0.84-0.86 (SMR tier S2, single instrument; validated n=6,008)",FALSE,1,1,1,S2,6.165e-308,1,106,TRUE,,0,,,,,,UNMAPPED,,,,,UNMAPPED,,,,,UNMAPPED,,,,,,,,,,,,,,,"",causal direction from SMR (blood); consistent with methylation affecting expression AND with linkage - HEIDI not run,0.7,0.85
cg02749887,cg02749887_BC11_T1_INS,INS,27,Appetite & metabolic programming,cg02749887,INS,,,,no_evidence,,,FALSE,,,,,,,,,,0,,MAD1L1,,0.4517,A,REQUESTED_GENE_UNAVAILABLE,CD81,,0.8169,A,REQUESTED_GENE_UNAVAILABLE,MAD1L1,,0.0131,B,REQUESTED_GENE_UNAVAILABLE,,,,,,,,,,,,,,,"",no catalogue holds this CpG-gene pair and no distance could be computed,,
cg02752267,cg02752267_TC21_T1_DLG3,DLG3,16,Glutamate & synaptic scaffolding,cg02752267,DLG3,,,,no_evidence,,,FALSE,,,,,,,,,,0,,,,,,UNMAPPED,,,,,UNMAPPED,,,,,UNMAPPED,,,,,,,,,,,,,,,"",no catalogue holds this CpG-gene pair and no distance could be computed,,
cg02753903,cg02753903_BC21_T1_RYR1,RYR1,1,"Oxytocin, vasopressin & CICR",cg02753903,RYR1,-1,higher methylation -> LOWER expression,0.6135,catalogue_single,A,"0.62-0.87 (tier A, one tissue only)",FALSE,-1,-1,,,,,,,,1,1,TLR6,,0.0153,A,REQUESTED_GENE_UNAVAILABLE,RYR1,-1,0.6135,A,PREDICTED,RYR1,,0.1667,B,ABSTAIN,,,,,,,,,,,,,,,"",only one tissue called; no cross-tissue corroboration,0.6135,0.19325
cg02754084,cg02754084_BC21_T1_TPH2,TPH2,9,Serotonin,cg02754084,TPH2,,,,no_evidence,,,FALSE,,,,,,,,,,0,,,,,,UNMAPPED,,,,,UNMAPPED,ZNF407,,0.1667,B,REQUESTED_GENE_UNAVAILABLE,,,,,,,,,,,,,,,"",no catalogue holds this CpG-gene pair and no distance could be computed,,
cg02756856,cg02756856_BC21_T1_MEST,MEST,21,Imprinted genes & DMRs,cg02756856,MEST,,,,no_evidence,,,FALSE,,,,,,,,,,0,,CPA5,,0.7056,A,REQUESTED_GENE_UNAVAILABLE,ARHGAP18,,0.4852,A,REQUESTED_GENE_UNAVAILABLE,CPA5,,0.2027,A,REQUESTED_GENE_UNAVAILABLE,,,,,,,,,,,,,,,"",no catalogue holds this CpG-gene pair and no distance could be computed,,
cg02760218,cg02760218_TC21_T1_EHMT2,EHMT2,20,Epigenetic machinery,cg02760218,EHMT2,,,,no_evidence,,,FALSE,,,,,,,,,,0,,C2,,0.6537,A,REQUESTED_GENE_UNAVAILABLE,C2,,0.7399,A,REQUESTED_GENE_UNAVAILABLE,C2,,0.2027,A,REQUESTED_GENE_UNAVAILABLE,,,,,,,,,,SLC44A4,blood,SLC44A4:+1,,TRUE,"measured association is with SLC44A4, not the requested gene - check which gene this CpG actually tracks","no catalogue holds this CpG-gene pair and no distance could be computed | measured association is with SLC44A4, not the requested gene",,
cg02762115,cg02762115_TC21_T1_DRD4,DRD4,8,Dopamine,cg02762115,DRD4,1,higher methylation -> HIGHER expression,,smr_weak,,"0.66-0.75 (SMR tier S3, instruments disagree; validated n=456)",FALSE,1,1,1,S3,2.209e-09,2,1447,TRUE,,0,,TMEM80,,0.4729,A,REQUESTED_GENE_UNAVAILABLE,TMEM80,,0.1453,A,REQUESTED_GENE_UNAVAILABLE,TALDO1,,0.0131,A,REQUESTED_GENE_UNAVAILABLE,,,,,,,,,,TMEM80,blood,TMEM80:-1,,TRUE,"measured association is with TMEM80, not the requested gene - check which gene this CpG actually tracks","causal direction from SMR (blood); consistent with methylation affecting expression AND with linkage - HEIDI not run | measured association is with TMEM80, not the requested gene",0.7,0.85
cg02762440,cg02762440_BC11_T1_CARTPT,CARTPT,27,Appetite & metabolic programming,cg02762440,CARTPT,,,,no_evidence,,,FALSE,,,,,,,,,,0,,,,,,UNMAPPED,,,,,UNMAPPED,TEX261,,0.0131,B,REQUESTED_GENE_UNAVAILABLE,,,,,,,,,,,,,,,"",no catalogue holds this CpG-gene pair and no distance could be computed,,
cg02767191,cg02767191_BC21_T1_PNOC,PNOC,12,Opioid & melanocortin,cg02767191,PNOC,-1,higher methylation -> LOWER expression,0.4598,catalogue_single,A,"0.62-0.87 (tier A, one tissue only)",FALSE,-1,-1,,,,,,,,1,1,PNOC,-1,0.4598,A,PREDICTED,,,,,UNMAPPED,PNOC,,0.2027,A,ABSTAIN,,,,,,,,,,,,,,,"",only one tissue called; no cross-tissue corroboration,0.4598,0.2701
cg02768583,cg02768583_BC21_T1_TCN2,TCN2,22,One-carbon metabolism,cg02768583,TCN2,,,,no_evidence,,,FALSE,,,,,,,,,,0,,SEC14L6,,0.7856,A,REQUESTED_GENE_UNAVAILABLE,SLC35E4,,0.8457,A,REQUESTED_GENE_UNAVAILABLE,,,,,UNMAPPED,,,,,,,,,,,,,,,"",no catalogue holds this CpG-gene pair and no distance could be computed,,
cg02773832,cg02773832_TC21_T1_TPCN1,TPCN1,1,"Oxytocin, vasopressin & CICR",cg02773832,TPCN1,,,,no_evidence,,,FALSE,,,,,,,,,,0,,DTX1,,0.298,A,REQUESTED_GENE_UNAVAILABLE,SDS,,0.1453,B,REQUESTED_GENE_UNAVAILABLE,,,,,UNMAPPED,,,,,,,,,,,,,,,"",no catalogue holds this CpG-gene pair and no distance could be computed,,
cg02778042,cg02778042_BC21_T1_ARC,ARC,18,Neurotrophins & activity-dependent plasticity,cg02778042,ARC,,,,no_evidence,,,FALSE,,,,,,,,,,0,,AC105219.1,,0.2377,B,REQUESTED_GENE_UNAVAILABLE,PSCA,,0.0694,B,REQUESTED_GENE_UNAVAILABLE,PSCA,,0.0131,B,REQUESTED_GENE_UNAVAILABLE,,,,,,,,,,,,,,,"",no catalogue holds this CpG-gene pair and no distance could be computed,,
cg02791580,cg02791580_TC21_T1_MEG3,MEG3,21,Imprinted genes & DMRs,cg02791580,MEG3,-1,higher methylation -> LOWER expression,0.4729,catalogue_single,A,"0.62-0.87 (tier A, one tissue only)",FALSE,-1,-1,,,,,,,,1,1,MEG3,-1,0.4729,A,PREDICTED,,,,,UNMAPPED,,,,,UNMAPPED,,,,,,,,,,,,,,,"",only one tissue called; no cross-tissue corroboration,0.4729,0.26355
cg02798157,cg02798157_TC21_T1_KCNQ1OT1,KCNQ1OT1,21,Imprinted genes & DMRs,cg02798157,KCNQ1OT1,,,,no_evidence,,,FALSE,,,,,,,,,,0,,VLDLR,,0.7856,A,REQUESTED_GENE_UNAVAILABLE,CDKN1C,,0.0695,A,REQUESTED_GENE_UNAVAILABLE,CDKN1C,,0.4386,A,REQUESTED_GENE_UNAVAILABLE,,,,,,,,,,,,,,,"",no catalogue holds this CpG-gene pair and no distance could be computed,,
cg02807948,cg02807948_TC21_T1_IGF2,IGF2,21,Imprinted genes & DMRs,cg02807948,IGF2,,,,no_evidence,,,FALSE,,,,,,,,,,0,,MAD1L1,,0.1897,A,REQUESTED_GENE_UNAVAILABLE,TNNT3,,0.0501,A,REQUESTED_GENE_UNAVAILABLE,MAD1L1,,0.0131,B,REQUESTED_GENE_UNAVAILABLE,,,,,,,,,,,,,,,"",no catalogue holds this CpG-gene pair and no distance could be computed,,
cg02811230,cg02811230_BC21_T1_RXFP1,RXFP1,7,"Pregnancy, parturition & lactation",cg02811230,RXFP1,,,,no_evidence,,,FALSE,,,,,,,,,,0,,C4ORF46,,0.1291,A,REQUESTED_GENE_UNAVAILABLE,C4ORF46,,0.0695,A,REQUESTED_GENE_UNAVAILABLE,,,,,UNMAPPED,,,,,,,,,,,,,,,"",no catalogue holds this CpG-gene pair and no distance could be computed,,
cg02815312,cg02815312_BC21_T1_GATA2,GATA2,4,Sex steroids: receptors & metabolism,cg02815312,GATA2,,,,no_evidence,,,FALSE,,,,,,,,,,0,,,,,,UNMAPPED,,,,,UNMAPPED,,,,,UNMAPPED,,,,,,,,,,,,,,,"",no catalogue holds this CpG-gene pair and no distance could be computed,,
cg02827278,cg02827278_BC21_T1_ORAI1,ORAI1,1,"Oxytocin, vasopressin & CICR",cg02827278,ORAI1,1,higher methylation -> HIGHER expression,,smr_moderate,,"0.84-0.86 (SMR tier S2, single instrument; validated n=6,008)",FALSE,1,1,1,S2,1.023e-12,1,9476,TRUE,,0,,RHOF,,0.4517,A,REQUESTED_GENE_UNAVAILABLE,RHOF,,0.0694,A,REQUESTED_GENE_UNAVAILABLE,RHOF,,0.0131,B,REQUESTED_GENE_UNAVAILABLE,,,,,,,,,,,,,,,"",causal direction from SMR (blood); consistent with methylation affecting expression AND with linkage - HEIDI not run,0.7,0.85
cg02849309,cg02849309_TC21_T1_PLAGL1,PLAGL1,21,Imprinted genes & DMRs,cg02849309,PLAGL1,-1,higher methylation -> LOWER expression,1,measured,,"~1.00 (measured, not predicted)",FALSE,-1,-1,-1,S2,4.55e-22,1,62694,TRUE,,0,,PLAGL1,,0.2377,A,DIRECT_eQTM,PLAGL1,,0.3409,B,ABSTAIN,PLAGL1,,0.0131,A,ABSTAIN,,,,,,,,,,PLAGL1,blood,PLAGL1:-1,-1,FALSE,"","",1,0
cg02856377,cg02856377_BC21_T1_GATA2,GATA2,4,Sex steroids: receptors & metabolism,cg02856377,GATA2,,,,no_evidence,,,FALSE,,,,,,,,,,0,,,,,,UNMAPPED,,,,,UNMAPPED,,,,,UNMAPPED,,,,,,,,,,,,,,,"",no catalogue holds this CpG-gene pair and no distance could be computed,,
cg02879223,cg02879223_TC11_T1_DLG3,DLG3,16,Glutamate & synaptic scaffolding,cg02879223,DLG3,,,,no_evidence,,,FALSE,,,,,,,,,,0,,,,,,UNMAPPED,,,,,UNMAPPED,,,,,UNMAPPED,,,,,,,,,,,,,,,"",no catalogue holds this CpG-gene pair and no distance could be computed,,
cg02890368,cg02890368_TC11_T1_GNAS,GNAS,19,GPCR signalling & second messengers,cg02890368,GNAS,,,,no_evidence,,,FALSE,,,,,,,,,,0,,CTSZ,,0.4648,A,REQUESTED_GENE_UNAVAILABLE,CTSZ,,0.3409,B,REQUESTED_GENE_UNAVAILABLE,,,,,UNMAPPED,,,,,,,,,,,,,,,"",no catalogue holds this CpG-gene pair and no distance could be computed,,
cg02904344,cg02904344_TC21_T1_SGK1,SGK1,2,HPA axis & glucocorticoid signalling,cg02904344,SGK1,-1,higher methylation -> LOWER expression,,smr_moderate,,"0.84-0.86 (SMR tier S2, single instrument; validated n=6,008)",FALSE,-1,-1,-1,S2,1.004e-13,1,65838,TRUE,,0,,,,,,UNMAPPED,,,,,UNMAPPED,,,,,UNMAPPED,,,,,,,,,,,,,,,"",causal direction from SMR (blood); consistent with methylation affecting expression AND with linkage - HEIDI not run,0.7,0.15
cg02913140,cg02913140_BC21_T1_MEF2C,MEF2C,25,Social-synaptic & psychiatric risk,cg02913140,MEF2C,,,,no_evidence,,,FALSE,,,,,,,,,,0,,,,,,UNMAPPED,LINC00461,,0.3409,B,REQUESTED_GENE_UNAVAILABLE,LINC00461,,0.0131,B,REQUESTED_GENE_UNAVAILABLE,,,,,,,,,,,,,,,"",no catalogue holds this CpG-gene pair and no distance could be computed,,
cg02918903,cg02918903_BC11_T1_HTR2C,HTR2C,9,Serotonin,cg02918903,HTR2C,,,,no_evidence,,,FALSE,,,,,,,,,,0,,,,,,UNMAPPED,,,,,UNMAPPED,,,,,UNMAPPED,,,,,,,,,,,,,,,"",no catalogue holds this CpG-gene pair and no distance could be computed,,
cg02930969,cg02930969_TC21_T1_HSP90AA1,HSP90AA1,2,HPA axis & glucocorticoid signalling,cg02930969,HSP90AA1,,,,no_evidence,,,FALSE,,,,,,,,,,0,,NUP37,,0.2377,B,REQUESTED_GENE_UNAVAILABLE,,,,,UNMAPPED,KAZALD1,,0.0131,B,REQUESTED_GENE_UNAVAILABLE,,,,,,,,,,,,,,,"",no catalogue holds this CpG-gene pair and no distance could be computed,,
cg02946878,cg02946878_TC21_T1_PPARGC1A,PPARGC1A,27,Appetite & metabolic programming,cg02946878,PPARGC1A,,,,no_evidence,,,FALSE,,,,,,,,,,0,,,,,,UNMAPPED,,,,,UNMAPPED,,,,,UNMAPPED,,,,,,,,,,,,,,,"",no catalogue holds this CpG-gene pair and no distance could be computed,,
cg02953335,cg02953335_TC21_T1_NLGN1,NLGN1,25,Social-synaptic & psychiatric risk,cg02953335,NLGN1,,,,no_evidence,,,FALSE,,,,,,,,,,0,,,,,,UNMAPPED,,,,,UNMAPPED,,,,,UNMAPPED,,,,,,,,,,,,,,,"",no catalogue holds this CpG-gene pair and no distance could be computed,,
cg02959759,cg02959759_TC21_T1_CACNA1C,CACNA1C,1,"Oxytocin, vasopressin & CICR",cg02959759,CACNA1C,,,,no_evidence,,,FALSE,,,,,,,,,,0,,SH3BP2,,0.126,B,REQUESTED_GENE_UNAVAILABLE,,,,,UNMAPPED,SH3BP2,,0.1474,B,REQUESTED_GENE_UNAVAILABLE,,,,,,,,,,,,,,,"",no catalogue holds this CpG-gene pair and no distance could be computed,,
cg02962597,cg02962597_TC21_T1_NOS1,NOS1,1,"Oxytocin, vasopressin & CICR",cg02962597,NOS1,,,,no_evidence,,,FALSE,,,,,,,,,,0,,,,,,UNMAPPED,,,,,UNMAPPED,,,,,UNMAPPED,,,,,,,,,,,,,,,"",no catalogue holds this CpG-gene pair and no distance could be computed,,
cg02964065,cg02964065_TC11_T1_HLA_DQB2,HLA-DQB2,24,"Immune, inflammation & HLA",cg02964065,HLA-DQB2,-1,higher methylation -> LOWER expression,,smr_high,A,"0.95-0.97 (SMR tier S1, concordant instruments; validated n=2,141)",FALSE,-1,-1,-1,S1,4.726e-12,2,1952,TRUE,1,2,1,HLA-DQB2,1,0.3705,A,PREDICTED,HLA-DQB2,1,0.7183,A,PREDICTED,PSMB8,,0.1124,B,REQUESTED_GENE_UNAVAILABLE,,,,,,,,,,,,,,,"",causal direction from SMR (blood); consistent with methylation affecting expression AND with linkage - HEIDI not run,0.7,0.15
cg02964555,cg02964555_BC21_T1_NR4A2,NR4A2,8,Dopamine,cg02964555,NR4A2,,,,no_evidence,,,FALSE,,,,,,,,,,0,,FLJ46875,,0.4598,A,REQUESTED_GENE_UNAVAILABLE,,,,,UNMAPPED,,,,,UNMAPPED,,,,,,,,,,,,,,,"",no catalogue holds this CpG-gene pair and no distance could be computed,,
cg02982753,cg02982753_BC21_T1_MEG3,MEG3,21,Imprinted genes & DMRs,cg02982753,MEG3,-1,higher methylation -> LOWER expression,0.6537,catalogue_single,A,"0.62-0.87 (tier A, one tissue only)",FALSE,-1,-1,,,,,,,,1,1,MEG3,-1,0.6537,A,PREDICTED,,,,,UNMAPPED,,,,,UNMAPPED,,,,,,,,,,,,,,,"",only one tissue called; no cross-tissue corroboration,0.6537,0.17315
cg02987481,cg02987481_BC21_T1_NGF,NGF,18,Neurotrophins & activity-dependent plasticity,cg02987481,NGF,,,,no_evidence,,,FALSE,,,,,,,,,,0,,TSPAN2,,0.2377,B,REQUESTED_GENE_UNAVAILABLE,TSPAN2,,0.861,A,REQUESTED_GENE_UNAVAILABLE,,,,,UNMAPPED,,,,,,,,,,,,,,,"",no catalogue holds this CpG-gene pair and no distance could be computed,,
cg03004912,cg03004912_BC21_T1_TET3,TET3,20,Epigenetic machinery,cg03004912,TET3,-1,higher methylation -> LOWER expression,0.9641,catalogue_single,A,"0.62-0.87 (tier A, one tissue only)",FALSE,-1,-1,,,,,,,,1,1,AC073263.1,,0.1897,A,REQUESTED_GENE_UNAVAILABLE,TET3,-1,0.9641,A,PREDICTED,EEF1A1,,0.1667,B,REQUESTED_GENE_UNAVAILABLE,,,,,,,,,,,,,,,"",only one tissue called; no cross-tissue corroboration,0.9641,0.01795
cg03010274,cg03010274_TC21_T1_GNAS,GNAS,19,GPCR signalling & second messengers,cg03010274,GNAS,,,,no_evidence,,,FALSE,,,,,,,,,,0,,CTSZ,,0.4648,A,REQUESTED_GENE_UNAVAILABLE,CTSZ,,0.3409,B,REQUESTED_GENE_UNAVAILABLE,,,,,UNMAPPED,,,,,,,,,,,,,,,"",no catalogue holds this CpG-gene pair and no distance could be computed,,
cg03012028,cg03012028_TC21_T1_CRHR2,CRHR2,2,HPA axis & glucocorticoid signalling,cg03012028,CRHR2,,,,no_evidence,,,FALSE,,,,,,,,,,0,,IPO8,,0.1291,A,REQUESTED_GENE_UNAVAILABLE,,,,,UNMAPPED,,,,,UNMAPPED,,,,,,,,,,,,,,,"",no catalogue holds this CpG-gene pair and no distance could be computed,,
cg03024742,cg03024742_TC21_T1_HTR5A,HTR5A,9,Serotonin,cg03024742,HTR5A,,,,no_evidence,,,FALSE,,,,,,,,,,0,,,,,,UNMAPPED,,,,,UNMAPPED,,,,,UNMAPPED,,,,,,,,,,,,,,,"",no catalogue holds this CpG-gene pair and no distance could be computed,,
cg03032532,cg03032532_BC21_T1_HCRT,HCRT,13,Orexin / hypocretin & MCH,cg03032532,HCRT,-1,higher methylation -> LOWER expression,0.571,catalogue_single,B,"0.55-0.84 (tier B, one tissue only)",FALSE,-1,-1,,,,,,,,1,1,HCRT,-1,0.571,B,PREDICTED,RAB5C,,0.7399,A,REQUESTED_GENE_UNAVAILABLE,EIF2AK4,,0.1474,B,REQUESTED_GENE_UNAVAILABLE,,,,,,,,,,,,,,,"",only one tissue called; no cross-tissue corroboration,0.571,0.2145
cg03034696,cg03034696_BC21_T1_CALM2,CALM2,1,"Oxytocin, vasopressin & CICR",cg03034696,CALM2,,,,no_evidence,,,FALSE,,,,,,,,,,0,,PCED1B,,0.289,B,REQUESTED_GENE_UNAVAILABLE,,,,,UNMAPPED,,,,,UNMAPPED,,,,,,,,,,,,,,,"",no catalogue holds this CpG-gene pair and no distance could be computed,,
cg03037684,cg03037684_BC21_T1_ESR1,ESR1,4,Sex steroids: receptors & metabolism,cg03037684,ESR1,,,,no_evidence,,,FALSE,,,,,,,,,,0,,RIF1,,0.2377,B,REQUESTED_GENE_UNAVAILABLE,,,,,UNMAPPED,,,,,UNMAPPED,,,,,,,,,,,,,,,"",no catalogue holds this CpG-gene pair and no distance could be computed,,
cg03039990,cg03039990_BC21_T1_MEG3,MEG3,21,Imprinted genes & DMRs,cg03039990,MEG3,-1,higher methylation -> LOWER expression,,smr_moderate,A,"0.84-0.86 (SMR tier S2, single instrument; validated n=6,008)",FALSE,-1,-1,-1,S2,1.473e-124,1,31065,TRUE,,1,1,MEG3,-1,0.3429,A,PREDICTED,,,,,UNMAPPED,,,,,UNMAPPED,,,,,,,,,,,,,,,"",causal direction from SMR (blood); consistent with methylation affecting expression AND with linkage - HEIDI not run,0.7,0.15
cg03042573,cg03042573_BC21_T1_ADRA1A,ADRA1A,10,Noradrenaline & sympathetic nervous system,cg03042573,ADRA1A,,,,no_evidence,,,FALSE,,,,,,,,,,0,,,,,,UNMAPPED,,,,,UNMAPPED,,,,,UNMAPPED,,,,,,,,,,,,,,,"",no catalogue holds this CpG-gene pair and no distance could be computed,,
cg03061677,cg03061677_BC21_T1_NNAT,NNAT,21,Imprinted genes & DMRs,cg03061677,NNAT,,,,no_evidence,,,FALSE,,,,,,,,,,0,,,,,,UNMAPPED,BLCAP,,0.0695,A,REQUESTED_GENE_UNAVAILABLE,SRC,,0.1815,B,REQUESTED_GENE_UNAVAILABLE,,,,,,,,,,,,,,,"",no catalogue holds this CpG-gene pair and no distance could be computed,,
cg03062725,cg03062725_TC21_T1_PRKAR1A,PRKAR1A,19,GPCR signalling & second messengers,cg03062725,PRKAR1A,,,,no_evidence,,,FALSE,,,,,,,,,,0,,PDE7A,,0.0153,B,REQUESTED_GENE_UNAVAILABLE,FAM20A,,0.0695,B,REQUESTED_GENE_UNAVAILABLE,,,,,UNMAPPED,,,,,,,,,,,,,,,"",no catalogue holds this CpG-gene pair and no distance could be computed,,
cg03077533,cg03077533_BC21_T1_INHBB,INHBB,5,"HPG axis, puberty & KNDy",cg03077533,INHBB,,,,no_evidence,,,FALSE,,,,,,,,,,0,,,,,,UNMAPPED,RALB,,0.3409,B,REQUESTED_GENE_UNAVAILABLE,,,,,UNMAPPED,,,,,,,,,,,,,,,"",no catalogue holds this CpG-gene pair and no distance could be computed,,
cg03081221,cg03081221_TC21_T1_NPY1R,NPY1R,10,Noradrenaline & sympathetic nervous system,cg03081221,NPY1R,,,,no_evidence,,,FALSE,,,,,,,,,,0,,,,,,UNMAPPED,,,,,UNMAPPED,,,,,UNMAPPED,,,,,,,,,,,,,,,"",no catalogue holds this CpG-gene pair and no distance could be computed,,
cg03096488,cg03096488_TC21_T1_AR,AR,4,Sex steroids: receptors & metabolism,cg03096488,AR,,,,no_evidence,,,FALSE,,,,,,,,,,0,,,,,,UNMAPPED,,,,,UNMAPPED,,,,,UNMAPPED,,,,,,,,,,,,,,,"",no catalogue holds this CpG-gene pair and no distance could be computed,,
cg03129600,cg03129600_TC21_T1_NRXN1,NRXN1,25,Social-synaptic & psychiatric risk,cg03129600,NRXN1,,,,no_evidence,,,FALSE,,,,,,,,,,0,,,,,,UNMAPPED,,,,,UNMAPPED,,,,,UNMAPPED,,,,,,,,,,,,,,,"",no catalogue holds this CpG-gene pair and no distance could be computed,,
cg03133868,cg03133868_TC21_T1_NKX2_2,NKX2-2,9,Serotonin,cg03133868,NKX2-2,,,,no_evidence,,,FALSE,,,,,,,,,,0,,,,,,UNMAPPED,,,,,UNMAPPED,,,,,UNMAPPED,,,,,,,,,,,,,,,"",no catalogue holds this CpG-gene pair and no distance could be computed,,
cg03171377,cg03171377_BC21_T1_ADRA2B,ADRA2B,10,Noradrenaline & sympathetic nervous system,cg03171377,ADRA2B,,,,no_evidence,,,FALSE,,,,,,,,,,0,,DUSP2,,0.2377,A,REQUESTED_GENE_UNAVAILABLE,DUSP2,,0.6135,A,REQUESTED_GENE_UNAVAILABLE,,,,,UNMAPPED,,,,,,,,,,,,,,,"",no catalogue holds this CpG-gene pair and no distance could be computed,,
cg03173570,cg03173570_BC21_T1_SOD1,SOD1,29,Oxidative stress & mitochondria,cg03173570,SOD1,-1,higher methylation -> LOWER expression,0.541,catalogue_consensus,A,"0.77-0.87 (tier A, tissues agree)",FALSE,-1,-1,,,,,,,-1,2,1,,,,,UNMAPPED,SOD1,-1,0.6433,A,PREDICTED,SOD1,-1,0.4386,A,PREDICTED,,,,,,,,,,,,,,,"","",0.541,0.2295
cg03206445,cg03206445_TC21_T1_GRIN1,GRIN1,16,Glutamate & synaptic scaffolding,cg03206445,GRIN1,,,,no_evidence,,,FALSE,,,,,,,,,,0,,NDOR1,,0.1852,A,REQUESTED_GENE_UNAVAILABLE,LRRC26,,0.6433,A,REQUESTED_GENE_UNAVAILABLE,MAN1B1-AS1,,0.0131,A,REQUESTED_GENE_UNAVAILABLE,,,,,,,,,,,,,,,"",no catalogue holds this CpG-gene pair and no distance could be computed,,
cg03229061,cg03229061_BC21_T1_HLA_DPA1,HLA-DPA1,24,"Immune, inflammation & HLA",cg03229061,HLA-DPA1,1,higher methylation -> HIGHER expression,1,measured,A,"~1.00 (measured, not predicted)",FALSE,1,1,-1,S2,8.128e-18,1,8034,FALSE,1,2,1,HLA-DPA1,1,0.9636,A,DIRECT_eQTM,HLA-DPA1,1,0.8509,A,DIRECT_eQTM,DYNLRB1,,0.1244,B,REQUESTED_GENE_UNAVAILABLE,,,,,,,,,,HLA-DPA1,blood;nasal_epithelium,HLA-DPA1:+1,1,FALSE,""," | SMR (causal, blood) says -1 at tier S2 but a stronger layer supplied the opposite sign - inspect before using",1,1
cg03234813,cg03234813_TC11_T1_TRPM2,TRPM2,1,"Oxytocin, vasopressin & CICR",cg03234813,TRPM2,1,higher methylation -> HIGHER expression,,smr_moderate,,"0.84-0.86 (SMR tier S2, single instrument; validated n=6,008)",FALSE,1,1,1,S2,4.04e-58,1,5142,TRUE,,0,,TRPM2,,0.126,A,ABSTAIN,TRPM2,,0.0288,A,ABSTAIN,TRPM2,,0.1667,A,ABSTAIN,,,,,,,,,,,,,,,"",causal direction from SMR (blood); consistent with methylation affecting expression AND with linkage - HEIDI not run,0.7,0.85
cg03234870,cg03234870_BC21_T1_INHBA,INHBA,5,"HPG axis, puberty & KNDy",cg03234870,INHBA,,,,no_evidence,,,FALSE,,,,,,,,,,0,,NAA16,,0.2377,B,REQUESTED_GENE_UNAVAILABLE,,,,,UNMAPPED,NAA16,,0.0131,B,REQUESTED_GENE_UNAVAILABLE,,,,,,,,,,,,,,,"",no catalogue holds this CpG-gene pair and no distance could be computed,,
cg03245912,cg03245912_TC21_T1_FKBP5,FKBP5,2,HPA axis & glucocorticoid signalling,cg03245912,FKBP5,-1,higher methylation -> LOWER expression,0.621,catalogue_consensus,A,"0.77-0.87 (tier A, tissues agree)",FALSE,-1,-1,,,,,,,-1,2,1,,,,,UNMAPPED,FKBP5,-1,0.6433,A,PREDICTED,FKBP5,-1,0.5988,A,PREDICTED,,,,,,,,,,,,,,,"","",0.621,0.1895
cg03252313,cg03252313_BC21_T1_CNTNAP2,CNTNAP2,25,Social-synaptic & psychiatric risk,cg03252313,CNTNAP2,,,,no_evidence,,,FALSE,,,,,,,,,,0,,,,,,UNMAPPED,,,,,UNMAPPED,,,,,UNMAPPED,,,,,,,,,,,,,,,"",no catalogue holds this CpG-gene pair and no distance could be computed,,
cg03257388,cg03257388_BC21_T1_OXTR,OXTR,1,"Oxytocin, vasopressin & CICR",cg03257388,OXTR,-1,higher methylation -> LOWER expression,0.6433,catalogue_single,B,"0.55-0.84 (tier B, one tissue only)",FALSE,-1,-1,,,,,,,,1,1,TRIM66,,0.126,B,REQUESTED_GENE_UNAVAILABLE,OXTR,-1,0.6433,B,PREDICTED,TRIM66,,0.1474,A,REQUESTED_GENE_UNAVAILABLE,,,,,,,,,,,,,,,"",only one tissue called; no cross-tissue corroboration,0.6433,0.17835
cg03262240,cg03262240_BC21_T1_SYP,SYP,18,Neurotrophins & activity-dependent plasticity,cg03262240,SYP,,,,no_evidence,,,FALSE,,,,,,,,,,0,,,,,,UNMAPPED,,,,,UNMAPPED,,,,,UNMAPPED,,,,,,,,,,,,,,,"",no catalogue holds this CpG-gene pair and no distance could be computed,,
cg03264209,cg03264209_BC21_T1_CREBBP,CREBBP,20,Epigenetic machinery,cg03264209,CREBBP,,,,no_evidence,,,FALSE,,,,,,,,,,0,,DNASE1,,0.1077,B,REQUESTED_GENE_UNAVAILABLE,ADCY9,,0.31,A,REQUESTED_GENE_UNAVAILABLE,DNASE1,,0.4087,A,REQUESTED_GENE_UNAVAILABLE,,,,,,,,,,,,,,,"",no catalogue holds this CpG-gene pair and no distance could be computed,,
cg03264550,cg03264550_TC11_T1_GNAS,GNAS,19,GPCR signalling & second messengers,cg03264550,GNAS,,,,no_evidence,,,FALSE,,,,,,,,,,0,,CTSZ,,0.5493,A,REQUESTED_GENE_UNAVAILABLE,CTSZ,,0.3409,B,REQUESTED_GENE_UNAVAILABLE,,,,,UNMAPPED,,,,,,,,,,,,,,,"",no catalogue holds this CpG-gene pair and no distance could be computed,,
cg03265014,cg03265014_BC21_T1_MTRR,MTRR,22,One-carbon metabolism,cg03265014,MTRR,,,,no_evidence,,,FALSE,,,,,,,,,,0,,PCP2,,0.1971,A,REQUESTED_GENE_UNAVAILABLE,,,,,UNMAPPED,,,,,UNMAPPED,,,,,,,,,,,,,,,"",no catalogue holds this CpG-gene pair and no distance could be computed,,
cg03266646,cg03266646_TC11_T1_GDNF,GDNF,18,Neurotrophins & activity-dependent plasticity,cg03266646,GDNF,,,,no_evidence,,,FALSE,,,,,,,,,,0,,PPP1R1B,,0.2377,B,REQUESTED_GENE_UNAVAILABLE,,,,,UNMAPPED,TBC1D1,,0.0131,B,REQUESTED_GENE_UNAVAILABLE,,,,,,,,,,,,,,,"",no catalogue holds this CpG-gene pair and no distance could be computed,,
cg03269770,cg03269770_TC21_T1_HTR2C,HTR2C,9,Serotonin,cg03269770,HTR2C,,,,no_evidence,,,FALSE,,,,,,,,,,0,,,,,,UNMAPPED,,,,,UNMAPPED,,,,,UNMAPPED,,,,,,,,,,,,,,,"",no catalogue holds this CpG-gene pair and no distance could be computed,,
cg03274069,cg03274069_BC21_T1_AVPR2,AVPR2,1,"Oxytocin, vasopressin & CICR",cg03274069,AVPR2,,,,no_evidence,,,FALSE,,,,,,,,,,0,,PNMA6B,,0.1971,A,REQUESTED_GENE_UNAVAILABLE,,,,,UNMAPPED,,,,,UNMAPPED,,,,,,,,,,,,,,,"",no catalogue holds this CpG-gene pair and no distance could be computed,,
cg03291825,cg03291825_BC21_T1_AFMID,AFMID,15,Kynurenine pathway,cg03291825,AFMID,-1,higher methylation -> LOWER expression,0.3429,catalogue_single,A,"0.62-0.87 (tier A, one tissue only)",FALSE,-1,-1,,,,,,,,1,1,AFMID,-1,0.3429,A,PREDICTED,SYNGR2,,0.6433,A,REQUESTED_GENE_UNAVAILABLE,,,,,UNMAPPED,,,,,,,,,,,,,,,"",only one tissue called; no cross-tissue corroboration,0.3429,0.32855
cg03313172,cg03313172_TC11_T1_GABRB1,GABRB1,17,GABA & excitation-inhibition balance,cg03313172,GABRB1,,,,no_evidence,,,FALSE,,,,,,,,,,0,,SNORD67,,0.0153,B,REQUESTED_GENE_UNAVAILABLE,,,,,UNMAPPED,,,,,UNMAPPED,,,,,,,,,,,,,,,"",no catalogue holds this CpG-gene pair and no distance could be computed,,
cg03317455,cg03317455_TC21_T1_MAOA,MAOA,11,"Monoamine synthesis, transport & degradation",cg03317455,MAOA,,,,no_evidence,,,FALSE,,,,,,,,,,0,,,,,,UNMAPPED,,,,,UNMAPPED,,,,,UNMAPPED,,,,,,,,,,,,,,,"",no catalogue holds this CpG-gene pair and no distance could be computed,,
cg03323911,cg03323911_TC21_T1_EDARADD,EDARADD,28,"Ageing, epigenetic clocks & telomere",cg03323911,EDARADD,,,,no_evidence,,,FALSE,,,,,,,,,,0,,LGALS8,,0.6322,A,REQUESTED_GENE_UNAVAILABLE,HEATR1,,0.3197,B,REQUESTED_GENE_UNAVAILABLE,,,,,UNMAPPED,,,,,,,,,,,,,,,"",no catalogue holds this CpG-gene pair and no distance could be computed,,
cg03329841,cg03329841_TC21_T1_GRIN1,GRIN1,16,Glutamate & synaptic scaffolding,cg03329841,GRIN1,,,,no_evidence,,,FALSE,,,,,,,,,,0,,NDOR1,,0.126,B,REQUESTED_GENE_UNAVAILABLE,LRRC26,,0.8457,A,REQUESTED_GENE_UNAVAILABLE,MAN1B1-AS1,,0.0131,A,REQUESTED_GENE_UNAVAILABLE,,,,,,,,,,,,,,,"",no catalogue holds this CpG-gene pair and no distance could be computed,,
cg03330425,cg03330425_BC21_T1_CYP11B1,CYP11B1,3,Steroidogenesis (adrenal & gonadal),cg03330425,CYP11B1,,,,no_evidence,,,FALSE,,,,,,,,,,0,,LOC100288181,,0.0451,A,REQUESTED_GENE_UNAVAILABLE,LY6D,,0.6135,B,REQUESTED_GENE_UNAVAILABLE,PSCA,,0.1667,B,REQUESTED_GENE_UNAVAILABLE,,,,,,,,,,,,,,,"",no catalogue holds this CpG-gene pair and no distance could be computed,,
cg03357547,cg03357547_BC21_T1_SHANK1,SHANK1,16,Glutamate & synaptic scaffolding,cg03357547,SHANK1,,,,no_evidence,,,FALSE,,,,,,,,,,0,,CLEC11A,,0.561,A,REQUESTED_GENE_UNAVAILABLE,JOSD2,,0.4583,A,REQUESTED_GENE_UNAVAILABLE,SHANK3,,0.0131,B,REQUESTED_GENE_UNAVAILABLE,,,,,,,,,,,,,,,"",no catalogue holds this CpG-gene pair and no distance could be computed,,
cg03371322,cg03371322_TC21_T1_MC1R,MC1R,12,Opioid & melanocortin,cg03371322,MC1R,-1,higher methylation -> LOWER expression,0.3639,catalogue_single,A,"0.62-0.87 (tier A, one tissue only)",FALSE,-1,-1,,,,,,,,1,1,CENPBD1,,0.4276,A,REQUESTED_GENE_UNAVAILABLE,MC1R,-1,0.3639,A,PREDICTED,,,,,UNMAPPED,,,,,,,,,,,,,,,"",only one tissue called; no cross-tissue corroboration,0.3639,0.31805
cg03375407,cg03375407_BC21_T1_SGK1,SGK1,2,HPA axis & glucocorticoid signalling,cg03375407,SGK1,,,,no_evidence,,,FALSE,,,,,,,,,,0,,,,,,UNMAPPED,,,,,UNMAPPED,,,,,UNMAPPED,,,,,,,,,,,,,,,"",no catalogue holds this CpG-gene pair and no distance could be computed,,
cg03384391,cg03384391_BC21_T1_SLC12A5,SLC12A5,17,GABA & excitation-inhibition balance,cg03384391,SLC12A5,,,,no_evidence,,,FALSE,,,,,,,,,,0,,CD40,,0.298,A,REQUESTED_GENE_UNAVAILABLE,MMP9,,0.31,A,REQUESTED_GENE_UNAVAILABLE,PLTP,,0.0131,B,REQUESTED_GENE_UNAVAILABLE,,,,,,,,,,,,,,,"",no catalogue holds this CpG-gene pair and no distance could be computed,,
cg03397659,cg03397659_BC21_T1_RYR1,RYR1,1,"Oxytocin, vasopressin & CICR",cg03397659,RYR1,-1,higher methylation -> LOWER expression,0.3688,catalogue_single,A,"0.62-0.87 (tier A, one tissue only)",FALSE,-1,-1,,,,,,,,1,1,MAP4K1,,0.289,A,REQUESTED_GENE_UNAVAILABLE,RYR1,,0.3409,B,ABSTAIN,RYR1,-1,0.3688,A,PREDICTED,,,,,,,,,,,,,,,"",only one tissue called; no cross-tissue corroboration,0.3688,0.3156
cg03402505,cg03402505_TC21_T1_GRIA1,GRIA1,16,Glutamate & synaptic scaffolding,cg03402505,GRIA1,,,,no_evidence,,,FALSE,,,,,,,,,,0,,,,,,UNMAPPED,,,,,UNMAPPED,,,,,UNMAPPED,,,,,,,,,,,,,,,"",no catalogue holds this CpG-gene pair and no distance could be computed,,
cg03405789,cg03405789_BC21_T1_CRH,CRH,2,HPA axis & glucocorticoid signalling,cg03405789,CRH,,,,no_evidence,,,FALSE,,,,,,,,,,0,,,,,,UNMAPPED,,,,,UNMAPPED,,,,,UNMAPPED,,,,,,,,,,,,,,,"",no catalogue holds this CpG-gene pair and no distance could be computed,,
cg03411938,cg03411938_BC21_T1_KCNQ1OT1,KCNQ1OT1,21,Imprinted genes & DMRs,cg03411938,KCNQ1OT1,,,,no_evidence,,,FALSE,,,,,,,,,,0,,VLDLR,,0.0996,A,REQUESTED_GENE_UNAVAILABLE,CDKN1C,,0.0695,A,REQUESTED_GENE_UNAVAILABLE,CDKN1C,,0.2027,A,REQUESTED_GENE_UNAVAILABLE,,,,,,,,,,,,,,,"",no catalogue holds this CpG-gene pair and no distance could be computed,,
cg03412315,cg03412315_BC21_T1_AKR1C3,AKR1C3,4,Sex steroids: receptors & metabolism,cg03412315,AKR1C3,-1,higher methylation -> LOWER expression,0.3409,catalogue_single,A,"0.62-0.87 (tier A, one tissue only)",FALSE,-1,-1,,,,,,,,1,1,AKR1C3,,0.126,A,ABSTAIN,AKR1C3,-1,0.3409,A,PREDICTED,PPL,,0.1124,B,REQUESTED_GENE_UNAVAILABLE,,,,,,,,,,,,,,,"",only one tissue called; no cross-tissue corroboration,0.3409,0.32955
cg03422070,cg03422070_BC21_T1_KCNQ1OT1,KCNQ1OT1,21,Imprinted genes & DMRs,cg03422070,KCNQ1OT1,,,,no_evidence,,,FALSE,,,,,,,,,,0,,VLDLR,,0.3959,A,REQUESTED_GENE_UNAVAILABLE,CDKN1C,,0.0695,A,REQUESTED_GENE_UNAVAILABLE,CDKN1C,,0.4386,A,REQUESTED_GENE_UNAVAILABLE,,,,,,,,,,,,,,,"",no catalogue holds this CpG-gene pair and no distance could be computed,,
cg03422380,cg03422380_TC21_T1_TSC22D3,TSC22D3,2,HPA axis & glucocorticoid signalling,cg03422380,TSC22D3,,,,no_evidence,,,FALSE,,,,,,,,,,0,,,,,,UNMAPPED,,,,,UNMAPPED,,,,,UNMAPPED,,,,,,,,,,,,,,,"",no catalogue holds this CpG-gene pair and no distance could be computed,,
cg03449379,cg03449379_TC21_T1_CYP11A1,CYP11A1,3,Steroidogenesis (adrenal & gonadal),cg03449379,CYP11A1,,,,no_evidence,,,FALSE,,,,,,,,,,0,,MRPL53,,0.0365,B,REQUESTED_GENE_UNAVAILABLE,SEMA7A,,0.0694,B,REQUESTED_GENE_UNAVAILABLE,MRPL53,,0.1474,B,REQUESTED_GENE_UNAVAILABLE,,,,,,,,,,,,,,,"",no catalogue holds this CpG-gene pair and no distance could be computed,,
cg03469471,cg03469471_BC21_T1_NOS3,NOS3,6,Libido & sexual function,cg03469471,NOS3,1,higher methylation -> HIGHER expression,,smr_moderate,,"0.84-0.86 (SMR tier S2, single instrument; validated n=6,008)",FALSE,1,1,1,S2,9.591e-27,1,7951,TRUE,,0,,ATG9B,,0.52,A,REQUESTED_GENE_UNAVAILABLE,ATG9B,,0.3409,A,REQUESTED_GENE_UNAVAILABLE,KCNH2,,0.1244,A,REQUESTED_GENE_UNAVAILABLE,,,,,,,,,,,,,,,"",causal direction from SMR (blood); consistent with methylation affecting expression AND with linkage - HEIDI not run,0.7,0.85
cg03477336,cg03477336_TC21_T1_RTEL1,RTEL1,28,"Ageing, epigenetic clocks & telomere",cg03477336,RTEL1,,,,no_evidence,,,FALSE,,,,,,,,,,0,,TNFRSF6B;RTEL1;RTEL1-TNFRSF6B,,0.0153,A,REQUESTED_GENE_UNAVAILABLE,TNFRSF6B,,0.6135,A,REQUESTED_GENE_UNAVAILABLE,STMN3,,0.2027,A,REQUESTED_GENE_UNAVAILABLE,,,,,,,,,,,,,,,"",no catalogue holds this CpG-gene pair and no distance could be computed,,
cg03495090,cg03495090_BC21_T1_GRIK2,GRIK2,16,Glutamate & synaptic scaffolding,cg03495090,GRIK2,,,,tissue_conflict,A,,FALSE,,,,,,,,,,2,0.5,TGFBR1,,0.298,B,REQUESTED_GENE_UNAVAILABLE,GRIK2,1,0.9542,A,PREDICTED,GRIK2,-1,0.4087,A,PREDICTED,,,,,,,,,,,,,,,"",tissues returned opposite directions; not resolved,,
cg03500056,cg03500056_BC21_T1_ABAT,ABAT,17,GABA & excitation-inhibition balance,cg03500056,ABAT,1,higher methylation -> HIGHER expression,,smr_moderate,A,"0.84-0.86 (SMR tier S2, single instrument; validated n=6,008)",FALSE,1,1,1,S2,2.656e-122,1,8920,TRUE,,1,1,ABAT,1,0.9394,A,PREDICTED,ABAT,,0.1453,B,ABSTAIN,RERE,,0.2027,B,REQUESTED_GENE_UNAVAILABLE,,,,,,,,,,,,,,,"",causal direction from SMR (blood); consistent with methylation affecting expression AND with linkage - HEIDI not run,0.7,0.85
cg03504834,cg03504834_BC21_T1_FOXP2,FOXP2,25,Social-synaptic & psychiatric risk,cg03504834,FOXP2,,,,no_evidence,,,FALSE,,,,,,,,,,0,,MAGI3,,0.2377,B,REQUESTED_GENE_UNAVAILABLE,,,,,UNMAPPED,,,,,UNMAPPED,,,,,,,,,,,,,,,"",no catalogue holds this CpG-gene pair and no distance could be computed,,
cg03508063,cg03508063_BC21_T1_DLG4,DLG4,16,Glutamate & synaptic scaffolding,cg03508063,DLG4,1,higher methylation -> HIGHER expression,0.4431,catalogue_single,A,"0.62-0.87 (tier A, one tissue only)",FALSE,1,1,,,,,,,,1,1,DLG4,,0.289,A,ABSTAIN,DLG4,,0.1453,A,ABSTAIN,DLG4,1,0.4431,A,PREDICTED,,,,,,,,,,,,,,,"",only one tissue called; no cross-tissue corroboration,0.4431,0.72155
cg03521696,cg03521696_TC11_T1_HLA_G,HLA-G,24,"Immune, inflammation & HLA",cg03521696,HLA-G,-1,higher methylation -> LOWER expression,1,measured,A,"~1.00 (measured, not predicted)",FALSE,-1,-1,1,S3,1.384e-102,2,1228,FALSE,,1,1,HLA-G,-1,0.7056,A,DIRECT_eQTM,HLA-G,,0.1455,A,ABSTAIN,CDIPT,,0.0131,B,REQUESTED_GENE_UNAVAILABLE,,,,,,,,,,HCG4;HLA-G;HLA-H;HLA-J,blood;nasal_epithelium,HCG4:+1;HLA-G:-1;HLA-H:-1;HLA-J:+1,-1,FALSE,""," | SMR (causal, blood) says +1 at tier S3 but a stronger layer supplied the opposite sign - inspect before using",1,0
cg03553386,cg03553386_BC21_T1_IGF2,IGF2,21,Imprinted genes & DMRs,cg03553386,IGF2,,,,no_evidence,,,FALSE,,,,,,,,,,0,,MAD1L1,,0.1971,A,REQUESTED_GENE_UNAVAILABLE,CD81,,0.3639,A,REQUESTED_GENE_UNAVAILABLE,MAD1L1,,0.0131,B,REQUESTED_GENE_UNAVAILABLE,,,,,,,,,,,,,,,"",no catalogue holds this CpG-gene pair and no distance could be computed,,
cg03562868,cg03562868_TC21_T1_PLAGL1,PLAGL1,21,Imprinted genes & DMRs,cg03562868,PLAGL1,-1,higher methylation -> LOWER expression,0.5816,catalogue_consensus,B,"0.64-0.84 (tier B, tissues agree)",FALSE,-1,-1,,,,,,,-1,2,1,PLAGL1,-1,0.52,B,PREDICTED,PLAGL1,-1,0.6433,B,PREDICTED,PLAGL1,,0.4326,B,ABSTAIN,,,,,,,,,,,,,,,"","",0.5816,0.2092
cg03567652,cg03567652_BC21_T1_LDLR,LDLR,3,Steroidogenesis (adrenal & gonadal),cg03567652,LDLR,,,,no_evidence,,,FALSE,,,,,,,,,,0,,SMIM13,,0.126,A,REQUESTED_GENE_UNAVAILABLE,DOCK6,,0.4852,A,REQUESTED_GENE_UNAVAILABLE,DOCK6,,0.0131,B,REQUESTED_GENE_UNAVAILABLE,,,,,,,,,,,,,,,"",no catalogue holds this CpG-gene pair and no distance could be computed,,
cg03569412,cg03569412_TC21_T1_MBD3,MBD3,20,Epigenetic machinery,cg03569412,MBD3,-1,higher methylation -> LOWER expression,0.6433,catalogue_single,A,"0.62-0.87 (tier A, one tissue only)",FALSE,-1,-1,,,,,,,,1,1,MEX3D,,0.3429,A,REQUESTED_GENE_UNAVAILABLE,MBD3,-1,0.6433,A,PREDICTED,,,,,UNMAPPED,,,,,,,,,,,,,,,"",only one tissue called; no cross-tissue corroboration,0.6433,0.17835
cg03578926,cg03578926_BC21_T1_SHANK2,SHANK2,16,Glutamate & synaptic scaffolding,cg03578926,SHANK2,-1,higher methylation -> LOWER expression,0.3688,catalogue_single,A,"0.62-0.87 (tier A, one tissue only)",FALSE,-1,-1,,,,,,,,1,1,COL19A1,,0.289,B,REQUESTED_GENE_UNAVAILABLE,SHANK2,,0.3639,B,ABSTAIN,SHANK2,-1,0.3688,A,PREDICTED,,,,,,,,,,,,,,,"",only one tissue called; no cross-tissue corroboration,0.3688,0.3156
cg03595161,cg03595161_TC21_T1_GPER1,GPER1,4,Sex steroids: receptors & metabolism,cg03595161,GPER1,,,,no_evidence,,,FALSE,,,,,,,,,,0,,ERC1,,0.1971,A,REQUESTED_GENE_UNAVAILABLE,ZFAND2A,,0.6433,A,REQUESTED_GENE_UNAVAILABLE,ERC1,,0.0131,A,REQUESTED_GENE_UNAVAILABLE,,,,,,,,,,,,,,,"",no catalogue holds this CpG-gene pair and no distance could be computed,,
cg03598159,cg03598159_TC21_T1_RYR1,RYR1,1,"Oxytocin, vasopressin & CICR",cg03598159,RYR1,-1,higher methylation -> LOWER expression,0.474,catalogue_single,A,"0.62-0.87 (tier A, one tissue only)",FALSE,-1,-1,,,,,,,,1,1,MAP4K1,,0.3739,A,REQUESTED_GENE_UNAVAILABLE,RYR1,,0.3409,B,ABSTAIN,RYR1,-1,0.474,A,PREDICTED,,,,,,,,,,,,,,,"",only one tissue called; no cross-tissue corroboration,0.474,0.263
cg03600587,cg03600587_TC21_T1_KYNU,KYNU,15,Kynurenine pathway,cg03600587,KYNU,,,,no_evidence,,,FALSE,,,,,,,,,,0,,YIPF5,,0.2377,A,REQUESTED_GENE_UNAVAILABLE,,,,,UNMAPPED,YIPF5,,0.1667,B,REQUESTED_GENE_UNAVAILABLE,,,,,,,,,,,,,,,"",no catalogue holds this CpG-gene pair and no distance could be computed,,
cg03606954,cg03606954_TC21_T1_HSD17B12,HSD17B12,4,Sex steroids: receptors & metabolism,cg03606954,HSD17B12,,,,no_evidence,,,FALSE,,,,,,,,,,0,,TOMM34,,0.1971,B,REQUESTED_GENE_UNAVAILABLE,,,,,UNMAPPED,TP53BP1,,0.1124,B,REQUESTED_GENE_UNAVAILABLE,,,,,,,,,,,,,,,"",no catalogue holds this CpG-gene pair and no distance could be computed,,
cg03610604,cg03610604_BC21_T1_NTRK1,NTRK1,18,Neurotrophins & activity-dependent plasticity,cg03610604,NTRK1,,,,no_evidence,,,FALSE,,,,,,,,,,0,,CCNL1,,0.298,B,REQUESTED_GENE_UNAVAILABLE,LRRC71,,0.0695,A,REQUESTED_GENE_UNAVAILABLE,LRRC71,,0.1244,A,REQUESTED_GENE_UNAVAILABLE,,,,,,,,,,,,,,,"",no catalogue holds this CpG-gene pair and no distance could be computed,,
cg03615235,cg03615235_BC11_T1_NNAT,NNAT,21,Imprinted genes & DMRs,cg03615235,NNAT,,,,no_evidence,,,FALSE,,,,,,,,,,0,,,,,,UNMAPPED,BLCAP,,0.3771,A,REQUESTED_GENE_UNAVAILABLE,SRC,,0.1815,B,REQUESTED_GENE_UNAVAILABLE,,,,,,,,,,,,,,,"",no catalogue holds this CpG-gene pair and no distance could be computed,,
cg03650233,cg03650233_TC21_T1_PENK,PENK,12,Opioid & melanocortin,cg03650233,PENK,,,,no_evidence,,,FALSE,,,,,,,,,,0,,,,,,UNMAPPED,,,,,UNMAPPED,ZDHHC5,,0.0131,B,REQUESTED_GENE_UNAVAILABLE,,,,,,,,,,,,,,,"",no catalogue holds this CpG-gene pair and no distance could be computed,,
cg03656583,cg03656583_TC21_T1_SGK1,SGK1,2,HPA axis & glucocorticoid signalling,cg03656583,SGK1,,,,no_evidence,,,FALSE,,,,,,,,,,0,,,,,,UNMAPPED,,,,,UNMAPPED,,,,,UNMAPPED,,,,,,,,,,,,,,,"",no catalogue holds this CpG-gene pair and no distance could be computed,,
cg03658985,cg03658985_BC11_T1_AVPR2,AVPR2,1,"Oxytocin, vasopressin & CICR",cg03658985,AVPR2,,,,no_evidence,,,FALSE,,,,,,,,,,0,,PNMA6B,,0.1971,A,REQUESTED_GENE_UNAVAILABLE,,,,,UNMAPPED,,,,,UNMAPPED,,,,,,,,,,,,,,,"",no catalogue holds this CpG-gene pair and no distance could be computed,,
cg03659835,cg03659835_BC21_T1_PRLR,PRLR,6,Libido & sexual function,cg03659835,PRLR,,,,no_evidence,,,FALSE,,,,,,,,,,0,,,,,,UNMAPPED,,,,,UNMAPPED,,,,,UNMAPPED,,,,,,,,,,,,,,,"",no catalogue holds this CpG-gene pair and no distance could be computed,,
cg03664443,cg03664443_TC21_T1_MC2R,MC2R,2,HPA axis & glucocorticoid signalling,cg03664443,MC2R,,,,no_evidence,,,FALSE,,,,,,,,,,0,,,,,,UNMAPPED,,,,,UNMAPPED,,,,,UNMAPPED,,,,,,,,,,,,,,,"",no catalogue holds this CpG-gene pair and no distance could be computed,,
cg03669374,cg03669374_TC21_T1_HTR6,HTR6,9,Serotonin,cg03669374,HTR6,,,,no_evidence,,,FALSE,,,,,,,,,,0,,MINOS1-NBL1,,0.4729,A,REQUESTED_GENE_UNAVAILABLE,NBL1,,0.8366,A,REQUESTED_GENE_UNAVAILABLE,GPRC5B,,0.1815,B,REQUESTED_GENE_UNAVAILABLE,,,,,,,,,,,,,,,"",no catalogue holds this CpG-gene pair and no distance could be computed,,
cg03687700,cg03687700_TC21_T1_FKBP1B,FKBP1B,1,"Oxytocin, vasopressin & CICR",cg03687700,FKBP1B,,,,no_evidence,,,FALSE,,,,,,,,,,0,,ZNF70,,0.2377,A,REQUESTED_GENE_UNAVAILABLE,SF3B6,,0.0694,A,REQUESTED_GENE_UNAVAILABLE,SRSF10,,0.0131,B,REQUESTED_GENE_UNAVAILABLE,,,,,,,,,,,,,,,"",no catalogue holds this CpG-gene pair and no distance could be computed,,
cg03693842,cg03693842_BC21_T1_GABRA3,GABRA3,17,GABA & excitation-inhibition balance,cg03693842,GABRA3,,,,no_evidence,,,FALSE,,,,,,,,,,0,,,,,,UNMAPPED,,,,,UNMAPPED,,,,,UNMAPPED,,,,,,,,,,,,,,,"",no catalogue holds this CpG-gene pair and no distance could be computed,,
cg03700706,cg03700706_TC21_T1_SLC6A3,SLC6A3,8,Dopamine,cg03700706,SLC6A3,,,,no_evidence,,,FALSE,,,,,,,,,,0,,INPP5K,,0.3429,B,REQUESTED_GENE_UNAVAILABLE,CLPTM1L,,0.1455,B,REQUESTED_GENE_UNAVAILABLE,CLPTM1L,,0.0131,A,REQUESTED_GENE_UNAVAILABLE,,,,,,,,,,,,,,,"",no catalogue holds this CpG-gene pair and no distance could be computed,,
cg03709468,cg03709468_BC21_T1_TDO2,TDO2,15,Kynurenine pathway,cg03709468,TDO2,,,,no_evidence,,,FALSE,,,,,,,,,,0,,,,,,UNMAPPED,CTSO,,0.3771,A,REQUESTED_GENE_UNAVAILABLE,CTSO,,0.3688,A,REQUESTED_GENE_UNAVAILABLE,,,,,,,,,,,,,,,"",no catalogue holds this CpG-gene pair and no distance could be computed,,
cg03718309,cg03718309_TC21_T1_MECP2,MECP2,20,Epigenetic machinery,cg03718309,MECP2,,,,no_evidence,,,FALSE,,,,,,,,,,0,,,,,,UNMAPPED,,,,,UNMAPPED,,,,,UNMAPPED,,,,,,,,,,,,,,,"",no catalogue holds this CpG-gene pair and no distance could be computed,,
cg03741185,cg03741185_BC21_T1_IL12RB1,IL12RB1,24,"Immune, inflammation & HLA",cg03741185,IL12RB1,-1,higher methylation -> LOWER expression,0.3639,catalogue_single,A,"0.62-0.87 (tier A, one tissue only)",FALSE,-1,-1,,,,,,,,1,1,IL12RB1,,0.2377,A,ABSTAIN,IL12RB1,-1,0.3639,A,PREDICTED,IL12RB1,,0.0131,A,ABSTAIN,,,,,,,,,,,,,,,"",only one tissue called; no cross-tissue corroboration,0.3639,0.31805
cg03750587,cg03750587_TC21_T1_CNR2,CNR2,14,Endocannabinoid,cg03750587,CNR2,,,,no_evidence,,,FALSE,,,,,,,,,,0,,GALE,,0.3429,A,REQUESTED_GENE_UNAVAILABLE,GALE,,0.0695,A,REQUESTED_GENE_UNAVAILABLE,,,,,UNMAPPED,,,,,,,,,,,,,,,"",no catalogue holds this CpG-gene pair and no distance could be computed,,
cg03765359,cg03765359_TC21_T1_SYN1,SYN1,18,Neurotrophins & activity-dependent plasticity,cg03765359,SYN1,,,,no_evidence,,,FALSE,,,,,,,,,,0,,,,,,UNMAPPED,,,,,UNMAPPED,,,,,UNMAPPED,,,,,,,,,,,,,,,"",no catalogue holds this CpG-gene pair and no distance could be computed,,
cg03773298,cg03773298_TC21_T1_DHRS9,DHRS9,5,"HPG axis, puberty & KNDy",cg03773298,DHRS9,,,,no_evidence,,,FALSE,,,,,,,,,,0,,,,,,UNMAPPED,,,,,UNMAPPED,,,,,UNMAPPED,,,,,,,,,,,,,,,"",no catalogue holds this CpG-gene pair and no distance could be computed,,
cg03774988,cg03774988_TC21_T1_OPRL1,OPRL1,12,Opioid & melanocortin,cg03774988,OPRL1,,,,no_evidence,,,FALSE,,,,,,,,,,0,,NTSR1,,0.3429,A,REQUESTED_GENE_UNAVAILABLE,LKAAEAR1,,0.7183,A,REQUESTED_GENE_UNAVAILABLE,RGS19,,0.2694,A,REQUESTED_GENE_UNAVAILABLE,,,,,,,,,,LKAAEAR1;RGS19,nasal_epithelium,LKAAEAR1:+1;RGS19:+1,,TRUE,"measured association is with LKAAEAR1;RGS19, not the requested gene - check which gene this CpG actually tracks","no catalogue holds this CpG-gene pair and no distance could be computed | measured association is with LKAAEAR1;RGS19, not the requested gene",,
cg03814644,cg03814644_BC21_T1_PDE10A,PDE10A,8,Dopamine,cg03814644,PDE10A,,,,no_evidence,,,FALSE,,,,,,,,,,0,,MSMO1,,0.126,B,REQUESTED_GENE_UNAVAILABLE,,,,,UNMAPPED,KLHL2,,0.2027,B,REQUESTED_GENE_UNAVAILABLE,,,,,,,,,,,,,,,"",no catalogue holds this CpG-gene pair and no distance could be computed,,
cg03836615,cg03836615_TC21_T1_ITPR1,ITPR1,1,"Oxytocin, vasopressin & CICR",cg03836615,ITPR1,,,,no_evidence,,,FALSE,,,,,,,,,,0,,,,,,UNMAPPED,BHLHE40-AS1,,0.3197,A,REQUESTED_GENE_UNAVAILABLE,,,,,UNMAPPED,,,,,,,,,,,,,,,"",no catalogue holds this CpG-gene pair and no distance could be computed,,
cg03837903,cg03837903_TC21_T1_GNAS,GNAS,19,GPCR signalling & second messengers,cg03837903,GNAS,-1,higher methylation -> LOWER expression,,smr_moderate,,"0.84-0.86 (SMR tier S2, single instrument; validated n=6,008)",FALSE,-1,-1,-1,S2,1.285e-25,1,13490,TRUE,,0,,CTSZ,,0.6537,A,REQUESTED_GENE_UNAVAILABLE,CTSZ,,0.3409,B,REQUESTED_GENE_UNAVAILABLE,,,,,UNMAPPED,,,,,,,,,,,,,,,"",causal direction from SMR (blood); consistent with methylation affecting expression AND with linkage - HEIDI not run,0.7,0.15
cg03866831,cg03866831_BC21_T1_GRIN2A,GRIN2A,16,Glutamate & synaptic scaffolding,cg03866831,GRIN2A,,,,no_evidence,,,FALSE,,,,,,,,,,0,,TADA3,,0.3429,B,REQUESTED_GENE_UNAVAILABLE,,,,,UNMAPPED,CRELD1,,0.0131,B,REQUESTED_GENE_UNAVAILABLE,,,,,,,,,,,,,,,"",no catalogue holds this CpG-gene pair and no distance could be computed,,
cg03870002,cg03870002_TC21_T1_SLC1A2,SLC1A2,16,Glutamate & synaptic scaffolding,cg03870002,SLC1A2,,,,no_evidence,,,FALSE,,,,,,,,,,0,,,,,,UNMAPPED,,,,,UNMAPPED,,,,,UNMAPPED,,,,,,,,,,,,,,,"",no catalogue holds this CpG-gene pair and no distance could be computed,,
cg03879180,cg03879180_BC21_T1_NCOA1,NCOA1,4,Sex steroids: receptors & metabolism,cg03879180,NCOA1,-1,higher methylation -> LOWER expression,,smr_moderate,,"0.84-0.86 (SMR tier S2, single instrument; validated n=6,008)",FALSE,-1,-1,-1,S2,1.46e-44,1,140894,TRUE,,0,,LTB4R,,0.126,B,REQUESTED_GENE_UNAVAILABLE,,,,,UNMAPPED,,,,,UNMAPPED,,,,,,,,,,,,,,,"",causal direction from SMR (blood); consistent with methylation affecting expression AND with linkage - HEIDI not run,0.7,0.15
cg03882842,cg03882842_BC21_T1_ABHD12,ABHD12,14,Endocannabinoid,cg03882842,ABHD12,,,,no_evidence,,,FALSE,,,,,,,,,,0,,ABHD12,,0.058,B,ABSTAIN,ABHD12,,0.1453,A,ABSTAIN,,,,,UNMAPPED,,,,,,,,,,,,,,,"",no catalogue holds this CpG-gene pair and no distance could be computed,,
cg03894002,cg03894002_TC11_T1_DLG3,DLG3,16,Glutamate & synaptic scaffolding,cg03894002,DLG3,,,,no_evidence,,,FALSE,,,,,,,,,,0,,,,,,UNMAPPED,,,,,UNMAPPED,,,,,UNMAPPED,,,,,,,,,,,,,,,"",no catalogue holds this CpG-gene pair and no distance could be computed,,
cg03906910,cg03906910_TC21_T1_NR3C1,NR3C1,2,HPA axis & glucocorticoid signalling,cg03906910,NR3C1,,,,no_evidence,,,FALSE,,,,,,,,,,0,,,,,,UNMAPPED,,,,,UNMAPPED,,,,,UNMAPPED,,,,,,,,,,,,,,,"",no catalogue holds this CpG-gene pair and no distance could be computed,,
cg03908391,cg03908391_BC11_T1_GNAS,GNAS,19,GPCR signalling & second messengers,cg03908391,GNAS,,,,no_evidence,,,FALSE,,,,,,,,,,0,,CTSZ,,0.4648,A,REQUESTED_GENE_UNAVAILABLE,CTSZ,,0.3409,B,REQUESTED_GENE_UNAVAILABLE,,,,,UNMAPPED,,,,,,,,,,,,,,,"",no catalogue holds this CpG-gene pair and no distance could be computed,,
cg03913400,cg03913400_BC21_T1_NRG1,NRG1,25,Social-synaptic & psychiatric risk,cg03913400,NRG1,,,,no_evidence,,,FALSE,,,,,,,,,,0,,,,,,UNMAPPED,,,,,UNMAPPED,,,,,UNMAPPED,,,,,,,,,,,,,,,"",no catalogue holds this CpG-gene pair and no distance could be computed,,
cg03915527,cg03915527_BC21_T1_TSC22D3,TSC22D3,2,HPA axis & glucocorticoid signalling,cg03915527,TSC22D3,,,,no_evidence,,,FALSE,,,,,,,,,,0,,,,,,UNMAPPED,,,,,UNMAPPED,,,,,UNMAPPED,,,,,,,,,,,,,,,"",no catalogue holds this CpG-gene pair and no distance could be computed,,
cg03917138,cg03917138_BC21_T1_SOX9,SOX9,5,"HPG axis, puberty & KNDy",cg03917138,SOX9,-1,higher methylation -> LOWER expression,0.6596,catalogue_consensus,A,"0.77-0.87 (tier A, tissues agree)",FALSE,-1,-1,,,,,,,-1,2,1,SOX9-AS1,,0.298,B,REQUESTED_GENE_UNAVAILABLE,SOX9,-1,0.8866,A,PREDICTED,SOX9,-1,0.4326,A,PREDICTED,,,,,,,,,,,,,,,"","",0.6596,0.1702
cg03920999,cg03920999_BC21_T1_GHRL,GHRL,27,Appetite & metabolic programming,cg03920999,GHRL,,,,no_evidence,,,FALSE,,,,,,,,,,0,,GHRLOS,,0.9957,A,REQUESTED_GENE_UNAVAILABLE,GHRLOS,,0.0694,A,REQUESTED_GENE_UNAVAILABLE,SLX4IP,,0.1124,B,REQUESTED_GENE_UNAVAILABLE,,,,,,,,,,,,,,,"",no catalogue holds this CpG-gene pair and no distance could be computed,,
cg03923832,cg03923832_BC21_T1_AVPR2,AVPR2,1,"Oxytocin, vasopressin & CICR",cg03923832,AVPR2,,,,no_evidence,,,FALSE,,,,,,,,,,0,,PNMA6B,,0.1971,A,REQUESTED_GENE_UNAVAILABLE,,,,,UNMAPPED,,,,,UNMAPPED,,,,,,,,,,,,,,,"",no catalogue holds this CpG-gene pair and no distance could be computed,,
cg03935379,cg03935379_TC21_T1_TERT,TERT,28,"Ageing, epigenetic clocks & telomere",cg03935379,TERT,,,,no_evidence,,,FALSE,,,,,,,,,,0,,CLPTM1L,,0.3429,A,REQUESTED_GENE_UNAVAILABLE,CLPTM1L,,0.31,B,REQUESTED_GENE_UNAVAILABLE,CLPTM1L,,0.2027,A,REQUESTED_GENE_UNAVAILABLE,,,,,,,,,,,,,,,"",no catalogue holds this CpG-gene pair and no distance could be computed,,
cg03942934,cg03942934_BC21_T1_PDE4D,PDE4D,19,GPCR signalling & second messengers,cg03942934,PDE4D,,,,no_evidence,,,FALSE,,,,,,,,,,0,,PDE4D,,0.2377,B,ABSTAIN,,,,,UNMAPPED,C14ORF37,,0.0131,B,REQUESTED_GENE_UNAVAILABLE,,,,,,,,,,,,,,,"",no catalogue holds this CpG-gene pair and no distance could be computed,,
cg03969797,cg03969797_TC21_T1_MKRN3,MKRN3,21,Imprinted genes & DMRs,cg03969797,MKRN3,,,,no_evidence,,,FALSE,,,,,,,,,,0,,NR1D2,,0.7056,A,REQUESTED_GENE_UNAVAILABLE,,,,,UNMAPPED,,,,,UNMAPPED,,,,,,,,,,,,,,,"",no catalogue holds this CpG-gene pair and no distance could be computed,,
cg03970229,cg03970229_TC21_T1_MTNR1B,MTNR1B,23,Circadian & melatonin,cg03970229,MTNR1B,,,,no_evidence,,,FALSE,,,,,,,,,,0,,,,,,UNMAPPED,,,,,UNMAPPED,,,,,UNMAPPED,,,,,,,,,,,,,,,"",no catalogue holds this CpG-gene pair and no distance could be computed,,
cg03970350,cg03970350_TC21_T1_TCN2,TCN2,22,One-carbon metabolism,cg03970350,TCN2,1,higher methylation -> HIGHER expression,,smr_high,,"0.95-0.97 (SMR tier S1, concordant instruments; validated n=2,141)",FALSE,1,1,1,S1,2.768e-144,2,10035,TRUE,,0,,SEC14L6,,0.6322,A,REQUESTED_GENE_UNAVAILABLE,SLC35E4,,0.8457,A,REQUESTED_GENE_UNAVAILABLE,,,,,UNMAPPED,,,,,,,,,,,,,,,"",causal direction from SMR (blood); consistent with methylation affecting expression AND with linkage - HEIDI not run,0.7,0.85
cg03987199,cg03987199_BC11_T1_OPRD1,OPRD1,12,Opioid & melanocortin,cg03987199,OPRD1,,,,no_evidence,,,FALSE,,,,,,,,,,0,,SLC46A3,,0.1971,B,REQUESTED_GENE_UNAVAILABLE,EPB41,,0.3639,B,REQUESTED_GENE_UNAVAILABLE,EPB41,,0.0131,A,REQUESTED_GENE_UNAVAILABLE,,,,,,,,,,,,,,,"",no catalogue holds this CpG-gene pair and no distance could be computed,,
cg03988700,cg03988700_TC21_T1_SLC6A3,SLC6A3,8,Dopamine,cg03988700,SLC6A3,,,,no_evidence,,,FALSE,,,,,,,,,,0,,INPP5K,,0.1852,A,REQUESTED_GENE_UNAVAILABLE,CLPTM1L,,0.31,B,REQUESTED_GENE_UNAVAILABLE,CLPTM1L,,0.1474,B,REQUESTED_GENE_UNAVAILABLE,,,,,,,,,,,,,,,"",no catalogue holds this CpG-gene pair and no distance could be computed,,
cg03996090,cg03996090_BC21_T1_HSD11B1,HSD11B1,2,HPA axis & glucocorticoid signalling,cg03996090,HSD11B1,,,,no_evidence,,,FALSE,,,,,,,,,,0,,UTP25,,0.0365,B,REQUESTED_GENE_UNAVAILABLE,G0S2,,0.0695,A,REQUESTED_GENE_UNAVAILABLE,,,,,UNMAPPED,,,,,,,,,,,,,,,"",no catalogue holds this CpG-gene pair and no distance could be computed,,
cg04004590,cg04004590_TC21_T1_PRKG1,PRKG1,6,Libido & sexual function,cg04004590,PRKG1,-1,higher methylation -> LOWER expression,0.5988,catalogue_single,A,"0.62-0.87 (tier A, one tissue only)",FALSE,-1,-1,,,,,,,,1,1,PRKG1,,0.4729,B,ABSTAIN,,,,,UNMAPPED,PRKG1,-1,0.5988,A,PREDICTED,,,,,,,,,,,,,,,"",only one tissue called; no cross-tissue corroboration,0.5988,0.2006
cg04016326,cg04016326_BC21_T1_GRIN2B,GRIN2B,16,Glutamate & synaptic scaffolding,cg04016326,GRIN2B,,,,no_evidence,,,FALSE,,,,,,,,,,0,,XPC,,0.126,B,REQUESTED_GENE_UNAVAILABLE,,,,,UNMAPPED,XPC,,0.0131,B,REQUESTED_GENE_UNAVAILABLE,,,,,,,,,,,,,,,"",no catalogue holds this CpG-gene pair and no distance could be computed,,
cg04019914,cg04019914_TC21_T1_GNAS,GNAS,19,GPCR signalling & second messengers,cg04019914,GNAS,-1,higher methylation -> LOWER expression,,smr_moderate,,"0.84-0.86 (SMR tier S2, single instrument; validated n=6,008)",FALSE,-1,-1,-1,S2,1.116e-25,1,12847,TRUE,,0,,CTSZ,,0.6537,A,REQUESTED_GENE_UNAVAILABLE,CTSZ,,0.3409,B,REQUESTED_GENE_UNAVAILABLE,,,,,UNMAPPED,,,,,,,,,,,,,,,"",causal direction from SMR (blood); consistent with methylation affecting expression AND with linkage - HEIDI not run,0.7,0.15
cg04027004,cg04027004_TC11_T1_TSC22D3,TSC22D3,2,HPA axis & glucocorticoid signalling,cg04027004,TSC22D3,,,,no_evidence,,,FALSE,,,,,,,,,,0,,,,,,UNMAPPED,,,,,UNMAPPED,,,,,UNMAPPED,,,,,,,,,,,,,,,"",no catalogue holds this CpG-gene pair and no distance could be computed,,
cg04029027,cg04029027_TC11_T1_MEST,MEST,21,Imprinted genes & DMRs,cg04029027,MEST,-1,higher methylation -> LOWER expression,,smr_moderate,,"0.84-0.86 (SMR tier S2, single instrument; validated n=6,008)",FALSE,-1,-1,-1,S2,4.364e-11,1,10278,TRUE,,0,,CPA5,,0.6537,A,REQUESTED_GENE_UNAVAILABLE,ARHGAP18,,0.8366,A,REQUESTED_GENE_UNAVAILABLE,CPA5,,0.0131,A,REQUESTED_GENE_UNAVAILABLE,,,,,,,,,,,,,,,"",causal direction from SMR (blood); consistent with methylation affecting expression AND with linkage - HEIDI not run,0.7,0.15
cg04037732,cg04037732_BC11_T1_NLGN3,NLGN3,25,Social-synaptic & psychiatric risk,cg04037732,NLGN3,,,,no_evidence,,,FALSE,,,,,,,,,,0,,,,,,UNMAPPED,,,,,UNMAPPED,,,,,UNMAPPED,,,,,,,,,,,,,,,"",no catalogue holds this CpG-gene pair and no distance could be computed,,
cg04040095,cg04040095_TC21_T1_GUCY1B1,GUCY1B1,6,Libido & sexual function,cg04040095,GUCY1B1,,,,no_evidence,,,FALSE,,,,,,,,,,0,,,,,,UNMAPPED,CTSO,,0.139,B,REQUESTED_GENE_UNAVAILABLE,CTSO,,0.0131,B,REQUESTED_GENE_UNAVAILABLE,,,,,,,,,,,,,,,"",no catalogue holds this CpG-gene pair and no distance could be computed,,
cg04042861,cg04042861_TC21_T1_HTR2B,HTR2B,9,Serotonin,cg04042861,HTR2B,,,,no_evidence,,,FALSE,,,,,,,,,,0,,HTR2B,,0.4729,B,ABSTAIN,PSMD1,,0.0288,B,REQUESTED_GENE_UNAVAILABLE,ARMC9,,0.1244,B,REQUESTED_GENE_UNAVAILABLE,,,,,,,,,,,,,,,"",no catalogue holds this CpG-gene pair and no distance could be computed,,
cg04063345,cg04063345_BC21_T1_ESR1,ESR1,4,Sex steroids: receptors & metabolism,cg04063345,ESR1,1,higher methylation -> HIGHER expression,,smr_moderate,,"0.84-0.86 (SMR tier S2, single instrument; validated n=6,008)",FALSE,1,1,1,S2,4.858e-41,1,84232,TRUE,,0,,RIF1,,0.0451,A,REQUESTED_GENE_UNAVAILABLE,,,,,UNMAPPED,,,,,UNMAPPED,,,,,,,,,,,,,,,"",causal direction from SMR (blood); consistent with methylation affecting expression AND with linkage - HEIDI not run,0.7,0.85
cg04069932,cg04069932_BC21_T1_NR4A1,NR4A1,18,Neurotrophins & activity-dependent plasticity,cg04069932,NR4A1,,,,no_evidence,,,FALSE,,,,,,,,,,0,,ANKRD33,,0.3429,A,REQUESTED_GENE_UNAVAILABLE,ACVRL1,,0.3197,A,REQUESTED_GENE_UNAVAILABLE,KRT7,,0.5988,A,REQUESTED_GENE_UNAVAILABLE,,,,,,,,,,,,,,,"",no catalogue holds this CpG-gene pair and no distance could be computed,,
cg04106006,cg04106006_TC21_T1_BDNF,BDNF,18,Neurotrophins & activity-dependent plasticity,cg04106006,BDNF,,,,no_evidence,,,FALSE,,,,,,,,,,0,,,,,,UNMAPPED,,,,,UNMAPPED,HIST1H2BN,,0.1667,B,REQUESTED_GENE_UNAVAILABLE,,,,,,,,,,,,,,,"",no catalogue holds this CpG-gene pair and no distance could be computed,,
cg04106179,cg04106179_TC21_T1_NOS2,NOS2,6,Libido & sexual function,cg04106179,NOS2,,,,no_evidence,,,FALSE,,,,,,,,,,0,,LGALS9,,0.1077,B,REQUESTED_GENE_UNAVAILABLE,LGALS9,,0.2479,B,REQUESTED_GENE_UNAVAILABLE,,,,,UNMAPPED,,,,,,,,,,,,,,,"",no catalogue holds this CpG-gene pair and no distance could be computed,,
cg04122788,cg04122788_BC21_T1_GABRA6,GABRA6,17,GABA & excitation-inhibition balance,cg04122788,GABRA6,,,,no_evidence,,,FALSE,,,,,,,,,,0,,,,,,UNMAPPED,,,,,UNMAPPED,,,,,UNMAPPED,,,,,,,,,,,,,,,"",no catalogue holds this CpG-gene pair and no distance could be computed,,
cg04132288,cg04132288_BC21_T1_DHRS9,DHRS9,5,"HPG axis, puberty & KNDy",cg04132288,DHRS9,,,,no_evidence,,,FALSE,,,,,,,,,,0,,,,,,UNMAPPED,,,,,UNMAPPED,,,,,UNMAPPED,,,,,,,,,,,,,,,"",no catalogue holds this CpG-gene pair and no distance could be computed,,
cg04132853,cg04132853_BC21_T1_GNAS,GNAS,19,GPCR signalling & second messengers,cg04132853,GNAS,,,,no_evidence,,,FALSE,,,,,,,,,,0,,CTSZ,,0.5493,A,REQUESTED_GENE_UNAVAILABLE,CTSZ,,0.1556,B,REQUESTED_GENE_UNAVAILABLE,,,,,UNMAPPED,,,,,,,,,,,,,,,"",no catalogue holds this CpG-gene pair and no distance could be computed,,
cg04160645,cg04160645_BC21_T1_RLN2,RLN2,7,"Pregnancy, parturition & lactation",cg04160645,RLN2,,,,no_evidence,,,FALSE,,,,,,,,,,0,,PDCD1LG2,,0.2377,B,REQUESTED_GENE_UNAVAILABLE,,,,,UNMAPPED,,,,,UNMAPPED,,,,,,,,,,,,,,,"",no catalogue holds this CpG-gene pair and no distance could be computed,,
cg04169774,cg04169774_TC21_T1_PER2,PER2,23,Circadian & melatonin,cg04169774,PER2,,,,no_evidence,,,FALSE,,,,,,,,,,0,,LOC151174,,0.3429,A,REQUESTED_GENE_UNAVAILABLE,ASB1,,0.3409,B,REQUESTED_GENE_UNAVAILABLE,,,,,UNMAPPED,,,,,,,,,,,,,,,"",no catalogue holds this CpG-gene pair and no distance could be computed,,
cg04170440,cg04170440_TC21_T1_OPRM1,OPRM1,12,Opioid & melanocortin,cg04170440,OPRM1,,,,no_evidence,,,FALSE,,,,,,,,,,0,,,,,,UNMAPPED,,,,,UNMAPPED,,,,,UNMAPPED,,,,,,,,,,,,,,,"",no catalogue holds this CpG-gene pair and no distance could be computed,,
cg04189005,cg04189005_BC21_T1_GRIN3A,GRIN3A,16,Glutamate & synaptic scaffolding,cg04189005,GRIN3A,,,,no_evidence,,,FALSE,,,,,,,,,,0,,,,,,UNMAPPED,,,,,UNMAPPED,,,,,UNMAPPED,,,,,,,,,,,,,,,"",no catalogue holds this CpG-gene pair and no distance could be computed,,
cg04209913,cg04209913_BC11_T1_GDNF,GDNF,18,Neurotrophins & activity-dependent plasticity,cg04209913,GDNF,,,,no_evidence,,,FALSE,,,,,,,,,,0,,PPP1R1B,,0.2377,B,REQUESTED_GENE_UNAVAILABLE,,,,,UNMAPPED,TBC1D1,,0.0131,B,REQUESTED_GENE_UNAVAILABLE,,,,,,,,,,,,,,,"",no catalogue holds this CpG-gene pair and no distance could be computed,,
cg04211581,cg04211581_BC21_T1_ESR1,ESR1,4,Sex steroids: receptors & metabolism,cg04211581,ESR1,-1,higher methylation -> LOWER expression,,smr_high,,"0.95-0.97 (SMR tier S1, concordant instruments; validated n=2,141)",FALSE,-1,-1,-1,S1,1.301e-32,2,202634,TRUE,,0,,,,,,UNMAPPED,,,,,UNMAPPED,,,,,UNMAPPED,,,,,,,,,,,,,,,"",causal direction from SMR (blood); consistent with methylation affecting expression AND with linkage - HEIDI not run,0.7,0.15
cg04227637,cg04227637_BC21_T1_CRH,CRH,2,HPA axis & glucocorticoid signalling,cg04227637,CRH,,,,no_evidence,,,FALSE,,,,,,,,,,0,,,,,,UNMAPPED,,,,,UNMAPPED,,,,,UNMAPPED,,,,,,,,,,,,,,,"",no catalogue holds this CpG-gene pair and no distance could be computed,,
cg04257105,cg04257105_BC11_T1_GNAS,GNAS,19,GPCR signalling & second messengers,cg04257105,GNAS,,,,no_evidence,,,FALSE,,,,,,,,,,0,,CTSZ,,0.4648,A,REQUESTED_GENE_UNAVAILABLE,CTSZ,,0.3409,B,REQUESTED_GENE_UNAVAILABLE,,,,,UNMAPPED,,,,,,,,,,,,,,,"",no catalogue holds this CpG-gene pair and no distance could be computed,,
cg04262428,cg04262428_TC11_T1_SHANK2,SHANK2,16,Glutamate & synaptic scaffolding,cg04262428,SHANK2,1,higher methylation -> HIGHER expression,0.6296,catalogue_single,A,"0.62-0.87 (tier A, one tissue only)",FALSE,1,1,,,,,,,,1,1,COL19A1,,0.2377,B,REQUESTED_GENE_UNAVAILABLE,SHANK2,,0.3197,B,ABSTAIN,SHANK2,1,0.6296,A,PREDICTED,,,,,,,,,,,,,,,"",only one tissue called; no cross-tissue corroboration,0.6296,0.8148
cg04269530,cg04269530_BC21_T1_GRIN2D,GRIN2D,16,Glutamate & synaptic scaffolding,cg04269530,GRIN2D,1,higher methylation -> HIGHER expression,,smr_moderate,,"0.84-0.86 (SMR tier S2, single instrument; validated n=6,008)",FALSE,1,1,1,S2,5.242e-13,1,3759,TRUE,,0,,CARD8,,0.298,A,REQUESTED_GENE_UNAVAILABLE,KDELR1,,0.0694,A,REQUESTED_GENE_UNAVAILABLE,CYTH2,,0.0131,A,REQUESTED_GENE_UNAVAILABLE,,,,,,,,,,,,,,,"",causal direction from SMR (blood); consistent with methylation affecting expression AND with linkage - HEIDI not run,0.7,0.85
cg04305133,cg04305133_BC11_T1_GRIN1,GRIN1,16,Glutamate & synaptic scaffolding,cg04305133,GRIN1,,,,no_evidence,,,FALSE,,,,,,,,,,0,,DPP7,,0.3429,A,REQUESTED_GENE_UNAVAILABLE,DPP7,,0.4852,A,REQUESTED_GENE_UNAVAILABLE,MAN1B1-AS1,,0.1474,B,REQUESTED_GENE_UNAVAILABLE,,,,,,,,,,,,,,,"",no catalogue holds this CpG-gene pair and no distance could be computed,,
cg04307396,cg04307396_BC21_T1_TDO2,TDO2,15,Kynurenine pathway,cg04307396,TDO2,,,,no_evidence,,,FALSE,,,,,,,,,,0,,,,,,UNMAPPED,CTSO,,0.3771,A,REQUESTED_GENE_UNAVAILABLE,CTSO,,0.1667,B,REQUESTED_GENE_UNAVAILABLE,,,,,,,,,,,,,,,"",no catalogue holds this CpG-gene pair and no distance could be computed,,
cg04315646,cg04315646_TC21_T1_HLA_DPB2,HLA-DPB2,24,"Immune, inflammation & HLA",cg04315646,HLA-DPB2,-1,higher methylation -> LOWER expression,,smr_moderate,,"0.84-0.86 (SMR tier S2, single instrument; validated n=6,008)",FALSE,-1,-1,-1,S2,2.556e-88,1,6413,TRUE,,0,,DYNLRB1,,0.9394,A,REQUESTED_GENE_UNAVAILABLE,HLA-DPB1,,0.8509,A,REQUESTED_GENE_UNAVAILABLE,DYNLRB1,,0.0131,A,REQUESTED_GENE_UNAVAILABLE,,,,,,,,,,HLA-DPA1;HLA-DPB1,blood,HLA-DPA1:+1;HLA-DPB1:+1,,TRUE,"measured association is with HLA-DPA1;HLA-DPB1, not the requested gene - check which gene this CpG actually tracks","causal direction from SMR (blood); consistent with methylation affecting expression AND with linkage - HEIDI not run | measured association is with HLA-DPA1;HLA-DPB1, not the requested gene",0.7,0.15
cg04321197,cg04321197_BC21_T1_IL10,IL10,24,"Immune, inflammation & HLA",cg04321197,IL10,-1,higher methylation -> LOWER expression,0.5493,catalogue_single,A,"0.62-0.87 (tier A, one tissue only)",FALSE,-1,-1,,,,,,,,1,1,IL10,-1,0.5493,A,PREDICTED,IL19,,0.6818,A,REQUESTED_GENE_UNAVAILABLE,,,,,UNMAPPED,,,,,,,,,,,,,,,"",only one tissue called; no cross-tissue corroboration,0.5493,0.22535
cg04332373,cg04332373_TC21_T1_CD38,CD38,1,"Oxytocin, vasopressin & CICR",cg04332373,CD38,,,,no_evidence,,,FALSE,,,,,,,,,,0,,,,,,UNMAPPED,BST1,,0.1556,B,REQUESTED_GENE_UNAVAILABLE,BST1,,0.0131,B,REQUESTED_GENE_UNAVAILABLE,,,,,,,,,,,,,,,"",no catalogue holds this CpG-gene pair and no distance could be computed,,
cg04342110,cg04342110_TC21_T1_RYR1,RYR1,1,"Oxytocin, vasopressin & CICR",cg04342110,RYR1,-1,higher methylation -> LOWER expression,0.6135,catalogue_single,A,"0.62-0.87 (tier A, one tissue only)",FALSE,-1,-1,,,,,,,,1,1,TLR6,,0.0153,A,REQUESTED_GENE_UNAVAILABLE,RYR1,-1,0.6135,A,PREDICTED,RYR1,,0.2027,B,ABSTAIN,,,,,,,,,,,,,,,"",only one tissue called; no cross-tissue corroboration,0.6135,0.19325
cg04406445,cg04406445_TC11_T1_MAOA,MAOA,11,"Monoamine synthesis, transport & degradation",cg04406445,MAOA,,,,no_evidence,,,FALSE,,,,,,,,,,0,,,,,,UNMAPPED,,,,,UNMAPPED,,,,,UNMAPPED,,,,,,,,,,,,,,,"",no catalogue holds this CpG-gene pair and no distance could be computed,,
cg04407063,cg04407063_BC21_T1_GRK2,GRK2,19,GPCR signalling & second messengers,cg04407063,GRK2,,,,no_evidence,,,FALSE,,,,,,,,,,0,,CARNS1,,0.12,A,REQUESTED_GENE_UNAVAILABLE,POLD4,,0.0695,A,REQUESTED_GENE_UNAVAILABLE,CLCF1,,0.0131,B,REQUESTED_GENE_UNAVAILABLE,,,,,,,,,,TBC1D10C,nasal_epithelium,TBC1D10C:+1,,TRUE,"measured association is with TBC1D10C, not the requested gene - check which gene this CpG actually tracks","no catalogue holds this CpG-gene pair and no distance could be computed | measured association is with TBC1D10C, not the requested gene",,
cg04410756,cg04410756_BC21_T1_PTGFR,PTGFR,7,"Pregnancy, parturition & lactation",cg04410756,PTGFR,,,,no_evidence,,,FALSE,,,,,,,,,,0,,PAPD4,,0.2377,B,REQUESTED_GENE_UNAVAILABLE,IFI44L,,0.0288,B,REQUESTED_GENE_UNAVAILABLE,KCNMA1,,0.4431,B,REQUESTED_GENE_UNAVAILABLE,,,,,,,,,,,,,,,"",no catalogue holds this CpG-gene pair and no distance could be computed,,
cg04414295,cg04414295_TC11_T1_HSP90AA1,HSP90AA1,2,HPA axis & glucocorticoid signalling,cg04414295,HSP90AA1,,,,no_evidence,,,FALSE,,,,,,,,,,0,,NUP37,,0.2377,B,REQUESTED_GENE_UNAVAILABLE,,,,,UNMAPPED,KAZALD1,,0.0131,B,REQUESTED_GENE_UNAVAILABLE,,,,,,,,,,,,,,,"",no catalogue holds this CpG-gene pair and no distance could be computed,,
cg04416415,cg04416415_TC21_T1_PRLR,PRLR,6,Libido & sexual function,cg04416415,PRLR,,,,no_evidence,,,FALSE,,,,,,,,,,0,,CREM,,0.1934,B,REQUESTED_GENE_UNAVAILABLE,,,,,UNMAPPED,CREM,,0.1124,B,REQUESTED_GENE_UNAVAILABLE,,,,,,,,,,,,,,,"",no catalogue holds this CpG-gene pair and no distance could be computed,,
cg04416566,cg04416566_BC21_T1_NR4A1,NR4A1,18,Neurotrophins & activity-dependent plasticity,cg04416566,NR4A1,,,,no_evidence,,,FALSE,,,,,,,,,,0,,ANKRD33,,0.3429,A,REQUESTED_GENE_UNAVAILABLE,ACVRL1,,0.3197,A,REQUESTED_GENE_UNAVAILABLE,KRT7,,0.5988,A,REQUESTED_GENE_UNAVAILABLE,,,,,,,,,,,,,,,"",no catalogue holds this CpG-gene pair and no distance could be computed,,
cg04438997,cg04438997_BC21_T1_SOX9,SOX9,5,"HPG axis, puberty & KNDy",cg04438997,SOX9,-1,higher methylation -> LOWER expression,0.6477,catalogue_consensus,A,"0.77-0.87 (tier A, tissues agree)",FALSE,-1,-1,,,,,,,-1,2,1,SOX9-AS1,,0.298,B,REQUESTED_GENE_UNAVAILABLE,SOX9,-1,0.8567,A,PREDICTED,SOX9,-1,0.4386,A,PREDICTED,,,,,,,,,,,,,,,"","",0.6477,0.17615
cg04444816,cg04444816_BC21_T1_AR,AR,4,Sex steroids: receptors & metabolism,cg04444816,AR,,,,no_evidence,,,FALSE,,,,,,,,,,0,,,,,,UNMAPPED,,,,,UNMAPPED,,,,,UNMAPPED,,,,,,,,,,,,,,,"",no catalogue holds this CpG-gene pair and no distance could be computed,,
cg04453050,cg04453050_TC11_T1_GRM2,GRM2,16,Glutamate & synaptic scaffolding,cg04453050,GRM2,-1,higher methylation -> LOWER expression,,smr_moderate,,"0.84-0.86 (SMR tier S2, single instrument; validated n=6,008)",FALSE,-1,-1,-1,S2,3.87e-68,1,5961,TRUE,,0,,IQCF4,,0.1971,B,REQUESTED_GENE_UNAVAILABLE,PARP3,,0.8793,A,REQUESTED_GENE_UNAVAILABLE,EPS15,,0.3688,A,REQUESTED_GENE_UNAVAILABLE,,,,,,,,,,PARP3,nasal_epithelium,PARP3:+1,,TRUE,"measured association is with PARP3, not the requested gene - check which gene this CpG actually tracks","causal direction from SMR (blood); consistent with methylation affecting expression AND with linkage - HEIDI not run | measured association is with PARP3, not the requested gene",0.7,0.15
cg04453367,cg04453367_TC11_T1_CHGA,CHGA,10,Noradrenaline & sympathetic nervous system,cg04453367,CHGA,,,,no_evidence,,,FALSE,,,,,,,,,,0,,LGMN,,0.2377,B,REQUESTED_GENE_UNAVAILABLE,LGMN,,0.31,B,REQUESTED_GENE_UNAVAILABLE,,,,,UNMAPPED,,,,,,,,,,,,,,,"",no catalogue holds this CpG-gene pair and no distance could be computed,,
cg04457481,cg04457481_TC21_T1_GNAS,GNAS,19,GPCR signalling & second messengers,cg04457481,GNAS,,,,no_evidence,,,FALSE,,,,,,,,,,0,,CTSZ,,0.4648,A,REQUESTED_GENE_UNAVAILABLE,CTSZ,,0.3409,B,REQUESTED_GENE_UNAVAILABLE,,,,,UNMAPPED,,,,,,,,,,,,,,,"",no catalogue holds this CpG-gene pair and no distance could be computed,,
cg04470971,cg04470971_BC21_T1_GRM5,GRM5,16,Glutamate & synaptic scaffolding,cg04470971,GRM5,,,,no_evidence,,,FALSE,,,,,,,,,,0,,,,,,UNMAPPED,GRM5,,0.1556,B,ABSTAIN,,,,,UNMAPPED,,,,,,,,,,,,,,,"",no catalogue holds this CpG-gene pair and no distance could be computed,,
cg04484695,cg04484695_BC21_T1_MAOB,MAOB,11,"Monoamine synthesis, transport & degradation",cg04484695,MAOB,,,,no_evidence,,,FALSE,,,,,,,,,,0,,,,,,UNMAPPED,,,,,UNMAPPED,,,,,UNMAPPED,,,,,,,,,,,,,,,"",no catalogue holds this CpG-gene pair and no distance could be computed,,
cg04484994,cg04484994_TC21_T1_INS,INS,27,Appetite & metabolic programming,cg04484994,INS,,,,no_evidence,,,FALSE,,,,,,,,,,0,,MAD1L1,,0.4517,A,REQUESTED_GENE_UNAVAILABLE,CD81,,0.4852,A,REQUESTED_GENE_UNAVAILABLE,MAD1L1,,0.0131,B,REQUESTED_GENE_UNAVAILABLE,,,,,,,,,,,,,,,"",no catalogue holds this CpG-gene pair and no distance could be computed,,
cg04489586,cg04489586_TC11_T1_NNAT,NNAT,21,Imprinted genes & DMRs,cg04489586,NNAT,,,,no_evidence,,,FALSE,,,,,,,,,,0,,,,,,UNMAPPED,BLCAP,,0.3771,A,REQUESTED_GENE_UNAVAILABLE,SRC,,0.1815,B,REQUESTED_GENE_UNAVAILABLE,,,,,,,,,,,,,,,"",no catalogue holds this CpG-gene pair and no distance could be computed,,
cg04490037,cg04490037_BC21_T1_DDC,DDC,11,"Monoamine synthesis, transport & degradation",cg04490037,DDC,,,,no_evidence,,,FALSE,,,,,,,,,,0,,LIMA1,,0.1077,A,REQUESTED_GENE_UNAVAILABLE,GRB10,,0.9158,A,REQUESTED_GENE_UNAVAILABLE,BRD7,,0.2414,B,REQUESTED_GENE_UNAVAILABLE,,,,,,,,,,,,,,,"",no catalogue holds this CpG-gene pair and no distance could be computed,,
cg04491396,cg04491396_BC21_T1_TSC22D3,TSC22D3,2,HPA axis & glucocorticoid signalling,cg04491396,TSC22D3,,,,no_evidence,,,FALSE,,,,,,,,,,0,,,,,,UNMAPPED,,,,,UNMAPPED,,,,,UNMAPPED,,,,,,,,,,,,,,,"",no catalogue holds this CpG-gene pair and no distance could be computed,,
cg04515132,cg04515132_BC21_T1_CACNA1D,CACNA1D,1,"Oxytocin, vasopressin & CICR",cg04515132,CACNA1D,,,,no_evidence,,,FALSE,,,,,,,,,,0,,ZNF525,,0.1971,B,REQUESTED_GENE_UNAVAILABLE,CHDH,,0.3409,B,REQUESTED_GENE_UNAVAILABLE,,,,,UNMAPPED,,,,,,,,,,,,,,,"",no catalogue holds this CpG-gene pair and no distance could be computed,,
cg04523291,cg04523291_TC21_T1_OXTR,OXTR,1,"Oxytocin, vasopressin & CICR",cg04523291,OXTR,1,higher methylation -> HIGHER expression,,smr_moderate,B,"0.84-0.86 (SMR tier S2, single instrument; validated n=6,008)",FALSE,1,1,1,S2,8.913e-17,1,7797,TRUE,,1,1,TRIM66,,0.126,B,REQUESTED_GENE_UNAVAILABLE,OXTR,-1,0.8366,B,PREDICTED,TRIM66,,0.1474,A,REQUESTED_GENE_UNAVAILABLE,,,,,,,,,,,,,,,"",causal direction from SMR (blood); consistent with methylation affecting expression AND with linkage - HEIDI not run,0.7,0.85
cg04527918,cg04527918_BC21_T1_UCN,UCN,2,HPA axis & glucocorticoid signalling,cg04527918,UCN,,,,no_evidence,,,FALSE,,,,,,,,,,0,,LOC105374363,,0.058,B,REQUESTED_GENE_UNAVAILABLE,ATRAID,,0.1453,B,REQUESTED_GENE_UNAVAILABLE,,,,,UNMAPPED,,,,,,,,,,KRTCAP3,nasal_epithelium,KRTCAP3:-1,,TRUE,"measured association is with KRTCAP3, not the requested gene - check which gene this CpG actually tracks","no catalogue holds this CpG-gene pair and no distance could be computed | measured association is with KRTCAP3, not the requested gene",,
cg04530457,cg04530457_BC21_T1_GHRL,GHRL,27,Appetite & metabolic programming,cg04530457,GHRL,,,,no_evidence,,,FALSE,,,,,,,,,,0,,GHRLOS,,0.9957,A,REQUESTED_GENE_UNAVAILABLE,GHRLOS,,0.0694,A,REQUESTED_GENE_UNAVAILABLE,SLX4IP,,0.0131,B,REQUESTED_GENE_UNAVAILABLE,,,,,,,,,,,,,,,"",no catalogue holds this CpG-gene pair and no distance could be computed,,
cg04535236,cg04535236_BC21_T1_GATA2,GATA2,4,Sex steroids: receptors & metabolism,cg04535236,GATA2,,,,no_evidence,,,FALSE,,,,,,,,,,0,,,,,,UNMAPPED,,,,,UNMAPPED,,,,,UNMAPPED,,,,,,,,,,,,,,,"",no catalogue holds this CpG-gene pair and no distance could be computed,,
cg04538999,cg04538999_TC11_T1_SLC6A1,SLC6A1,17,GABA & excitation-inhibition balance,cg04538999,SLC6A1,,,,no_evidence,,,FALSE,,,,,,,,,,0,,DEXI,,0.126,B,REQUESTED_GENE_UNAVAILABLE,,,,,UNMAPPED,NDUFA4,,0.0131,B,REQUESTED_GENE_UNAVAILABLE,,,,,,,,,,,,,,,"",no catalogue holds this CpG-gene pair and no distance could be computed,,
cg04550524,cg04550524_TC21_T1_GABRG2,GABRG2,17,GABA & excitation-inhibition balance,cg04550524,GABRG2,,,,no_evidence,,,FALSE,,,,,,,,,,0,,FCGR3B,,0.1852,B,REQUESTED_GENE_UNAVAILABLE,,,,,UNMAPPED,,,,,UNMAPPED,,,,,,,,,,,,,,,"",no catalogue holds this CpG-gene pair and no distance could be computed,,
cg04554755,cg04554755_TC21_T1_PPARG,PPARG,27,Appetite & metabolic programming,cg04554755,PPARG,,,,no_evidence,,,FALSE,,,,,,,,,,0,,,,,,UNMAPPED,TIMP4,,0.3197,B,REQUESTED_GENE_UNAVAILABLE,TIMP4,,0.0131,B,REQUESTED_GENE_UNAVAILABLE,,,,,,,,,,,,,,,"",no catalogue holds this CpG-gene pair and no distance could be computed,,
cg04554967,cg04554967_TC21_T1_PPARG,PPARG,27,Appetite & metabolic programming,cg04554967,PPARG,,,,no_evidence,,,FALSE,,,,,,,,,,0,,,,,,UNMAPPED,TIMP4,,0.3197,B,REQUESTED_GENE_UNAVAILABLE,TIMP4,,0.0131,B,REQUESTED_GENE_UNAVAILABLE,,,,,,,,,,,,,,,"",no catalogue holds this CpG-gene pair and no distance could be computed,,
cg04555249,cg04555249_TC21_T1_DTNBP1,DTNBP1,25,Social-synaptic & psychiatric risk,cg04555249,DTNBP1,-1,higher methylation -> LOWER expression,0.4729,catalogue_single,A,"0.62-0.87 (tier A, one tissue only)",FALSE,-1,-1,,,,,,,,1,1,DTNBP1,-1,0.4729,A,PREDICTED,DTNBP1,,0.3771,B,ABSTAIN,DTNBP1,,0.0131,A,ABSTAIN,,,,,,,,,,,,,,,"",only one tissue called; no cross-tissue corroboration,0.4729,0.26355
cg04558553,cg04558553_TC21_T1_UGT2B7,UGT2B7,4,Sex steroids: receptors & metabolism,cg04558553,UGT2B7,,,,no_evidence,,,FALSE,,,,,,,,,,0,,UGT2B11,,0.126,B,REQUESTED_GENE_UNAVAILABLE,UGT2B7,,0.1239,A,ABSTAIN,,,,,UNMAPPED,,,,,,,,,,,,,,,"",no catalogue holds this CpG-gene pair and no distance could be computed,,
cg04561261,cg04561261_BC21_T1_HSD17B2,HSD17B2,4,Sex steroids: receptors & metabolism,cg04561261,HSD17B2,,,,no_evidence,,,FALSE,,,,,,,,,,0,,,,,,UNMAPPED,,,,,UNMAPPED,HSD17B2,,0.0131,A,ABSTAIN,,,,,,,,,,,,,,,"",no catalogue holds this CpG-gene pair and no distance could be computed,,
cg04572760,cg04572760_BC21_T1_MCHR1,MCHR1,13,Orexin / hypocretin & MCH,cg04572760,MCHR1,,,,no_evidence,,,FALSE,,,,,,,,,,0,,XPNPEP3;RBX1,,0.289,A,REQUESTED_GENE_UNAVAILABLE,,,,,UNMAPPED,,,,,UNMAPPED,,,,,,,,,,,,,,,"",no catalogue holds this CpG-gene pair and no distance could be computed,,
cg04573935,cg04573935_BC21_T1_RGS9,RGS9,8,Dopamine,cg04573935,RGS9,-1,higher methylation -> LOWER expression,0.3429,catalogue_single,A,"0.62-0.87 (tier A, one tissue only)",FALSE,-1,-1,,,,,,,,1,1,RGS9,-1,0.3429,A,PREDICTED,,,,,UNMAPPED,,,,,UNMAPPED,,,,,,,,,,,,,,,"",only one tissue called; no cross-tissue corroboration,0.3429,0.32855
cg04594694,cg04594694_TC21_T1_SHANK3,SHANK3,16,Glutamate & synaptic scaffolding,cg04594694,SHANK3,,,,no_evidence,,,FALSE,,,,,,,,,,0,,MAPK8IP2,,0.126,B,REQUESTED_GENE_UNAVAILABLE,MAPK8IP2,,0.1453,B,REQUESTED_GENE_UNAVAILABLE,,,,,UNMAPPED,,,,,,,,,,,,,,,"",no catalogue holds this CpG-gene pair and no distance could be computed,,
cg04595326,cg04595326_TC21_T1_GABRB1,GABRB1,17,GABA & excitation-inhibition balance,cg04595326,GABRB1,,,,no_evidence,,,FALSE,,,,,,,,,,0,,SNORD67,,0.0153,B,REQUESTED_GENE_UNAVAILABLE,,,,,UNMAPPED,,,,,UNMAPPED,,,,,,,,,,,,,,,"",no catalogue holds this CpG-gene pair and no distance could be computed,,
cg04600961,cg04600961_BC21_T1_RORA,RORA,23,Circadian & melatonin,cg04600961,RORA,,,,no_evidence,,,FALSE,,,,,,,,,,0,,,,,,UNMAPPED,OSBPL2,,0.3409,B,REQUESTED_GENE_UNAVAILABLE,,,,,UNMAPPED,,,,,,,,,,,,,,,"",no catalogue holds this CpG-gene pair and no distance could be computed,,
cg04602791,cg04602791_TC21_T1_CALM1,CALM1,1,"Oxytocin, vasopressin & CICR",cg04602791,CALM1,-1,higher methylation -> LOWER expression,0.6135,catalogue_single,B,"0.55-0.84 (tier B, one tissue only)",FALSE,-1,-1,,,,,,,,1,1,DGLUCY,,0.2377,B,REQUESTED_GENE_UNAVAILABLE,CALM1,-1,0.6135,B,PREDICTED,,,,,UNMAPPED,,,,,,,,,,,,,,,"",only one tissue called; no cross-tissue corroboration,0.6135,0.19325
cg04607131,cg04607131_TC21_T1_HTR6,HTR6,9,Serotonin,cg04607131,HTR6,-1,higher methylation -> LOWER expression,,smr_moderate,,"0.84-0.86 (SMR tier S2, single instrument; validated n=6,008)",FALSE,-1,-1,-1,S2,4.086e-131,1,8134,TRUE,,0,,MINOS1-NBL1,,0.4729,A,REQUESTED_GENE_UNAVAILABLE,NBL1,,0.8366,A,REQUESTED_GENE_UNAVAILABLE,GPRC5B,,0.1815,B,REQUESTED_GENE_UNAVAILABLE,,,,,,,,,,,,,,,"",causal direction from SMR (blood); consistent with methylation affecting expression AND with linkage - HEIDI not run,0.7,0.15
cg04632887,cg04632887_BC11_T1_AVP,AVP,1,"Oxytocin, vasopressin & CICR",cg04632887,AVP,-1,higher methylation -> LOWER expression,0.6,catalogue_single,A,"0.62-0.87 (tier A, one tissue only)",FALSE,-1,-1,,,,,,,,1,1,AVP,-1,0.6,A,PREDICTED,,,,,UNMAPPED,,,,,UNMAPPED,,,,,,,,,,,,,,,"",only one tissue called; no cross-tissue corroboration,0.6,0.2
cg04633676,cg04633676_BC21_T1_CCL2,CCL2,24,"Immune, inflammation & HLA",cg04633676,CCL2,,,,no_evidence,,,FALSE,,,,,,,,,,0,,DDX58,,0.2377,B,REQUESTED_GENE_UNAVAILABLE,,,,,UNMAPPED,TMEM39B,,0.0131,B,REQUESTED_GENE_UNAVAILABLE,,,,,,,,,,,,,,,"",no catalogue holds this CpG-gene pair and no distance could be computed,,
cg04638282,cg04638282_BC21_T1_ATP2A3,ATP2A3,1,"Oxytocin, vasopressin & CICR",cg04638282,ATP2A3,-1,higher methylation -> LOWER expression,0.6135,catalogue_single,A,"0.62-0.87 (tier A, one tissue only)",FALSE,-1,-1,,,,,,,,1,1,ATP2A3,,0.298,A,ABSTAIN,ATP2A3,-1,0.6135,A,PREDICTED,ATP2A3,,0.1244,A,ABSTAIN,,,,,,,,,,,,,,,"",only one tissue called; no cross-tissue corroboration,0.6135,0.19325
cg04648494,cg04648494_BC21_T1_TET3,TET3,20,Epigenetic machinery,cg04648494,TET3,-1,higher methylation -> LOWER expression,0.3639,catalogue_single,A,"0.62-0.87 (tier A, one tissue only)",FALSE,-1,-1,,,,,,,,1,1,AC073263.1,,0.1077,A,REQUESTED_GENE_UNAVAILABLE,TET3,-1,0.3639,A,PREDICTED,EEF1A1,,0.3688,B,REQUESTED_GENE_UNAVAILABLE,,,,,,,,,,,,,,,"",only one tissue called; no cross-tissue corroboration,0.3639,0.31805
cg04660147,cg04660147_TC21_T1_OPRL1,OPRL1,12,Opioid & melanocortin,cg04660147,OPRL1,-1,higher methylation -> LOWER expression,,smr_moderate,,"0.84-0.86 (SMR tier S2, single instrument; validated n=6,008)",FALSE,-1,-1,-1,S2,4.777e-123,1,5318,TRUE,,0,,NTSR1,,0.3429,A,REQUESTED_GENE_UNAVAILABLE,LKAAEAR1,,0.8509,A,REQUESTED_GENE_UNAVAILABLE,RGS19,,0.2694,A,REQUESTED_GENE_UNAVAILABLE,,,,,,,,,,,,,,,"",causal direction from SMR (blood); consistent with methylation affecting expression AND with linkage - HEIDI not run,0.7,0.15
cg04674508,cg04674508_TC21_T1_HLA_J,HLA-J,24,"Immune, inflammation & HLA",cg04674508,HLA-J,-1,higher methylation -> LOWER expression,,smr_moderate,A,"0.84-0.86 (SMR tier S2, single instrument; validated n=6,008)",FALSE,-1,-1,-1,S2,1.698e-13,1,807,TRUE,,1,1,HLA-J,1,0.7856,A,PREDICTED,HLA-J,,0.2113,A,ABSTAIN,RNF39,,0.0131,B,REQUESTED_GENE_UNAVAILABLE,,,,,,,,,,,,,,,"",causal direction from SMR (blood); consistent with methylation affecting expression AND with linkage - HEIDI not run,0.7,0.15
cg04677683,cg04677683_TC21_T1_GNAS,GNAS,19,GPCR signalling & second messengers,cg04677683,GNAS,,,,no_evidence,,,FALSE,,,,,,,,,,0,,CTSZ,,0.4648,A,REQUESTED_GENE_UNAVAILABLE,CTSZ,,0.3409,B,REQUESTED_GENE_UNAVAILABLE,,,,,UNMAPPED,,,,,,,,,,,,,,,"",no catalogue holds this CpG-gene pair and no distance could be computed,,
cg04707706,cg04707706_BC21_T1_NRXN1,NRXN1,25,Social-synaptic & psychiatric risk,cg04707706,NRXN1,,,,no_evidence,,,FALSE,,,,,,,,,,0,,,,,,UNMAPPED,,,,,UNMAPPED,,,,,UNMAPPED,,,,,,,,,,,,,,,"",no catalogue holds this CpG-gene pair and no distance could be computed,,
cg04712664,cg04712664_BC21_T1_HSD11B2,HSD11B2,2,HPA axis & glucocorticoid signalling,cg04712664,HSD11B2,-1,higher methylation -> LOWER expression,0.4583,catalogue_single,A,"0.62-0.87 (tier A, one tissue only)",FALSE,-1,-1,,,,,,,,1,1,ATP6V0D1,,0.0153,A,REQUESTED_GENE_UNAVAILABLE,HSD11B2,-1,0.4583,A,PREDICTED,ATP6V0D1,,0.0131,A,REQUESTED_GENE_UNAVAILABLE,,,,,,,,,,,,,,,"",only one tissue called; no cross-tissue corroboration,0.4583,0.27085
cg04721908,cg04721908_TC21_T1_ABHD6,ABHD6,14,Endocannabinoid,cg04721908,ABHD6,,,,no_evidence,,,FALSE,,,,,,,,,,0,,PXK,,0.298,A,REQUESTED_GENE_UNAVAILABLE,PXK,,0.3409,B,REQUESTED_GENE_UNAVAILABLE,PXK,,0.1124,B,REQUESTED_GENE_UNAVAILABLE,,,,,,,,,,,,,,,"",no catalogue holds this CpG-gene pair and no distance could be computed,,
cg04725166,cg04725166_BC11_T1_PER3,PER3,23,Circadian & melatonin,cg04725166,PER3,-1,higher methylation -> LOWER expression,1,measured,A,"~1.00 (measured, not predicted)",FALSE,-1,-1,-1,S2,5.878e-29,1,12463,TRUE,,1,1,PER3,-1,0.7056,A,DIRECT_eQTM,PER3,,0.31,B,ABSTAIN,PER3,,0.2027,A,ABSTAIN,,,,,,,,,,PER3,blood,PER3:-1,-1,FALSE,"","",1,0
cg04729792,cg04729792_BC21_T1_GRK2,GRK2,19,GPCR signalling & second messengers,cg04729792,GRK2,,,,no_evidence,,,FALSE,,,,,,,,,,0,,CARNS1,,0.3429,A,REQUESTED_GENE_UNAVAILABLE,POLD4,,0.0694,A,REQUESTED_GENE_UNAVAILABLE,CLCF1,,0.0131,B,REQUESTED_GENE_UNAVAILABLE,,,,,,,,,,,,,,,"",no catalogue holds this CpG-gene pair and no distance could be computed,,
cg04731988,cg04731988_TC21_T1_OXT,OXT,1,"Oxytocin, vasopressin & CICR",cg04731988,OXT,,,,no_evidence,,,FALSE,,,,,,,,,,0,,AVP,,0.4598,A,REQUESTED_GENE_UNAVAILABLE,,,,,UNMAPPED,,,,,UNMAPPED,,,,,,,,,,,,,,,"",no catalogue holds this CpG-gene pair and no distance could be computed,,
cg04739525,cg04739525_TC21_T1_UHRF1,UHRF1,20,Epigenetic machinery,cg04739525,UHRF1,,,,no_evidence,,,FALSE,,,,,,,,,,0,,ARRDC5,,0.2712,A,REQUESTED_GENE_UNAVAILABLE,KDM4B,,0.1556,B,REQUESTED_GENE_UNAVAILABLE,INCA1,,0.2694,A,REQUESTED_GENE_UNAVAILABLE,,,,,,,,,,,,,,,"",no catalogue holds this CpG-gene pair and no distance could be computed,,
cg04744660,cg04744660_BC21_T1_HSD3B2,HSD3B2,3,Steroidogenesis (adrenal & gonadal),cg04744660,HSD3B2,,,,no_evidence,,,FALSE,,,,,,,,,,0,,,,,,UNMAPPED,,,,,UNMAPPED,,,,,UNMAPPED,,,,,,,,,,,,,,,"",no catalogue holds this CpG-gene pair and no distance could be computed,,
cg04755662,cg04755662_BC21_T1_AR,AR,4,Sex steroids: receptors & metabolism,cg04755662,AR,,,,no_evidence,,,FALSE,,,,,,,,,,0,,,,,,UNMAPPED,,,,,UNMAPPED,,,,,UNMAPPED,,,,,,,,,,,,,,,"",no catalogue holds this CpG-gene pair and no distance could be computed,,
cg04766895,cg04766895_TC21_T1_CRTC1,CRTC1,18,Neurotrophins & activity-dependent plasticity,cg04766895,CRTC1,,,,no_evidence,,,FALSE,,,,,,,,,,0,,,,,,UNMAPPED,CRLF1,,0.6433,A,REQUESTED_GENE_UNAVAILABLE,ISYNA1,,0.4326,A,REQUESTED_GENE_UNAVAILABLE,,,,,,,,,,,,,,,"",no catalogue holds this CpG-gene pair and no distance could be computed,,
cg04767226,cg04767226_TC21_T1_PER3,PER3,23,Circadian & melatonin,cg04767226,PER3,-1,higher methylation -> LOWER expression,0.7056,catalogue_single,A,"0.62-0.87 (tier A, one tissue only)",FALSE,-1,-1,,,,,,,,1,1,PER3,-1,0.7056,A,PREDICTED,PER3,,0.31,B,ABSTAIN,PER3,,0.2027,A,ABSTAIN,,,,,,,,,,,,,,,"",only one tissue called; no cross-tissue corroboration,0.7056,0.1472
cg04770781,cg04770781_TC21_T1_SOD2,SOD2,29,Oxidative stress & mitochondria,cg04770781,SOD2,,,,no_evidence,,,FALSE,,,,,,,,,,0,,LOC401281,,0.0733,A,REQUESTED_GENE_UNAVAILABLE,SOD2,,0.0288,B,ABSTAIN,SOD2,,0.0131,A,ABSTAIN,,,,,,,,,,,,,,,"",no catalogue holds this CpG-gene pair and no distance could be computed,,
cg04779428,cg04779428_BC21_T1_GNAS,GNAS,19,GPCR signalling & second messengers,cg04779428,GNAS,-1,higher methylation -> LOWER expression,,smr_moderate,,"0.84-0.86 (SMR tier S2, single instrument; validated n=6,008)",FALSE,-1,-1,-1,S2,1.228e-09,1,12845,TRUE,,0,,CTSZ,,0.6537,A,REQUESTED_GENE_UNAVAILABLE,CTSZ,,0.3409,B,REQUESTED_GENE_UNAVAILABLE,,,,,UNMAPPED,,,,,,,,,,,,,,,"",causal direction from SMR (blood); consistent with methylation affecting expression AND with linkage - HEIDI not run,0.7,0.15
cg04786207,cg04786207_BC21_T1_MEST,MEST,21,Imprinted genes & DMRs,cg04786207,MEST,,,,no_evidence,,,FALSE,,,,,,,,,,0,,CPA5,,0.7056,A,REQUESTED_GENE_UNAVAILABLE,ARHGAP18,,0.4852,A,REQUESTED_GENE_UNAVAILABLE,CPA5,,0.2027,A,REQUESTED_GENE_UNAVAILABLE,,,,,,,,,,,,,,,"",no catalogue holds this CpG-gene pair and no distance could be computed,,
cg04810287,cg04810287_TC21_T1_NNAT,NNAT,21,Imprinted genes & DMRs,cg04810287,NNAT,,,,no_evidence,,,FALSE,,,,,,,,,,0,,,,,,UNMAPPED,BLCAP,,0.0695,A,REQUESTED_GENE_UNAVAILABLE,SRC,,0.1815,B,REQUESTED_GENE_UNAVAILABLE,,,,,,,,,,,,,,,"",no catalogue holds this CpG-gene pair and no distance could be computed,,
cg04811945,cg04811945_BC21_T1_CD38,CD38,1,"Oxytocin, vasopressin & CICR",cg04811945,CD38,,,,no_evidence,,,FALSE,,,,,,,,,,0,,,,,,UNMAPPED,BST1,,0.1556,B,REQUESTED_GENE_UNAVAILABLE,BST1,,0.0131,B,REQUESTED_GENE_UNAVAILABLE,,,,,,,,,,,,,,,"",no catalogue holds this CpG-gene pair and no distance could be computed,,
cg04815334,cg04815334_TC21_T1_NADSYN1,NADSYN1,15,Kynurenine pathway,cg04815334,NADSYN1,1,higher methylation -> HIGHER expression,,smr_moderate,,"0.84-0.86 (SMR tier S2, single instrument; validated n=6,008)",FALSE,1,1,1,S2,3.952e-19,1,8604,TRUE,,0,,FAM104A,,0.561,A,REQUESTED_GENE_UNAVAILABLE,,,,,UNMAPPED,,,,,UNMAPPED,,,,,,,,,,,,,,,"",causal direction from SMR (blood); consistent with methylation affecting expression AND with linkage - HEIDI not run,0.7,0.85
cg04822851,cg04822851_TC21_T1_ADORA1,ADORA1,8,Dopamine,cg04822851,ADORA1,,,,no_evidence,,,FALSE,,,,,,,,,,0,,ADORA1,,0.298,A,ABSTAIN,CHI3L1,,0.0695,A,REQUESTED_GENE_UNAVAILABLE,CHI3L1,,0.0131,B,REQUESTED_GENE_UNAVAILABLE,,,,,,,,,,,,,,,"",no catalogue holds this CpG-gene pair and no distance could be computed,,
cg04851044,cg04851044_TC21_T1_ITPR3,ITPR3,1,"Oxytocin, vasopressin & CICR",cg04851044,ITPR3,,,,no_evidence,,,FALSE,,,,,,,,,,0,,MIR3934,,0.4517,A,REQUESTED_GENE_UNAVAILABLE,IP6K3,,0.4852,A,REQUESTED_GENE_UNAVAILABLE,TRPC4AP,,0.2027,A,REQUESTED_GENE_UNAVAILABLE,,,,,,,,,,,,,,,"",no catalogue holds this CpG-gene pair and no distance could be computed,,
cg04856117,cg04856117_BC21_T1_COMT,COMT,8,Dopamine,cg04856117,COMT,-1,higher methylation -> LOWER expression,,smr_weak,,"0.66-0.75 (SMR tier S3, instruments disagree; validated n=456)",FALSE,-1,-1,-1,S3,2.524e-37,2,6587,TRUE,,0,,COMT;MIR4761,,0.3429,A,REQUESTED_GENE_UNAVAILABLE,ARVCF,,0.3409,A,REQUESTED_GENE_UNAVAILABLE,TBX1,,0.1667,A,REQUESTED_GENE_UNAVAILABLE,,,,,,,,,,,,,,,"",causal direction from SMR (blood); consistent with methylation affecting expression AND with linkage - HEIDI not run,0.7,0.15
cg04858631,cg04858631_BC21_T1_DDIT4,DDIT4,2,HPA axis & glucocorticoid signalling,cg04858631,DDIT4,,,,no_evidence,,,FALSE,,,,,,,,,,0,,SPOCK2,,0.3429,A,REQUESTED_GENE_UNAVAILABLE,SPOCK2,,0.1453,B,REQUESTED_GENE_UNAVAILABLE,,,,,UNMAPPED,,,,,,,,,,,,,,,"",no catalogue holds this CpG-gene pair and no distance could be computed,,
cg04865531,cg04865531_TC21_T1_SHANK3,SHANK3,16,Glutamate & synaptic scaffolding,cg04865531,SHANK3,,,,no_evidence,,,FALSE,,,,,,,,,,0,,MAPK8IP2,,0.126,B,REQUESTED_GENE_UNAVAILABLE,MAPK8IP2,,0.1453,B,REQUESTED_GENE_UNAVAILABLE,,,,,UNMAPPED,,,,,,,,,,,,,,,"",no catalogue holds this CpG-gene pair and no distance could be computed,,
cg04871384,cg04871384_TC21_T1_RTEL1,RTEL1,28,"Ageing, epigenetic clocks & telomere",cg04871384,RTEL1,,,,no_evidence,,,FALSE,,,,,,,,,,0,,TNFRSF6B;RTEL1;RTEL1-TNFRSF6B,,0.6667,A,REQUESTED_GENE_UNAVAILABLE,STMN3,,0.139,A,REQUESTED_GENE_UNAVAILABLE,STMN3,,0.3688,A,REQUESTED_GENE_UNAVAILABLE,,,,,,,,,,,,,,,"",no catalogue holds this CpG-gene pair and no distance could be computed,,
cg04883751,cg04883751_TC21_T1_FHL2,FHL2,28,"Ageing, epigenetic clocks & telomere",cg04883751,FHL2,,,,no_evidence,,,FALSE,,,,,,,,,,0,,,,,,UNMAPPED,,,,,UNMAPPED,,,,,UNMAPPED,,,,,,,,,,,,,,,"",no catalogue holds this CpG-gene pair and no distance could be computed,,
cg04884612,cg04884612_BC21_T1_HLA_L,HLA-L,24,"Immune, inflammation & HLA",cg04884612,HLA-L,-1,higher methylation -> LOWER expression,,smr_moderate,A,"0.84-0.86 (SMR tier S2, single instrument; validated n=6,008)",FALSE,-1,-1,-1,S2,6.312e-12,1,12437,TRUE,,2,0.5,HLA-L,1,0.6737,A,PREDICTED,HLA-L,-1,0.4852,A,PREDICTED,TRIM10,,0.4431,B,REQUESTED_GENE_UNAVAILABLE,,,,,,,,,,,,,,,"",causal direction from SMR (blood); consistent with methylation affecting expression AND with linkage - HEIDI not run,0.7,0.15
cg04886514,cg04886514_TC21_T1_AR,AR,4,Sex steroids: receptors & metabolism,cg04886514,AR,,,,no_evidence,,,FALSE,,,,,,,,,,0,,,,,,UNMAPPED,,,,,UNMAPPED,,,,,UNMAPPED,,,,,,,,,,,,,,,"",no catalogue holds this CpG-gene pair and no distance could be computed,,
cg04907257,cg04907257_BC21_T1_ADCY2,ADCY2,19,GPCR signalling & second messengers,cg04907257,ADCY2,,,,no_evidence,,,FALSE,,,,,,,,,,0,,MPDU1,,0.1897,B,REQUESTED_GENE_UNAVAILABLE,,,,,UNMAPPED,,,,,UNMAPPED,,,,,,,,,,,,,,,"",no catalogue holds this CpG-gene pair and no distance could be computed,,
cg04908625,cg04908625_BC11_T1_ADCY5,ADCY5,19,GPCR signalling & second messengers,cg04908625,ADCY5,,,,no_evidence,,,FALSE,,,,,,,,,,0,,,,,,UNMAPPED,HIP1R,,0.0695,A,REQUESTED_GENE_UNAVAILABLE,,,,,UNMAPPED,,,,,,,,,,,,,,,"",no catalogue holds this CpG-gene pair and no distance could be computed,,
cg04923194,cg04923194_TC21_T1_DLG2,DLG2,16,Glutamate & synaptic scaffolding,cg04923194,DLG2,,,,no_evidence,,,FALSE,,,,,,,,,,0,,,,,,UNMAPPED,,,,,UNMAPPED,,,,,UNMAPPED,,,,,,,,,,,,,,,"",no catalogue holds this CpG-gene pair and no distance could be computed,,
cg04924511,cg04924511_BC11_T1_GHRL,GHRL,27,Appetite & metabolic programming,cg04924511,GHRL,,,,no_evidence,,,FALSE,,,,,,,,,,0,,GHRLOS,,0.9957,A,REQUESTED_GENE_UNAVAILABLE,GHRLOS,,0.0694,A,REQUESTED_GENE_UNAVAILABLE,SLX4IP,,0.1124,B,REQUESTED_GENE_UNAVAILABLE,,,,,,,,,,,,,,,"",no catalogue holds this CpG-gene pair and no distance could be computed,,
cg04929355,cg04929355_BC21_T1_IL18,IL18,24,"Immune, inflammation & HLA",cg04929355,IL18,-1,higher methylation -> LOWER expression,,smr_moderate,A,"0.84-0.86 (SMR tier S2, single instrument; validated n=6,008)",FALSE,-1,-1,-1,S2,8.951e-40,1,10590,TRUE,,1,1,IL18,-1,0.6537,A,PREDICTED,PTS,,0.0695,A,REQUESTED_GENE_UNAVAILABLE,,,,,UNMAPPED,,,,,,,,,,,,,,,"",causal direction from SMR (blood); consistent with methylation affecting expression AND with linkage - HEIDI not run,0.7,0.15
cg04941580,cg04941580_BC21_T1_CACNA1D,CACNA1D,1,"Oxytocin, vasopressin & CICR",cg04941580,CACNA1D,,,,no_evidence,,,FALSE,,,,,,,,,,0,,ZNF525,,0.2377,B,REQUESTED_GENE_UNAVAILABLE,CHDH,,0.3639,A,REQUESTED_GENE_UNAVAILABLE,,,,,UNMAPPED,,,,,,,,,,,,,,,"",no catalogue holds this CpG-gene pair and no distance could be computed,,
cg04943581,cg04943581_BC21_T1_HTR5A,HTR5A,9,Serotonin,cg04943581,HTR5A,,,,no_evidence,,,FALSE,,,,,,,,,,0,,,,,,UNMAPPED,,,,,UNMAPPED,,,,,UNMAPPED,,,,,,,,,,,,,,,"",no catalogue holds this CpG-gene pair and no distance could be computed,,
cg04946561,cg04946561_BC21_T1_UHRF1,UHRF1,20,Epigenetic machinery,cg04946561,UHRF1,,,,no_evidence,,,FALSE,,,,,,,,,,0,,ARRDC5,,0.3705,A,REQUESTED_GENE_UNAVAILABLE,KDM4B,,0.1556,B,REQUESTED_GENE_UNAVAILABLE,INCA1,,0.2694,A,REQUESTED_GENE_UNAVAILABLE,,,,,,,,,,,,,,,"",no catalogue holds this CpG-gene pair and no distance could be computed,,
cg04946588,cg04946588_BC21_T1_GRM3,GRM3,16,Glutamate & synaptic scaffolding,cg04946588,GRM3,,,,no_evidence,,,FALSE,,,,,,,,,,0,,,,,,UNMAPPED,,,,,UNMAPPED,,,,,UNMAPPED,,,,,,,,,,,,,,,"",no catalogue holds this CpG-gene pair and no distance could be computed,,
cg04977602,cg04977602_TC21_T1_PRLR,PRLR,6,Libido & sexual function,cg04977602,PRLR,,,,no_evidence,,,FALSE,,,,,,,,,,0,,CREM,,0.1934,B,REQUESTED_GENE_UNAVAILABLE,,,,,UNMAPPED,CREM,,0.1124,B,REQUESTED_GENE_UNAVAILABLE,,,,,,,,,,,,,,,"",no catalogue holds this CpG-gene pair and no distance could be computed,,
cg04984193,cg04984193_BC21_T1_EGR3,EGR3,18,Neurotrophins & activity-dependent plasticity,cg04984193,EGR3,,,,no_evidence,,,FALSE,,,,,,,,,,0,,PPP3CC,,0.52,A,REQUESTED_GENE_UNAVAILABLE,PDLIM2,,0.4583,A,REQUESTED_GENE_UNAVAILABLE,,,,,UNMAPPED,,,,,,,,,,,,,,,"",no catalogue holds this CpG-gene pair and no distance could be computed,,
cg04988514,cg04988514_BC11_T1_GRIN2D,GRIN2D,16,Glutamate & synaptic scaffolding,cg04988514,GRIN2D,,,,no_evidence,,,FALSE,,,,,,,,,,0,,CARD8,,0.298,A,REQUESTED_GENE_UNAVAILABLE,CYTH2,,0.2113,A,REQUESTED_GENE_UNAVAILABLE,CYTH2,,0.0131,A,REQUESTED_GENE_UNAVAILABLE,,,,,,,,,,,,,,,"",no catalogue holds this CpG-gene pair and no distance could be computed,,
cg04997275,cg04997275_TC21_T1_CREB1,CREB1,19,GPCR signalling & second messengers,cg04997275,CREB1,,,,no_evidence,,,FALSE,,,,,,,,,,0,,PTH2R,,0.2377,A,REQUESTED_GENE_UNAVAILABLE,,,,,UNMAPPED,,,,,UNMAPPED,,,,,,,,,,,,,,,"",no catalogue holds this CpG-gene pair and no distance could be computed,,
cg05008027,cg05008027_BC21_T1_RGS9,RGS9,8,Dopamine,cg05008027,RGS9,,,,no_evidence,,,FALSE,,,,,,,,,,0,,RGS9,,0.298,A,ABSTAIN,,,,,UNMAPPED,,,,,UNMAPPED,,,,,,,,,,,,,,,"",no catalogue holds this CpG-gene pair and no distance could be computed,,
cg05010363,cg05010363_BC11_T1_HTR2C,HTR2C,9,Serotonin,cg05010363,HTR2C,,,,no_evidence,,,FALSE,,,,,,,,,,0,,,,,,UNMAPPED,,,,,UNMAPPED,,,,,UNMAPPED,,,,,,,,,,,,,,,"",no catalogue holds this CpG-gene pair and no distance could be computed,,
cg05015258,cg05015258_BC21_T1_DLG2,DLG2,16,Glutamate & synaptic scaffolding,cg05015258,DLG2,,,,no_evidence,,,FALSE,,,,,,,,,,0,,,,,,UNMAPPED,,,,,UNMAPPED,,,,,UNMAPPED,,,,,,,,,,,,,,,"",no catalogue holds this CpG-gene pair and no distance could be computed,,
cg05019001,cg05019001_BC21_T1_AR,AR,4,Sex steroids: receptors & metabolism,cg05019001,AR,,,,no_evidence,,,FALSE,,,,,,,,,,0,,,,,,UNMAPPED,,,,,UNMAPPED,,,,,UNMAPPED,,,,,,,,,,,,,,,"",no catalogue holds this CpG-gene pair and no distance could be computed,,
cg05028259,cg05028259_TC21_T1_GABRA6,GABRA6,17,GABA & excitation-inhibition balance,cg05028259,GABRA6,,,,no_evidence,,,FALSE,,,,,,,,,,0,,,,,,UNMAPPED,,,,,UNMAPPED,,,,,UNMAPPED,,,,,,,,,,,,,,,"",no catalogue holds this CpG-gene pair and no distance could be computed,,
cg05062676,cg05062676_TC21_T1_CYP1B1,CYP1B1,4,Sex steroids: receptors & metabolism,cg05062676,CYP1B1,,,,no_evidence,,,FALSE,,,,,,,,,,0,,ZNF37A,,0.4729,A,REQUESTED_GENE_UNAVAILABLE,RMDN2,,0.0694,A,REQUESTED_GENE_UNAVAILABLE,RMDN2,,0.0131,B,REQUESTED_GENE_UNAVAILABLE,,,,,,,,,,,,,,,"",no catalogue holds this CpG-gene pair and no distance could be computed,,
cg05093677,cg05093677_BC21_T1_SYN1,SYN1,18,Neurotrophins & activity-dependent plasticity,cg05093677,SYN1,,,,no_evidence,,,FALSE,,,,,,,,,,0,,,,,,UNMAPPED,,,,,UNMAPPED,,,,,UNMAPPED,,,,,,,,,,,,,,,"",no catalogue holds this CpG-gene pair and no distance could be computed,,
cg05112104,cg05112104_BC21_T1_FTO,FTO,27,Appetite & metabolic programming,cg05112104,FTO,-1,higher methylation -> LOWER expression,0.5984,catalogue_consensus,B,"0.64-0.84 (tier B, tissues agree)",FALSE,-1,-1,,,,,,,-1,3,1,FTO,-1,0.52,B,PREDICTED,FTO,-1,0.8366,B,PREDICTED,FTO,-1,0.4386,A,PREDICTED,,,,,,,,,,,,,,,"","",0.5984,0.2008
cg05112220,cg05112220_TC21_T1_HSD11B1,HSD11B1,2,HPA axis & glucocorticoid signalling,cg05112220,HSD11B1,,,,no_evidence,,,FALSE,,,,,,,,,,0,,UTP25,,0.0365,B,REQUESTED_GENE_UNAVAILABLE,G0S2,,0.0695,A,REQUESTED_GENE_UNAVAILABLE,,,,,UNMAPPED,,,,,,,,,,,,,,,"",no catalogue holds this CpG-gene pair and no distance could be computed,,
cg05113927,cg05113927_BC11_T1_UCN,UCN,2,HPA axis & glucocorticoid signalling,cg05113927,UCN,,,,no_evidence,,,FALSE,,,,,,,,,,0,,LOC105374363,,0.058,B,REQUESTED_GENE_UNAVAILABLE,ATRAID,,0.4852,A,REQUESTED_GENE_UNAVAILABLE,,,,,UNMAPPED,,,,,,,,,,,,,,,"",no catalogue holds this CpG-gene pair and no distance could be computed,,
cg05125838,cg05125838_TC21_T1_UCN2,UCN2,2,HPA axis & glucocorticoid signalling,cg05125838,UCN2,-1,higher methylation -> LOWER expression,0.3409,catalogue_single,A,"0.62-0.87 (tier A, one tissue only)",FALSE,-1,-1,,,,,,,,1,1,PFKFB4,,0.561,A,REQUESTED_GENE_UNAVAILABLE,UCN2,-1,0.3409,A,PREDICTED,COL7A1,,0.1244,A,REQUESTED_GENE_UNAVAILABLE,,,,,,,,,,,,,,,"",only one tissue called; no cross-tissue corroboration,0.3409,0.32955
cg05134027,cg05134027_TC21_T1_OPRM1,OPRM1,12,Opioid & melanocortin,cg05134027,OPRM1,,,,no_evidence,,,FALSE,,,,,,,,,,0,,,,,,UNMAPPED,,,,,UNMAPPED,,,,,UNMAPPED,,,,,,,,,,,,,,,"",no catalogue holds this CpG-gene pair and no distance could be computed,,
cg05136031,cg05136031_TC21_T1_LEP,LEP,27,Appetite & metabolic programming,cg05136031,LEP,,,,no_evidence,,,FALSE,,,,,,,,,,0,,IMPDH1,,0.3467,A,REQUESTED_GENE_UNAVAILABLE,IMPDH1,,0.3409,B,REQUESTED_GENE_UNAVAILABLE,IMPDH1,,0.0131,B,REQUESTED_GENE_UNAVAILABLE,,,,,,,,,,,,,,,"",no catalogue holds this CpG-gene pair and no distance could be computed,,
cg05136169,cg05136169_TC21_T1_AVP,AVP,1,"Oxytocin, vasopressin & CICR",cg05136169,AVP,-1,higher methylation -> LOWER expression,0.6537,catalogue_single,A,"0.62-0.87 (tier A, one tissue only)",FALSE,-1,-1,,,,,,,,1,1,AVP,-1,0.6537,A,PREDICTED,,,,,UNMAPPED,,,,,UNMAPPED,,,,,,,,,,,,,,,"",only one tissue called; no cross-tissue corroboration,0.6537,0.17315
cg05137263,cg05137263_TC11_T1_NR0B1,NR0B1,3,Steroidogenesis (adrenal & gonadal),cg05137263,NR0B1,,,,no_evidence,,,FALSE,,,,,,,,,,0,,,,,,UNMAPPED,,,,,UNMAPPED,,,,,UNMAPPED,,,,,,,,,,,,,,,"",no catalogue holds this CpG-gene pair and no distance could be computed,,
cg05141014,cg05141014_TC11_T1_PDE4D,PDE4D,19,GPCR signalling & second messengers,cg05141014,PDE4D,,,,no_evidence,,,FALSE,,,,,,,,,,0,,DEPDC1B,,0.6863,A,REQUESTED_GENE_UNAVAILABLE,,,,,UNMAPPED,,,,,UNMAPPED,,,,,,,,,,,,,,,"",no catalogue holds this CpG-gene pair and no distance could be computed,,
cg05141787,cg05141787_TC11_T1_TH,TH,11,"Monoamine synthesis, transport & degradation",cg05141787,TH,,,,no_evidence,,,FALSE,,,,,,,,,,0,,MAD1L1,,0.4517,A,REQUESTED_GENE_UNAVAILABLE,CD81,,0.4852,A,REQUESTED_GENE_UNAVAILABLE,MAD1L1,,0.0131,B,REQUESTED_GENE_UNAVAILABLE,,,,,,,,,,,,,,,"",no catalogue holds this CpG-gene pair and no distance could be computed,,
cg05145043,cg05145043_TC21_T1_SETDB1,SETDB1,20,Epigenetic machinery,cg05145043,SETDB1,,,,no_evidence,,,FALSE,,,,,,,,,,0,,ANXA9,,0.3429,A,REQUESTED_GENE_UNAVAILABLE,ANXA9,,0.6135,A,REQUESTED_GENE_UNAVAILABLE,DCLK2,,0.1815,B,REQUESTED_GENE_UNAVAILABLE,,,,,,,,,,,,,,,"",no catalogue holds this CpG-gene pair and no distance could be computed,,
cg05160197,cg05160197_BC21_T1_ADORA1,ADORA1,8,Dopamine,cg05160197,ADORA1,-1,higher methylation -> LOWER expression,0.4648,catalogue_single,A,"0.62-0.87 (tier A, one tissue only)",FALSE,-1,-1,,,,,,,,1,1,ADORA1,-1,0.4648,A,PREDICTED,CHI3L1,,0.6135,A,REQUESTED_GENE_UNAVAILABLE,CHI3L1,,0.1474,A,REQUESTED_GENE_UNAVAILABLE,,,,,,,,,,,,,,,"",only one tissue called; no cross-tissue corroboration,0.4648,0.2676
cg05171197,cg05171197_TC11_T1_HDAC4,HDAC4,20,Epigenetic machinery,cg05171197,HDAC4,,,,no_evidence,,,FALSE,,,,,,,,,,0,,,,,,UNMAPPED,,,,,UNMAPPED,,,,,UNMAPPED,,,,,,,,,,,,,,,"",no catalogue holds this CpG-gene pair and no distance could be computed,,
cg05172940,cg05172940_TC21_T1_RTEL1,RTEL1,28,"Ageing, epigenetic clocks & telomere",cg05172940,RTEL1,,,,no_evidence,,,FALSE,,,,,,,,,,0,,TNFRSF6B;RTEL1;RTEL1-TNFRSF6B,,0.0153,A,REQUESTED_GENE_UNAVAILABLE,TNFRSF6B,,0.6433,A,REQUESTED_GENE_UNAVAILABLE,STMN3,,0.2027,A,REQUESTED_GENE_UNAVAILABLE,,,,,,,,,,,,,,,"",no catalogue holds this CpG-gene pair and no distance could be computed,,
cg05173782,cg05173782_TC11_T1_GRIN2D,GRIN2D,16,Glutamate & synaptic scaffolding,cg05173782,GRIN2D,,,,no_evidence,,,FALSE,,,,,,,,,,0,,CARD8,,0.6537,A,REQUESTED_GENE_UNAVAILABLE,KDELR1,,0.3409,B,REQUESTED_GENE_UNAVAILABLE,CYTH2,,0.0131,B,REQUESTED_GENE_UNAVAILABLE,,,,,,,,,,,,,,,"",no catalogue holds this CpG-gene pair and no distance could be computed,,
cg05210227,cg05210227_BC21_T1_ADRB3,ADRB3,10,Noradrenaline & sympathetic nervous system,cg05210227,ADRB3,,,,no_evidence,,,FALSE,,,,,,,,,,0,,ADGRA2,,0.1934,B,REQUESTED_GENE_UNAVAILABLE,LSM1,,0.1239,B,REQUESTED_GENE_UNAVAILABLE,ADGRA2,,0.1244,B,REQUESTED_GENE_UNAVAILABLE,,,,,,,,,,,,,,,"",no catalogue holds this CpG-gene pair and no distance could be computed,,
cg05212849,cg05212849_BC21_T1_AKR1C3,AKR1C3,4,Sex steroids: receptors & metabolism,cg05212849,AKR1C3,-1,higher methylation -> LOWER expression,0.6482,catalogue_consensus,A,"0.77-0.87 (tier A, tissues agree)",FALSE,-1,-1,,,,,,,-1,2,1,AKR1C3,-1,0.4598,A,PREDICTED,AKR1C3,-1,0.8366,A,PREDICTED,PPL,,0.1124,B,REQUESTED_GENE_UNAVAILABLE,,,,,,,,,,,,,,,"","",0.6482,0.1759
cg05222671,cg05222671_TC21_T1_MEST,MEST,21,Imprinted genes & DMRs,cg05222671,MEST,-1,higher methylation -> LOWER expression,,smr_moderate,,"0.84-0.86 (SMR tier S2, single instrument; validated n=6,008)",FALSE,-1,-1,-1,S2,1.062e-11,1,5934,TRUE,,0,,CPA5,,0.7056,A,REQUESTED_GENE_UNAVAILABLE,ARHGAP18,,0.4852,A,REQUESTED_GENE_UNAVAILABLE,CPA5,,0.2027,A,REQUESTED_GENE_UNAVAILABLE,,,,,,,,,,COPG2,blood,COPG2:-1,,TRUE,"measured association is with COPG2, not the requested gene - check which gene this CpG actually tracks","causal direction from SMR (blood); consistent with methylation affecting expression AND with linkage - HEIDI not run | measured association is with COPG2, not the requested gene",0.7,0.15
cg05222958,cg05222958_BC21_T1_SHANK1,SHANK1,16,Glutamate & synaptic scaffolding,cg05222958,SHANK1,,,,no_evidence,,,FALSE,,,,,,,,,,0,,CLEC11A,,0.4729,A,REQUESTED_GENE_UNAVAILABLE,JOSD2,,0.3771,A,REQUESTED_GENE_UNAVAILABLE,SHANK3,,0.0131,B,REQUESTED_GENE_UNAVAILABLE,,,,,,,,,,CLEC11A,blood,CLEC11A:-1,,TRUE,"measured association is with CLEC11A, not the requested gene - check which gene this CpG actually tracks","no catalogue holds this CpG-gene pair and no distance could be computed | measured association is with CLEC11A, not the requested gene",,
cg05228186,cg05228186_TC21_T1_DLG2,DLG2,16,Glutamate & synaptic scaffolding,cg05228186,DLG2,,,,no_evidence,,,FALSE,,,,,,,,,,0,,,,,,UNMAPPED,,,,,UNMAPPED,,,,,UNMAPPED,,,,,,,,,,,,,,,"",no catalogue holds this CpG-gene pair and no distance could be computed,,
cg05231308,cg05231308_TC21_T1_UCN,UCN,2,HPA axis & glucocorticoid signalling,cg05231308,UCN,,,,no_evidence,,,FALSE,,,,,,,,,,0,,LOC105374363,,0.058,B,REQUESTED_GENE_UNAVAILABLE,ATRAID,,0.4852,A,REQUESTED_GENE_UNAVAILABLE,,,,,UNMAPPED,,,,,,,,,,,,,,,"",no catalogue holds this CpG-gene pair and no distance could be computed,,
cg05254049,cg05254049_BC21_T1_SYN1,SYN1,18,Neurotrophins & activity-dependent plasticity,cg05254049,SYN1,,,,no_evidence,,,FALSE,,,,,,,,,,0,,,,,,UNMAPPED,,,,,UNMAPPED,,,,,UNMAPPED,,,,,,,,,,,,,,,"",no catalogue holds this CpG-gene pair and no distance could be computed,,
cg05265849,cg05265849_BC21_T1_IL6,IL6,24,"Immune, inflammation & HLA",cg05265849,IL6,,,,no_evidence,,,FALSE,,,,,,,,,,0,,LOC541472,,0.7056,A,REQUESTED_GENE_UNAVAILABLE,TOMM7,,0.0694,B,REQUESTED_GENE_UNAVAILABLE,,,,,UNMAPPED,,,,,,,,,,LOC541472,blood,LOC541472:-1,,TRUE,"measured association is with LOC541472, not the requested gene - check which gene this CpG actually tracks","no catalogue holds this CpG-gene pair and no distance could be computed | measured association is with LOC541472, not the requested gene",,
cg05280527,cg05280527_BC11_T1_NRXN3,NRXN3,25,Social-synaptic & psychiatric risk,cg05280527,NRXN3,,,,no_evidence,,,FALSE,,,,,,,,,,0,,,,,,UNMAPPED,,,,,UNMAPPED,FAH,,0.0131,B,REQUESTED_GENE_UNAVAILABLE,,,,,,,,,,,,,,,"",no catalogue holds this CpG-gene pair and no distance could be computed,,
cg05285228,cg05285228_TC21_T1_POT1,POT1,28,"Ageing, epigenetic clocks & telomere",cg05285228,POT1,,,,no_evidence,,,FALSE,,,,,,,,,,0,,,,,,UNMAPPED,,,,,UNMAPPED,,,,,UNMAPPED,,,,,,,,,,,,,,,"",no catalogue holds this CpG-gene pair and no distance could be computed,,
cg05296753,cg05296753_TC21_T1_CRY1,CRY1,23,Circadian & melatonin,cg05296753,CRY1,,,,no_evidence,,,FALSE,,,,,,,,,,0,,MTERF2,,0.4598,A,REQUESTED_GENE_UNAVAILABLE,MTERF2,,0.3409,B,REQUESTED_GENE_UNAVAILABLE,,,,,UNMAPPED,,,,,,,,,,,,,,,"",no catalogue holds this CpG-gene pair and no distance could be computed,,
cg05329352,cg05329352_TC21_T1_ADRA2A,ADRA2A,10,Noradrenaline & sympathetic nervous system,cg05329352,ADRA2A,-1,higher methylation -> LOWER expression,0.474,catalogue_single,A,"0.62-0.87 (tier A, one tissue only)",FALSE,-1,-1,,,,,,,,1,1,PDCD4;MIR4680,,0.1291,B,REQUESTED_GENE_UNAVAILABLE,ADRA2A,,0.4852,B,ABSTAIN,ADRA2A,-1,0.474,A,PREDICTED,,,,,,,,,,,,,,,"",only one tissue called; no cross-tissue corroboration,0.474,0.263
cg05331611,cg05331611_BC21_T1_SLC19A1,SLC19A1,22,One-carbon metabolism,cg05331611,SLC19A1,,,,no_evidence,,,FALSE,,,,,,,,,,0,,,,,,UNMAPPED,,,,,UNMAPPED,,,,,UNMAPPED,,,,,,,,,,,,,,,"",no catalogue holds this CpG-gene pair and no distance could be computed,,
cg05337177,cg05337177_BC21_T1_HLA_DPB2,HLA-DPB2,24,"Immune, inflammation & HLA",cg05337177,HLA-DPB2,,,,no_evidence,,,FALSE,,,,,,,,,,0,,DYNLRB1,,0.9394,A,REQUESTED_GENE_UNAVAILABLE,HLA-DPB1,,0.6327,A,REQUESTED_GENE_UNAVAILABLE,DYNLRB1,,0.0131,A,REQUESTED_GENE_UNAVAILABLE,,,,,,,,,,HLA-DPA1;HLA-DPB1,blood,HLA-DPA1:+1;HLA-DPB1:+1,,TRUE,"measured association is with HLA-DPA1;HLA-DPB1, not the requested gene - check which gene this CpG actually tracks","no catalogue holds this CpG-gene pair and no distance could be computed | measured association is with HLA-DPA1;HLA-DPB1, not the requested gene",,
cg05345154,cg05345154_TC11_T1_AMH,AMH,5,"HPG axis, puberty & KNDy",cg05345154,AMH,,,,no_evidence,,,FALSE,,,,,,,,,,0,,JSRP1,,0.3739,A,REQUESTED_GENE_UNAVAILABLE,PLEKHJ1,,0.9158,A,REQUESTED_GENE_UNAVAILABLE,PLEKHJ1,,0.1667,A,REQUESTED_GENE_UNAVAILABLE,,,,,,,,,,,,,,,"",no catalogue holds this CpG-gene pair and no distance could be computed,,
cg05358404,cg05358404_BC21_T1_RTEL1,RTEL1,28,"Ageing, epigenetic clocks & telomere",cg05358404,RTEL1,,,,no_evidence,,,FALSE,,,,,,,,,,0,,TNFRSF6B;RTEL1;RTEL1-TNFRSF6B,,0.6537,A,REQUESTED_GENE_UNAVAILABLE,STMN3,,0.139,A,REQUESTED_GENE_UNAVAILABLE,STMN3,,0.3688,A,REQUESTED_GENE_UNAVAILABLE,,,,,,,,,,TNFRSF6B;RTEL1;RTEL1-TNFRSF6B,blood,TNFRSF6B;RTEL1;RTEL1-TNFRSF6B:-1,,FALSE,"",no catalogue holds this CpG-gene pair and no distance could be computed,,
cg05365033,cg05365033_BC11_T1_CRTC1,CRTC1,18,Neurotrophins & activity-dependent plasticity,cg05365033,CRTC1,,,,no_evidence,,,FALSE,,,,,,,,,,0,,,,,,UNMAPPED,CRLF1,,0.6433,A,REQUESTED_GENE_UNAVAILABLE,,,,,UNMAPPED,,,,,,,,,,,,,,,"",no catalogue holds this CpG-gene pair and no distance could be computed,,
cg05365962,cg05365962_BC21_T1_PDYN,PDYN,12,Opioid & melanocortin,cg05365962,PDYN,,,,no_evidence,,,FALSE,,,,,,,,,,0,,,,,,UNMAPPED,LOC388780,,0.1239,B,REQUESTED_GENE_UNAVAILABLE,,,,,UNMAPPED,,,,,,,,,,,,,,,"",no catalogue holds this CpG-gene pair and no distance could be computed,,
cg05372963,cg05372963_TC21_T1_ABAT,ABAT,17,GABA & excitation-inhibition balance,cg05372963,ABAT,1,higher methylation -> HIGHER expression,,smr_moderate,A,"0.84-0.86 (SMR tier S2, single instrument; validated n=6,008)",FALSE,1,1,1,S2,1.225e-112,1,16401,TRUE,,1,1,ABAT,1,1,A,PREDICTED,ABAT,,0.1453,B,ABSTAIN,RERE,,0.3688,B,REQUESTED_GENE_UNAVAILABLE,,,,,,,,,,,,,,,"",causal direction from SMR (blood); consistent with methylation affecting expression AND with linkage - HEIDI not run,0.7,0.85
cg05382012,cg05382012_TC21_T1_AGRP,AGRP,27,Appetite & metabolic programming,cg05382012,AGRP,,,,no_evidence,,,FALSE,,,,,,,,,,0,,ATP6V0D1,,0.0733,A,REQUESTED_GENE_UNAVAILABLE,ATP6V0D1,,0.4852,A,REQUESTED_GENE_UNAVAILABLE,ATP6V0D1,,0.4386,A,REQUESTED_GENE_UNAVAILABLE,,,,,,,,,,,,,,,"",no catalogue holds this CpG-gene pair and no distance could be computed,,
cg05394509,cg05394509_BC21_T1_GRIN1,GRIN1,16,Glutamate & synaptic scaffolding,cg05394509,GRIN1,,,,no_evidence,,,FALSE,,,,,,,,,,0,,NDOR1,,0.1852,A,REQUESTED_GENE_UNAVAILABLE,LRRC26,,0.6433,A,REQUESTED_GENE_UNAVAILABLE,MAN1B1-AS1,,0.0131,A,REQUESTED_GENE_UNAVAILABLE,,,,,,,,,,,,,,,"",no catalogue holds this CpG-gene pair and no distance could be computed,,
cg05408403,cg05408403_BC21_T1_HLA_DOA,HLA-DOA,24,"Immune, inflammation & HLA",cg05408403,HLA-DOA,-1,higher methylation -> LOWER expression,0.6968,catalogue_consensus,A,"0.77-0.87 (tier A, tissues agree)",FALSE,-1,-1,,,,,,,-1,2,1,HLA-DOA,-1,0.6537,A,PREDICTED,HLA-DOA,-1,0.7399,A,PREDICTED,HLA-DOA,,0.2027,A,ABSTAIN,,,,,,,,,,,,,,,"","",0.6968,0.1516
cg05418336,cg05418336_TC21_T1_TRPM2,TRPM2,1,"Oxytocin, vasopressin & CICR",cg05418336,TRPM2,,,,tissue_conflict,A,,FALSE,,,,,,,,,,2,0.5,TRPM2,-1,0.7056,A,PREDICTED,TRPM2,1,0.5716,A,PREDICTED,TRPM2,,0.3688,B,ABSTAIN,,,,,,,,,,,,,,,"",tissues returned opposite directions; not resolved,,
cg05429895,cg05429895_BC21_T1_TLR4,TLR4,24,"Immune, inflammation & HLA",cg05429895,TLR4,,,,no_evidence,,,FALSE,,,,,,,,,,0,,,,,,UNMAPPED,,,,,UNMAPPED,,,,,UNMAPPED,,,,,,,,,,,,,,,"",no catalogue holds this CpG-gene pair and no distance could be computed,,
cg05445244,cg05445244_TC21_T1_NPY1R,NPY1R,10,Noradrenaline & sympathetic nervous system,cg05445244,NPY1R,,,,no_evidence,,,FALSE,,,,,,,,,,0,,,,,,UNMAPPED,,,,,UNMAPPED,,,,,UNMAPPED,,,,,,,,,,,,,,,"",no catalogue holds this CpG-gene pair and no distance could be computed,,
cg05481657,cg05481657_TC21_T1_MGLL,MGLL,14,Endocannabinoid,cg05481657,MGLL,-1,higher methylation -> LOWER expression,0.3429,catalogue_single,A,"0.62-0.87 (tier A, one tissue only)",FALSE,-1,-1,,,,,,,,1,1,MGLL,-1,0.3429,A,PREDICTED,MGLL,,0.3409,B,ABSTAIN,MGLL,,0.1815,B,ABSTAIN,,,,,,,,,,,,,,,"",only one tissue called; no cross-tissue corroboration,0.3429,0.32855
cg05486647,cg05486647_BC21_T1_PER2,PER2,23,Circadian & melatonin,cg05486647,PER2,,,,no_evidence,,,FALSE,,,,,,,,,,0,,LOC151174,,0.3429,A,REQUESTED_GENE_UNAVAILABLE,ASB1,,0.3409,B,REQUESTED_GENE_UNAVAILABLE,,,,,UNMAPPED,,,,,,,,,,,,,,,"",no catalogue holds this CpG-gene pair and no distance could be computed,,
cg05492001,cg05492001_BC11_T1_GATA2,GATA2,4,Sex steroids: receptors & metabolism,cg05492001,GATA2,,,,no_evidence,,,FALSE,,,,,,,,,,0,,,,,,UNMAPPED,,,,,UNMAPPED,,,,,UNMAPPED,,,,,,,,,,,,,,,"",no catalogue holds this CpG-gene pair and no distance could be computed,,
cg05492904,cg05492904_BC21_T1_CYP19A1,CYP19A1,4,Sex steroids: receptors & metabolism,cg05492904,CYP19A1,,,,no_evidence,,,FALSE,,,,,,,,,,0,,,,,,UNMAPPED,GLDN,,0.3889,A,REQUESTED_GENE_UNAVAILABLE,,,,,UNMAPPED,,,,,,,,,,GLDN,nasal_epithelium,GLDN:-1,,TRUE,"measured association is with GLDN, not the requested gene - check which gene this CpG actually tracks","no catalogue holds this CpG-gene pair and no distance could be computed | measured association is with GLDN, not the requested gene",,
cg05519462,cg05519462_BC21_T1_PDYN,PDYN,12,Opioid & melanocortin,cg05519462,PDYN,,,,no_evidence,,,FALSE,,,,,,,,,,0,,,,,,UNMAPPED,LOC388780,,0.3771,A,REQUESTED_GENE_UNAVAILABLE,,,,,UNMAPPED,,,,,,,,,,,,,,,"",no catalogue holds this CpG-gene pair and no distance could be computed,,
cg05525374,cg05525374_TC21_T1_HLA_DMB,HLA-DMB,24,"Immune, inflammation & HLA",cg05525374,HLA-DMB,,,,tissue_conflict,A,,FALSE,,,,,,,,,,2,0.5,HLA-DMB,-1,0.571,A,PREDICTED,HLA-DMB,1,0.8509,A,PREDICTED,HLA-DMB,,0.0131,A,ABSTAIN,,,,,,,,,,,,,,,"",tissues returned opposite directions; not resolved,,
cg05544807,cg05544807_TC21_T1_DNMT3A,DNMT3A,20,Epigenetic machinery,cg05544807,DNMT3A,,,,no_evidence,,,FALSE,,,,,,,,,,0,,POMC,,0.4648,A,REQUESTED_GENE_UNAVAILABLE,POMC,,0.3639,B,REQUESTED_GENE_UNAVAILABLE,POMC,,0.1124,B,REQUESTED_GENE_UNAVAILABLE,,,,,,,,,,,,,,,"",no catalogue holds this CpG-gene pair and no distance could be computed,,
cg05549655,cg05549655_TC21_T1_CYP1A1,CYP1A1,4,Sex steroids: receptors & metabolism,cg05549655,CYP1A1,,,,no_evidence,,,FALSE,,,,,,,,,,0,,MPI,,0.0365,B,REQUESTED_GENE_UNAVAILABLE,MPI,,0.0694,B,REQUESTED_GENE_UNAVAILABLE,COX5A,,0.2694,A,REQUESTED_GENE_UNAVAILABLE,,,,,,,,,,,,,,,"",no catalogue holds this CpG-gene pair and no distance could be computed,,
cg05558390,cg05558390_TC11_T1_GNAS,GNAS,19,GPCR signalling & second messengers,cg05558390,GNAS,-1,higher methylation -> LOWER expression,,smr_moderate,,"0.84-0.86 (SMR tier S2, single instrument; validated n=6,008)",FALSE,-1,-1,-1,S2,2.956e-08,1,35133,TRUE,,0,,CTSZ,,0.6537,A,REQUESTED_GENE_UNAVAILABLE,CTSZ,,0.1556,B,REQUESTED_GENE_UNAVAILABLE,,,,,UNMAPPED,,,,,,,,,,,,,,,"",causal direction from SMR (blood); consistent with methylation affecting expression AND with linkage - HEIDI not run,0.7,0.15
cg05580671,cg05580671_BC11_T1_STAR,STAR,3,Steroidogenesis (adrenal & gonadal),cg05580671,STAR,,,,no_evidence,,,FALSE,,,,,,,,,,0,,LSM1,,0.289,B,REQUESTED_GENE_UNAVAILABLE,LSM1,,0.3409,B,REQUESTED_GENE_UNAVAILABLE,SNIP1,,0.0788,A,REQUESTED_GENE_UNAVAILABLE,,,,,,,,,,,,,,,"",no catalogue holds this CpG-gene pair and no distance could be computed,,
cg05614378,cg05614378_BC21_T1_MTRR,MTRR,22,One-carbon metabolism,cg05614378,MTRR,,,,no_evidence,,,FALSE,,,,,,,,,,0,,PCP2,,0.1971,A,REQUESTED_GENE_UNAVAILABLE,,,,,UNMAPPED,,,,,UNMAPPED,,,,,,,,,,,,,,,"",no catalogue holds this CpG-gene pair and no distance could be computed,,
cg05622441,cg05622441_TC11_T1_TERF2,TERF2,28,"Ageing, epigenetic clocks & telomere",cg05622441,TERF2,,,,no_evidence,,,FALSE,,,,,,,,,,0,,TMED6,,0.0153,B,REQUESTED_GENE_UNAVAILABLE,NIP7,,0.1453,B,REQUESTED_GENE_UNAVAILABLE,,,,,UNMAPPED,,,,,,,,,,,,,,,"",no catalogue holds this CpG-gene pair and no distance could be computed,,
cg05687149,cg05687149_BC21_T1_IL18,IL18,24,"Immune, inflammation & HLA",cg05687149,IL18,-1,higher methylation -> LOWER expression,,smr_moderate,A,"0.84-0.86 (SMR tier S2, single instrument; validated n=6,008)",FALSE,-1,-1,-1,S2,1.226e-20,1,11538,TRUE,,1,1,IL18,-1,0.7056,A,PREDICTED,PTS,,0.0695,A,REQUESTED_GENE_UNAVAILABLE,,,,,UNMAPPED,,,,,,,,,,,,,,,"",causal direction from SMR (blood); consistent with methylation affecting expression AND with linkage - HEIDI not run,0.7,0.15
cg05718270,cg05718270_BC21_T1_TERF1,TERF1,28,"Ageing, epigenetic clocks & telomere",cg05718270,TERF1,,,,no_evidence,,,FALSE,,,,,,,,,,0,,ACOT4,,0.2377,B,REQUESTED_GENE_UNAVAILABLE,ACOT4,,0.3409,B,REQUESTED_GENE_UNAVAILABLE,,,,,UNMAPPED,,,,,,,,,,,,,,,"",no catalogue holds this CpG-gene pair and no distance could be computed,,
cg05736079,cg05736079_TC21_T1_GRIN1,GRIN1,16,Glutamate & synaptic scaffolding,cg05736079,GRIN1,,,,no_evidence,,,FALSE,,,,,,,,,,0,,NDOR1,,0.1852,A,REQUESTED_GENE_UNAVAILABLE,LRRC26,,0.4583,A,REQUESTED_GENE_UNAVAILABLE,MAN1B1-AS1,,0.0131,A,REQUESTED_GENE_UNAVAILABLE,,,,,,,,,,,,,,,"",no catalogue holds this CpG-gene pair and no distance could be computed,,
cg05736416,cg05736416_BC21_T1_IL12A_AS1,IL12A-AS1,24,"Immune, inflammation & HLA",cg05736416,IL12A-AS1,,,,no_evidence,,,FALSE,,,,,,,,,,0,,,,,,UNMAPPED,,,,,UNMAPPED,,,,,UNMAPPED,,,,,,,,,,,,,,,"",no catalogue holds this CpG-gene pair and no distance could be computed,,
cg05736418,cg05736418_TC21_T1_IL12A_AS1,IL12A-AS1,24,"Immune, inflammation & HLA",cg05736418,IL12A-AS1,,,,no_evidence,,,FALSE,,,,,,,,,,0,,,,,,UNMAPPED,,,,,UNMAPPED,,,,,UNMAPPED,,,,,,,,,,,,,,,"",no catalogue holds this CpG-gene pair and no distance could be computed,,
cg05749717,cg05749717_TC11_T1_CNTNAP2,CNTNAP2,25,Social-synaptic & psychiatric risk,cg05749717,CNTNAP2,,,,no_evidence,,,FALSE,,,,,,,,,,0,,,,,,UNMAPPED,,,,,UNMAPPED,CNTNAP2,,0.0131,A,ABSTAIN,,,,,,,,,,,,,,,"",no catalogue holds this CpG-gene pair and no distance could be computed,,
cg05752943,cg05752943_BC21_T1_HTR3D,HTR3D,9,Serotonin,cg05752943,HTR3D,,,,no_evidence,,,FALSE,,,,,,,,,,0,,ABCC5,,0.6737,A,REQUESTED_GENE_UNAVAILABLE,ABCC5,,0.7183,A,REQUESTED_GENE_UNAVAILABLE,,,,,UNMAPPED,,,,,,,,,,,,,,,"",no catalogue holds this CpG-gene pair and no distance could be computed,,
cg05772663,cg05772663_BC21_T1_HTR2C,HTR2C,9,Serotonin,cg05772663,HTR2C,,,,no_evidence,,,FALSE,,,,,,,,,,0,,,,,,UNMAPPED,,,,,UNMAPPED,,,,,UNMAPPED,,,,,,,,,,,,,,,"",no catalogue holds this CpG-gene pair and no distance could be computed,,
cg05773743,cg05773743_BC21_T1_NR5A1,NR5A1,3,Steroidogenesis (adrenal & gonadal),cg05773743,NR5A1,,,,no_evidence,,,FALSE,,,,,,,,,,0,,PSMB7,,0.126,B,REQUESTED_GENE_UNAVAILABLE,PSMB7,,0.1453,B,REQUESTED_GENE_UNAVAILABLE,,,,,UNMAPPED,,,,,,,,,,,,,,,"",no catalogue holds this CpG-gene pair and no distance could be computed,,
cg05786601,cg05786601_TC21_T1_AR,AR,4,Sex steroids: receptors & metabolism,cg05786601,AR,,,,no_evidence,,,FALSE,,,,,,,,,,0,,,,,,UNMAPPED,,,,,UNMAPPED,,,,,UNMAPPED,,,,,,,,,,,,,,,"",no catalogue holds this CpG-gene pair and no distance could be computed,,
cg05803237,cg05803237_TC21_T1_MTNR1B,MTNR1B,23,Circadian & melatonin,cg05803237,MTNR1B,,,,no_evidence,,,FALSE,,,,,,,,,,0,,,,,,UNMAPPED,,,,,UNMAPPED,,,,,UNMAPPED,,,,,,,,,,,,,,,"",no catalogue holds this CpG-gene pair and no distance could be computed,,
cg05803541,cg05803541_BC21_T1_KYNU,KYNU,15,Kynurenine pathway,cg05803541,KYNU,,,,no_evidence,,,FALSE,,,,,,,,,,0,,,,,,UNMAPPED,,,,,UNMAPPED,,,,,UNMAPPED,,,,,,,,,,,,,,,"",no catalogue holds this CpG-gene pair and no distance could be computed,,
cg05815275,cg05815275_BC21_T1_ANKK1,ANKK1,8,Dopamine,cg05815275,ANKK1,1,higher methylation -> HIGHER expression,,smr_moderate,,"0.84-0.86 (SMR tier S2, single instrument; validated n=6,008)",FALSE,1,1,1,S2,3.027e-56,1,6436,TRUE,,0,,TTC12,,0.3429,A,REQUESTED_GENE_UNAVAILABLE,TTC12,,0.4583,A,REQUESTED_GENE_UNAVAILABLE,,,,,UNMAPPED,,,,,,,,,,,,,,,"",causal direction from SMR (blood); consistent with methylation affecting expression AND with linkage - HEIDI not run,0.7,0.85
cg05826175,cg05826175_BC21_T1_CLOCK,CLOCK,23,Circadian & melatonin,cg05826175,CLOCK,,,,no_evidence,,,FALSE,,,,,,,,,,0,,,,,,UNMAPPED,TMEM165,,0.2222,B,REQUESTED_GENE_UNAVAILABLE,,,,,UNMAPPED,,,,,,,,,,,,,,,"",no catalogue holds this CpG-gene pair and no distance could be computed,,
cg05835514,cg05835514_TC11_T1_GRIA1,GRIA1,16,Glutamate & synaptic scaffolding,cg05835514,GRIA1,,,,no_evidence,,,FALSE,,,,,,,,,,0,,,,,,UNMAPPED,,,,,UNMAPPED,,,,,UNMAPPED,,,,,,,,,,,,,,,"",no catalogue holds this CpG-gene pair and no distance could be computed,,
cg05858998,cg05858998_BC21_T1_HTR2B,HTR2B,9,Serotonin,cg05858998,HTR2B,-1,higher methylation -> LOWER expression,0.52,catalogue_single,B,"0.55-0.84 (tier B, one tissue only)",FALSE,-1,-1,,,,,,,,1,1,HTR2B,-1,0.52,B,PREDICTED,PSMD1,,0.0288,B,REQUESTED_GENE_UNAVAILABLE,ARMC9,,0.1244,B,REQUESTED_GENE_UNAVAILABLE,,,,,,,,,,,,,,,"",only one tissue called; no cross-tissue corroboration,0.52,0.24
cg05866836,cg05866836_TC11_T1_TSC22D3,TSC22D3,2,HPA axis & glucocorticoid signalling,cg05866836,TSC22D3,,,,no_evidence,,,FALSE,,,,,,,,,,0,,,,,,UNMAPPED,,,,,UNMAPPED,,,,,UNMAPPED,,,,,,,,,,,,,,,"",no catalogue holds this CpG-gene pair and no distance could be computed,,
cg05872972,cg05872972_BC11_T1_MAOA,MAOA,11,"Monoamine synthesis, transport & degradation",cg05872972,MAOA,,,,no_evidence,,,FALSE,,,,,,,,,,0,,,,,,UNMAPPED,,,,,UNMAPPED,,,,,UNMAPPED,,,,,,,,,,,,,,,"",no catalogue holds this CpG-gene pair and no distance could be computed,,
cg05876496,cg05876496_BC21_T1_ITPR3,ITPR3,1,"Oxytocin, vasopressin & CICR",cg05876496,ITPR3,,,,no_evidence,,,FALSE,,,,,,,,,,0,,MIR3934,,0.4517,A,REQUESTED_GENE_UNAVAILABLE,IP6K3,,0.4852,A,REQUESTED_GENE_UNAVAILABLE,TRPC4AP,,0.2027,A,REQUESTED_GENE_UNAVAILABLE,,,,,,,,,,,,,,,"",no catalogue holds this CpG-gene pair and no distance could be computed,,
cg05876737,cg05876737_TC21_T1_PDE4D,PDE4D,19,GPCR signalling & second messengers,cg05876737,PDE4D,,,,no_evidence,,,FALSE,,,,,,,,,,0,,PDE4D,,0.2377,B,ABSTAIN,,,,,UNMAPPED,C14ORF37,,0.0131,B,REQUESTED_GENE_UNAVAILABLE,,,,,,,,,,,,,,,"",no catalogue holds this CpG-gene pair and no distance could be computed,,
cg05877402,cg05877402_TC21_T1_PRLR,PRLR,6,Libido & sexual function,cg05877402,PRLR,1,higher methylation -> HIGHER expression,,smr_moderate,,"0.84-0.86 (SMR tier S2, single instrument; validated n=6,008)",FALSE,1,1,1,S2,2.842e-10,1,90722,TRUE,,0,,CREM,,0.1934,B,REQUESTED_GENE_UNAVAILABLE,,,,,UNMAPPED,CREM,,0.1124,B,REQUESTED_GENE_UNAVAILABLE,,,,,,,,,,,,,,,"",causal direction from SMR (blood); consistent with methylation affecting expression AND with linkage - HEIDI not run,0.7,0.85
cg05879499,cg05879499_TC11_T1_SRD5A1,SRD5A1,4,Sex steroids: receptors & metabolism,cg05879499,SRD5A1,,,,tissue_conflict,A,,FALSE,,,,,,,,,,2,0.5,SRD5A1,1,0.561,A,PREDICTED,SRD5A1,-1,0.3889,A,PREDICTED,ACOT7,,0.1244,A,REQUESTED_GENE_UNAVAILABLE,,,,,,,,,,,,,,,"",tissues returned opposite directions; not resolved,,
cg05897163,cg05897163_TC21_T1_PPP1R1B,PPP1R1B,8,Dopamine,cg05897163,PPP1R1B,-1,higher methylation -> LOWER expression,,smr_moderate,,"0.84-0.86 (SMR tier S2, single instrument; validated n=6,008)",FALSE,-1,-1,-1,S2,1.677e-24,1,5634,TRUE,,0,,PGAP3,,0.4863,A,REQUESTED_GENE_UNAVAILABLE,PGAP3,,0.4852,A,REQUESTED_GENE_UNAVAILABLE,,,,,UNMAPPED,,,,,,,,,,PGAP3,blood,PGAP3:-1,,TRUE,"measured association is with PGAP3, not the requested gene - check which gene this CpG actually tracks","causal direction from SMR (blood); consistent with methylation affecting expression AND with linkage - HEIDI not run | measured association is with PGAP3, not the requested gene",0.7,0.15
cg05912053,cg05912053_TC21_T1_RORA,RORA,23,Circadian & melatonin,cg05912053,RORA,,,,no_evidence,,,FALSE,,,,,,,,,,0,,,,,,UNMAPPED,OSBPL2,,0.3409,B,REQUESTED_GENE_UNAVAILABLE,,,,,UNMAPPED,,,,,,,,,,,,,,,"",no catalogue holds this CpG-gene pair and no distance could be computed,,
cg05926904,cg05926904_TC21_T1_NCOA4,NCOA4,4,Sex steroids: receptors & metabolism,cg05926904,NCOA4,,,,no_evidence,,,FALSE,,,,,,,,,,0,,PARG;PARGP1,,0.4648,A,REQUESTED_GENE_UNAVAILABLE,MSMB,,0.3771,A,REQUESTED_GENE_UNAVAILABLE,RAD54L2,,0.4386,B,REQUESTED_GENE_UNAVAILABLE,,,,,,,,,,,,,,,"",no catalogue holds this CpG-gene pair and no distance could be computed,,
cg05939495,cg05939495_BC21_T1_CYP11A1,CYP11A1,3,Steroidogenesis (adrenal & gonadal),cg05939495,CYP11A1,,,,no_evidence,,,FALSE,,,,,,,,,,0,,MRPL53,,0.126,A,REQUESTED_GENE_UNAVAILABLE,SEMA7A,,0.1453,A,REQUESTED_GENE_UNAVAILABLE,MRPL53,,0.1474,B,REQUESTED_GENE_UNAVAILABLE,,,,,,,,,,,,,,,"",no catalogue holds this CpG-gene pair and no distance could be computed,,
cg05962517,cg05962517_TC21_T1_ADORA2A,ADORA2A,8,Dopamine,cg05962517,ADORA2A,,,,no_evidence,,,FALSE,,,,,,,,,,0,,,,,,UNMAPPED,GGT1,,0.4852,A,REQUESTED_GENE_UNAVAILABLE,ADORA2A,,0.0131,A,ABSTAIN,,,,,,,,,,,,,,,"",no catalogue holds this CpG-gene pair and no distance could be computed,,
cg05997318,cg05997318_BC21_T1_EP300,EP300,20,Epigenetic machinery,cg05997318,EP300,,,,no_evidence,,,FALSE,,,,,,,,,,0,,CHADL,,0.298,A,REQUESTED_GENE_UNAVAILABLE,CHADL,,0.3409,B,REQUESTED_GENE_UNAVAILABLE,,,,,UNMAPPED,,,,,,,,,,,,,,,"",no catalogue holds this CpG-gene pair and no distance could be computed,,
cg06014588,cg06014588_TC21_T1_NTRK3,NTRK3,18,Neurotrophins & activity-dependent plasticity,cg06014588,NTRK3,,,,no_evidence,,,FALSE,,,,,,,,,,0,,,,,,UNMAPPED,,,,,UNMAPPED,,,,,UNMAPPED,,,,,,,,,,,,,,,"",no catalogue holds this CpG-gene pair and no distance could be computed,,
cg06039161,cg06039161_BC21_T1_SHANK2,SHANK2,16,Glutamate & synaptic scaffolding,cg06039161,SHANK2,1,higher methylation -> HIGHER expression,0.7091,catalogue_single,A,"0.62-0.87 (tier A, one tissue only)",FALSE,1,1,,,,,,,,1,1,COL19A1,,0.2377,B,REQUESTED_GENE_UNAVAILABLE,SHANK2,,0.3197,B,ABSTAIN,SHANK2,1,0.7091,A,PREDICTED,,,,,,,,,,,,,,,"",only one tissue called; no cross-tissue corroboration,0.7091,0.85455
cg06039392,cg06039392_TC21_T1_MTNR1A,MTNR1A,23,Circadian & melatonin,cg06039392,MTNR1A,-1,higher methylation -> LOWER expression,0.3688,catalogue_single,A,"0.62-0.87 (tier A, one tissue only)",FALSE,-1,-1,,,,,,,,1,1,FAT1,,0.3429,A,REQUESTED_GENE_UNAVAILABLE,MTNR1A,,0.0501,A,ABSTAIN,MTNR1A,-1,0.3688,A,PREDICTED,,,,,,,,,,,,,,,"",only one tissue called; no cross-tissue corroboration,0.3688,0.3156
cg06040811,cg06040811_BC11_T1_MEF2C,MEF2C,25,Social-synaptic & psychiatric risk,cg06040811,MEF2C,,,,no_evidence,,,FALSE,,,,,,,,,,0,,,,,,UNMAPPED,LINC00461,,0.3409,B,REQUESTED_GENE_UNAVAILABLE,LINC00461,,0.4087,A,REQUESTED_GENE_UNAVAILABLE,,,,,,,,,,,,,,,"",no catalogue holds this CpG-gene pair and no distance could be computed,,
cg06047881,cg06047881_TC21_T1_GNAS,GNAS,19,GPCR signalling & second messengers,cg06047881,GNAS,,,,no_evidence,,,FALSE,,,,,,,,,,0,,CTSZ,,0.5493,A,REQUESTED_GENE_UNAVAILABLE,CTSZ,,0.3409,B,REQUESTED_GENE_UNAVAILABLE,,,,,UNMAPPED,,,,,,,,,,,,,,,"",no catalogue holds this CpG-gene pair and no distance could be computed,,
cg06058170,cg06058170_BC21_T1_HOMER1,HOMER1,16,Glutamate & synaptic scaffolding,cg06058170,HOMER1,,,,no_evidence,,,FALSE,,,,,,,,,,0,,MRPL1,,0.289,B,REQUESTED_GENE_UNAVAILABLE,CMYA5,,0.31,B,REQUESTED_GENE_UNAVAILABLE,,,,,UNMAPPED,,,,,,,,,,,,,,,"",no catalogue holds this CpG-gene pair and no distance could be computed,,
cg06065549,cg06065549_TC21_T1_GNAS,GNAS,19,GPCR signalling & second messengers,cg06065549,GNAS,,,,no_evidence,,,FALSE,,,,,,,,,,0,,CTSZ,,0.4648,A,REQUESTED_GENE_UNAVAILABLE,CTSZ,,0.3409,B,REQUESTED_GENE_UNAVAILABLE,,,,,UNMAPPED,,,,,,,,,,,,,,,"",no catalogue holds this CpG-gene pair and no distance could be computed,,
cg06068801,cg06068801_TC21_T1_PPP1R1B,PPP1R1B,8,Dopamine,cg06068801,PPP1R1B,-1,higher methylation -> LOWER expression,,smr_moderate,,"0.84-0.86 (SMR tier S2, single instrument; validated n=6,008)",FALSE,-1,-1,-1,S2,9.526e-15,1,3225,TRUE,,0,,PGAP3,,0.4517,A,REQUESTED_GENE_UNAVAILABLE,PGAP3,,0.4852,A,REQUESTED_GENE_UNAVAILABLE,,,,,UNMAPPED,,,,,,,,,,IKZF3,nasal_epithelium,IKZF3:+1,,TRUE,"measured association is with IKZF3, not the requested gene - check which gene this CpG actually tracks","causal direction from SMR (blood); consistent with methylation affecting expression AND with linkage - HEIDI not run | measured association is with IKZF3, not the requested gene",0.7,0.15
cg06087101,cg06087101_TC21_T1_FKBP5,FKBP5,2,HPA axis & glucocorticoid signalling,cg06087101,FKBP5,,,,no_evidence,,,FALSE,,,,,,,,,,0,,,,,,UNMAPPED,FKBP5,,0.3409,B,ABSTAIN,FKBP5,,0.0131,B,ABSTAIN,,,,,,,,,,,,,,,"",no catalogue holds this CpG-gene pair and no distance could be computed,,
cg06096336,cg06096336_TC21_T1_HTR2B,HTR2B,9,Serotonin,cg06096336,HTR2B,,,,no_evidence,,,FALSE,,,,,,,,,,0,,HTR2B,,0.4276,B,ABSTAIN,PSMD1,,0.0288,B,REQUESTED_GENE_UNAVAILABLE,ARMC9,,0.1244,B,REQUESTED_GENE_UNAVAILABLE,,,,,,,,,,,,,,,"",no catalogue holds this CpG-gene pair and no distance could be computed,,
cg06100421,cg06100421_TC21_T1_MEST,MEST,21,Imprinted genes & DMRs,cg06100421,MEST,,,,no_evidence,,,FALSE,,,,,,,,,,0,,CPA5,,0.7056,A,REQUESTED_GENE_UNAVAILABLE,ARHGAP18,,0.4852,A,REQUESTED_GENE_UNAVAILABLE,CPA5,,0.2027,A,REQUESTED_GENE_UNAVAILABLE,,,,,,,,,,,,,,,"",no catalogue holds this CpG-gene pair and no distance could be computed,,
cg06111286,cg06111286_TC21_T1_IL12B,IL12B,24,"Immune, inflammation & HLA",cg06111286,IL12B,,,,no_evidence,,,FALSE,,,,,,,,,,0,,,,,,UNMAPPED,,,,,UNMAPPED,SERAC1,,0.0131,B,REQUESTED_GENE_UNAVAILABLE,,,,,,,,,,,,,,,"",no catalogue holds this CpG-gene pair and no distance could be computed,,
cg06115614,cg06115614_BC21_T1_GATA2,GATA2,4,Sex steroids: receptors & metabolism,cg06115614,GATA2,,,,no_evidence,,,FALSE,,,,,,,,,,0,,,,,,UNMAPPED,,,,,UNMAPPED,,,,,UNMAPPED,,,,,,,,,,,,,,,"",no catalogue holds this CpG-gene pair and no distance could be computed,,
cg06121352,cg06121352_TC21_T1_GRM1,GRM1,16,Glutamate & synaptic scaffolding,cg06121352,GRM1,,,,no_evidence,,,FALSE,,,,,,,,,,0,,,,,,UNMAPPED,,,,,UNMAPPED,SHPRH,,0.1667,B,REQUESTED_GENE_UNAVAILABLE,,,,,,,,,,,,,,,"",no catalogue holds this CpG-gene pair and no distance could be computed,,
cg06131755,cg06131755_TC21_T1_SOD2,SOD2,29,Oxidative stress & mitochondria,cg06131755,SOD2,-1,higher methylation -> LOWER expression,,smr_high,B,"0.95-0.97 (SMR tier S1, concordant instruments; validated n=2,141)",FALSE,-1,-1,-1,S1,5.034e-43,2,40619,TRUE,,1,1,LOC401281,,0.6537,A,REQUESTED_GENE_UNAVAILABLE,SOD2,-1,0.6433,B,PREDICTED,SOD2,,0.4326,B,ABSTAIN,,,,,,,,,,LOC401281,blood,LOC401281:-1,,TRUE,"measured association is with LOC401281, not the requested gene - check which gene this CpG actually tracks","causal direction from SMR (blood); consistent with methylation affecting expression AND with linkage - HEIDI not run | measured association is with LOC401281, not the requested gene",0.7,0.15
cg06131859,cg06131859_TC21_T1_KYNU,KYNU,15,Kynurenine pathway,cg06131859,KYNU,,,,no_evidence,,,FALSE,,,,,,,,,,0,,YIPF5,,0.3429,A,REQUESTED_GENE_UNAVAILABLE,,,,,UNMAPPED,YIPF5,,0.1474,B,REQUESTED_GENE_UNAVAILABLE,,,,,,,,,,,,,,,"",no catalogue holds this CpG-gene pair and no distance could be computed,,
cg06149034,cg06149034_BC21_T1_ADRA2C,ADRA2C,10,Noradrenaline & sympathetic nervous system,cg06149034,ADRA2C,,,,no_evidence,,,FALSE,,,,,,,,,,0,,TPRG1L,,0.126,A,REQUESTED_GENE_UNAVAILABLE,,,,,UNMAPPED,,,,,UNMAPPED,,,,,,,,,,,,,,,"",no catalogue holds this CpG-gene pair and no distance could be computed,,
cg06149357,cg06149357_TC21_T1_SRD5A2,SRD5A2,4,Sex steroids: receptors & metabolism,cg06149357,SRD5A2,,,,no_evidence,,,FALSE,,,,,,,,,,0,,,,,,UNMAPPED,XDH,,0.0694,B,REQUESTED_GENE_UNAVAILABLE,EHMT2,,0.0131,B,REQUESTED_GENE_UNAVAILABLE,,,,,,,,,,,,,,,"",no catalogue holds this CpG-gene pair and no distance could be computed,,
cg06175090,cg06175090_BC21_T1_GUCY1A1,GUCY1A1,6,Libido & sexual function,cg06175090,GUCY1A1,,,,no_evidence,,,FALSE,,,,,,,,,,0,,,,,,UNMAPPED,,,,,UNMAPPED,,,,,UNMAPPED,,,,,,,,,,,,,,,"",no catalogue holds this CpG-gene pair and no distance could be computed,,
cg06179486,cg06179486_BC11_T1_NNAT,NNAT,21,Imprinted genes & DMRs,cg06179486,NNAT,,,,no_evidence,,,FALSE,,,,,,,,,,0,,,,,,UNMAPPED,BLCAP,,0.3409,A,REQUESTED_GENE_UNAVAILABLE,SRC,,0.1815,B,REQUESTED_GENE_UNAVAILABLE,,,,,,,,,,,,,,,"",no catalogue holds this CpG-gene pair and no distance could be computed,,
cg06198069,cg06198069_BC11_T1_NNAT,NNAT,21,Imprinted genes & DMRs,cg06198069,NNAT,,,,no_evidence,,,FALSE,,,,,,,,,,0,,,,,,UNMAPPED,BLCAP,,0.0501,A,REQUESTED_GENE_UNAVAILABLE,SRC,,0.1815,B,REQUESTED_GENE_UNAVAILABLE,,,,,,,,,,,,,,,"",no catalogue holds this CpG-gene pair and no distance could be computed,,
cg06198139,cg06198139_TC21_T1_SLC19A1,SLC19A1,22,One-carbon metabolism,cg06198139,SLC19A1,,,,no_evidence,,,FALSE,,,,,,,,,,0,,,,,,UNMAPPED,,,,,UNMAPPED,,,,,UNMAPPED,,,,,,,,,,,,,,,"",no catalogue holds this CpG-gene pair and no distance could be computed,,
cg06205108,cg06205108_TC21_T1_CRY1,CRY1,23,Circadian & melatonin,cg06205108,CRY1,,,,no_evidence,,,FALSE,,,,,,,,,,0,,MTERF2,,0.1971,B,REQUESTED_GENE_UNAVAILABLE,MTERF2,,0.0694,B,REQUESTED_GENE_UNAVAILABLE,,,,,UNMAPPED,,,,,,,,,,,,,,,"",no catalogue holds this CpG-gene pair and no distance could be computed,,
cg06212135,cg06212135_TC21_T1_MEST,MEST,21,Imprinted genes & DMRs,cg06212135,MEST,,,,no_evidence,,,FALSE,,,,,,,,,,0,,CPA5,,0.7056,A,REQUESTED_GENE_UNAVAILABLE,ARHGAP18,,0.4852,A,REQUESTED_GENE_UNAVAILABLE,CPA5,,0.2027,A,REQUESTED_GENE_UNAVAILABLE,,,,,,,,,,,,,,,"",no catalogue holds this CpG-gene pair and no distance could be computed,,
cg06232846,cg06232846_BC21_T1_NLGN3,NLGN3,25,Social-synaptic & psychiatric risk,cg06232846,NLGN3,,,,no_evidence,,,FALSE,,,,,,,,,,0,,,,,,UNMAPPED,,,,,UNMAPPED,,,,,UNMAPPED,,,,,,,,,,,,,,,"",no catalogue holds this CpG-gene pair and no distance could be computed,,
cg06258780,cg06258780_TC21_T1_MTRR,MTRR,22,One-carbon metabolism,cg06258780,MTRR,,,,no_evidence,,,FALSE,,,,,,,,,,0,,PCP2,,0.2377,A,REQUESTED_GENE_UNAVAILABLE,,,,,UNMAPPED,,,,,UNMAPPED,,,,,,,,,,,,,,,"",no catalogue holds this CpG-gene pair and no distance could be computed,,
cg06264984,cg06264984_TC21_T1_CYP1B1,CYP1B1,4,Sex steroids: receptors & metabolism,cg06264984,CYP1B1,1,higher methylation -> HIGHER expression,,smr_high,,"0.95-0.97 (SMR tier S1, concordant instruments; validated n=2,141)",FALSE,1,1,1,S1,6.19e-96,2,14695,TRUE,,0,,ZNF37A,,0.2377,A,REQUESTED_GENE_UNAVAILABLE,RMDN2,,0.4852,A,REQUESTED_GENE_UNAVAILABLE,RMDN2,,0.0131,B,REQUESTED_GENE_UNAVAILABLE,,,,,,,,,,,,,,,"",causal direction from SMR (blood); consistent with methylation affecting expression AND with linkage - HEIDI not run,0.7,0.85
cg06271237,cg06271237_BC21_T1_PLAGL1,PLAGL1,21,Imprinted genes & DMRs,cg06271237,PLAGL1,-1,higher methylation -> LOWER expression,0.3429,catalogue_single,A,"0.62-0.87 (tier A, one tissue only)",FALSE,-1,-1,,,,,,,,1,1,PLAGL1,-1,0.3429,A,PREDICTED,PLAGL1,,0.1556,B,ABSTAIN,PLAGL1,,0.0131,B,ABSTAIN,,,,,,,,,,,,,,,"",only one tissue called; no cross-tissue corroboration,0.3429,0.32855
cg06272112,cg06272112_BC21_T1_ADCY3,ADCY3,19,GPCR signalling & second messengers,cg06272112,ADCY3,,,,no_evidence,,,FALSE,,,,,,,,,,0,,SRRM1,,0.1852,A,REQUESTED_GENE_UNAVAILABLE,PTRHD1,,0.3889,A,REQUESTED_GENE_UNAVAILABLE,SRRM1,,0.1815,A,REQUESTED_GENE_UNAVAILABLE,,,,,,,,,,,,,,,"",no catalogue holds this CpG-gene pair and no distance could be computed,,
cg06285340,cg06285340_BC21_T1_CYP11A1,CYP11A1,3,Steroidogenesis (adrenal & gonadal),cg06285340,CYP11A1,,,,no_evidence,,,FALSE,,,,,,,,,,0,,MRPL53,,0.126,A,REQUESTED_GENE_UNAVAILABLE,SEMA7A,,0.1453,A,REQUESTED_GENE_UNAVAILABLE,MRPL53,,0.1667,B,REQUESTED_GENE_UNAVAILABLE,,,,,,,,,,,,,,,"",no catalogue holds this CpG-gene pair and no distance could be computed,,
cg06293382,cg06293382_TC21_T1_PRKACA,PRKACA,19,GPCR signalling & second messengers,cg06293382,PRKACA,,,,no_evidence,,,FALSE,,,,,,,,,,0,,LOC113230,,0.298,A,REQUESTED_GENE_UNAVAILABLE,IL27RA,,0.4583,A,REQUESTED_GENE_UNAVAILABLE,,,,,UNMAPPED,,,,,,,,,,,,,,,"",no catalogue holds this CpG-gene pair and no distance could be computed,,
cg06304841,cg06304841_TC21_T1_ASPA,ASPA,28,"Ageing, epigenetic clocks & telomere",cg06304841,ASPA,,,,no_evidence,,,FALSE,,,,,,,,,,0,,SDK1,,0.0153,A,REQUESTED_GENE_UNAVAILABLE,SDK1,,0.1453,B,REQUESTED_GENE_UNAVAILABLE,SDK1,,0.4431,B,REQUESTED_GENE_UNAVAILABLE,,,,,,,,,,,,,,,"",no catalogue holds this CpG-gene pair and no distance could be computed,,
cg06324048,cg06324048_TC21_T1_GNAS,GNAS,19,GPCR signalling & second messengers,cg06324048,GNAS,,,,no_evidence,,,FALSE,,,,,,,,,,0,,CTSZ,,0.4648,A,REQUESTED_GENE_UNAVAILABLE,CTSZ,,0.3409,B,REQUESTED_GENE_UNAVAILABLE,,,,,UNMAPPED,,,,,,,,,,,,,,,"",no catalogue holds this CpG-gene pair and no distance could be computed,,
cg06337557,cg06337557_TC21_T1_MTNR1B,MTNR1B,23,Circadian & melatonin,cg06337557,MTNR1B,,,,no_evidence,,,FALSE,,,,,,,,,,0,,,,,,UNMAPPED,,,,,UNMAPPED,,,,,UNMAPPED,,,,,,,,,,,,,,,"",no catalogue holds this CpG-gene pair and no distance could be computed,,
cg06342416,cg06342416_TC11_T1_TRPM2,TRPM2,1,"Oxytocin, vasopressin & CICR",cg06342416,TRPM2,,,,tissue_conflict,A,,FALSE,,,,,,,,,,2,0.5,TRPM2,-1,0.7056,A,PREDICTED,TRPM2,1,0.4658,A,PREDICTED,TRPM2,,0.4386,B,ABSTAIN,,,,,,,,,,,,,,,"",tissues returned opposite directions; not resolved,,
cg06346099,cg06346099_TC21_T1_SOD2,SOD2,29,Oxidative stress & mitochondria,cg06346099,SOD2,-1,higher methylation -> LOWER expression,1,measured,,"~1.00 (measured, not predicted)",FALSE,-1,-1,-1,S2,9.935e-14,1,38309,TRUE,,0,,LOC401281,,0.298,A,REQUESTED_GENE_UNAVAILABLE,SOD2,,0.0695,B,ABSTAIN,SOD2,,0.0131,B,DIRECT_eQTM,,,,,,,,,,SOD2,solid_tissue,SOD2:-1,-1,FALSE,"","",1,0
cg06346307,cg06346307_BC21_T1_COMT,COMT,8,Dopamine,cg06346307,COMT,-1,higher methylation -> LOWER expression,,smr_moderate,,"0.84-0.86 (SMR tier S2, single instrument; validated n=6,008)",FALSE,-1,-1,-1,S2,2.821e-35,1,6651,TRUE,,0,,COMT;MIR4761,,0.3429,A,REQUESTED_GENE_UNAVAILABLE,ARVCF,,0.3409,A,REQUESTED_GENE_UNAVAILABLE,TBX1,,0.0131,B,REQUESTED_GENE_UNAVAILABLE,,,,,,,,,,,,,,,"",causal direction from SMR (blood); consistent with methylation affecting expression AND with linkage - HEIDI not run,0.7,0.15
cg06354774,cg06354774_TC21_T1_FKBP1A,FKBP1A,1,"Oxytocin, vasopressin & CICR",cg06354774,FKBP1A,,,,no_evidence,,,FALSE,,,,,,,,,,0,,SIRPB2,,0.126,B,REQUESTED_GENE_UNAVAILABLE,SDCBP2,,0.139,B,REQUESTED_GENE_UNAVAILABLE,SDCBP2,,0.1815,B,REQUESTED_GENE_UNAVAILABLE,,,,,,,,,,,,,,,"",no catalogue holds this CpG-gene pair and no distance could be computed,,
cg06356924,cg06356924_BC21_T1_PPARGC1A,PPARGC1A,27,Appetite & metabolic programming,cg06356924,PPARGC1A,,,,no_evidence,,,FALSE,,,,,,,,,,0,,,,,,UNMAPPED,,,,,UNMAPPED,,,,,UNMAPPED,,,,,,,,,,,,,,,"",no catalogue holds this CpG-gene pair and no distance could be computed,,
cg06359892,cg06359892_BC21_T1_ITPR2,ITPR2,1,"Oxytocin, vasopressin & CICR",cg06359892,ITPR2,,,,no_evidence,,,FALSE,,,,,,,,,,0,,BHLHE41,,0.2377,B,REQUESTED_GENE_UNAVAILABLE,SSPN,,0.1239,B,REQUESTED_GENE_UNAVAILABLE,,,,,UNMAPPED,,,,,,,,,,,,,,,"",no catalogue holds this CpG-gene pair and no distance could be computed,,
cg06370600,cg06370600_BC21_T1_KYAT1,KYAT1,15,Kynurenine pathway,cg06370600,KYAT1,,,,no_evidence,,,FALSE,,,,,,,,,,0,,SPOUT1,,0.1852,A,REQUESTED_GENE_UNAVAILABLE,KYAT1,,0.1453,B,ABSTAIN,LRRC8A,,0.1667,A,REQUESTED_GENE_UNAVAILABLE,,,,,,,,,,,,,,,"",no catalogue holds this CpG-gene pair and no distance could be computed,,
cg06391251,cg06391251_BC21_T1_SLC12A5,SLC12A5,17,GABA & excitation-inhibition balance,cg06391251,SLC12A5,,,,no_evidence,,,FALSE,,,,,,,,,,0,,CD40,,0.298,A,REQUESTED_GENE_UNAVAILABLE,MMP9,,0.31,A,REQUESTED_GENE_UNAVAILABLE,PLTP,,0.0131,B,REQUESTED_GENE_UNAVAILABLE,,,,,,,,,,,,,,,"",no catalogue holds this CpG-gene pair and no distance could be computed,,
cg06397379,cg06397379_BC21_T1_NRG1,NRG1,25,Social-synaptic & psychiatric risk,cg06397379,NRG1,,,,no_evidence,,,FALSE,,,,,,,,,,0,,TUG1,,0.298,B,REQUESTED_GENE_UNAVAILABLE,,,,,UNMAPPED,DNMT3B,,0.0131,B,REQUESTED_GENE_UNAVAILABLE,,,,,,,,,,,,,,,"",no catalogue holds this CpG-gene pair and no distance could be computed,,
cg06429434,cg06429434_BC21_T1_DIO2,DIO2,26,Thyroid & neurodevelopment,cg06429434,DIO2,,,,no_evidence,,,FALSE,,,,,,,,,,0,,,,,,UNMAPPED,DIO2,,0.0694,A,ABSTAIN,FAH,,0.2027,B,REQUESTED_GENE_UNAVAILABLE,,,,,,,,,,,,,,,"",no catalogue holds this CpG-gene pair and no distance could be computed,,
cg06437840,cg06437840_TC11_T1_HLA_DPB1,HLA-DPB1,24,"Immune, inflammation & HLA",cg06437840,HLA-DPB1,1,higher methylation -> HIGHER expression,0.9636,catalogue_single,A,"0.62-0.87 (tier A, one tissue only)",FALSE,1,1,1,S3,4.908e-25,2,811,TRUE,,1,1,HLA-DPB1,1,0.9636,A,PREDICTED,HLA-DPB1,,0.2479,A,ABSTAIN,DYNLRB1,,0.1244,B,REQUESTED_GENE_UNAVAILABLE,,,,,,,,,,HLA-DPA1,blood,HLA-DPA1:+1,,TRUE,"measured association is with HLA-DPA1, not the requested gene - check which gene this CpG actually tracks","only one tissue called; no cross-tissue corroboration | measured association is with HLA-DPA1, not the requested gene",0.9636,0.9818
cg06451957,cg06451957_TC21_T1_IL12B,IL12B,24,"Immune, inflammation & HLA",cg06451957,IL12B,,,,no_evidence,,,FALSE,,,,,,,,,,0,,,,,,UNMAPPED,,,,,UNMAPPED,SERAC1,,0.0131,B,REQUESTED_GENE_UNAVAILABLE,,,,,,,,,,,,,,,"",no catalogue holds this CpG-gene pair and no distance could be computed,,
cg06469817,cg06469817_TC21_T1_PLCB1,PLCB1,1,"Oxytocin, vasopressin & CICR",cg06469817,PLCB1,,,,no_evidence,,,FALSE,,,,,,,,,,0,,,,,,UNMAPPED,,,,,UNMAPPED,,,,,UNMAPPED,,,,,,,,,,,,,,,"",no catalogue holds this CpG-gene pair and no distance could be computed,,
cg06476131,cg06476131_BC21_T1_HTR2A,HTR2A,9,Serotonin,cg06476131,HTR2A,,,,no_evidence,,,FALSE,,,,,,,,,,0,,ESD,,0.058,B,REQUESTED_GENE_UNAVAILABLE,ESD,,0.8457,A,REQUESTED_GENE_UNAVAILABLE,,,,,UNMAPPED,,,,,,,,,,,,,,,"",no catalogue holds this CpG-gene pair and no distance could be computed,,
cg06488150,cg06488150_BC21_T1_DAGLB,DAGLB,14,Endocannabinoid,cg06488150,DAGLB,,,,no_evidence,,,FALSE,,,,,,,,,,0,,SMPD1,,0.289,A,REQUESTED_GENE_UNAVAILABLE,KDELR2,,0.1453,B,REQUESTED_GENE_UNAVAILABLE,SMPD1,,0.1667,B,REQUESTED_GENE_UNAVAILABLE,,,,,,,,,,,,,,,"",no catalogue holds this CpG-gene pair and no distance could be computed,,
cg06492144,cg06492144_TC11_T1_SRD5A2,SRD5A2,4,Sex steroids: receptors & metabolism,cg06492144,SRD5A2,,,,no_evidence,,,FALSE,,,,,,,,,,0,,,,,,UNMAPPED,XDH,,0.0694,B,REQUESTED_GENE_UNAVAILABLE,EHMT2,,0.0131,B,REQUESTED_GENE_UNAVAILABLE,,,,,,,,,,,,,,,"",no catalogue holds this CpG-gene pair and no distance could be computed,,
cg06495038,cg06495038_TC21_T1_CRHBP,CRHBP,2,HPA axis & glucocorticoid signalling,cg06495038,CRHBP,,,,no_evidence,,,FALSE,,,,,,,,,,0,,S100Z,,0.2377,B,REQUESTED_GENE_UNAVAILABLE,,,,,UNMAPPED,,,,,UNMAPPED,,,,,,,,,,,,,,,"",no catalogue holds this CpG-gene pair and no distance could be computed,,
cg06512271,cg06512271_TC21_T1_ADCY2,ADCY2,19,GPCR signalling & second messengers,cg06512271,ADCY2,,,,no_evidence,,,FALSE,,,,,,,,,,0,,MPDU1,,0.1897,B,REQUESTED_GENE_UNAVAILABLE,,,,,UNMAPPED,,,,,UNMAPPED,,,,,,,,,,,,,,,"",no catalogue holds this CpG-gene pair and no distance could be computed,,
cg06522206,cg06522206_TC21_T1_NOS1,NOS1,1,"Oxytocin, vasopressin & CICR",cg06522206,NOS1,,,,no_evidence,,,FALSE,,,,,,,,,,0,,,,,,UNMAPPED,,,,,UNMAPPED,,,,,UNMAPPED,,,,,,,,,,,,,,,"",no catalogue holds this CpG-gene pair and no distance could be computed,,
cg06556337,cg06556337_BC21_T1_POR,POR,3,Steroidogenesis (adrenal & gonadal),cg06556337,POR,,,,no_evidence,,,FALSE,,,,,,,,,,0,,POR;MIR4651,,0.0733,A,REQUESTED_GENE_UNAVAILABLE,CCL26,,0,B,REQUESTED_GENE_UNAVAILABLE,,,,,UNMAPPED,,,,,,,,,,,,,,,"",no catalogue holds this CpG-gene pair and no distance could be computed,,
cg06558952,cg06558952_BC21_T1_MAOA,MAOA,11,"Monoamine synthesis, transport & degradation",cg06558952,MAOA,,,,no_evidence,,,FALSE,,,,,,,,,,0,,,,,,UNMAPPED,,,,,UNMAPPED,,,,,UNMAPPED,,,,,,,,,,,,,,,"",no catalogue holds this CpG-gene pair and no distance could be computed,,
cg06562836,cg06562836_TC21_T1_GRIA1,GRIA1,16,Glutamate & synaptic scaffolding,cg06562836,GRIA1,,,,no_evidence,,,FALSE,,,,,,,,,,0,,,,,,UNMAPPED,,,,,UNMAPPED,,,,,UNMAPPED,,,,,,,,,,,,,,,"",no catalogue holds this CpG-gene pair and no distance could be computed,,
cg06571187,cg06571187_BC21_T1_HSD11B1,HSD11B1,2,HPA axis & glucocorticoid signalling,cg06571187,HSD11B1,,,,no_evidence,,,FALSE,,,,,,,,,,0,,UTP25,,0.0365,B,REQUESTED_GENE_UNAVAILABLE,G0S2,,0.0695,A,REQUESTED_GENE_UNAVAILABLE,,,,,UNMAPPED,,,,,,,,,,,,,,,"",no catalogue holds this CpG-gene pair and no distance could be computed,,
cg06595595,cg06595595_BC21_T1_GNAL,GNAL,8,Dopamine,cg06595595,GNAL,,,,no_evidence,,,FALSE,,,,,,,,,,0,,,,,,UNMAPPED,,,,,UNMAPPED,,,,,UNMAPPED,,,,,,,,,,,,,,,"",no catalogue holds this CpG-gene pair and no distance could be computed,,
cg06604249,cg06604249_TC21_T1_ABAT,ABAT,17,GABA & excitation-inhibition balance,cg06604249,ABAT,1,higher methylation -> HIGHER expression,0.9394,catalogue_single,A,"0.62-0.87 (tier A, one tissue only)",FALSE,1,1,,,,,,,,1,1,ABAT,1,0.9394,A,PREDICTED,ABAT,,0.1453,B,ABSTAIN,RERE,,0.2027,B,REQUESTED_GENE_UNAVAILABLE,,,,,,,,,,,,,,,"",only one tissue called; no cross-tissue corroboration,0.9394,0.9697
cg06615152,cg06615152_BC21_T1_AMH,AMH,5,"HPG axis, puberty & KNDy",cg06615152,AMH,-1,higher methylation -> LOWER expression,,smr_high,,"0.95-0.97 (SMR tier S1, concordant instruments; validated n=2,141)",FALSE,-1,-1,-1,S1,7.042e-31,2,192,TRUE,,0,,JSRP1,,0.4276,A,REQUESTED_GENE_UNAVAILABLE,PLEKHJ1,,0.8866,A,REQUESTED_GENE_UNAVAILABLE,PLEKHJ1,,0.1667,A,REQUESTED_GENE_UNAVAILABLE,,,,,,,,,,,,,,,"",causal direction from SMR (blood); consistent with methylation affecting expression AND with linkage - HEIDI not run,0.7,0.15
cg06639320,cg06639320_TC21_T1_FHL2,FHL2,28,"Ageing, epigenetic clocks & telomere",cg06639320,FHL2,1,higher methylation -> HIGHER expression,,smr_weak,,"0.66-0.75 (SMR tier S3, instruments disagree; validated n=456)",FALSE,1,1,1,S3,1.312e-68,2,1175,TRUE,,0,,,,,,UNMAPPED,,,,,UNMAPPED,,,,,UNMAPPED,,,,,,,,,,,,,,,"",causal direction from SMR (blood); consistent with methylation affecting expression AND with linkage - HEIDI not run,0.7,0.85
cg06671773,cg06671773_TC21_T1_UGT2B7,UGT2B7,4,Sex steroids: receptors & metabolism,cg06671773,UGT2B7,,,,no_evidence,,,FALSE,,,,,,,,,,0,,UGT2B11,,0.0365,B,REQUESTED_GENE_UNAVAILABLE,UGT2B7,,0.0695,A,ABSTAIN,,,,,UNMAPPED,,,,,,,,,,,,,,,"",no catalogue holds this CpG-gene pair and no distance could be computed,,
cg06671775,cg06671775_TC21_T1_UGT2B7,UGT2B7,4,Sex steroids: receptors & metabolism,cg06671775,UGT2B7,,,,no_evidence,,,FALSE,,,,,,,,,,0,,UGT2B11,,0.0365,B,REQUESTED_GENE_UNAVAILABLE,UGT2B7,,0.0695,A,ABSTAIN,,,,,UNMAPPED,,,,,,,,,,,,,,,"",no catalogue holds this CpG-gene pair and no distance could be computed,,
cg06685875,cg06685875_TC21_T1_PCSK1,PCSK1,2,HPA axis & glucocorticoid signalling,cg06685875,PCSK1,,,,no_evidence,,,FALSE,,,,,,,,,,0,,,,,,UNMAPPED,,,,,UNMAPPED,,,,,UNMAPPED,,,,,,,,,,,,,,,"",no catalogue holds this CpG-gene pair and no distance could be computed,,
cg06686789,cg06686789_BC21_T1_SLC18A1,SLC18A1,10,Noradrenaline & sympathetic nervous system,cg06686789,SLC18A1,,,,no_evidence,,,FALSE,,,,,,,,,,0,,LINC00954,,0.0365,B,REQUESTED_GENE_UNAVAILABLE,,,,,UNMAPPED,,,,,UNMAPPED,,,,,,,,,,,,,,,"",no catalogue holds this CpG-gene pair and no distance could be computed,,
cg06740650,cg06740650_BC21_T1_HSP90AA1,HSP90AA1,2,HPA axis & glucocorticoid signalling,cg06740650,HSP90AA1,,,,no_evidence,,,FALSE,,,,,,,,,,0,,NUP37,,0.2377,B,REQUESTED_GENE_UNAVAILABLE,,,,,UNMAPPED,,,,,UNMAPPED,,,,,,,,,,,,,,,"",no catalogue holds this CpG-gene pair and no distance could be computed,,
cg06743811,cg06743811_BC21_T1_NDN,NDN,21,Imprinted genes & DMRs,cg06743811,NDN,,,,no_evidence,,,FALSE,,,,,,,,,,0,,NR1D2,,0.3429,A,REQUESTED_GENE_UNAVAILABLE,,,,,UNMAPPED,,,,,UNMAPPED,,,,,,,,,,,,,,,"",no catalogue holds this CpG-gene pair and no distance could be computed,,
cg06748147,cg06748147_TC21_T1_CSNK1E,CSNK1E,23,Circadian & melatonin,cg06748147,CSNK1E,-1,higher methylation -> LOWER expression,,smr_moderate,,"0.84-0.86 (SMR tier S2, single instrument; validated n=6,008)",FALSE,-1,-1,-1,S2,3.962e-39,1,26325,TRUE,,0,,,,,,UNMAPPED,TMEM184B,,0.7966,A,REQUESTED_GENE_UNAVAILABLE,PLA2G6,,0.2027,A,REQUESTED_GENE_UNAVAILABLE,,,,,,,,,,,,,,,"",causal direction from SMR (blood); consistent with methylation affecting expression AND with linkage - HEIDI not run,0.7,0.15
cg06758369,cg06758369_BC21_T1_GABRA1,GABRA1,17,GABA & excitation-inhibition balance,cg06758369,GABRA1,,,,no_evidence,,,FALSE,,,,,,,,,,0,,,,,,UNMAPPED,,,,,UNMAPPED,,,,,UNMAPPED,,,,,,,,,,,,,,,"",no catalogue holds this CpG-gene pair and no distance could be computed,,
cg06774124,cg06774124_BC21_T1_TSC22D3,TSC22D3,2,HPA axis & glucocorticoid signalling,cg06774124,TSC22D3,,,,no_evidence,,,FALSE,,,,,,,,,,0,,,,,,UNMAPPED,,,,,UNMAPPED,,,,,UNMAPPED,,,,,,,,,,,,,,,"",no catalogue holds this CpG-gene pair and no distance could be computed,,
cg06783054,cg06783054_BC21_T1_SLC6A1,SLC6A1,17,GABA & excitation-inhibition balance,cg06783054,SLC6A1,,,,no_evidence,,,FALSE,,,,,,,,,,0,,DEXI,,0.2377,B,REQUESTED_GENE_UNAVAILABLE,,,,,UNMAPPED,NDUFA4,,0.0131,B,REQUESTED_GENE_UNAVAILABLE,,,,,,,,,,,,,,,"",no catalogue holds this CpG-gene pair and no distance could be computed,,
cg06783196,cg06783196_BC21_T1_GRM4,GRM4,16,Glutamate & synaptic scaffolding,cg06783196,GRM4,,,,no_evidence,,,FALSE,,,,,,,,,,0,,,,,,UNMAPPED,,,,,UNMAPPED,,,,,UNMAPPED,,,,,,,,,,,,,,,"",no catalogue holds this CpG-gene pair and no distance could be computed,,
cg06783548,cg06783548_TC11_T1_SYN1,SYN1,18,Neurotrophins & activity-dependent plasticity,cg06783548,SYN1,,,,no_evidence,,,FALSE,,,,,,,,,,0,,,,,,UNMAPPED,,,,,UNMAPPED,,,,,UNMAPPED,,,,,,,,,,,,,,,"",no catalogue holds this CpG-gene pair and no distance could be computed,,
cg06796522,cg06796522_BC21_T1_DAGLB,DAGLB,14,Endocannabinoid,cg06796522,DAGLB,,,,no_evidence,,,FALSE,,,,,,,,,,0,,SMPD1,,0.1897,A,REQUESTED_GENE_UNAVAILABLE,KDELR2,,0.1453,B,REQUESTED_GENE_UNAVAILABLE,SMPD1,,0.1667,B,REQUESTED_GENE_UNAVAILABLE,,,,,,,,,,,,,,,"",no catalogue holds this CpG-gene pair and no distance could be computed,,
cg06796779,cg06796779_BC11_T1_GATA2,GATA2,4,Sex steroids: receptors & metabolism,cg06796779,GATA2,,,,no_evidence,,,FALSE,,,,,,,,,,0,,,,,,UNMAPPED,,,,,UNMAPPED,,,,,UNMAPPED,,,,,,,,,,,,,,,"",no catalogue holds this CpG-gene pair and no distance could be computed,,
cg06809344,cg06809344_BC21_T1_GABRB3,GABRB3,17,GABA & excitation-inhibition balance,cg06809344,GABRB3,1,higher methylation -> HIGHER expression,0.6296,catalogue_single,A,"0.62-0.87 (tier A, one tissue only)",FALSE,1,1,,,,,,,,1,1,,,,,UNMAPPED,GABRB3,,0.4583,B,ABSTAIN,GABRB3,1,0.6296,A,PREDICTED,,,,,,,,,,,,,,,"",only one tissue called; no cross-tissue corroboration,0.6296,0.8148
cg06836480,cg06836480_BC21_T1_DHRS9,DHRS9,5,"HPG axis, puberty & KNDy",cg06836480,DHRS9,-1,higher methylation -> LOWER expression,,smr_moderate,,"0.84-0.86 (SMR tier S2, single instrument; validated n=6,008)",FALSE,-1,-1,-1,S2,1.932e-101,1,8737,TRUE,,0,,,,,,UNMAPPED,,,,,UNMAPPED,,,,,UNMAPPED,,,,,,,,,,,,,,,"",causal direction from SMR (blood); consistent with methylation affecting expression AND with linkage - HEIDI not run,0.7,0.15
cg06882486,cg06882486_BC21_T1_TRPM2,TRPM2,1,"Oxytocin, vasopressin & CICR",cg06882486,TRPM2,-1,higher methylation -> LOWER expression,0.4326,catalogue_single,A,"0.62-0.87 (tier A, one tissue only)",FALSE,-1,-1,,,,,,,,1,1,TRPM2,,0.0365,B,ABSTAIN,TRPM2,,0.0695,B,ABSTAIN,TRPM2,-1,0.4326,A,PREDICTED,,,,,,,,,,,,,,,"",only one tissue called; no cross-tissue corroboration,0.4326,0.2837
cg06898957,cg06898957_TC21_T1_NFKB1,NFKB1,24,"Immune, inflammation & HLA",cg06898957,NFKB1,,,,no_evidence,,,FALSE,,,,,,,,,,0,,,,,,UNMAPPED,SLC39A8,,0.1239,B,REQUESTED_GENE_UNAVAILABLE,SLC39A8,,0.1244,A,REQUESTED_GENE_UNAVAILABLE,,,,,,,,,,,,,,,"",no catalogue holds this CpG-gene pair and no distance could be computed,,
cg06900008,cg06900008_BC21_T1_LEPR,LEPR,27,Appetite & metabolic programming,cg06900008,LEPR,,,,no_evidence,,,FALSE,,,,,,,,,,0,,LEPR;LEPROT,,0.0365,B,REQUESTED_GENE_UNAVAILABLE,,,,,UNMAPPED,,,,,UNMAPPED,,,,,,,,,,,,,,,"",no catalogue holds this CpG-gene pair and no distance could be computed,,
cg06911238,cg06911238_TC21_T1_FAAH,FAAH,14,Endocannabinoid,cg06911238,FAAH,-1,higher methylation -> LOWER expression,1,measured,A,"~1.00 (measured, not predicted)",FALSE,-1,-1,-1,S1,7.561e-83,2,10057,TRUE,,2,0.5,FAAH,-1,0.7056,A,DIRECT_eQTM,FAAH,1,0.5187,A,PREDICTED,PLA2G7,,0.0131,B,REQUESTED_GENE_UNAVAILABLE,,,,,,,,,,FAAH,blood,FAAH:-1,-1,FALSE,"","",1,0
cg06912304,cg06912304_TC21_T1_STIM1,STIM1,1,"Oxytocin, vasopressin & CICR",cg06912304,STIM1,,,,no_evidence,,,FALSE,,,,,,,,,,0,,,,,,UNMAPPED,RRM1,,0.4583,A,REQUESTED_GENE_UNAVAILABLE,EEF2,,0.0131,B,REQUESTED_GENE_UNAVAILABLE,,,,,,,,,,,,,,,"",no catalogue holds this CpG-gene pair and no distance could be computed,,
cg06913600,cg06913600_BC21_T1_HAAO,HAAO,15,Kynurenine pathway,cg06913600,HAAO,,,,no_evidence,,,FALSE,,,,,,,,,,0,,RRP36,,0.126,B,REQUESTED_GENE_UNAVAILABLE,OXER1,,0.4583,A,REQUESTED_GENE_UNAVAILABLE,OXER1,,0.1124,A,REQUESTED_GENE_UNAVAILABLE,,,,,,,,,,,,,,,"",no catalogue holds this CpG-gene pair and no distance could be computed,,
cg06963223,cg06963223_TC21_T1_ADORA2A,ADORA2A,8,Dopamine,cg06963223,ADORA2A,,,,no_evidence,,,FALSE,,,,,,,,,,0,,,,,,UNMAPPED,GGT1,,0.4852,A,REQUESTED_GENE_UNAVAILABLE,ADORA2A,,0.0131,A,ABSTAIN,,,,,,,,,,,,,,,"",no catalogue holds this CpG-gene pair and no distance could be computed,,
cg06980173,cg06980173_BC21_T1_IL6R,IL6R,24,"Immune, inflammation & HLA",cg06980173,IL6R,-1,higher methylation -> LOWER expression,0.7179,catalogue_consensus,A,"0.77-0.87 (tier A, tissues agree)",FALSE,-1,-1,-1,S2,2.1e-19,1,33453,TRUE,-1,2,1,IL6R,-1,0.52,A,PREDICTED,IL6R,-1,0.9158,A,PREDICTED,RPRM,,0.0131,B,REQUESTED_GENE_UNAVAILABLE,,,,,,,,,,,,,,,"","",0.7179,0.14105
cg06991495,cg06991495_BC21_T1_CSNK1E,CSNK1E,23,Circadian & melatonin,cg06991495,CSNK1E,-1,higher methylation -> LOWER expression,,smr_moderate,,"0.84-0.86 (SMR tier S2, single instrument; validated n=6,008)",FALSE,-1,-1,-1,S2,5.785e-42,1,26146,TRUE,,0,,,,,,UNMAPPED,TMEM184B,,0.7966,A,REQUESTED_GENE_UNAVAILABLE,PLA2G6,,0.2027,A,REQUESTED_GENE_UNAVAILABLE,,,,,,,,,,,,,,,"",causal direction from SMR (blood); consistent with methylation affecting expression AND with linkage - HEIDI not run,0.7,0.15
cg07003739,cg07003739_BC21_T1_KCNQ1OT1,KCNQ1OT1,21,Imprinted genes & DMRs,cg07003739,KCNQ1OT1,,,,no_evidence,,,FALSE,,,,,,,,,,0,,VLDLR,,0.0365,B,REQUESTED_GENE_UNAVAILABLE,KCNQ1,,0.6433,B,REQUESTED_GENE_UNAVAILABLE,KCNQ1,,0.7266,A,REQUESTED_GENE_UNAVAILABLE,,,,,,,,,,,,,,,"",no catalogue holds this CpG-gene pair and no distance could be computed,,
cg07012460,cg07012460_TC21_T1_GPER1,GPER1,4,Sex steroids: receptors & metabolism,cg07012460,GPER1,,,,no_evidence,,,FALSE,,,,,,,,,,0,,ERC1,,0.1971,A,REQUESTED_GENE_UNAVAILABLE,ZFAND2A,,0.6433,A,REQUESTED_GENE_UNAVAILABLE,ERC1,,0.0131,A,REQUESTED_GENE_UNAVAILABLE,,,,,,,,,,,,,,,"",no catalogue holds this CpG-gene pair and no distance could be computed,,
cg07016288,cg07016288_TC21_T1_CYP2D6,CYP2D6,30,Pharmacogenes,cg07016288,CYP2D6,-1,higher methylation -> LOWER expression,,smr_moderate,,"0.84-0.86 (SMR tier S2, single instrument; validated n=6,008)",FALSE,-1,-1,-1,S2,6.236e-11,1,1044,TRUE,,0,,CYP2D6,,0.0365,A,ABSTAIN,NDUFA6,,0.31,A,REQUESTED_GENE_UNAVAILABLE,CENPM,,0.1124,B,REQUESTED_GENE_UNAVAILABLE,,,,,,,,,,,,,,,"",causal direction from SMR (blood); consistent with methylation affecting expression AND with linkage - HEIDI not run,0.7,0.15
cg07016914,cg07016914_TC21_T1_CARTPT,CARTPT,27,Appetite & metabolic programming,cg07016914,CARTPT,,,,no_evidence,,,FALSE,,,,,,,,,,0,,,,,,UNMAPPED,,,,,UNMAPPED,TEX261,,0.0131,B,REQUESTED_GENE_UNAVAILABLE,,,,,,,,,,,,,,,"",no catalogue holds this CpG-gene pair and no distance could be computed,,
cg07020773,cg07020773_BC21_T1_IGF1,IGF1,27,Appetite & metabolic programming,cg07020773,IGF1,,,,no_evidence,,,FALSE,,,,,,,,,,0,,,,,,UNMAPPED,IGF1,,0.4583,B,ABSTAIN,,,,,UNMAPPED,,,,,,,,,,,,,,,"",no catalogue holds this CpG-gene pair and no distance could be computed,,
cg07026170,cg07026170_BC21_T1_AFMID,AFMID,15,Kynurenine pathway,cg07026170,AFMID,,,,no_evidence,,,FALSE,,,,,,,,,,0,,AFMID,,0.1971,B,ABSTAIN,SYNGR2,,0.6433,A,REQUESTED_GENE_UNAVAILABLE,,,,,UNMAPPED,,,,,,,,,,,,,,,"",no catalogue holds this CpG-gene pair and no distance could be computed,,
cg07047570,cg07047570_BC11_T1_INSM1,INSM1,9,Serotonin,cg07047570,INSM1,,,,no_evidence,,,FALSE,,,,,,,,,,0,,,,,,UNMAPPED,,,,,UNMAPPED,,,,,UNMAPPED,,,,,,,,,,,,,,,"",no catalogue holds this CpG-gene pair and no distance could be computed,,
cg07047963,cg07047963_BC21_T1_HCRTR1,HCRTR1,13,Orexin / hypocretin & MCH,cg07047963,HCRTR1,,,,no_evidence,,,FALSE,,,,,,,,,,0,,ZNF860,,0.1852,A,REQUESTED_GENE_UNAVAILABLE,TINAGL1,,0.8169,A,REQUESTED_GENE_UNAVAILABLE,ARHGAP12,,0.1667,B,REQUESTED_GENE_UNAVAILABLE,,,,,,,,,,,,,,,"",no catalogue holds this CpG-gene pair and no distance could be computed,,
cg07080864,cg07080864_BC11_T1_PENK,PENK,12,Opioid & melanocortin,cg07080864,PENK,,,,no_evidence,,,FALSE,,,,,,,,,,0,,,,,,UNMAPPED,,,,,UNMAPPED,ZDHHC5,,0.0131,B,REQUESTED_GENE_UNAVAILABLE,,,,,,,,,,,,,,,"",no catalogue holds this CpG-gene pair and no distance could be computed,,
cg07082452,cg07082452_TC11_T1_EGR3,EGR3,18,Neurotrophins & activity-dependent plasticity,cg07082452,EGR3,,,,no_evidence,,,FALSE,,,,,,,,,,0,,PPP3CC,,0.52,A,REQUESTED_GENE_UNAVAILABLE,PDLIM2,,0.8169,A,REQUESTED_GENE_UNAVAILABLE,,,,,UNMAPPED,,,,,,,,,,,,,,,"",no catalogue holds this CpG-gene pair and no distance could be computed,,
cg07092525,cg07092525_TC21_T1_STAR,STAR,3,Steroidogenesis (adrenal & gonadal),cg07092525,STAR,,,,no_evidence,,,FALSE,,,,,,,,,,0,,LSM1,,0.289,B,REQUESTED_GENE_UNAVAILABLE,LSM1,,0.3409,B,REQUESTED_GENE_UNAVAILABLE,SNIP1,,0.0131,A,REQUESTED_GENE_UNAVAILABLE,,,,,,,,,,,,,,,"",no catalogue holds this CpG-gene pair and no distance could be computed,,
cg07096953,cg07096953_BC11_T1_IGF2,IGF2,21,Imprinted genes & DMRs,cg07096953,IGF2,,,,no_evidence,,,FALSE,,,,,,,,,,0,,MAD1L1,,0.1897,A,REQUESTED_GENE_UNAVAILABLE,TNNT3,,0.0501,A,REQUESTED_GENE_UNAVAILABLE,MAD1L1,,0.0131,B,REQUESTED_GENE_UNAVAILABLE,,,,,,,,,,,,,,,"",no catalogue holds this CpG-gene pair and no distance could be computed,,
cg07101082,cg07101082_TC21_T1_NCOA2,NCOA2,4,Sex steroids: receptors & metabolism,cg07101082,NCOA2,,,,no_evidence,,,FALSE,,,,,,,,,,0,,TTC9,,0.3429,B,REQUESTED_GENE_UNAVAILABLE,,,,,UNMAPPED,TTC9,,0.1667,B,REQUESTED_GENE_UNAVAILABLE,,,,,,,,,,,,,,,"",no catalogue holds this CpG-gene pair and no distance could be computed,,
cg07105285,cg07105285_TC11_T1_MTNR1B,MTNR1B,23,Circadian & melatonin,cg07105285,MTNR1B,,,,no_evidence,,,FALSE,,,,,,,,,,0,,,,,,UNMAPPED,,,,,UNMAPPED,,,,,UNMAPPED,,,,,,,,,,,,,,,"",no catalogue holds this CpG-gene pair and no distance could be computed,,
cg07105596,cg07105596_BC11_T1_GNAS,GNAS,19,GPCR signalling & second messengers,cg07105596,GNAS,,,,no_evidence,,,FALSE,,,,,,,,,,0,,CTSZ,,0.4648,A,REQUESTED_GENE_UNAVAILABLE,CTSZ,,0.3409,B,REQUESTED_GENE_UNAVAILABLE,,,,,UNMAPPED,,,,,,,,,,,,,,,"",no catalogue holds this CpG-gene pair and no distance could be computed,,
cg07111674,cg07111674_BC21_T1_SHANK1,SHANK1,16,Glutamate & synaptic scaffolding,cg07111674,SHANK1,,,,no_evidence,,,FALSE,,,,,,,,,,0,,CLEC11A,,0.4729,A,REQUESTED_GENE_UNAVAILABLE,JOSD2,,0.3771,A,REQUESTED_GENE_UNAVAILABLE,SHANK3,,0.0131,B,REQUESTED_GENE_UNAVAILABLE,,,,,,,,,,,,,,,"",no catalogue holds this CpG-gene pair and no distance could be computed,,
cg07115324,cg07115324_BC21_T1_TSC22D3,TSC22D3,2,HPA axis & glucocorticoid signalling,cg07115324,TSC22D3,,,,no_evidence,,,FALSE,,,,,,,,,,0,,,,,,UNMAPPED,,,,,UNMAPPED,,,,,UNMAPPED,,,,,,,,,,,,,,,"",no catalogue holds this CpG-gene pair and no distance could be computed,,
cg07156273,cg07156273_BC21_T1_NNAT,NNAT,21,Imprinted genes & DMRs,cg07156273,NNAT,,,,no_evidence,,,FALSE,,,,,,,,,,0,,,,,,UNMAPPED,BLCAP,,0.3409,A,REQUESTED_GENE_UNAVAILABLE,SRC,,0.1815,B,REQUESTED_GENE_UNAVAILABLE,,,,,,,,,,,,,,,"",no catalogue holds this CpG-gene pair and no distance could be computed,,
cg07158132,cg07158132_TC21_T1_SLC6A2,SLC6A2,10,Noradrenaline & sympathetic nervous system,cg07158132,SLC6A2,,,,no_evidence,,,FALSE,,,,,,,,,,0,,CES1P2,,0.0153,B,REQUESTED_GENE_UNAVAILABLE,CAPNS2,,0.8878,A,REQUESTED_GENE_UNAVAILABLE,CAPNS2,,0.0131,B,REQUESTED_GENE_UNAVAILABLE,,,,,,,,,,,,,,,"",no catalogue holds this CpG-gene pair and no distance could be computed,,
cg07174097,cg07174097_TC21_T1_TSC22D3,TSC22D3,2,HPA axis & glucocorticoid signalling,cg07174097,TSC22D3,,,,no_evidence,,,FALSE,,,,,,,,,,0,,,,,,UNMAPPED,,,,,UNMAPPED,,,,,UNMAPPED,,,,,,,,,,,,,,,"",no catalogue holds this CpG-gene pair and no distance could be computed,,
cg07174713,cg07174713_BC11_T1_DEAF1,DEAF1,9,Serotonin,cg07174713,DEAF1,-1,higher methylation -> LOWER expression,0.5348,catalogue_consensus,A,"0.77-0.87 (tier A, tissues agree)",FALSE,-1,-1,,,,,,,-1,2,1,DEAF1,-1,0.7056,A,PREDICTED,DEAF1,-1,0.3639,A,PREDICTED,TALDO1,,0.0131,A,REQUESTED_GENE_UNAVAILABLE,,,,,,,,,,,,,,,"","",0.5348,0.2326
cg07224114,cg07224114_BC21_T1_GRM1,GRM1,16,Glutamate & synaptic scaffolding,cg07224114,GRM1,,,,no_evidence,,,FALSE,,,,,,,,,,0,,PDIA3P1,,0.1971,B,REQUESTED_GENE_UNAVAILABLE,,,,,UNMAPPED,,,,,UNMAPPED,,,,,,,,,,,,,,,"",no catalogue holds this CpG-gene pair and no distance could be computed,,
cg07224147,cg07224147_BC11_T1_MEST,MEST,21,Imprinted genes & DMRs,cg07224147,MEST,,,,no_evidence,,,FALSE,,,,,,,,,,0,,CPA5,,0.7056,A,REQUESTED_GENE_UNAVAILABLE,ARHGAP18,,0.4852,A,REQUESTED_GENE_UNAVAILABLE,CPA5,,0.2027,A,REQUESTED_GENE_UNAVAILABLE,,,,,,,,,,,,,,,"",no catalogue holds this CpG-gene pair and no distance could be computed,,
cg07238832,cg07238832_TC21_T1_BDNF,BDNF,18,Neurotrophins & activity-dependent plasticity,cg07238832,BDNF,,,,no_evidence,,,FALSE,,,,,,,,,,0,,,,,,UNMAPPED,,,,,UNMAPPED,HIST1H2BN,,0.0131,B,REQUESTED_GENE_UNAVAILABLE,,,,,,,,,,,,,,,"",no catalogue holds this CpG-gene pair and no distance could be computed,,
cg07239961,cg07239961_BC21_T1_IL12A,IL12A,24,"Immune, inflammation & HLA",cg07239961,IL12A,,,,no_evidence,,,FALSE,,,,,,,,,,0,,,,,,UNMAPPED,,,,,UNMAPPED,,,,,UNMAPPED,,,,,,,,,,,,,,,"",no catalogue holds this CpG-gene pair and no distance could be computed,,
cg07241573,cg07241573_BC21_T1_GALR1,GALR1,6,Libido & sexual function,cg07241573,GALR1,,,,no_evidence,,,FALSE,,,,,,,,,,0,,,,,,UNMAPPED,,,,,UNMAPPED,,,,,UNMAPPED,,,,,,,,,,,,,,,"",no catalogue holds this CpG-gene pair and no distance could be computed,,
cg07245818,cg07245818_BC21_T1_UCN,UCN,2,HPA axis & glucocorticoid signalling,cg07245818,UCN,,,,no_evidence,,,FALSE,,,,,,,,,,0,,LOC105374363,,0.058,B,REQUESTED_GENE_UNAVAILABLE,ATRAID,,0.4852,A,REQUESTED_GENE_UNAVAILABLE,,,,,UNMAPPED,,,,,,,,,,,,,,,"",no catalogue holds this CpG-gene pair and no distance could be computed,,
cg07251282,cg07251282_TC11_T1_TSC22D3,TSC22D3,2,HPA axis & glucocorticoid signalling,cg07251282,TSC22D3,,,,no_evidence,,,FALSE,,,,,,,,,,0,,,,,,UNMAPPED,,,,,UNMAPPED,,,,,UNMAPPED,,,,,,,,,,,,,,,"",no catalogue holds this CpG-gene pair and no distance could be computed,,
cg07257996,cg07257996_BC21_T1_GUCY1B1,GUCY1B1,6,Libido & sexual function,cg07257996,GUCY1B1,,,,no_evidence,,,FALSE,,,,,,,,,,0,,,,,,UNMAPPED,CTSO,,0.139,B,REQUESTED_GENE_UNAVAILABLE,CTSO,,0.0131,B,REQUESTED_GENE_UNAVAILABLE,,,,,,,,,,,,,,,"",no catalogue holds this CpG-gene pair and no distance could be computed,,
cg07258167,cg07258167_BC11_T1_QDPR,QDPR,11,"Monoamine synthesis, transport & degradation",cg07258167,QDPR,-1,higher methylation -> LOWER expression,0.6613,catalogue_consensus,A,"0.77-0.87 (tier A, tissues agree)",FALSE,-1,-1,1,S2,1.257e-29,1,26337,FALSE,-1,3,1,QDPR,-1,0.7056,A,PREDICTED,QDPR,-1,0.8457,A,PREDICTED,QDPR,-1,0.4326,A,PREDICTED,,,,,,,,,,,,,,,""," | SMR (causal, blood) says +1 at tier S2 but a stronger layer supplied the opposite sign - inspect before using",0.6613,0.16935
cg07278718,cg07278718_BC21_T1_ZBTB16,ZBTB16,2,HPA axis & glucocorticoid signalling,cg07278718,ZBTB16,,,,no_evidence,,,FALSE,,,,,,,,,,0,,,,,,UNMAPPED,,,,,UNMAPPED,MARCKS,,0.2027,A,REQUESTED_GENE_UNAVAILABLE,,,,,,,,,,,,,,,"",no catalogue holds this CpG-gene pair and no distance could be computed,,
cg07284407,cg07284407_TC21_T1_GNAS,GNAS,19,GPCR signalling & second messengers,cg07284407,GNAS,,,,no_evidence,,,FALSE,,,,,,,,,,0,,CTSZ,,0.298,A,REQUESTED_GENE_UNAVAILABLE,CTSZ,,0.3409,B,REQUESTED_GENE_UNAVAILABLE,,,,,UNMAPPED,,,,,,,,,,,,,,,"",no catalogue holds this CpG-gene pair and no distance could be computed,,
cg07296462,cg07296462_TC21_T1_GRINA,GRINA,16,Glutamate & synaptic scaffolding,cg07296462,GRINA,-1,higher methylation -> LOWER expression,0.6648,catalogue_consensus,A,"0.77-0.87 (tier A, tissues agree)",FALSE,-1,-1,,,,,,,-1,2,1,GRINA,-1,0.4729,A,PREDICTED,GRINA,-1,0.8567,A,PREDICTED,PLEC,,0.1244,A,REQUESTED_GENE_UNAVAILABLE,,,,,,,,,,,,,,,"","",0.6648,0.1676
cg07300166,cg07300166_BC21_T1_HTR3B,HTR3B,9,Serotonin,cg07300166,HTR3B,,,,no_evidence,,,FALSE,,,,,,,,,,0,,,,,,UNMAPPED,,,,,UNMAPPED,,,,,UNMAPPED,,,,,,,,,,,,,,,"",no catalogue holds this CpG-gene pair and no distance could be computed,,
cg07307828,cg07307828_BC21_T1_NPY1R,NPY1R,10,Noradrenaline & sympathetic nervous system,cg07307828,NPY1R,,,,no_evidence,,,FALSE,,,,,,,,,,0,,,,,,UNMAPPED,,,,,UNMAPPED,,,,,UNMAPPED,,,,,,,,,,,,,,,"",no catalogue holds this CpG-gene pair and no distance could be computed,,
cg07307996,cg07307996_TC21_T1_NPY5R,NPY5R,10,Noradrenaline & sympathetic nervous system,cg07307996,NPY5R,,,,no_evidence,,,FALSE,,,,,,,,,,0,,,,,,UNMAPPED,,,,,UNMAPPED,,,,,UNMAPPED,,,,,,,,,,,,,,,"",no catalogue holds this CpG-gene pair and no distance could be computed,,
cg07313319,cg07313319_TC21_T1_CSNK1E,CSNK1E,23,Circadian & melatonin,cg07313319,CSNK1E,-1,higher methylation -> LOWER expression,,smr_moderate,,"0.84-0.86 (SMR tier S2, single instrument; validated n=6,008)",FALSE,-1,-1,-1,S2,1.024e-43,1,26186,TRUE,,0,,,,,,UNMAPPED,TMEM184B,,0.7966,A,REQUESTED_GENE_UNAVAILABLE,PLA2G6,,0.2027,A,REQUESTED_GENE_UNAVAILABLE,,,,,,,,,,,,,,,"",causal direction from SMR (blood); consistent with methylation affecting expression AND with linkage - HEIDI not run,0.7,0.15
cg07326765,cg07326765_TC21_T1_CRY2,CRY2,23,Circadian & melatonin,cg07326765,CRY2,-1,higher methylation -> LOWER expression,,smr_moderate,,"0.84-0.86 (SMR tier S2, single instrument; validated n=6,008)",FALSE,-1,-1,-1,S2,1.377e-151,1,18284,TRUE,,0,,LARGE2,,0.289,A,REQUESTED_GENE_UNAVAILABLE,LARGE2,,0.1453,A,REQUESTED_GENE_UNAVAILABLE,TBKBP1,,0.4431,B,REQUESTED_GENE_UNAVAILABLE,,,,,,,,,,,,,,,"",causal direction from SMR (blood); consistent with methylation affecting expression AND with linkage - HEIDI not run,0.7,0.15
cg07336840,cg07336840_TC21_T1_EGR1,EGR1,18,Neurotrophins & activity-dependent plasticity,cg07336840,EGR1,,,,no_evidence,,,FALSE,,,,,,,,,,0,,,,,,UNMAPPED,,,,,UNMAPPED,,,,,UNMAPPED,,,,,,,,,,,,,,,"",no catalogue holds this CpG-gene pair and no distance could be computed,,
cg07341934,cg07341934_BC21_T1_GNAS,GNAS,19,GPCR signalling & second messengers,cg07341934,GNAS,,,,no_evidence,,,FALSE,,,,,,,,,,0,,CTSZ,,0.6537,A,REQUESTED_GENE_UNAVAILABLE,CTSZ,,0.3409,B,REQUESTED_GENE_UNAVAILABLE,,,,,UNMAPPED,,,,,,,,,,,,,,,"",no catalogue holds this CpG-gene pair and no distance could be computed,,
cg07360805,cg07360805_TC21_T1_NNAT,NNAT,21,Imprinted genes & DMRs,cg07360805,NNAT,,,,no_evidence,,,FALSE,,,,,,,,,,0,,,,,,UNMAPPED,BLCAP,,0.2222,A,REQUESTED_GENE_UNAVAILABLE,SRC,,0.1815,B,REQUESTED_GENE_UNAVAILABLE,,,,,,,,,,,,,,,"",no catalogue holds this CpG-gene pair and no distance could be computed,,
cg07362283,cg07362283_TC21_T1_IL18,IL18,24,"Immune, inflammation & HLA",cg07362283,IL18,-1,higher methylation -> LOWER expression,0.7056,catalogue_single,A,"0.62-0.87 (tier A, one tissue only)",FALSE,-1,-1,,,,,,,,1,1,IL18,-1,0.7056,A,PREDICTED,PTS,,0.0695,A,REQUESTED_GENE_UNAVAILABLE,,,,,UNMAPPED,,,,,,,,,,,,,,,"",only one tissue called; no cross-tissue corroboration,0.7056,0.1472
cg07379741,cg07379741_BC21_T1_NLGN2,NLGN2,25,Social-synaptic & psychiatric risk,cg07379741,NLGN2,-1,higher methylation -> LOWER expression,0.4326,catalogue_single,A,"0.62-0.87 (tier A, one tissue only)",FALSE,-1,-1,,,,,,,,1,1,TNK1,,0.2712,A,REQUESTED_GENE_UNAVAILABLE,NLGN2,,0.0288,A,ABSTAIN,NLGN2,-1,0.4326,A,PREDICTED,,,,,,,,,,,,,,,"",only one tissue called; no cross-tissue corroboration,0.4326,0.2837
cg07390210,cg07390210_TC21_T1_GALR1,GALR1,6,Libido & sexual function,cg07390210,GALR1,,,,no_evidence,,,FALSE,,,,,,,,,,0,,,,,,UNMAPPED,,,,,UNMAPPED,,,,,UNMAPPED,,,,,,,,,,,,,,,"",no catalogue holds this CpG-gene pair and no distance could be computed,,
cg07390373,cg07390373_TC21_T1_MAOB,MAOB,11,"Monoamine synthesis, transport & degradation",cg07390373,MAOB,,,,no_evidence,,,FALSE,,,,,,,,,,0,,,,,,UNMAPPED,,,,,UNMAPPED,,,,,UNMAPPED,,,,,,,,,,,,,,,"",no catalogue holds this CpG-gene pair and no distance could be computed,,
cg07409197,cg07409197_TC21_T1_MEST,MEST,21,Imprinted genes & DMRs,cg07409197,MEST,,,,no_evidence,,,FALSE,,,,,,,,,,0,,CPA5,,0.6537,A,REQUESTED_GENE_UNAVAILABLE,ARHGAP18,,0.8366,A,REQUESTED_GENE_UNAVAILABLE,CPA5,,0.0131,A,REQUESTED_GENE_UNAVAILABLE,,,,,,,,,,,,,,,"",no catalogue holds this CpG-gene pair and no distance could be computed,,
cg07416664,cg07416664_TC11_T1_GALR3,GALR3,6,Libido & sexual function,cg07416664,GALR3,,,,no_evidence,,,FALSE,,,,,,,,,,0,,H1F0,,0.298,A,REQUESTED_GENE_UNAVAILABLE,ANKRD54,,0.139,A,REQUESTED_GENE_UNAVAILABLE,TRIOBP,,0.0131,B,REQUESTED_GENE_UNAVAILABLE,,,,,,,,,,H1F0;TRIOBP,blood,H1F0:-1;TRIOBP:+1,,TRUE,"measured association is with H1F0;TRIOBP, not the requested gene - check which gene this CpG actually tracks","no catalogue holds this CpG-gene pair and no distance could be computed | measured association is with H1F0;TRIOBP, not the requested gene",,
cg07417146,cg07417146_BC11_T1_SYNGAP1,SYNGAP1,16,Glutamate & synaptic scaffolding,cg07417146,SYNGAP1,1,higher methylation -> HIGHER expression,0.4765,catalogue_single,A,"0.62-0.87 (tier A, one tissue only)",FALSE,1,1,,,,,,,,1,1,FAAP24,,0.7856,A,REQUESTED_GENE_UNAVAILABLE,SYNGAP1,1,0.4765,A,PREDICTED,SYNGAP1,,0.0131,A,ABSTAIN,,,,,,,,,,BAK1;TAPBP,blood,BAK1:+1;TAPBP:-1,,TRUE,"measured association is with BAK1;TAPBP, not the requested gene - check which gene this CpG actually tracks","only one tissue called; no cross-tissue corroboration | measured association is with BAK1;TAPBP, not the requested gene",0.4765,0.73825
cg07460294,cg07460294_TC21_T1_HLA_DPB2,HLA-DPB2,24,"Immune, inflammation & HLA",cg07460294,HLA-DPB2,-1,higher methylation -> LOWER expression,,smr_weak,,"0.66-0.75 (SMR tier S3, instruments disagree; validated n=456)",FALSE,-1,-1,-1,S3,3.255e-54,2,6350,TRUE,,0,,DYNLRB1,,0.9394,A,REQUESTED_GENE_UNAVAILABLE,HLA-DPB1,,0.6327,A,REQUESTED_GENE_UNAVAILABLE,DYNLRB1,,0.0131,A,REQUESTED_GENE_UNAVAILABLE,,,,,,,,,,HLA-DPA1,blood,HLA-DPA1:+1,,TRUE,"measured association is with HLA-DPA1, not the requested gene - check which gene this CpG actually tracks","causal direction from SMR (blood); consistent with methylation affecting expression AND with linkage - HEIDI not run | measured association is with HLA-DPA1, not the requested gene",0.7,0.15
cg07473550,cg07473550_BC21_T1_TSC22D3,TSC22D3,2,HPA axis & glucocorticoid signalling,cg07473550,TSC22D3,,,,no_evidence,,,FALSE,,,,,,,,,,0,,,,,,UNMAPPED,,,,,UNMAPPED,,,,,UNMAPPED,,,,,,,,,,,,,,,"",no catalogue holds this CpG-gene pair and no distance could be computed,,
cg07474678,cg07474678_TC21_T1_PRKACB,PRKACB,19,GPCR signalling & second messengers,cg07474678,PRKACB,,,,no_evidence,,,FALSE,,,,,,,,,,0,,USP10,,0.289,B,REQUESTED_GENE_UNAVAILABLE,PRKACB,,0.0694,B,ABSTAIN,,,,,UNMAPPED,,,,,,,,,,,,,,,"",no catalogue holds this CpG-gene pair and no distance could be computed,,
cg07497042,cg07497042_TC21_T1_EDARADD,EDARADD,28,"Ageing, epigenetic clocks & telomere",cg07497042,EDARADD,,,,no_evidence,,,FALSE,,,,,,,,,,0,,LGALS8,,0.6322,A,REQUESTED_GENE_UNAVAILABLE,HEATR1,,0.3197,B,REQUESTED_GENE_UNAVAILABLE,,,,,UNMAPPED,,,,,,,,,,,,,,,"",no catalogue holds this CpG-gene pair and no distance could be computed,,
cg07501539,cg07501539_BC21_T1_MKRN3,MKRN3,21,Imprinted genes & DMRs,cg07501539,MKRN3,,,,no_evidence,,,FALSE,,,,,,,,,,0,,NR1D2,,0.7056,A,REQUESTED_GENE_UNAVAILABLE,,,,,UNMAPPED,,,,,UNMAPPED,,,,,,,,,,,,,,,"",no catalogue holds this CpG-gene pair and no distance could be computed,,
cg07516970,cg07516970_TC21_T1_NR4A2,NR4A2,8,Dopamine,cg07516970,NR4A2,,,,no_evidence,,,FALSE,,,,,,,,,,0,,FLJ46875,,0.3467,A,REQUESTED_GENE_UNAVAILABLE,,,,,UNMAPPED,,,,,UNMAPPED,,,,,,,,,,,,,,,"",no catalogue holds this CpG-gene pair and no distance could be computed,,
cg07520269,cg07520269_TC21_T1_DLG2,DLG2,16,Glutamate & synaptic scaffolding,cg07520269,DLG2,1,higher methylation -> HIGHER expression,,smr_moderate,,"0.84-0.86 (SMR tier S2, single instrument; validated n=6,008)",FALSE,1,1,1,S2,1.882e-08,1,381678,TRUE,,0,,,,,,UNMAPPED,,,,,UNMAPPED,,,,,UNMAPPED,,,,,,,,,,,,,,,"",causal direction from SMR (blood); consistent with methylation affecting expression AND with linkage - HEIDI not run,0.7,0.85
cg07524456,cg07524456_TC21_T1_CRY2,CRY2,23,Circadian & melatonin,cg07524456,CRY2,-1,higher methylation -> LOWER expression,,smr_high,,"0.95-0.97 (SMR tier S1, concordant instruments; validated n=2,141)",FALSE,-1,-1,-1,S1,2.393e-78,2,18232,TRUE,,0,,LARGE2,,0.289,A,REQUESTED_GENE_UNAVAILABLE,LARGE2,,0.1453,A,REQUESTED_GENE_UNAVAILABLE,TBKBP1,,0.4431,A,REQUESTED_GENE_UNAVAILABLE,,,,,,,,,,,,,,,"",causal direction from SMR (blood); consistent with methylation affecting expression AND with linkage - HEIDI not run,0.7,0.15
cg07536102,cg07536102_BC21_T1_GALR2,GALR2,6,Libido & sexual function,cg07536102,GALR2,,,,no_evidence,,,FALSE,,,,,,,,,,0,,SRP68,,0.4729,A,REQUESTED_GENE_UNAVAILABLE,EVPL,,0.3771,A,REQUESTED_GENE_UNAVAILABLE,EVPL,,0.0131,B,REQUESTED_GENE_UNAVAILABLE,,,,,,,,,,,,,,,"",no catalogue holds this CpG-gene pair and no distance could be computed,,
cg07537370,cg07537370_TC21_T1_UCN,UCN,2,HPA axis & glucocorticoid signalling,cg07537370,UCN,,,,no_evidence,,,FALSE,,,,,,,,,,0,,LOC105374363,,0.058,B,REQUESTED_GENE_UNAVAILABLE,ATRAID,,0.4852,A,REQUESTED_GENE_UNAVAILABLE,,,,,UNMAPPED,,,,,,,,,,,,,,,"",no catalogue holds this CpG-gene pair and no distance could be computed,,
cg07543572,cg07543572_BC11_T1_KYAT3,KYAT3,15,Kynurenine pathway,cg07543572,KYAT3,,,,no_evidence,,,FALSE,,,,,,,,,,0,,CCBL2;RBMXL1,,0.8306,A,REQUESTED_GENE_UNAVAILABLE,GBP3,,0.3409,B,REQUESTED_GENE_UNAVAILABLE,,,,,UNMAPPED,,,,,,,,,,,,,,,"",no catalogue holds this CpG-gene pair and no distance could be computed,,
cg07553761,cg07553761_BC11_T1_TRIM59,TRIM59,28,"Ageing, epigenetic clocks & telomere",cg07553761,TRIM59,-1,higher methylation -> LOWER expression,,smr_moderate,,"0.84-0.86 (SMR tier S2, single instrument; validated n=6,008)",FALSE,-1,-1,-1,S2,1.622e-08,1,8920,TRUE,,0,,SMC4,,0.3429,A,REQUESTED_GENE_UNAVAILABLE,SMC4,,0.1453,B,REQUESTED_GENE_UNAVAILABLE,KPNA4,,0.1474,B,REQUESTED_GENE_UNAVAILABLE,,,,,,,,,,,,,,,"",causal direction from SMR (blood); consistent with methylation affecting expression AND with linkage - HEIDI not run,0.7,0.15
cg07556018,cg07556018_BC21_T1_KCNQ1OT1,KCNQ1OT1,21,Imprinted genes & DMRs,cg07556018,KCNQ1OT1,,,,no_evidence,,,FALSE,,,,,,,,,,0,,VLDLR,,0.0733,A,REQUESTED_GENE_UNAVAILABLE,KCNQ1,,0.4852,B,REQUESTED_GENE_UNAVAILABLE,KCNQ1,,0.4431,A,REQUESTED_GENE_UNAVAILABLE,,,,,,,,,,,,,,,"",no catalogue holds this CpG-gene pair and no distance could be computed,,
cg07567589,cg07567589_BC21_T1_NCOA3,NCOA3,4,Sex steroids: receptors & metabolism,cg07567589,NCOA3,,,,no_evidence,,,FALSE,,,,,,,,,,0,,,,,,UNMAPPED,NCOA3,,0.3771,B,ABSTAIN,,,,,UNMAPPED,,,,,,,,,,,,,,,"",no catalogue holds this CpG-gene pair and no distance could be computed,,
cg07572451,cg07572451_TC21_T1_TRIM59,TRIM59,28,"Ageing, epigenetic clocks & telomere",cg07572451,TRIM59,,,,no_evidence,,,FALSE,,,,,,,,,,0,,SMC4,,0.3429,A,REQUESTED_GENE_UNAVAILABLE,SMC4,,0.1453,B,REQUESTED_GENE_UNAVAILABLE,KPNA4,,0.1474,B,REQUESTED_GENE_UNAVAILABLE,,,,,,,,,,,,,,,"",no catalogue holds this CpG-gene pair and no distance could be computed,,
cg07574845,cg07574845_TC21_T1_TERT,TERT,28,"Ageing, epigenetic clocks & telomere",cg07574845,TERT,,,,no_evidence,,,FALSE,,,,,,,,,,0,,CLPTM1L,,0.3429,A,REQUESTED_GENE_UNAVAILABLE,CLPTM1L,,0.31,B,REQUESTED_GENE_UNAVAILABLE,CLPTM1L,,0.2027,A,REQUESTED_GENE_UNAVAILABLE,,,,,,,,,,,,,,,"",no catalogue holds this CpG-gene pair and no distance could be computed,,
cg07574848,cg07574848_BC22_T1_TERT,TERT,28,"Ageing, epigenetic clocks & telomere",cg07574848,TERT,,,,no_evidence,,,FALSE,,,,,,,,,,0,,CLPTM1L,,0.3429,A,REQUESTED_GENE_UNAVAILABLE,CLPTM1L,,0.31,B,REQUESTED_GENE_UNAVAILABLE,CLPTM1L,,0.2027,A,REQUESTED_GENE_UNAVAILABLE,,,,,,,,,,,,,,,"",no catalogue holds this CpG-gene pair and no distance could be computed,,
cg07575316,cg07575316_BC21_T1_TERT,TERT,28,"Ageing, epigenetic clocks & telomere",cg07575316,TERT,,,,no_evidence,,,FALSE,,,,,,,,,,0,,CLPTM1L,,0.298,A,REQUESTED_GENE_UNAVAILABLE,CLPTM1L,,0.31,B,REQUESTED_GENE_UNAVAILABLE,CLPTM1L,,0.2027,A,REQUESTED_GENE_UNAVAILABLE,,,,,,,,,,,,,,,"",no catalogue holds this CpG-gene pair and no distance could be computed,,
cg07577799,cg07577799_BC21_T1_SLC6A1,SLC6A1,17,GABA & excitation-inhibition balance,cg07577799,SLC6A1,,,,no_evidence,,,FALSE,,,,,,,,,,0,,TAS2R14,,0.289,B,REQUESTED_GENE_UNAVAILABLE,,,,,UNMAPPED,NDUFA4,,0.1124,B,REQUESTED_GENE_UNAVAILABLE,,,,,,,,,,,,,,,"",no catalogue holds this CpG-gene pair and no distance could be computed,,
cg07579946,cg07579946_TC21_T1_COMT,COMT,8,Dopamine,cg07579946,COMT,-1,higher methylation -> LOWER expression,,smr_weak,,"0.66-0.75 (SMR tier S3, instruments disagree; validated n=456)",FALSE,-1,-1,-1,S3,2.981e-36,2,6579,TRUE,,0,,COMT;MIR4761,,0.3429,A,REQUESTED_GENE_UNAVAILABLE,ARVCF,,0.3409,A,REQUESTED_GENE_UNAVAILABLE,TBX1,,0.1667,A,REQUESTED_GENE_UNAVAILABLE,,,,,,,,,,,,,,,"",causal direction from SMR (blood); consistent with methylation affecting expression AND with linkage - HEIDI not run,0.7,0.15
cg07592828,cg07592828_BC21_T1_NLGN3,NLGN3,25,Social-synaptic & psychiatric risk,cg07592828,NLGN3,,,,no_evidence,,,FALSE,,,,,,,,,,0,,,,,,UNMAPPED,,,,,UNMAPPED,,,,,UNMAPPED,,,,,,,,,,,,,,,"",no catalogue holds this CpG-gene pair and no distance could be computed,,
cg07597011,cg07597011_BC21_T1_GRINA,GRINA,16,Glutamate & synaptic scaffolding,cg07597011,GRINA,-1,higher methylation -> LOWER expression,0.6944,catalogue_consensus,A,"0.77-0.87 (tier A, tissues agree)",FALSE,-1,-1,,,,,,,-1,2,1,GRINA,-1,0.4729,A,PREDICTED,GRINA,-1,0.9158,A,PREDICTED,PLEC,,0.1244,A,REQUESTED_GENE_UNAVAILABLE,,,,,,,,,,,,,,,"","",0.6944,0.1528
cg07597882,cg07597882_TC21_T1_OXT,OXT,1,"Oxytocin, vasopressin & CICR",cg07597882,OXT,,,,no_evidence,,,FALSE,,,,,,,,,,0,,AVP,,0.4598,A,REQUESTED_GENE_UNAVAILABLE,,,,,UNMAPPED,,,,,UNMAPPED,,,,,,,,,,,,,,,"",no catalogue holds this CpG-gene pair and no distance could be computed,,
cg07606806,cg07606806_TC21_T1_SLC1A2,SLC1A2,16,Glutamate & synaptic scaffolding,cg07606806,SLC1A2,,,,no_evidence,,,FALSE,,,,,,,,,,0,,,,,,UNMAPPED,CD44,,0.0695,A,REQUESTED_GENE_UNAVAILABLE,UNC13B,,0.0131,A,REQUESTED_GENE_UNAVAILABLE,,,,,,,,,,,,,,,"",no catalogue holds this CpG-gene pair and no distance could be computed,,
cg07610169,cg07610169_BC21_T1_GDNF,GDNF,18,Neurotrophins & activity-dependent plasticity,cg07610169,GDNF,,,,no_evidence,,,FALSE,,,,,,,,,,0,,PPP1R1B,,0.289,B,REQUESTED_GENE_UNAVAILABLE,,,,,UNMAPPED,TBC1D1,,0.0131,B,REQUESTED_GENE_UNAVAILABLE,,,,,,,,,,,,,,,"",no catalogue holds this CpG-gene pair and no distance could be computed,,
cg07618153,cg07618153_BC21_T1_DLG3,DLG3,16,Glutamate & synaptic scaffolding,cg07618153,DLG3,,,,no_evidence,,,FALSE,,,,,,,,,,0,,,,,,UNMAPPED,,,,,UNMAPPED,,,,,UNMAPPED,,,,,,,,,,,,,,,"",no catalogue holds this CpG-gene pair and no distance could be computed,,
cg07619683,cg07619683_TC11_T1_ESR1,ESR1,4,Sex steroids: receptors & metabolism,cg07619683,ESR1,,,,no_evidence,,,FALSE,,,,,,,,,,0,,RIF1,,0.0641,A,REQUESTED_GENE_UNAVAILABLE,,,,,UNMAPPED,,,,,UNMAPPED,,,,,,,,,,,,,,,"",no catalogue holds this CpG-gene pair and no distance could be computed,,
cg07623567,cg07623567_TC21_T1_HLA_DMB,HLA-DMB,24,"Immune, inflammation & HLA",cg07623567,HLA-DMB,-1,higher methylation -> LOWER expression,1,measured,A,"~1.00 (measured, not predicted)",FALSE,-1,-1,,,,,,,-1,3,1,HLA-DMB,-1,0.4729,A,PREDICTED,HLA-DMB,-1,0.9961,A,DIRECT_eQTM,HLA-DMB,-1,0.4326,A,PREDICTED,,,,,,,,,,HLA-DMA;HLA-DMB;HLA-DOA;HLA-DPA1;HLA-DPB1;PSMB9;TAP1,nasal_epithelium,HLA-DMA:-1;HLA-DMB:-1;HLA-DOA:-1;HLA-DPA1:-1;HLA-DPB1:-1;PSMB9:-1;TAP1:-1,-1,FALSE,"","",1,0
cg07629165,cg07629165_TC21_T1_TRPM2,TRPM2,1,"Oxytocin, vasopressin & CICR",cg07629165,TRPM2,1,higher methylation -> HIGHER expression,,smr_moderate,A,"0.84-0.86 (SMR tier S2, single instrument; validated n=6,008)",FALSE,1,1,1,S2,7.314e-21,1,28860,TRUE,,1,1,TRPM2,,0.0365,B,ABSTAIN,TRPM2,,0.0695,B,ABSTAIN,TRPM2,-1,0.4326,A,PREDICTED,,,,,,,,,,,,,,,"",causal direction from SMR (blood); consistent with methylation affecting expression AND with linkage - HEIDI not run,0.7,0.85
cg07644355,cg07644355_TC21_T1_SHANK1,SHANK1,16,Glutamate & synaptic scaffolding,cg07644355,SHANK1,,,,no_evidence,,,FALSE,,,,,,,,,,0,,CLEC11A,,0.2712,A,REQUESTED_GENE_UNAVAILABLE,JOSD2,,0.3771,A,REQUESTED_GENE_UNAVAILABLE,SHANK3,,0.0131,B,REQUESTED_GENE_UNAVAILABLE,,,,,,,,,,,,,,,"",no catalogue holds this CpG-gene pair and no distance could be computed,,
cg07658026,cg07658026_BC21_T1_ADCY2,ADCY2,19,GPCR signalling & second messengers,cg07658026,ADCY2,,,,no_evidence,,,FALSE,,,,,,,,,,0,,PCP2,,0.1971,B,REQUESTED_GENE_UNAVAILABLE,,,,,UNMAPPED,,,,,UNMAPPED,,,,,,,,,,,,,,,"",no catalogue holds this CpG-gene pair and no distance could be computed,,
cg07658590,cg07658590_TC21_T1_SLC19A1,SLC19A1,22,One-carbon metabolism,cg07658590,SLC19A1,,,,no_evidence,,,FALSE,,,,,,,,,,0,,,,,,UNMAPPED,,,,,UNMAPPED,,,,,UNMAPPED,,,,,,,,,,,,,,,"",no catalogue holds this CpG-gene pair and no distance could be computed,,
cg07658902,cg07658902_TC21_T1_MTRR,MTRR,22,One-carbon metabolism,cg07658902,MTRR,,,,no_evidence,,,FALSE,,,,,,,,,,0,,PCP2,,0.6537,A,REQUESTED_GENE_UNAVAILABLE,,,,,UNMAPPED,,,,,UNMAPPED,,,,,,,,,,,,,,,"",no catalogue holds this CpG-gene pair and no distance could be computed,,
cg07659096,cg07659096_BC21_T1_MTRR,MTRR,22,One-carbon metabolism,cg07659096,MTRR,,,,no_evidence,,,FALSE,,,,,,,,,,0,,PCP2,,0.289,A,REQUESTED_GENE_UNAVAILABLE,,,,,UNMAPPED,,,,,UNMAPPED,,,,,,,,,,,,,,,"",no catalogue holds this CpG-gene pair and no distance could be computed,,
cg07673466,cg07673466_BC21_T1_NLGN3,NLGN3,25,Social-synaptic & psychiatric risk,cg07673466,NLGN3,,,,no_evidence,,,FALSE,,,,,,,,,,0,,,,,,UNMAPPED,,,,,UNMAPPED,,,,,UNMAPPED,,,,,,,,,,,,,,,"",no catalogue holds this CpG-gene pair and no distance could be computed,,
cg07704699,cg07704699_BC21_T1_BDNF,BDNF,18,Neurotrophins & activity-dependent plasticity,cg07704699,BDNF,,,,no_evidence,,,FALSE,,,,,,,,,,0,,,,,,UNMAPPED,,,,,UNMAPPED,HIST1H2BN,,0.1667,B,REQUESTED_GENE_UNAVAILABLE,,,,,,,,,,,,,,,"",no catalogue holds this CpG-gene pair and no distance could be computed,,
cg07718478,cg07718478_TC21_T1_CHGB,CHGB,10,Noradrenaline & sympathetic nervous system,cg07718478,CHGB,,,,no_evidence,,,FALSE,,,,,,,,,,0,,,,,,UNMAPPED,,,,,UNMAPPED,,,,,UNMAPPED,,,,,,,,,,,,,,,"",no catalogue holds this CpG-gene pair and no distance could be computed,,
cg07746998,cg07746998_BC11_T1_ESR1,ESR1,4,Sex steroids: receptors & metabolism,cg07746998,ESR1,1,higher methylation -> HIGHER expression,,smr_moderate,,"0.84-0.86 (SMR tier S2, single instrument; validated n=6,008)",FALSE,1,1,1,S2,8.113e-35,1,87505,TRUE,,0,,RIF1,,0.058,A,REQUESTED_GENE_UNAVAILABLE,,,,,UNMAPPED,,,,,UNMAPPED,,,,,,,,,,,,,,,"",causal direction from SMR (blood); consistent with methylation affecting expression AND with linkage - HEIDI not run,0.7,0.85
cg07747220,cg07747220_BC11_T1_OXT,OXT,1,"Oxytocin, vasopressin & CICR",cg07747220,OXT,,,,no_evidence,,,FALSE,,,,,,,,,,0,,AVP,,0.4598,A,REQUESTED_GENE_UNAVAILABLE,,,,,UNMAPPED,,,,,UNMAPPED,,,,,,,,,,,,,,,"",no catalogue holds this CpG-gene pair and no distance could be computed,,
cg07749071,cg07749071_BC21_T1_GABRA5,GABRA5,17,GABA & excitation-inhibition balance,cg07749071,GABRA5,,,,no_evidence,,,FALSE,,,,,,,,,,0,,NSMCE1,,0.2377,B,REQUESTED_GENE_UNAVAILABLE,HIST1H2BK,,0.6135,B,REQUESTED_GENE_UNAVAILABLE,GABRB3,,0.6296,A,REQUESTED_GENE_UNAVAILABLE,,,,,,,,,,,,,,,"",no catalogue holds this CpG-gene pair and no distance could be computed,,
cg07764972,cg07764972_BC21_T1_GUCY1A1,GUCY1A1,6,Libido & sexual function,cg07764972,GUCY1A1,,,,no_evidence,,,FALSE,,,,,,,,,,0,,,,,,UNMAPPED,CTSO,,0.1239,B,REQUESTED_GENE_UNAVAILABLE,CTSO,,0.0131,B,REQUESTED_GENE_UNAVAILABLE,,,,,,,,,,,,,,,"",no catalogue holds this CpG-gene pair and no distance could be computed,,
cg07780118,cg07780118_TC21_T1_AR,AR,4,Sex steroids: receptors & metabolism,cg07780118,AR,,,,no_evidence,,,FALSE,,,,,,,,,,0,,,,,,UNMAPPED,,,,,UNMAPPED,,,,,UNMAPPED,,,,,,,,,,,,,,,"",no catalogue holds this CpG-gene pair and no distance could be computed,,
cg07797404,cg07797404_BC21_T1_PDYN,PDYN,12,Opioid & melanocortin,cg07797404,PDYN,,,,no_evidence,,,FALSE,,,,,,,,,,0,,,,,,UNMAPPED,LOC388780,,0.3771,A,REQUESTED_GENE_UNAVAILABLE,,,,,UNMAPPED,,,,,,,,,,,,,,,"",no catalogue holds this CpG-gene pair and no distance could be computed,,
cg07813322,cg07813322_BC21_T1_OPRM1,OPRM1,12,Opioid & melanocortin,cg07813322,OPRM1,,,,no_evidence,,,FALSE,,,,,,,,,,0,,,,,,UNMAPPED,,,,,UNMAPPED,,,,,UNMAPPED,,,,,,,,,,,,,,,"",no catalogue holds this CpG-gene pair and no distance could be computed,,
cg07820420,cg07820420_TC21_T1_NR0B1,NR0B1,3,Steroidogenesis (adrenal & gonadal),cg07820420,NR0B1,,,,no_evidence,,,FALSE,,,,,,,,,,0,,,,,,UNMAPPED,,,,,UNMAPPED,,,,,UNMAPPED,,,,,,,,,,,,,,,"",no catalogue holds this CpG-gene pair and no distance could be computed,,
cg07824172,cg07824172_BC21_T1_TACR3,TACR3,5,"HPG axis, puberty & KNDy",cg07824172,TACR3,,,,no_evidence,,,FALSE,,,,,,,,,,0,,,,,,UNMAPPED,,,,,UNMAPPED,,,,,UNMAPPED,,,,,,,,,,,,,,,"",no catalogue holds this CpG-gene pair and no distance could be computed,,
cg07843073,cg07843073_TC21_T1_DRD5,DRD5,8,Dopamine,cg07843073,DRD5,,,,no_evidence,,,FALSE,,,,,,,,,,0,,SLC2A9,,0.2377,B,REQUESTED_GENE_UNAVAILABLE,SLC2A9,,0.139,B,REQUESTED_GENE_UNAVAILABLE,SLC2A9,,0.1124,B,REQUESTED_GENE_UNAVAILABLE,,,,,,,,,,,,,,,"",no catalogue holds this CpG-gene pair and no distance could be computed,,
cg07847989,cg07847989_BC21_T1_HTR2C,HTR2C,9,Serotonin,cg07847989,HTR2C,,,,no_evidence,,,FALSE,,,,,,,,,,0,,,,,,UNMAPPED,,,,,UNMAPPED,,,,,UNMAPPED,,,,,,,,,,,,,,,"",no catalogue holds this CpG-gene pair and no distance could be computed,,
cg07866041,cg07866041_BC21_T1_PRLR,PRLR,6,Libido & sexual function,cg07866041,PRLR,,,,no_evidence,,,FALSE,,,,,,,,,,0,,,,,,UNMAPPED,,,,,UNMAPPED,,,,,UNMAPPED,,,,,,,,,,,,,,,"",no catalogue holds this CpG-gene pair and no distance could be computed,,
cg07871059,cg07871059_TC21_T1_AGRP,AGRP,27,Appetite & metabolic programming,cg07871059,AGRP,-1,higher methylation -> LOWER expression,,smr_moderate,,"0.84-0.86 (SMR tier S2, single instrument; validated n=6,008)",FALSE,-1,-1,-1,S2,3.196e-24,1,602,TRUE,,0,,ATP6V0D1,,0.1077,A,REQUESTED_GENE_UNAVAILABLE,ATP6V0D1,,0.7399,A,REQUESTED_GENE_UNAVAILABLE,ATP6V0D1,,0.474,A,REQUESTED_GENE_UNAVAILABLE,,,,,,,,,,,,,,,"",causal direction from SMR (blood); consistent with methylation affecting expression AND with linkage - HEIDI not run,0.7,0.15
cg07871947,cg07871947_TC11_T1_SLC12A5,SLC12A5,17,GABA & excitation-inhibition balance,cg07871947,SLC12A5,,,,no_evidence,,,FALSE,,,,,,,,,,0,,CD40,,0.298,A,REQUESTED_GENE_UNAVAILABLE,MMP9,,0.1239,A,REQUESTED_GENE_UNAVAILABLE,PLTP,,0.0131,B,REQUESTED_GENE_UNAVAILABLE,,,,,,,,,,,,,,,"",no catalogue holds this CpG-gene pair and no distance could be computed,,
cg07874445,cg07874445_TC21_T1_AVPR2,AVPR2,1,"Oxytocin, vasopressin & CICR",cg07874445,AVPR2,,,,no_evidence,,,FALSE,,,,,,,,,,0,,PNMA6B,,0.1971,A,REQUESTED_GENE_UNAVAILABLE,,,,,UNMAPPED,,,,,UNMAPPED,,,,,,,,,,,,,,,"",no catalogue holds this CpG-gene pair and no distance could be computed,,
cg07878514,cg07878514_TC21_T1_INSM1,INSM1,9,Serotonin,cg07878514,INSM1,,,,no_evidence,,,FALSE,,,,,,,,,,0,,,,,,UNMAPPED,,,,,UNMAPPED,,,,,UNMAPPED,,,,,,,,,,,,,,,"",no catalogue holds this CpG-gene pair and no distance could be computed,,
cg07887243,cg07887243_BC11_T1_MAOB,MAOB,11,"Monoamine synthesis, transport & degradation",cg07887243,MAOB,,,,no_evidence,,,FALSE,,,,,,,,,,0,,,,,,UNMAPPED,,,,,UNMAPPED,,,,,UNMAPPED,,,,,,,,,,,,,,,"",no catalogue holds this CpG-gene pair and no distance could be computed,,
cg07904865,cg07904865_BC21_T1_GPER1,GPER1,4,Sex steroids: receptors & metabolism,cg07904865,GPER1,,,,no_evidence,,,FALSE,,,,,,,,,,0,,ERC1,,0.2377,A,REQUESTED_GENE_UNAVAILABLE,ZFAND2A,,0.6433,A,REQUESTED_GENE_UNAVAILABLE,ERC1,,0.0131,A,REQUESTED_GENE_UNAVAILABLE,,,,,,,,,,,,,,,"",no catalogue holds this CpG-gene pair and no distance could be computed,,
cg07909402,cg07909402_TC11_T1_GNAS,GNAS,19,GPCR signalling & second messengers,cg07909402,GNAS,1,higher methylation -> HIGHER expression,,smr_moderate,,"0.84-0.86 (SMR tier S2, single instrument; validated n=6,008)",FALSE,1,1,1,S2,1.193e-11,1,14935,TRUE,,0,,CTSZ,,0.5493,A,REQUESTED_GENE_UNAVAILABLE,CTSZ,,0.3409,B,REQUESTED_GENE_UNAVAILABLE,,,,,UNMAPPED,,,,,,,,,,,,,,,"",causal direction from SMR (blood); consistent with methylation affecting expression AND with linkage - HEIDI not run,0.7,0.85
cg07913800,cg07913800_BC21_T1_SHANK2,SHANK2,16,Glutamate & synaptic scaffolding,cg07913800,SHANK2,-1,higher methylation -> LOWER expression,0.6433,catalogue_single,B,"0.55-0.84 (tier B, one tissue only)",FALSE,-1,-1,,,,,,,,1,1,COL19A1,,0.289,B,REQUESTED_GENE_UNAVAILABLE,SHANK2,-1,0.6433,B,PREDICTED,SHANK2,,0.0131,A,ABSTAIN,,,,,,,,,,,,,,,"",only one tissue called; no cross-tissue corroboration,0.6433,0.17835
cg07952396,cg07952396_BC21_T1_THRA,THRA,26,Thyroid & neurodevelopment,cg07952396,THRA,,,,no_evidence,,,FALSE,,,,,,,,,,0,,RAPGEFL1,,0.0365,A,REQUESTED_GENE_UNAVAILABLE,MSL1,,0.0501,A,REQUESTED_GENE_UNAVAILABLE,MED24,,0.1244,A,REQUESTED_GENE_UNAVAILABLE,,,,,,,,,,,,,,,"",no catalogue holds this CpG-gene pair and no distance could be computed,,
cg07954324,cg07954324_TC21_T1_CYP11B2,CYP11B2,3,Steroidogenesis (adrenal & gonadal),cg07954324,CYP11B2,,,,no_evidence,,,FALSE,,,,,,,,,,0,,LOC100288181,,0.126,A,REQUESTED_GENE_UNAVAILABLE,LY6D,,0.6433,B,REQUESTED_GENE_UNAVAILABLE,PSCA,,0.0131,B,REQUESTED_GENE_UNAVAILABLE,,,,,,,,,,,,,,,"",no catalogue holds this CpG-gene pair and no distance could be computed,,
cg07971820,cg07971820_TC11_T1_ARRB2,ARRB2,19,GPCR signalling & second messengers,cg07971820,ARRB2,-1,higher methylation -> LOWER expression,,smr_high,,"0.95-0.97 (SMR tier S1, concordant instruments; validated n=2,141)",FALSE,-1,-1,-1,S1,6.954e-125,2,1945,TRUE,,0,,ALOX15,,0.126,A,REQUESTED_GENE_UNAVAILABLE,MED11,,0.2479,A,REQUESTED_GENE_UNAVAILABLE,CDYL,,0.0131,A,REQUESTED_GENE_UNAVAILABLE,,,,,,,,,,ALOX15,blood,ALOX15:+1,,TRUE,"measured association is with ALOX15, not the requested gene - check which gene this CpG actually tracks","causal direction from SMR (blood); consistent with methylation affecting expression AND with linkage - HEIDI not run | measured association is with ALOX15, not the requested gene",0.7,0.15
cg07998387,cg07998387_TC21_T1_IL6,IL6,24,"Immune, inflammation & HLA",cg07998387,IL6,,,,no_evidence,,,FALSE,,,,,,,,,,0,,LOC541472,,0.7056,A,REQUESTED_GENE_UNAVAILABLE,TOMM7,,0.0694,B,REQUESTED_GENE_UNAVAILABLE,,,,,UNMAPPED,,,,,,,,,,LOC541472,blood,LOC541472:-1,,TRUE,"measured association is with LOC541472, not the requested gene - check which gene this CpG actually tracks","no catalogue holds this CpG-gene pair and no distance could be computed | measured association is with LOC541472, not the requested gene",,
cg08010276,cg08010276_BC21_T1_AADAT,AADAT,15,Kynurenine pathway,cg08010276,AADAT,,,,no_evidence,,,FALSE,,,,,,,,,,0,,,,,,UNMAPPED,,,,,UNMAPPED,,,,,UNMAPPED,,,,,,,,,,,,,,,"",no catalogue holds this CpG-gene pair and no distance could be computed,,
cg08014499,cg08014499_BC21_T1_IGF2,IGF2,21,Imprinted genes & DMRs,cg08014499,IGF2,,,,no_evidence,,,FALSE,,,,,,,,,,0,,MAD1L1,,0.1897,A,REQUESTED_GENE_UNAVAILABLE,TNNT3,,0.0501,A,REQUESTED_GENE_UNAVAILABLE,MAD1L1,,0.0131,B,REQUESTED_GENE_UNAVAILABLE,,,,,,,,,,,,,,,"",no catalogue holds this CpG-gene pair and no distance could be computed,,
cg08018731,cg08018731_BC21_T1_NOS3,NOS3,6,Libido & sexual function,cg08018731,NOS3,,,,no_evidence,,,FALSE,,,,,,,,,,0,,NOS3;ATG9B,,0.6537,A,REQUESTED_GENE_UNAVAILABLE,GOLPH3L,,0.0695,A,REQUESTED_GENE_UNAVAILABLE,KCNH2,,0.1244,A,REQUESTED_GENE_UNAVAILABLE,,,,,,,,,,,,,,,"",no catalogue holds this CpG-gene pair and no distance could be computed,,
cg08023563,cg08023563_TC21_T1_PDE4D,PDE4D,19,GPCR signalling & second messengers,cg08023563,PDE4D,,,,no_evidence,,,FALSE,,,,,,,,,,0,,ZNF329,,0.126,B,REQUESTED_GENE_UNAVAILABLE,ZNF587B,,0.3409,B,REQUESTED_GENE_UNAVAILABLE,C14ORF37,,0.0131,B,REQUESTED_GENE_UNAVAILABLE,,,,,,,,,,,,,,,"",no catalogue holds this CpG-gene pair and no distance could be computed,,
cg08025954,cg08025954_BC21_T1_ADORA2A,ADORA2A,8,Dopamine,cg08025954,ADORA2A,,,,no_evidence,,,FALSE,,,,,,,,,,0,,,,,,UNMAPPED,GGT1,,0.8457,A,REQUESTED_GENE_UNAVAILABLE,ADORA2A,,0.1667,A,ABSTAIN,,,,,,,,,,,,,,,"",no catalogue holds this CpG-gene pair and no distance could be computed,,
cg08030082,cg08030082_TC21_T1_POMC,POMC,2,HPA axis & glucocorticoid signalling,cg08030082,POMC,-1,higher methylation -> LOWER expression,0.6428,catalogue_consensus,A,"0.77-0.87 (tier A, tissues agree)",FALSE,-1,-1,,,,,,,-1,3,1,POMC,-1,0.4729,A,PREDICTED,POMC,-1,0.8567,A,PREDICTED,POMC,-1,0.5988,A,PREDICTED,,,,,,,,,,,,,,,"","",0.6428,0.1786
cg08031113,cg08031113_TC21_T1_PDE4D,PDE4D,19,GPCR signalling & second messengers,cg08031113,PDE4D,,,,no_evidence,,,FALSE,,,,,,,,,,0,,DEPDC1B,,0.6863,A,REQUESTED_GENE_UNAVAILABLE,,,,,UNMAPPED,,,,,UNMAPPED,,,,,,,,,,,,,,,"",no catalogue holds this CpG-gene pair and no distance could be computed,,
cg08031114,cg08031114_BC21_T1_PDE4D,PDE4D,19,GPCR signalling & second messengers,cg08031114,PDE4D,,,,no_evidence,,,FALSE,,,,,,,,,,0,,DEPDC1B,,0.6863,A,REQUESTED_GENE_UNAVAILABLE,,,,,UNMAPPED,,,,,UNMAPPED,,,,,,,,,,,,,,,"",no catalogue holds this CpG-gene pair and no distance could be computed,,
cg08033551,cg08033551_BC21_T1_CYP11A1,CYP11A1,3,Steroidogenesis (adrenal & gonadal),cg08033551,CYP11A1,,,,no_evidence,,,FALSE,,,,,,,,,,0,,MRPL53,,0.126,A,REQUESTED_GENE_UNAVAILABLE,SEMA7A,,0.1453,A,REQUESTED_GENE_UNAVAILABLE,MRPL53,,0.1667,B,REQUESTED_GENE_UNAVAILABLE,,,,,,,,,,,,,,,"",no catalogue holds this CpG-gene pair and no distance could be computed,,
cg08063601,cg08063601_TC11_T1_AR,AR,4,Sex steroids: receptors & metabolism,cg08063601,AR,,,,no_evidence,,,FALSE,,,,,,,,,,0,,,,,,UNMAPPED,,,,,UNMAPPED,,,,,UNMAPPED,,,,,,,,,,,,,,,"",no catalogue holds this CpG-gene pair and no distance could be computed,,
cg08065733,cg08065733_BC21_T1_INHBB,INHBB,5,"HPG axis, puberty & KNDy",cg08065733,INHBB,,,,no_evidence,,,FALSE,,,,,,,,,,0,,,,,,UNMAPPED,RALB,,0.3409,B,REQUESTED_GENE_UNAVAILABLE,,,,,UNMAPPED,,,,,,,,,,,,,,,"",no catalogue holds this CpG-gene pair and no distance could be computed,,
cg08076125,cg08076125_TC21_T1_GRM1,GRM1,16,Glutamate & synaptic scaffolding,cg08076125,GRM1,,,,no_evidence,,,FALSE,,,,,,,,,,0,,,,,,UNMAPPED,,,,,UNMAPPED,SHPRH,,0.1667,B,REQUESTED_GENE_UNAVAILABLE,,,,,,,,,,,,,,,"",no catalogue holds this CpG-gene pair and no distance could be computed,,
cg08088295,cg08088295_BC21_T1_HLA_DPB2,HLA-DPB2,24,"Immune, inflammation & HLA",cg08088295,HLA-DPB2,,,,no_evidence,,,FALSE,,,,,,,,,,0,,DYNLRB1,,0.9394,A,REQUESTED_GENE_UNAVAILABLE,HLA-DPB1,,0.6327,A,REQUESTED_GENE_UNAVAILABLE,DYNLRB1,,0.0131,A,REQUESTED_GENE_UNAVAILABLE,,,,,,,,,,,,,,,"",no catalogue holds this CpG-gene pair and no distance could be computed,,
cg08117103,cg08117103_BC21_T1_TSC22D3,TSC22D3,2,HPA axis & glucocorticoid signalling,cg08117103,TSC22D3,,,,no_evidence,,,FALSE,,,,,,,,,,0,,,,,,UNMAPPED,,,,,UNMAPPED,,,,,UNMAPPED,,,,,,,,,,,,,,,"",no catalogue holds this CpG-gene pair and no distance could be computed,,
cg08131736,cg08131736_TC11_T1_SHANK1,SHANK1,16,Glutamate & synaptic scaffolding,cg08131736,SHANK1,,,,no_evidence,,,FALSE,,,,,,,,,,0,,CLEC11A,,0.2712,A,REQUESTED_GENE_UNAVAILABLE,JOSD2,,0.3771,A,REQUESTED_GENE_UNAVAILABLE,SHANK3,,0.0131,B,REQUESTED_GENE_UNAVAILABLE,,,,,,,,,,,,,,,"",no catalogue holds this CpG-gene pair and no distance could be computed,,
cg08147094,cg08147094_TC21_T1_HLA_DOA,HLA-DOA,24,"Immune, inflammation & HLA",cg08147094,HLA-DOA,-1,higher methylation -> LOWER expression,1,measured,A,"~1.00 (measured, not predicted)",FALSE,-1,-1,,,,,,,,3,0.667,HLA-DOA,-1,0.4598,A,DIRECT_eQTM,HLA-DOA,-1,0.8366,A,PREDICTED,HLA-DOA,1,0.5758,A,PREDICTED,,,,,,,,,,COL11A2;HLA-DOA,blood,COL11A2:-1;HLA-DOA:-1,-1,FALSE,"","",1,0
cg08159594,cg08159594_TC21_T1_NAPEPLD,NAPEPLD,14,Endocannabinoid,cg08159594,NAPEPLD,-1,higher methylation -> LOWER expression,0.6433,catalogue_single,B,"0.55-0.84 (tier B, one tissue only)",FALSE,-1,-1,,,,,,,,1,1,INVS,,0.126,B,REQUESTED_GENE_UNAVAILABLE,NAPEPLD,-1,0.6433,B,PREDICTED,LRRC17,,0.1244,B,REQUESTED_GENE_UNAVAILABLE,,,,,,,,,,,,,,,"",only one tissue called; no cross-tissue corroboration,0.6433,0.17835
cg08161546,cg08161546_BC21_T1_ESR1,ESR1,4,Sex steroids: receptors & metabolism,cg08161546,ESR1,,,,no_evidence,,,FALSE,,,,,,,,,,0,,,,,,UNMAPPED,,,,,UNMAPPED,,,,,UNMAPPED,,,,,,,,,,,,,,,"",no catalogue holds this CpG-gene pair and no distance could be computed,,
cg08191854,cg08191854_BC21_T1_TRPM2,TRPM2,1,"Oxytocin, vasopressin & CICR",cg08191854,TRPM2,,,,tissue_conflict,A,,FALSE,,,,,,,,,,2,0.5,TRPM2,-1,0.7056,A,PREDICTED,TRPM2,1,0.4765,A,PREDICTED,TRPM2,,0.4087,B,ABSTAIN,,,,,,,,,,,,,,,"",tissues returned opposite directions; not resolved,,
cg08204023,cg08204023_BC21_T1_GDNF,GDNF,18,Neurotrophins & activity-dependent plasticity,cg08204023,GDNF,,,,no_evidence,,,FALSE,,,,,,,,,,0,,PPP1R1B,,0.2377,B,REQUESTED_GENE_UNAVAILABLE,,,,,UNMAPPED,TBC1D1,,0.0131,B,REQUESTED_GENE_UNAVAILABLE,,,,,,,,,,,,,,,"",no catalogue holds this CpG-gene pair and no distance could be computed,,
cg08208133,cg08208133_TC21_T1_HTR3A,HTR3A,9,Serotonin,cg08208133,HTR3A,,,,no_evidence,,,FALSE,,,,,,,,,,0,,,,,,UNMAPPED,,,,,UNMAPPED,,,,,UNMAPPED,,,,,,,,,,,,,,,"",no catalogue holds this CpG-gene pair and no distance could be computed,,
cg08215831,cg08215831_TC21_T1_CRH,CRH,2,HPA axis & glucocorticoid signalling,cg08215831,CRH,,,,no_evidence,,,FALSE,,,,,,,,,,0,,,,,,UNMAPPED,,,,,UNMAPPED,,,,,UNMAPPED,,,,,,,,,,,,,,,"",no catalogue holds this CpG-gene pair and no distance could be computed,,
cg08229366,cg08229366_TC21_T1_MEST,MEST,21,Imprinted genes & DMRs,cg08229366,MEST,,,,no_evidence,,,FALSE,,,,,,,,,,0,,CPA5,,0.7056,A,REQUESTED_GENE_UNAVAILABLE,ARHGAP18,,0.4852,A,REQUESTED_GENE_UNAVAILABLE,CPA5,,0.2027,A,REQUESTED_GENE_UNAVAILABLE,,,,,,,,,,,,,,,"",no catalogue holds this CpG-gene pair and no distance could be computed,,
cg08239804,cg08239804_BC21_T1_SGK1,SGK1,2,HPA axis & glucocorticoid signalling,cg08239804,SGK1,1,higher methylation -> HIGHER expression,,smr_moderate,,"0.84-0.86 (SMR tier S2, single instrument; validated n=6,008)",FALSE,1,1,1,S2,1.22e-10,1,67062,TRUE,,0,,,,,,UNMAPPED,,,,,UNMAPPED,,,,,UNMAPPED,,,,,,,,,,,,,,,"",causal direction from SMR (blood); consistent with methylation affecting expression AND with linkage - HEIDI not run,0.7,0.85
cg08241330,cg08241330_BC21_T1_ABAT,ABAT,17,GABA & excitation-inhibition balance,cg08241330,ABAT,1,higher methylation -> HIGHER expression,1,measured,A,"~1.00 (measured, not predicted)",FALSE,1,1,1,S1,3.317e-19,2,16764,TRUE,,1,1,ABAT,1,1,A,DIRECT_eQTM,ABAT,,0.1453,B,ABSTAIN,RERE,,0.3688,B,REQUESTED_GENE_UNAVAILABLE,,,,,,,,,,ABAT,blood,ABAT:+1,1,FALSE,"","",1,1
cg08243434,cg08243434_BC11_T1_MBD3,MBD3,20,Epigenetic machinery,cg08243434,MBD3,-1,higher methylation -> LOWER expression,0.6135,catalogue_single,A,"0.62-0.87 (tier A, one tissue only)",FALSE,-1,-1,,,,,,,,1,1,MEX3D,,0.4598,A,REQUESTED_GENE_UNAVAILABLE,MBD3,-1,0.6135,A,PREDICTED,,,,,UNMAPPED,,,,,,,,,,,,,,,"",only one tissue called; no cross-tissue corroboration,0.6135,0.19325
cg08258650,cg08258650_BC21_T1_SLC1A2,SLC1A2,16,Glutamate & synaptic scaffolding,cg08258650,SLC1A2,,,,no_evidence,,,FALSE,,,,,,,,,,0,,,,,,UNMAPPED,,,,,UNMAPPED,,,,,UNMAPPED,,,,,,,,,,,,,,,"",no catalogue holds this CpG-gene pair and no distance could be computed,,
cg08263357,cg08263357_TC21_T1_PLAGL1,PLAGL1,21,Imprinted genes & DMRs,cg08263357,PLAGL1,-1,higher methylation -> LOWER expression,0.6485,catalogue_consensus,B,"0.64-0.84 (tier B, tissues agree)",FALSE,-1,-1,,,,,,,-1,2,1,PLAGL1,-1,0.6537,B,PREDICTED,PLAGL1,-1,0.6433,B,PREDICTED,PLAGL1,,0.4326,B,ABSTAIN,,,,,,,,,,,,,,,"","",0.6485,0.17575
cg08288126,cg08288126_BC21_T1_PPARG,PPARG,27,Appetite & metabolic programming,cg08288126,PPARG,,,,no_evidence,,,FALSE,,,,,,,,,,0,,,,,,UNMAPPED,TIMP4,,0.3197,B,REQUESTED_GENE_UNAVAILABLE,TIMP4,,0.0131,B,REQUESTED_GENE_UNAVAILABLE,,,,,,,,,,,,,,,"",no catalogue holds this CpG-gene pair and no distance could be computed,,
cg08296191,cg08296191_BC21_T1_SHANK3,SHANK3,16,Glutamate & synaptic scaffolding,cg08296191,SHANK3,,,,no_evidence,,,FALSE,,,,,,,,,,0,,MAPK8IP2,,0.126,B,REQUESTED_GENE_UNAVAILABLE,MAPK8IP2,,0.1453,B,REQUESTED_GENE_UNAVAILABLE,,,,,UNMAPPED,,,,,,,,,,,,,,,"",no catalogue holds this CpG-gene pair and no distance could be computed,,
cg08306740,cg08306740_BC11_T1_FKBP4,FKBP4,2,HPA axis & glucocorticoid signalling,cg08306740,FKBP4,,,,no_evidence,,,FALSE,,,,,,,,,,0,,LOC283440,,0.298,A,REQUESTED_GENE_UNAVAILABLE,,,,,UNMAPPED,SH3BP2,,0.1474,B,REQUESTED_GENE_UNAVAILABLE,,,,,,,,,,,,,,,"",no catalogue holds this CpG-gene pair and no distance could be computed,,
cg08309069,cg08309069_TC21_T1_HLA_C,HLA-C,24,"Immune, inflammation & HLA",cg08309069,HLA-C,1,higher methylation -> HIGHER expression,,smr_high,A,"0.95-0.97 (SMR tier S1, concordant instruments; validated n=2,141)",FALSE,1,1,1,S1,1.059e-95,2,2435,TRUE,-1,2,1,HLA-C,-1,0.6863,A,PREDICTED,HLA-C,-1,0.8366,A,PREDICTED,PSORS1C3,,0.1124,B,REQUESTED_GENE_UNAVAILABLE,,,,,,,,,,HCG27;MIR6891,blood,HCG27:-1;MIR6891:-1,,TRUE,"measured association is with HCG27;MIR6891, not the requested gene - check which gene this CpG actually tracks","causal direction from SMR (blood); consistent with methylation affecting expression AND with linkage - HEIDI not run | measured association is with HCG27;MIR6891, not the requested gene",0.7,0.85
cg08313420,cg08313420_TC21_T1_DAGLB,DAGLB,14,Endocannabinoid,cg08313420,DAGLB,,,,no_evidence,,,FALSE,,,,,,,,,,0,,SMPD1,,0.289,A,REQUESTED_GENE_UNAVAILABLE,KDELR2,,0.1453,B,REQUESTED_GENE_UNAVAILABLE,SMPD1,,0.1667,B,REQUESTED_GENE_UNAVAILABLE,,,,,,,,,,,,,,,"",no catalogue holds this CpG-gene pair and no distance could be computed,,
cg08352530,cg08352530_BC21_T1_DAGLB,DAGLB,14,Endocannabinoid,cg08352530,DAGLB,,,,no_evidence,,,FALSE,,,,,,,,,,0,,SMPD1,,0.3429,A,REQUESTED_GENE_UNAVAILABLE,KDELR2,,0.0694,B,REQUESTED_GENE_UNAVAILABLE,SMPD1,,0.0131,B,REQUESTED_GENE_UNAVAILABLE,,,,,,,,,,,,,,,"",no catalogue holds this CpG-gene pair and no distance could be computed,,
cg08359777,cg08359777_TC21_T1_CREB1,CREB1,19,GPCR signalling & second messengers,cg08359777,CREB1,,,,no_evidence,,,FALSE,,,,,,,,,,0,,PTH2R,,0.2377,A,REQUESTED_GENE_UNAVAILABLE,,,,,UNMAPPED,,,,,UNMAPPED,,,,,,,,,,,,,,,"",no catalogue holds this CpG-gene pair and no distance could be computed,,
cg08365349,cg08365349_BC21_T1_CYP19A1,CYP19A1,4,Sex steroids: receptors & metabolism,cg08365349,CYP19A1,,,,no_evidence,,,FALSE,,,,,,,,,,0,,,,,,UNMAPPED,GLDN,,0.3409,B,REQUESTED_GENE_UNAVAILABLE,,,,,UNMAPPED,,,,,,,,,,,,,,,"",no catalogue holds this CpG-gene pair and no distance could be computed,,
cg08370787,cg08370787_TC21_T1_ADRB2,ADRB2,10,Noradrenaline & sympathetic nervous system,cg08370787,ADRB2,,,,no_evidence,,,FALSE,,,,,,,,,,0,,,,,,UNMAPPED,,,,,UNMAPPED,,,,,UNMAPPED,,,,,,,,,,,,,,,"",no catalogue holds this CpG-gene pair and no distance could be computed,,
cg08378929,cg08378929_BC21_T1_ADRA1B,ADRA1B,10,Noradrenaline & sympathetic nervous system,cg08378929,ADRA1B,,,,no_evidence,,,FALSE,,,,,,,,,,0,,,,,,UNMAPPED,TTC1,,0.3409,B,REQUESTED_GENE_UNAVAILABLE,PWWP2A,,0.0131,B,REQUESTED_GENE_UNAVAILABLE,,,,,,,,,,,,,,,"",no catalogue holds this CpG-gene pair and no distance could be computed,,
cg08390352,cg08390352_BC21_T1_GPER1,GPER1,4,Sex steroids: receptors & metabolism,cg08390352,GPER1,,,,no_evidence,,,FALSE,,,,,,,,,,0,,ERC1,,0.1971,A,REQUESTED_GENE_UNAVAILABLE,ZFAND2A,,0.6433,A,REQUESTED_GENE_UNAVAILABLE,ERC1,,0.0131,A,REQUESTED_GENE_UNAVAILABLE,,,,,,,,,,,,,,,"",no catalogue holds this CpG-gene pair and no distance could be computed,,
cg08402058,cg08402058_BC11_T1_NNAT,NNAT,21,Imprinted genes & DMRs,cg08402058,NNAT,,,,no_evidence,,,FALSE,,,,,,,,,,0,,,,,,UNMAPPED,BLCAP,,0.2222,A,REQUESTED_GENE_UNAVAILABLE,SRC,,0.1815,B,REQUESTED_GENE_UNAVAILABLE,,,,,,,,,,,,,,,"",no catalogue holds this CpG-gene pair and no distance could be computed,,
cg08411435,cg08411435_TC21_T1_PPP1R1B,PPP1R1B,8,Dopamine,cg08411435,PPP1R1B,1,higher methylation -> HIGHER expression,,smr_moderate,,"0.84-0.86 (SMR tier S2, single instrument; validated n=6,008)",FALSE,1,1,1,S2,3.845e-26,1,3912,TRUE,,0,,PGAP3,,0.1971,A,REQUESTED_GENE_UNAVAILABLE,PGAP3,,0.4852,A,REQUESTED_GENE_UNAVAILABLE,,,,,UNMAPPED,,,,,,,,,,,,,,,"",causal direction from SMR (blood); consistent with methylation affecting expression AND with linkage - HEIDI not run,0.7,0.85
cg08415785,cg08415785_BC11_T1_NR0B1,NR0B1,3,Steroidogenesis (adrenal & gonadal),cg08415785,NR0B1,,,,no_evidence,,,FALSE,,,,,,,,,,0,,,,,,UNMAPPED,,,,,UNMAPPED,,,,,UNMAPPED,,,,,,,,,,,,,,,"",no catalogue holds this CpG-gene pair and no distance could be computed,,
cg08415819,cg08415819_BC21_T1_NRXN1,NRXN1,25,Social-synaptic & psychiatric risk,cg08415819,NRXN1,,,,no_evidence,,,FALSE,,,,,,,,,,0,,RPL13A,,0.1077,B,REQUESTED_GENE_UNAVAILABLE,,,,,UNMAPPED,,,,,UNMAPPED,,,,,,,,,,,,,,,"",no catalogue holds this CpG-gene pair and no distance could be computed,,
cg08416870,cg08416870_BC21_T1_HLA_E,HLA-E,24,"Immune, inflammation & HLA",cg08416870,HLA-E,-1,higher methylation -> LOWER expression,0.5783,catalogue_consensus,A,"0.77-0.87 (tier A, tissues agree)",FALSE,-1,-1,,,,,,,-1,3,1,HLA-E,-1,0.4598,A,PREDICTED,HLA-E,-1,0.8366,A,PREDICTED,HLA-E,-1,0.4386,A,PREDICTED,,,,,,,,,,,,,,,"","",0.5783,0.21085
cg08432013,cg08432013_TC21_T1_DLG2,DLG2,16,Glutamate & synaptic scaffolding,cg08432013,DLG2,,,,no_evidence,,,FALSE,,,,,,,,,,0,,,,,,UNMAPPED,,,,,UNMAPPED,,,,,UNMAPPED,,,,,,,,,,,,,,,"",no catalogue holds this CpG-gene pair and no distance could be computed,,
cg08432971,cg08432971_TC21_T1_GRM6,GRM6,16,Glutamate & synaptic scaffolding,cg08432971,GRM6,,,,no_evidence,,,FALSE,,,,,,,,,,0,,ZNF354C,,0.3429,A,REQUESTED_GENE_UNAVAILABLE,ZNF454,,0.2479,B,REQUESTED_GENE_UNAVAILABLE,ZNF354B,,0.0131,B,REQUESTED_GENE_UNAVAILABLE,,,,,,,,,,,,,,,"",no catalogue holds this CpG-gene pair and no distance could be computed,,
cg08439020,cg08439020_TC21_T1_RYR1,RYR1,1,"Oxytocin, vasopressin & CICR",cg08439020,RYR1,-1,higher methylation -> LOWER expression,0.8169,catalogue_single,A,"0.62-0.87 (tier A, one tissue only)",FALSE,-1,-1,,,,,,,,1,1,TLR6,,0.126,A,REQUESTED_GENE_UNAVAILABLE,RYR1,-1,0.8169,A,PREDICTED,RYR1,,0.3688,B,ABSTAIN,,,,,,,,,,,,,,,"",only one tissue called; no cross-tissue corroboration,0.8169,0.09155
cg08450478,cg08450478_BC21_T1_PTGFR,PTGFR,7,"Pregnancy, parturition & lactation",cg08450478,PTGFR,,,,no_evidence,,,FALSE,,,,,,,,,,0,,PAPD4,,0.2377,B,REQUESTED_GENE_UNAVAILABLE,IFI44L,,0.0695,B,REQUESTED_GENE_UNAVAILABLE,KCNMA1,,0.4431,B,REQUESTED_GENE_UNAVAILABLE,,,,,,,,,,,,,,,"",no catalogue holds this CpG-gene pair and no distance could be computed,,
cg08450586,cg08450586_TC21_T1_GRM4,GRM4,16,Glutamate & synaptic scaffolding,cg08450586,GRM4,,,,no_evidence,,,FALSE,,,,,,,,,,0,,,,,,UNMAPPED,,,,,UNMAPPED,,,,,UNMAPPED,,,,,,,,,,,,,,,"",no catalogue holds this CpG-gene pair and no distance could be computed,,
cg08459173,cg08459173_BC21_T1_FSHB,FSHB,5,"HPG axis, puberty & KNDy",cg08459173,FSHB,,,,no_evidence,,,FALSE,,,,,,,,,,0,,,,,,UNMAPPED,,,,,UNMAPPED,,,,,UNMAPPED,,,,,,,,,,,,,,,"",no catalogue holds this CpG-gene pair and no distance could be computed,,
cg08466913,cg08466913_TC21_T1_KLK3,KLK3,4,Sex steroids: receptors & metabolism,cg08466913,KLK3,,,,no_evidence,,,FALSE,,,,,,,,,,0,,KLK1,,0.1852,A,REQUESTED_GENE_UNAVAILABLE,KLK6,,0.0695,B,REQUESTED_GENE_UNAVAILABLE,KLK7,,0.0131,B,REQUESTED_GENE_UNAVAILABLE,,,,,,,,,,,,,,,"",no catalogue holds this CpG-gene pair and no distance could be computed,,
cg08493959,cg08493959_TC11_T1_INHA,INHA,5,"HPG axis, puberty & KNDy",cg08493959,INHA,,,,no_evidence,,,FALSE,,,,,,,,,,0,,,,,,UNMAPPED,OBSL1,,0.9158,A,REQUESTED_GENE_UNAVAILABLE,OBSL1,,0.4326,A,REQUESTED_GENE_UNAVAILABLE,,,,,,,,,,,,,,,"",no catalogue holds this CpG-gene pair and no distance could be computed,,
cg08495042,cg08495042_BC21_T1_SLC12A2,SLC12A2,17,GABA & excitation-inhibition balance,cg08495042,SLC12A2,-1,higher methylation -> LOWER expression,0.8366,catalogue_single,B,"0.55-0.84 (tier B, one tissue only)",FALSE,-1,-1,,,,,,,,1,1,PODXL2,,0.3429,B,REQUESTED_GENE_UNAVAILABLE,SLC12A2,-1,0.8366,B,PREDICTED,PODXL2,,0.0131,B,REQUESTED_GENE_UNAVAILABLE,,,,,,,,,,,,,,,"",only one tissue called; no cross-tissue corroboration,0.8366,0.0817
cg08509564,cg08509564_TC21_T1_RSPO1,RSPO1,5,"HPG axis, puberty & KNDy",cg08509564,RSPO1,,,,no_evidence,,,FALSE,,,,,,,,,,0,,GNL2,,0.0641,A,REQUESTED_GENE_UNAVAILABLE,GNL2,,0.2222,B,REQUESTED_GENE_UNAVAILABLE,,,,,UNMAPPED,,,,,,,,,,,,,,,"",no catalogue holds this CpG-gene pair and no distance could be computed,,
cg08548378,cg08548378_BC21_T1_EHMT2,EHMT2,20,Epigenetic machinery,cg08548378,EHMT2,,,,no_evidence,,,FALSE,,,,,,,,,,0,,C2,,0.298,A,REQUESTED_GENE_UNAVAILABLE,C2,,0.8169,A,REQUESTED_GENE_UNAVAILABLE,C2,,0.4386,A,REQUESTED_GENE_UNAVAILABLE,,,,,,,,,,,,,,,"",no catalogue holds this CpG-gene pair and no distance could be computed,,
cg08553327,cg08553327_TC21_T1_TNF,TNF,24,"Immune, inflammation & HLA",cg08553327,TNF,-1,higher methylation -> LOWER expression,1,measured,A,"~1.00 (measured, not predicted)",FALSE,-1,-1,-1,S2,6.554e-16,1,1081,TRUE,-1,2,1,TNF,-1,0.7056,A,DIRECT_eQTM,TNF,-1,0.8866,A,PREDICTED,LTB,,0.0131,A,REQUESTED_GENE_UNAVAILABLE,,,,,,,,,,TNF,blood,TNF:-1,-1,FALSE,"","",1,0
cg08572336,cg08572336_TC11_T1_SHANK1,SHANK1,16,Glutamate & synaptic scaffolding,cg08572336,SHANK1,,,,no_evidence,,,FALSE,,,,,,,,,,0,,CLEC11A,,0.561,A,REQUESTED_GENE_UNAVAILABLE,JOSD2,,0.4583,A,REQUESTED_GENE_UNAVAILABLE,SHANK3,,0.0131,B,REQUESTED_GENE_UNAVAILABLE,,,,,,,,,,,,,,,"",no catalogue holds this CpG-gene pair and no distance could be computed,,
cg08587534,cg08587534_BC11_T1_GNAS,GNAS,19,GPCR signalling & second messengers,cg08587534,GNAS,,,,no_evidence,,,FALSE,,,,,,,,,,0,,CTSZ,,0.4648,A,REQUESTED_GENE_UNAVAILABLE,CTSZ,,0.3409,B,REQUESTED_GENE_UNAVAILABLE,,,,,UNMAPPED,,,,,,,,,,,,,,,"",no catalogue holds this CpG-gene pair and no distance could be computed,,
cg08592897,cg08592897_BC21_T1_GPX1,GPX1,29,Oxidative stress & mitochondria,cg08592897,GPX1,,,,no_evidence,,,FALSE,,,,,,,,,,0,,AMT,,0.6537,A,REQUESTED_GENE_UNAVAILABLE,TCTA,,0.8366,A,REQUESTED_GENE_UNAVAILABLE,SHC4,,0.2027,A,REQUESTED_GENE_UNAVAILABLE,,,,,,,,,,,,,,,"",no catalogue holds this CpG-gene pair and no distance could be computed,,
cg08593759,cg08593759_BC21_T1_UGT2B7,UGT2B7,4,Sex steroids: receptors & metabolism,cg08593759,UGT2B7,,,,no_evidence,,,FALSE,,,,,,,,,,0,,UGT2B11,,0.0365,B,REQUESTED_GENE_UNAVAILABLE,UGT2B7,,0.0695,A,ABSTAIN,,,,,UNMAPPED,,,,,,,,,,,,,,,"",no catalogue holds this CpG-gene pair and no distance could be computed,,
cg08611752,cg08611752_BC21_T1_HSD3B1,HSD3B1,3,Steroidogenesis (adrenal & gonadal),cg08611752,HSD3B1,,,,no_evidence,,,FALSE,,,,,,,,,,0,,PHGDH,,0.289,B,REQUESTED_GENE_UNAVAILABLE,PHGDH,,0.0695,B,REQUESTED_GENE_UNAVAILABLE,,,,,UNMAPPED,,,,,,,,,,,,,,,"",no catalogue holds this CpG-gene pair and no distance could be computed,,
cg08619971,cg08619971_TC21_T1_ADCY6,ADCY6,19,GPCR signalling & second messengers,cg08619971,ADCY6,-1,higher methylation -> LOWER expression,0.6027,catalogue_consensus,A,"0.77-0.87 (tier A, tissues agree)",FALSE,-1,-1,,,,,,,-1,2,1,CACNB3,,0.0365,A,REQUESTED_GENE_UNAVAILABLE,ADCY6,-1,0.8366,A,PREDICTED,ADCY6,-1,0.3688,A,PREDICTED,,,,,,,,,,,,,,,"","",0.6027,0.19865
cg08623810,cg08623810_TC21_T1_NRXN2,NRXN2,25,Social-synaptic & psychiatric risk,cg08623810,NRXN2,,,,no_evidence,,,FALSE,,,,,,,,,,0,,AP003774.3,,0.2377,B,REQUESTED_GENE_UNAVAILABLE,DAPK2,,0.0694,A,REQUESTED_GENE_UNAVAILABLE,SYNE2,,0.0131,B,REQUESTED_GENE_UNAVAILABLE,,,,,,,,,,,,,,,"",no catalogue holds this CpG-gene pair and no distance could be computed,,
cg08631650,cg08631650_BC21_T1_CAMK2A,CAMK2A,1,"Oxytocin, vasopressin & CICR",cg08631650,CAMK2A,,,,no_evidence,,,FALSE,,,,,,,,,,0,,PFN2,,0.0597,B,REQUESTED_GENE_UNAVAILABLE,ARSI,,0.3409,A,REQUESTED_GENE_UNAVAILABLE,CD74,,0.0131,B,REQUESTED_GENE_UNAVAILABLE,,,,,,,,,,,,,,,"",no catalogue holds this CpG-gene pair and no distance could be computed,,
cg08667244,cg08667244_BC21_T1_DIO3,DIO3,26,Thyroid & neurodevelopment,cg08667244,DIO3,,,,no_evidence,,,FALSE,,,,,,,,,,0,,PPP2R5C,,0.0153,B,REQUESTED_GENE_UNAVAILABLE,PPP2R5C,,0.3197,B,REQUESTED_GENE_UNAVAILABLE,PPP2R5C,,0.1667,B,REQUESTED_GENE_UNAVAILABLE,,,,,,,,,,,,,,,"",no catalogue holds this CpG-gene pair and no distance could be computed,,
cg08670658,cg08670658_TC21_T1_GRK2,GRK2,19,GPCR signalling & second messengers,cg08670658,GRK2,,,,no_evidence,,,FALSE,,,,,,,,,,0,,CARNS1,,0.2712,A,REQUESTED_GENE_UNAVAILABLE,POLD4,,0.378,A,REQUESTED_GENE_UNAVAILABLE,CLCF1,,0.1124,B,REQUESTED_GENE_UNAVAILABLE,,,,,,,,,,,,,,,"",no catalogue holds this CpG-gene pair and no distance could be computed,,
cg08672675,cg08672675_BC21_T1_TPH2,TPH2,9,Serotonin,cg08672675,TPH2,,,,no_evidence,,,FALSE,,,,,,,,,,0,,,,,,UNMAPPED,,,,,UNMAPPED,ZNF407,,0.0131,B,REQUESTED_GENE_UNAVAILABLE,,,,,,,,,,,,,,,"",no catalogue holds this CpG-gene pair and no distance could be computed,,
cg08686462,cg08686462_TC21_T1_IGF2,IGF2,21,Imprinted genes & DMRs,cg08686462,IGF2,,,,no_evidence,,,FALSE,,,,,,,,,,0,,MAD1L1,,0.1971,A,REQUESTED_GENE_UNAVAILABLE,CD81,,0.3639,A,REQUESTED_GENE_UNAVAILABLE,MAD1L1,,0.0131,B,REQUESTED_GENE_UNAVAILABLE,,,,,,,,,,,,,,,"",no catalogue holds this CpG-gene pair and no distance could be computed,,
cg08692532,cg08692532_BC21_T1_PDE4D,PDE4D,19,GPCR signalling & second messengers,cg08692532,PDE4D,,,,no_evidence,,,FALSE,,,,,,,,,,0,,ZNF329,,0.1291,B,REQUESTED_GENE_UNAVAILABLE,ZNF587B,,0.3409,B,REQUESTED_GENE_UNAVAILABLE,C14ORF37,,0.0131,B,REQUESTED_GENE_UNAVAILABLE,,,,,,,,,,,,,,,"",no catalogue holds this CpG-gene pair and no distance could be computed,,
cg08703462,cg08703462_TC21_T1_CAMK2A,CAMK2A,1,"Oxytocin, vasopressin & CICR",cg08703462,CAMK2A,,,,no_evidence,,,FALSE,,,,,,,,,,0,,PFN2,,0.0597,B,REQUESTED_GENE_UNAVAILABLE,ARSI,,0.3409,A,REQUESTED_GENE_UNAVAILABLE,CD74,,0.0131,B,REQUESTED_GENE_UNAVAILABLE,,,,,,,,,,,,,,,"",no catalogue holds this CpG-gene pair and no distance could be computed,,
cg08709672,cg08709672_TC11_T1_AVPR1B,AVPR1B,1,"Oxytocin, vasopressin & CICR",cg08709672,AVPR1B,,,,no_evidence,,,FALSE,,,,,,,,,,0,,,,,,UNMAPPED,,,,,UNMAPPED,,,,,UNMAPPED,,,,,,,,,,,,,,,"",no catalogue holds this CpG-gene pair and no distance could be computed,,
cg08743812,cg08743812_TC21_T1_CARTPT,CARTPT,27,Appetite & metabolic programming,cg08743812,CARTPT,,,,no_evidence,,,FALSE,,,,,,,,,,0,,,,,,UNMAPPED,,,,,UNMAPPED,TEX261,,0.0131,B,REQUESTED_GENE_UNAVAILABLE,,,,,,,,,,,,,,,"",no catalogue holds this CpG-gene pair and no distance could be computed,,
cg08746486,cg08746486_BC21_T1_GDNF,GDNF,18,Neurotrophins & activity-dependent plasticity,cg08746486,GDNF,,,,no_evidence,,,FALSE,,,,,,,,,,0,,PPP1R1B,,0.2377,B,REQUESTED_GENE_UNAVAILABLE,,,,,UNMAPPED,TBC1D1,,0.0131,B,REQUESTED_GENE_UNAVAILABLE,,,,,,,,,,,,,,,"",no catalogue holds this CpG-gene pair and no distance could be computed,,
cg08746986,cg08746986_BC21_T1_RELN,RELN,25,Social-synaptic & psychiatric risk,cg08746986,RELN,,,,no_evidence,,,FALSE,,,,,,,,,,0,,,,,,UNMAPPED,PSMC2,,0.3197,A,REQUESTED_GENE_UNAVAILABLE,,,,,UNMAPPED,,,,,,,,,,,,,,,"",no catalogue holds this CpG-gene pair and no distance could be computed,,
cg08760843,cg08760843_BC21_T1_PNOC,PNOC,12,Opioid & melanocortin,cg08760843,PNOC,-1,higher methylation -> LOWER expression,0.4598,catalogue_single,A,"0.62-0.87 (tier A, one tissue only)",FALSE,-1,-1,,,,,,,,1,1,PNOC,-1,0.4598,A,PREDICTED,,,,,UNMAPPED,PNOC,,0.2027,A,ABSTAIN,,,,,,,,,,,,,,,"",only one tissue called; no cross-tissue corroboration,0.4598,0.2701
cg08764927,cg08764927_TC21_T1_PER3,PER3,23,Circadian & melatonin,cg08764927,PER3,-1,higher methylation -> LOWER expression,0.5666,catalogue_consensus,B,"0.64-0.84 (tier B, tissues agree)",FALSE,-1,-1,,,,,,,-1,3,1,PER3,-1,0.6537,A,PREDICTED,PER3,-1,0.6135,B,PREDICTED,PER3,-1,0.4326,A,PREDICTED,,,,,,,,,,,,,,,"","",0.5666,0.2167
cg08767627,cg08767627_TC21_T1_NPY1R,NPY1R,10,Noradrenaline & sympathetic nervous system,cg08767627,NPY1R,,,,no_evidence,,,FALSE,,,,,,,,,,0,,,,,,UNMAPPED,,,,,UNMAPPED,,,,,UNMAPPED,,,,,,,,,,,,,,,"",no catalogue holds this CpG-gene pair and no distance could be computed,,
cg08779886,cg08779886_TC21_T1_KMT2A,KMT2A,20,Epigenetic machinery,cg08779886,KMT2A,,,,no_evidence,,,FALSE,,,,,,,,,,0,,CD3G,,0.3705,A,REQUESTED_GENE_UNAVAILABLE,ATP5L,,0.1453,A,REQUESTED_GENE_UNAVAILABLE,,,,,UNMAPPED,,,,,,,,,,,,,,,"",no catalogue holds this CpG-gene pair and no distance could be computed,,
cg08800856,cg08800856_BC21_T1_NRXN2,NRXN2,25,Social-synaptic & psychiatric risk,cg08800856,NRXN2,,,,no_evidence,,,FALSE,,,,,,,,,,0,,AP003774.3,,0.2377,B,REQUESTED_GENE_UNAVAILABLE,DAPK2,,0.0695,A,REQUESTED_GENE_UNAVAILABLE,SYNE2,,0.0131,B,REQUESTED_GENE_UNAVAILABLE,,,,,,,,,,,,,,,"",no catalogue holds this CpG-gene pair and no distance could be computed,,
cg08818984,cg08818984_TC21_T1_NR3C1,NR3C1,2,HPA axis & glucocorticoid signalling,cg08818984,NR3C1,,,,no_evidence,,,FALSE,,,,,,,,,,0,,,,,,UNMAPPED,,,,,UNMAPPED,,,,,UNMAPPED,,,,,,,,,,,,,,,"",no catalogue holds this CpG-gene pair and no distance could be computed,,
cg08834902,cg08834902_BC21_T1_ABAT,ABAT,17,GABA & excitation-inhibition balance,cg08834902,ABAT,1,higher methylation -> HIGHER expression,1,measured,A,"~1.00 (measured, not predicted)",FALSE,1,1,1,S1,6.127e-110,2,16737,TRUE,,1,1,ABAT,1,1,A,DIRECT_eQTM,ABAT,,0.1453,B,ABSTAIN,RERE,,0.3688,B,REQUESTED_GENE_UNAVAILABLE,,,,,,,,,,ABAT,blood,ABAT:+1,1,FALSE,"","",1,1
cg08860136,cg08860136_TC11_T1_DLG4,DLG4,16,Glutamate & synaptic scaffolding,cg08860136,DLG4,-1,higher methylation -> LOWER expression,0.4208,catalogue_consensus,A,"0.77-0.87 (tier A, tissues agree)",FALSE,-1,-1,,,,,,,-1,2,1,DLG4,-1,0.4729,A,PREDICTED,DLG4,,0.1453,A,ABSTAIN,DLG4,-1,0.3688,A,PREDICTED,,,,,,,,,,,,,,,"","",0.4208,0.2896
cg08872493,cg08872493_TC21_T1_HTR1D,HTR1D,9,Serotonin,cg08872493,HTR1D,,,,no_evidence,,,FALSE,,,,,,,,,,0,,LOC101926933,,0.0365,B,REQUESTED_GENE_UNAVAILABLE,ZNF436,,0.3409,B,REQUESTED_GENE_UNAVAILABLE,,,,,UNMAPPED,,,,,,,,,,,,,,,"",no catalogue holds this CpG-gene pair and no distance could be computed,,
cg08889250,cg08889250_BC21_T1_DMRT1,DMRT1,5,"HPG axis, puberty & KNDy",cg08889250,DMRT1,,,,no_evidence,,,FALSE,,,,,,,,,,0,,,,,,UNMAPPED,DMRT3,,0.4583,B,REQUESTED_GENE_UNAVAILABLE,GAK,,0.1124,B,REQUESTED_GENE_UNAVAILABLE,,,,,,,,,,,,,,,"",no catalogue holds this CpG-gene pair and no distance could be computed,,
cg08894761,cg08894761_TC21_T1_SRD5A2,SRD5A2,4,Sex steroids: receptors & metabolism,cg08894761,SRD5A2,,,,no_evidence,,,FALSE,,,,,,,,,,0,,,,,,UNMAPPED,XDH,,0.0694,B,REQUESTED_GENE_UNAVAILABLE,EHMT2,,0.0131,B,REQUESTED_GENE_UNAVAILABLE,,,,,,,,,,,,,,,"",no catalogue holds this CpG-gene pair and no distance could be computed,,
cg08897844,cg08897844_BC21_T1_SLC1A3,SLC1A3,16,Glutamate & synaptic scaffolding,cg08897844,SLC1A3,-1,higher methylation -> LOWER expression,0.5379,catalogue_consensus,A,"0.77-0.87 (tier A, tissues agree)",FALSE,-1,-1,,,,,,,-1,2,1,AC008957.1,,0.126,B,REQUESTED_GENE_UNAVAILABLE,SLC1A3,-1,0.6433,A,PREDICTED,SLC1A3,-1,0.4326,A,PREDICTED,,,,,,,,,,,,,,,"","",0.5379,0.23105
cg08902905,cg08902905_BC21_T1_TLR4,TLR4,24,"Immune, inflammation & HLA",cg08902905,TLR4,,,,no_evidence,,,FALSE,,,,,,,,,,0,,,,,,UNMAPPED,,,,,UNMAPPED,,,,,UNMAPPED,,,,,,,,,,,,,,,"",no catalogue holds this CpG-gene pair and no distance could be computed,,
cg08904008,cg08904008_TC21_T1_IDO2,IDO2,15,Kynurenine pathway,cg08904008,IDO2,,,,no_evidence,,,FALSE,,,,,,,,,,0,,IDO1,,0.3429,A,REQUESTED_GENE_UNAVAILABLE,IDO1,,0.3197,A,REQUESTED_GENE_UNAVAILABLE,JUP,,0.0131,B,REQUESTED_GENE_UNAVAILABLE,,,,,,,,,,,,,,,"",no catalogue holds this CpG-gene pair and no distance could be computed,,
cg08915438,cg08915438_TC21_T1_FKBP5,FKBP5,2,HPA axis & glucocorticoid signalling,cg08915438,FKBP5,-1,higher methylation -> LOWER expression,0.3639,catalogue_single,A,"0.62-0.87 (tier A, one tissue only)",FALSE,-1,-1,,,,,,,,1,1,,,,,UNMAPPED,FKBP5,-1,0.3639,A,PREDICTED,FKBP5,,0.0131,A,ABSTAIN,,,,,,,,,,,,,,,"",only one tissue called; no cross-tissue corroboration,0.3639,0.31805
cg08926325,cg08926325_TC21_T1_FOXA2,FOXA2,8,Dopamine,cg08926325,FOXA2,,,,no_evidence,,,FALSE,,,,,,,,,,0,,,,,,UNMAPPED,,,,,UNMAPPED,,,,,UNMAPPED,,,,,,,,,,,,,,,"",no catalogue holds this CpG-gene pair and no distance could be computed,,
cg08926642,cg08926642_BC11_T1_PER3,PER3,23,Circadian & melatonin,cg08926642,PER3,-1,higher methylation -> LOWER expression,1,measured,A,"~1.00 (measured, not predicted)",FALSE,-1,-1,-1,S1,2.272e-27,2,12647,TRUE,,1,1,PER3,-1,0.7056,A,DIRECT_eQTM,PER3,,0.31,B,ABSTAIN,PER3,,0.2027,A,ABSTAIN,,,,,,,,,,PER3;Z98884.1,blood,PER3:-1;Z98884.1:-1,-1,FALSE,"","",1,0
cg08987251,cg08987251_BC21_T1_GOT2,GOT2,15,Kynurenine pathway,cg08987251,GOT2,,,,no_evidence,,,FALSE,,,,,,,,,,0,,,,,,UNMAPPED,,,,,UNMAPPED,,,,,UNMAPPED,,,,,,,,,,,,,,,"",no catalogue holds this CpG-gene pair and no distance could be computed,,
cg08997362,cg08997362_TC21_T1_ANKK1,ANKK1,8,Dopamine,cg08997362,ANKK1,,,,no_evidence,,,FALSE,,,,,,,,,,0,,TTC12,,0.3429,A,REQUESTED_GENE_UNAVAILABLE,TTC12,,0.4583,A,REQUESTED_GENE_UNAVAILABLE,,,,,UNMAPPED,,,,,,,,,,,,,,,"",no catalogue holds this CpG-gene pair and no distance could be computed,,
cg09015232,cg09015232_BC21_T1_SLC12A5,SLC12A5,17,GABA & excitation-inhibition balance,cg09015232,SLC12A5,,,,no_evidence,,,FALSE,,,,,,,,,,0,,CD40,,0.298,A,REQUESTED_GENE_UNAVAILABLE,MMP9,,0.31,A,REQUESTED_GENE_UNAVAILABLE,PLTP,,0.0131,B,REQUESTED_GENE_UNAVAILABLE,,,,,,,,,,,,,,,"",no catalogue holds this CpG-gene pair and no distance could be computed,,
cg09015433,cg09015433_BC11_T1_PENK,PENK,12,Opioid & melanocortin,cg09015433,PENK,,,,no_evidence,,,FALSE,,,,,,,,,,0,,,,,,UNMAPPED,,,,,UNMAPPED,ZDHHC5,,0.0131,B,REQUESTED_GENE_UNAVAILABLE,,,,,,,,,,,,,,,"",no catalogue holds this CpG-gene pair and no distance could be computed,,
cg09017117,cg09017117_TC21_T1_HLA_DMB,HLA-DMB,24,"Immune, inflammation & HLA",cg09017117,HLA-DMB,-1,higher methylation -> LOWER expression,1,measured,A,"~1.00 (measured, not predicted)",FALSE,-1,-1,-1,S2,6.398e-32,1,1207,TRUE,,2,0.5,HLA-DMB,-1,0.3739,A,DIRECT_eQTM,HLA-DMB,1,0.8509,A,PREDICTED,HLA-DMB,,0.0131,A,ABSTAIN,,,,,,,,,,HLA-DMB,blood,HLA-DMB:-1,-1,FALSE,"","",1,0
cg09019952,cg09019952_BC21_T1_NR1D1,NR1D1,23,Circadian & melatonin,cg09019952,NR1D1,,,,no_evidence,,,FALSE,,,,,,,,,,0,,RAPGEFL1,,0.0153,A,REQUESTED_GENE_UNAVAILABLE,MSL1,,0.0695,A,REQUESTED_GENE_UNAVAILABLE,MED24,,0.1124,A,REQUESTED_GENE_UNAVAILABLE,,,,,,,,,,,,,,,"",no catalogue holds this CpG-gene pair and no distance could be computed,,
cg09020332,cg09020332_TC21_T1_CAMK2B,CAMK2B,1,"Oxytocin, vasopressin & CICR",cg09020332,CAMK2B,,,,no_evidence,,,FALSE,,,,,,,,,,0,,SAMM50,,0.1971,B,REQUESTED_GENE_UNAVAILABLE,,,,,UNMAPPED,SAMM50,,0.0131,B,REQUESTED_GENE_UNAVAILABLE,,,,,,,,,,,,,,,"",no catalogue holds this CpG-gene pair and no distance could be computed,,
cg09049861,cg09049861_BC21_T1_GNAS,GNAS,19,GPCR signalling & second messengers,cg09049861,GNAS,,,,no_evidence,,,FALSE,,,,,,,,,,0,,CTSZ,,0.2377,A,REQUESTED_GENE_UNAVAILABLE,CTSZ,,0.3409,B,REQUESTED_GENE_UNAVAILABLE,,,,,UNMAPPED,,,,,,,,,,,,,,,"",no catalogue holds this CpG-gene pair and no distance could be computed,,
cg09057885,cg09057885_TC21_T1_SLC19A1,SLC19A1,22,One-carbon metabolism,cg09057885,SLC19A1,-1,higher methylation -> LOWER expression,,smr_moderate,,"0.84-0.86 (SMR tier S2, single instrument; validated n=6,008)",FALSE,-1,-1,-1,S2,4.934e-15,1,25019,TRUE,,0,,,,,,UNMAPPED,,,,,UNMAPPED,,,,,UNMAPPED,,,,,,,,,,,,,,,"",causal direction from SMR (blood); consistent with methylation affecting expression AND with linkage - HEIDI not run,0.7,0.15
cg09065714,cg09065714_TC21_T1_UCN,UCN,2,HPA axis & glucocorticoid signalling,cg09065714,UCN,,,,no_evidence,,,FALSE,,,,,,,,,,0,,LOC105374363,,0.058,B,REQUESTED_GENE_UNAVAILABLE,ATRAID,,0.4852,A,REQUESTED_GENE_UNAVAILABLE,,,,,UNMAPPED,,,,,,,,,,,,,,,"",no catalogue holds this CpG-gene pair and no distance could be computed,,
cg09079455,cg09079455_TC21_T1_SLC1A3,SLC1A3,16,Glutamate & synaptic scaffolding,cg09079455,SLC1A3,,,,no_evidence,,,FALSE,,,,,,,,,,0,,AC008957.1,,0.298,A,REQUESTED_GENE_UNAVAILABLE,SLC1A3,,0.1556,B,ABSTAIN,SLC1A3,,0.1815,A,ABSTAIN,,,,,,,,,,,,,,,"",no catalogue holds this CpG-gene pair and no distance could be computed,,
cg09095356,cg09095356_BC21_T1_DMRT1,DMRT1,5,"HPG axis, puberty & KNDy",cg09095356,DMRT1,,,,no_evidence,,,FALSE,,,,,,,,,,0,,,,,,UNMAPPED,DMRT3,,0.4583,B,REQUESTED_GENE_UNAVAILABLE,GAK,,0.1124,B,REQUESTED_GENE_UNAVAILABLE,,,,,,,,,,,,,,,"",no catalogue holds this CpG-gene pair and no distance could be computed,,
cg09096555,cg09096555_BC11_T1_GRIN2C,GRIN2C,16,Glutamate & synaptic scaffolding,cg09096555,GRIN2C,,,,no_evidence,,,FALSE,,,,,,,,,,0,,ARHGEF28,,0.0365,B,REQUESTED_GENE_UNAVAILABLE,NAT9,,0.1455,B,REQUESTED_GENE_UNAVAILABLE,SLC16A5,,0.2414,B,REQUESTED_GENE_UNAVAILABLE,,,,,,,,,,,,,,,"",no catalogue holds this CpG-gene pair and no distance could be computed,,
cg09102257,cg09102257_TC11_T1_EGR1,EGR1,18,Neurotrophins & activity-dependent plasticity,cg09102257,EGR1,,,,no_evidence,,,FALSE,,,,,,,,,,0,,,,,,UNMAPPED,,,,,UNMAPPED,,,,,UNMAPPED,,,,,,,,,,,,,,,"",no catalogue holds this CpG-gene pair and no distance could be computed,,
cg09116464,cg09116464_BC21_T1_PGF,PGF,7,"Pregnancy, parturition & lactation",cg09116464,PGF,,,,no_evidence,,,FALSE,,,,,,,,,,0,,RPS6KL1,,0.5493,A,REQUESTED_GENE_UNAVAILABLE,RPS6KL1,,0.4583,A,REQUESTED_GENE_UNAVAILABLE,,,,,UNMAPPED,,,,,,,,,,,,,,,"",no catalogue holds this CpG-gene pair and no distance could be computed,,
cg09122223,cg09122223_BC21_T1_IL18,IL18,24,"Immune, inflammation & HLA",cg09122223,IL18,-1,higher methylation -> LOWER expression,0.6537,catalogue_single,A,"0.62-0.87 (tier A, one tissue only)",FALSE,-1,-1,,,,,,,,1,1,IL18,-1,0.6537,A,PREDICTED,PTS,,0.0695,A,REQUESTED_GENE_UNAVAILABLE,,,,,UNMAPPED,,,,,,,,,,,,,,,"",only one tissue called; no cross-tissue corroboration,0.6537,0.17315
cg09125907,cg09125907_BC21_T1_HTR5A,HTR5A,9,Serotonin,cg09125907,HTR5A,,,,no_evidence,,,FALSE,,,,,,,,,,0,,,,,,UNMAPPED,,,,,UNMAPPED,,,,,UNMAPPED,,,,,,,,,,,,,,,"",no catalogue holds this CpG-gene pair and no distance could be computed,,
cg09133462,cg09133462_TC21_T1_ADRA2A,ADRA2A,10,Noradrenaline & sympathetic nervous system,cg09133462,ADRA2A,-1,higher methylation -> LOWER expression,0.6376,catalogue_consensus,B,"0.64-0.84 (tier B, tissues agree)",FALSE,-1,-1,,,,,,,-1,2,1,PDCD4;MIR4680,,0.126,B,REQUESTED_GENE_UNAVAILABLE,ADRA2A,-1,0.8366,B,PREDICTED,ADRA2A,-1,0.4386,A,PREDICTED,,,,,,,,,,,,,,,"","",0.6376,0.1812
cg09144707,cg09144707_BC21_T1_GAD1,GAD1,17,GABA & excitation-inhibition balance,cg09144707,GAD1,1,higher methylation -> HIGHER expression,1,measured,A,"~1.00 (measured, not predicted)",FALSE,1,1,,,,,,,,1,1,,,,,UNMAPPED,GAD1,1,0.9845,A,DIRECT_eQTM,,,,,UNMAPPED,,,,,,,,,,GAD1,nasal_epithelium,GAD1:+1,1,FALSE,"","",1,1
cg09153462,cg09153462_TC21_T1_ASPH,ASPH,1,"Oxytocin, vasopressin & CICR",cg09153462,ASPH,,,,no_evidence,,,FALSE,,,,,,,,,,0,,,,,,UNMAPPED,,,,,UNMAPPED,,,,,UNMAPPED,,,,,,,,,,,,,,,"",no catalogue holds this CpG-gene pair and no distance could be computed,,
cg09158774,cg09158774_BC11_T1_NR0B1,NR0B1,3,Steroidogenesis (adrenal & gonadal),cg09158774,NR0B1,,,,no_evidence,,,FALSE,,,,,,,,,,0,,,,,,UNMAPPED,,,,,UNMAPPED,,,,,UNMAPPED,,,,,,,,,,,,,,,"",no catalogue holds this CpG-gene pair and no distance could be computed,,
cg09163429,cg09163429_BC21_T1_IDO1,IDO1,15,Kynurenine pathway,cg09163429,IDO1,-1,higher methylation -> LOWER expression,0.4069,catalogue_consensus,A,"0.77-0.87 (tier A, tissues agree)",FALSE,-1,-1,,,,,,,-1,2,1,IDO1,-1,0.4729,A,PREDICTED,IDO1,-1,0.3409,A,PREDICTED,PNN,,0.0131,B,REQUESTED_GENE_UNAVAILABLE,,,,,,,,,,,,,,,"","",0.4069,0.29655
cg09168692,cg09168692_BC21_T1_PER3,PER3,23,Circadian & melatonin,cg09168692,PER3,-1,higher methylation -> LOWER expression,1,measured,A,"~1.00 (measured, not predicted)",FALSE,-1,-1,,,,,,,,1,1,PER3,-1,0.7056,A,DIRECT_eQTM,PER3,,0.31,B,ABSTAIN,PER3,,0.2027,A,ABSTAIN,,,,,,,,,,PER3;Z98884.1,blood,PER3:-1;Z98884.1:-1,-1,FALSE,"","",1,0
cg09174690,cg09174690_TC21_T1_INHBB,INHBB,5,"HPG axis, puberty & KNDy",cg09174690,INHBB,,,,no_evidence,,,FALSE,,,,,,,,,,0,,,,,,UNMAPPED,RALB,,0.3409,B,REQUESTED_GENE_UNAVAILABLE,,,,,UNMAPPED,,,,,,,,,,,,,,,"",no catalogue holds this CpG-gene pair and no distance could be computed,,
cg09182118,cg09182118_BC21_T1_KLF9,KLF9,2,HPA axis & glucocorticoid signalling,cg09182118,KLF9,,,,no_evidence,,,FALSE,,,,,,,,,,0,,,,,,UNMAPPED,,,,,UNMAPPED,,,,,UNMAPPED,,,,,,,,,,,,,,,"",no catalogue holds this CpG-gene pair and no distance could be computed,,
cg09197950,cg09197950_TC21_T1_DLG1,DLG1,16,Glutamate & synaptic scaffolding,cg09197950,DLG1,,,,no_evidence,,,FALSE,,,,,,,,,,0,,DNAH7,,0.126,B,REQUESTED_GENE_UNAVAILABLE,MELTF,,0.0695,B,REQUESTED_GENE_UNAVAILABLE,DNAH7,,0.2027,B,REQUESTED_GENE_UNAVAILABLE,,,,,,,,,,,,,,,"",no catalogue holds this CpG-gene pair and no distance could be computed,,
cg09227616,cg09227616_TC21_T1_SYP,SYP,18,Neurotrophins & activity-dependent plasticity,cg09227616,SYP,,,,no_evidence,,,FALSE,,,,,,,,,,0,,,,,,UNMAPPED,,,,,UNMAPPED,,,,,UNMAPPED,,,,,,,,,,,,,,,"",no catalogue holds this CpG-gene pair and no distance could be computed,,
cg09229620,cg09229620_TC21_T1_NLGN1,NLGN1,25,Social-synaptic & psychiatric risk,cg09229620,NLGN1,,,,no_evidence,,,FALSE,,,,,,,,,,0,,,,,,UNMAPPED,,,,,UNMAPPED,,,,,UNMAPPED,,,,,,,,,,,,,,,"",no catalogue holds this CpG-gene pair and no distance could be computed,,
cg09247288,cg09247288_TC21_T1_ESR2,ESR2,4,Sex steroids: receptors & metabolism,cg09247288,ESR2,,,,no_evidence,,,FALSE,,,,,,,,,,0,,AKAP5,,0.0119,B,REQUESTED_GENE_UNAVAILABLE,MTHFD1,,0.1453,B,REQUESTED_GENE_UNAVAILABLE,,,,,UNMAPPED,,,,,,,,,,,,,,,"",no catalogue holds this CpG-gene pair and no distance could be computed,,
cg09269891,cg09269891_BC21_T1_CREBBP,CREBBP,20,Epigenetic machinery,cg09269891,CREBBP,,,,no_evidence,,,FALSE,,,,,,,,,,0,,DNASE1,,0.0996,B,REQUESTED_GENE_UNAVAILABLE,SLX4,,0.4852,A,REQUESTED_GENE_UNAVAILABLE,DNASE1,,0.0131,B,REQUESTED_GENE_UNAVAILABLE,,,,,,,,,,,,,,,"",no catalogue holds this CpG-gene pair and no distance could be computed,,
cg09277772,cg09277772_TC21_T1_AR,AR,4,Sex steroids: receptors & metabolism,cg09277772,AR,,,,no_evidence,,,FALSE,,,,,,,,,,0,,,,,,UNMAPPED,,,,,UNMAPPED,,,,,UNMAPPED,,,,,,,,,,,,,,,"",no catalogue holds this CpG-gene pair and no distance could be computed,,
cg09280976,cg09280976_TC21_T1_MEG3,MEG3,21,Imprinted genes & DMRs,cg09280976,MEG3,-1,higher methylation -> LOWER expression,0.5422,catalogue_single,A,"0.62-0.87 (tier A, one tissue only)",FALSE,-1,-1,,,,,,,,1,1,MEG3,-1,0.5422,A,PREDICTED,,,,,UNMAPPED,,,,,UNMAPPED,,,,,,,,,,,,,,,"",only one tissue called; no cross-tissue corroboration,0.5422,0.2289
cg09286894,cg09286894_TC21_T1_NQO1,NQO1,29,Oxidative stress & mitochondria,cg09286894,NQO1,-1,higher methylation -> LOWER expression,0.6135,catalogue_single,A,"0.62-0.87 (tier A, one tissue only)",FALSE,-1,-1,,,,,,,,1,1,NPIPB14P,,0.2712,B,REQUESTED_GENE_UNAVAILABLE,NQO1,-1,0.6135,A,PREDICTED,,,,,UNMAPPED,,,,,,,,,,,,,,,"",only one tissue called; no cross-tissue corroboration,0.6135,0.19325
cg09290738,cg09290738_BC21_T1_SLC6A1,SLC6A1,17,GABA & excitation-inhibition balance,cg09290738,SLC6A1,,,,no_evidence,,,FALSE,,,,,,,,,,0,,DEXI,,0.126,B,REQUESTED_GENE_UNAVAILABLE,,,,,UNMAPPED,NDUFA4,,0.1124,B,REQUESTED_GENE_UNAVAILABLE,,,,,,,,,,,,,,,"",no catalogue holds this CpG-gene pair and no distance could be computed,,
cg09293391,cg09293391_TC21_T1_PLAGL1,PLAGL1,21,Imprinted genes & DMRs,cg09293391,PLAGL1,-1,higher methylation -> LOWER expression,,smr_moderate,,"0.84-0.86 (SMR tier S2, single instrument; validated n=6,008)",FALSE,-1,-1,-1,S2,4.852e-17,1,62832,TRUE,,0,,PLAGL1,,0.298,A,ABSTAIN,PLAGL1,,0.3409,B,ABSTAIN,PLAGL1,,0.0131,A,ABSTAIN,,,,,,,,,,,,,,,"",causal direction from SMR (blood); consistent with methylation affecting expression AND with linkage - HEIDI not run,0.7,0.15
cg09307104,cg09307104_BC11_T1_DLG3,DLG3,16,Glutamate & synaptic scaffolding,cg09307104,DLG3,,,,no_evidence,,,FALSE,,,,,,,,,,0,,,,,,UNMAPPED,,,,,UNMAPPED,,,,,UNMAPPED,,,,,,,,,,,,,,,"",no catalogue holds this CpG-gene pair and no distance could be computed,,
cg09318122,cg09318122_TC21_T1_SERPINA6,SERPINA6,2,HPA axis & glucocorticoid signalling,cg09318122,SERPINA6,,,,no_evidence,,,FALSE,,,,,,,,,,0,,MCTP2,,0.2377,B,REQUESTED_GENE_UNAVAILABLE,IFI27,,0.378,B,REQUESTED_GENE_UNAVAILABLE,MCTP2,,0.1815,B,REQUESTED_GENE_UNAVAILABLE,,,,,,,,,,,,,,,"",no catalogue holds this CpG-gene pair and no distance could be computed,,
cg09321582,cg09321582_BC21_T1_CHGB,CHGB,10,Noradrenaline & sympathetic nervous system,cg09321582,CHGB,,,,no_evidence,,,FALSE,,,,,,,,,,0,,,,,,UNMAPPED,,,,,UNMAPPED,,,,,UNMAPPED,,,,,,,,,,,,,,,"",no catalogue holds this CpG-gene pair and no distance could be computed,,
cg09321817,cg09321817_BC21_T1_HLA_DPA1,HLA-DPA1,24,"Immune, inflammation & HLA",cg09321817,HLA-DPA1,-1,higher methylation -> LOWER expression,1,measured,A,"~1.00 (measured, not predicted)",FALSE,-1,-1,1,S1,6.463e-25,2,894,FALSE,,2,0.5,HLA-DPA1,1,0.4517,A,PREDICTED,HLA-DPA1,-1,0.9961,A,DIRECT_eQTM,DYNLRB1,,0.1244,B,REQUESTED_GENE_UNAVAILABLE,,,,,,,,,,HLA-DMA;HLA-DMB;HLA-DOA;HLA-DPA1;HLA-DPB1,nasal_epithelium,HLA-DMA:-1;HLA-DMB:-1;HLA-DOA:-1;HLA-DPA1:-1;HLA-DPB1:-1,-1,FALSE,""," | SMR (causal, blood) says +1 at tier S1 but a stronger layer supplied the opposite sign - inspect before using",1,0
cg09336589,cg09336589_TC21_T1_DLG4,DLG4,16,Glutamate & synaptic scaffolding,cg09336589,DLG4,-1,higher methylation -> LOWER expression,0.4111,catalogue_consensus,A,"0.77-0.87 (tier A, tissues agree)",FALSE,-1,-1,,,,,,,-1,3,1,DLG4,-1,0.4598,A,PREDICTED,DLG4,-1,0.3409,A,PREDICTED,DLG4,-1,0.4326,A,PREDICTED,,,,,,,,,,CTDNEP1;ELP5,blood,CTDNEP1:+1;ELP5:+1,,TRUE,"measured association is with CTDNEP1;ELP5, not the requested gene - check which gene this CpG actually tracks","| measured association is with CTDNEP1;ELP5, not the requested gene",0.4111,0.29445
cg09341580,cg09341580_BC21_T1_GALR3,GALR3,6,Libido & sexual function,cg09341580,GALR3,,,,no_evidence,,,FALSE,,,,,,,,,,0,,H1F0,,0.1291,A,REQUESTED_GENE_UNAVAILABLE,H1F0,,0.3889,A,REQUESTED_GENE_UNAVAILABLE,TRIOBP,,0.0131,B,REQUESTED_GENE_UNAVAILABLE,,,,,,,,,,,,,,,"",no catalogue holds this CpG-gene pair and no distance could be computed,,
cg09360036,cg09360036_TC21_T1_ZBTB16,ZBTB16,2,HPA axis & glucocorticoid signalling,cg09360036,ZBTB16,,,,no_evidence,,,FALSE,,,,,,,,,,0,,,,,,UNMAPPED,,,,,UNMAPPED,MARCKS,,0.2027,A,REQUESTED_GENE_UNAVAILABLE,,,,,,,,,,,,,,,"",no catalogue holds this CpG-gene pair and no distance could be computed,,
cg09362581,cg09362581_BC21_T1_HLA_C,HLA-C,24,"Immune, inflammation & HLA",cg09362581,HLA-C,-1,higher methylation -> LOWER expression,0.5392,catalogue_consensus,A,"0.77-0.87 (tier A, tissues agree)",FALSE,-1,-1,,,,,,,-1,2,1,HLA-C,-1,0.4648,A,PREDICTED,HLA-C,-1,0.6135,A,PREDICTED,PSORS1C3,,0.1124,B,REQUESTED_GENE_UNAVAILABLE,,,,,,,,,,,,,,,"","",0.5392,0.2304
cg09364756,cg09364756_BC11_T1_SOD2,SOD2,29,Oxidative stress & mitochondria,cg09364756,SOD2,,,,no_evidence,,,FALSE,,,,,,,,,,0,,LOC401281,,0.0733,A,REQUESTED_GENE_UNAVAILABLE,SOD2,,0.0288,B,ABSTAIN,SOD2,,0.0131,A,ABSTAIN,,,,,,,,,,,,,,,"",no catalogue holds this CpG-gene pair and no distance could be computed,,
cg09370888,cg09370888_TC21_T1_THRA,THRA,26,Thyroid & neurodevelopment,cg09370888,THRA,,,,no_evidence,,,FALSE,,,,,,,,,,0,,RAPGEFL1,,0.3705,A,REQUESTED_GENE_UNAVAILABLE,CSF3,,0.5716,A,REQUESTED_GENE_UNAVAILABLE,MED24,,0.2027,A,REQUESTED_GENE_UNAVAILABLE,,,,,,,,,,,,,,,"",no catalogue holds this CpG-gene pair and no distance could be computed,,
cg09371608,cg09371608_BC21_T1_AADAT,AADAT,15,Kynurenine pathway,cg09371608,AADAT,,,,no_evidence,,,FALSE,,,,,,,,,,0,,,,,,UNMAPPED,,,,,UNMAPPED,,,,,UNMAPPED,,,,,,,,,,,,,,,"",no catalogue holds this CpG-gene pair and no distance could be computed,,
cg09377857,cg09377857_BC21_T1_HLA_DRB9,HLA-DRB9,24,"Immune, inflammation & HLA",cg09377857,HLA-DRB9,,,,no_evidence,,,FALSE,,,,,,,,,,0,,HLA-DRB9,,0.0365,A,ABSTAIN,HLA-DRA,,0.2479,A,REQUESTED_GENE_UNAVAILABLE,NOTCH4,,0.1244,B,REQUESTED_GENE_UNAVAILABLE,,,,,,,,,,,,,,,"",no catalogue holds this CpG-gene pair and no distance could be computed,,
cg09379439,cg09379439_TC21_T1_DLG2,DLG2,16,Glutamate & synaptic scaffolding,cg09379439,DLG2,,,,no_evidence,,,FALSE,,,,,,,,,,0,,LIN54,,0.2377,B,REQUESTED_GENE_UNAVAILABLE,DLG2,,0.31,B,ABSTAIN,DLG2,,0.0131,B,ABSTAIN,,,,,,,,,,,,,,,"",no catalogue holds this CpG-gene pair and no distance could be computed,,
cg09380820,cg09380820_TC21_T1_HLA_DOB,HLA-DOB,24,"Immune, inflammation & HLA",cg09380820,HLA-DOB,1,higher methylation -> HIGHER expression,0.4765,catalogue_single,A,"0.62-0.87 (tier A, one tissue only)",FALSE,1,1,,,,,,,,1,1,HLA-DOB,,0.2377,A,ABSTAIN,HLA-DOB,1,0.4765,A,PREDICTED,PSMB8,,0.0131,A,REQUESTED_GENE_UNAVAILABLE,,,,,,,,,,,,,,,"",only one tissue called; no cross-tissue corroboration,0.4765,0.73825
cg09381794,cg09381794_BC21_T1_HLA_DMB,HLA-DMB,24,"Immune, inflammation & HLA",cg09381794,HLA-DMB,,,,tissue_conflict,A,,FALSE,,,,,,,,,,2,0.5,HLA-DMB,-1,0.571,A,PREDICTED,HLA-DMB,1,0.8509,A,PREDICTED,HLA-DMB,,0.1667,A,ABSTAIN,,,,,,,,,,,,,,,"",tissues returned opposite directions; not resolved,,
cg09382492,cg09382492_TC21_T1_AANAT,AANAT,23,Circadian & melatonin,cg09382492,AANAT,,,,no_evidence,,,FALSE,,,,,,,,,,0,,AC079325.1,,0.0733,A,REQUESTED_GENE_UNAVAILABLE,RHBDF2,,0.3197,A,REQUESTED_GENE_UNAVAILABLE,CYGB,,0.1124,B,REQUESTED_GENE_UNAVAILABLE,,,,,,,,,,,,,,,"",no catalogue holds this CpG-gene pair and no distance could be computed,,
cg09392302,cg09392302_BC21_T1_ITPR3,ITPR3,1,"Oxytocin, vasopressin & CICR",cg09392302,ITPR3,,,,no_evidence,,,FALSE,,,,,,,,,,0,,MIR3934,,0.4598,A,REQUESTED_GENE_UNAVAILABLE,IP6K3,,0.3889,A,REQUESTED_GENE_UNAVAILABLE,TRPC4AP,,0.149,A,REQUESTED_GENE_UNAVAILABLE,,,,,,,,,,,,,,,"",no catalogue holds this CpG-gene pair and no distance could be computed,,
cg09392306,cg09392306_BC21_T1_ITPR3,ITPR3,1,"Oxytocin, vasopressin & CICR",cg09392306,ITPR3,,,,no_evidence,,,FALSE,,,,,,,,,,0,,MIR3934,,0.4598,A,REQUESTED_GENE_UNAVAILABLE,IP6K3,,0.3771,A,REQUESTED_GENE_UNAVAILABLE,TRPC4AP,,0.149,A,REQUESTED_GENE_UNAVAILABLE,,,,,,,,,,,,,,,"",no catalogue holds this CpG-gene pair and no distance could be computed,,
cg09393900,cg09393900_TC11_T1_GNAS,GNAS,19,GPCR signalling & second messengers,cg09393900,GNAS,,,,no_evidence,,,FALSE,,,,,,,,,,0,,CTSZ,,0.4648,A,REQUESTED_GENE_UNAVAILABLE,CTSZ,,0.3409,B,REQUESTED_GENE_UNAVAILABLE,,,,,UNMAPPED,,,,,,,,,,,,,,,"",no catalogue holds this CpG-gene pair and no distance could be computed,,
cg09398809,cg09398809_BC21_T1_GRM4,GRM4,16,Glutamate & synaptic scaffolding,cg09398809,GRM4,,,,no_evidence,,,FALSE,,,,,,,,,,0,,,,,,UNMAPPED,,,,,UNMAPPED,,,,,UNMAPPED,,,,,,,,,,,,,,,"",no catalogue holds this CpG-gene pair and no distance could be computed,,
cg09404376,cg09404376_BC21_T1_SGK1,SGK1,2,HPA axis & glucocorticoid signalling,cg09404376,SGK1,-1,higher methylation -> LOWER expression,,smr_moderate,,"0.84-0.86 (SMR tier S2, single instrument; validated n=6,008)",FALSE,-1,-1,-1,S2,4.896e-12,1,65628,TRUE,,0,,,,,,UNMAPPED,,,,,UNMAPPED,,,,,UNMAPPED,,,,,,,,,,,,,,,"",causal direction from SMR (blood); consistent with methylation affecting expression AND with linkage - HEIDI not run,0.7,0.15
cg09418290,cg09418290_BC21_T1_NLRP3,NLRP3,24,"Immune, inflammation & HLA",cg09418290,NLRP3,-1,higher methylation -> LOWER expression,0.3409,catalogue_single,A,"0.62-0.87 (tier A, one tissue only)",FALSE,-1,-1,,,,,,,,1,1,GCSAML-AS1,,0.298,B,REQUESTED_GENE_UNAVAILABLE,NLRP3,-1,0.3409,A,PREDICTED,GCSAML,,0.1124,B,REQUESTED_GENE_UNAVAILABLE,,,,,,,,,,,,,,,"",only one tissue called; no cross-tissue corroboration,0.3409,0.32955
cg09418623,cg09418623_BC21_T1_AR,AR,4,Sex steroids: receptors & metabolism,cg09418623,AR,,,,no_evidence,,,FALSE,,,,,,,,,,0,,,,,,UNMAPPED,,,,,UNMAPPED,,,,,UNMAPPED,,,,,,,,,,,,,,,"",no catalogue holds this CpG-gene pair and no distance could be computed,,
cg09437135,cg09437135_TC21_T1_MKRN3,MKRN3,21,Imprinted genes & DMRs,cg09437135,MKRN3,,,,no_evidence,,,FALSE,,,,,,,,,,0,,NR1D2,,0.7056,A,REQUESTED_GENE_UNAVAILABLE,,,,,UNMAPPED,,,,,UNMAPPED,,,,,,,,,,,,,,,"",no catalogue holds this CpG-gene pair and no distance could be computed,,
cg09437522,cg09437522_BC21_T1_GNAS,GNAS,19,GPCR signalling & second messengers,cg09437522,GNAS,1,higher methylation -> HIGHER expression,,smr_moderate,,"0.84-0.86 (SMR tier S2, single instrument; validated n=6,008)",FALSE,1,1,1,S2,8.416e-10,1,19308,TRUE,,0,,CTSZ,,0.298,A,REQUESTED_GENE_UNAVAILABLE,CTSZ,,0.3409,B,REQUESTED_GENE_UNAVAILABLE,,,,,UNMAPPED,,,,,,,,,,,,,,,"",causal direction from SMR (blood); consistent with methylation affecting expression AND with linkage - HEIDI not run,0.7,0.85
cg09439754,cg09439754_TC21_T1_HSD17B2,HSD17B2,4,Sex steroids: receptors & metabolism,cg09439754,HSD17B2,,,,no_evidence,,,FALSE,,,,,,,,,,0,,,,,,UNMAPPED,,,,,UNMAPPED,HSD17B2,,0.0131,A,ABSTAIN,,,,,,,,,,,,,,,"",no catalogue holds this CpG-gene pair and no distance could be computed,,
cg09442828,cg09442828_TC21_T1_ADRB3,ADRB3,10,Noradrenaline & sympathetic nervous system,cg09442828,ADRB3,,,,no_evidence,,,FALSE,,,,,,,,,,0,,ADGRA2,,0.1934,B,REQUESTED_GENE_UNAVAILABLE,LSM1,,0.1239,B,REQUESTED_GENE_UNAVAILABLE,ADGRA2,,0.1244,B,REQUESTED_GENE_UNAVAILABLE,,,,,,,,,,,,,,,"",no catalogue holds this CpG-gene pair and no distance could be computed,,
cg09448677,cg09448677_BC11_T1_SHANK2,SHANK2,16,Glutamate & synaptic scaffolding,cg09448677,SHANK2,1,higher methylation -> HIGHER expression,0.7091,catalogue_single,A,"0.62-0.87 (tier A, one tissue only)",FALSE,1,1,,,,,,,,1,1,COL19A1,,0.2377,B,REQUESTED_GENE_UNAVAILABLE,SHANK2,,0.3197,B,ABSTAIN,SHANK2,1,0.7091,A,PREDICTED,,,,,,,,,,,,,,,"",only one tissue called; no cross-tissue corroboration,0.7091,0.85455
cg09459982,cg09459982_TC21_T1_SYNGAP1,SYNGAP1,16,Glutamate & synaptic scaffolding,cg09459982,SYNGAP1,-1,higher methylation -> LOWER expression,0.6277,catalogue_consensus,A,"0.77-0.87 (tier A, tissues agree)",FALSE,-1,-1,,,,,,,-1,2,1,FAAP24,,0.1934,A,REQUESTED_GENE_UNAVAILABLE,SYNGAP1,-1,0.8866,A,PREDICTED,SYNGAP1,-1,0.3688,A,PREDICTED,,,,,,,,,,,,,,,"","",0.6277,0.18615
cg09462536,cg09462536_BC21_T1_MEST,MEST,21,Imprinted genes & DMRs,cg09462536,MEST,,,,no_evidence,,,FALSE,,,,,,,,,,0,,CPA5,,0.4648,A,REQUESTED_GENE_UNAVAILABLE,ARHGAP18,,0.4852,A,REQUESTED_GENE_UNAVAILABLE,CPA5,,0.2027,A,REQUESTED_GENE_UNAVAILABLE,,,,,,,,,,,,,,,"",no catalogue holds this CpG-gene pair and no distance could be computed,,
cg09504313,cg09504313_BC21_T1_CALM2,CALM2,1,"Oxytocin, vasopressin & CICR",cg09504313,CALM2,,,,no_evidence,,,FALSE,,,,,,,,,,0,,PCED1B,,0.289,B,REQUESTED_GENE_UNAVAILABLE,,,,,UNMAPPED,,,,,UNMAPPED,,,,,,,,,,,,,,,"",no catalogue holds this CpG-gene pair and no distance could be computed,,
cg09508496,cg09508496_TC11_T1_RYR1,RYR1,1,"Oxytocin, vasopressin & CICR",cg09508496,RYR1,-1,higher methylation -> LOWER expression,,smr_moderate,A,"0.84-0.86 (SMR tier S2, single instrument; validated n=6,008)",FALSE,-1,-1,-1,S2,8.941e-16,1,54813,TRUE,,1,1,MAP4K1,,0.3739,A,REQUESTED_GENE_UNAVAILABLE,RYR1,,0.3409,B,ABSTAIN,RYR1,-1,0.474,A,PREDICTED,,,,,,,,,,,,,,,"",causal direction from SMR (blood); consistent with methylation affecting expression AND with linkage - HEIDI not run,0.7,0.15
cg09550809,cg09550809_TC21_T1_BHMT,BHMT,22,One-carbon metabolism,cg09550809,BHMT,,,,no_evidence,,,FALSE,,,,,,,,,,0,,SLC26A11,,0.8636,A,REQUESTED_GENE_UNAVAILABLE,DMGDH,,0.0694,A,REQUESTED_GENE_UNAVAILABLE,DMGDH,,0.0131,A,REQUESTED_GENE_UNAVAILABLE,,,,,,,,,,,,,,,"",no catalogue holds this CpG-gene pair and no distance could be computed,,
cg09557462,cg09557462_BC21_T1_ADRA1A,ADRA1A,10,Noradrenaline & sympathetic nervous system,cg09557462,ADRA1A,,,,no_evidence,,,FALSE,,,,,,,,,,0,,,,,,UNMAPPED,,,,,UNMAPPED,,,,,UNMAPPED,,,,,,,,,,,,,,,"",no catalogue holds this CpG-gene pair and no distance could be computed,,
cg09562455,cg09562455_TC21_T1_NR0B1,NR0B1,3,Steroidogenesis (adrenal & gonadal),cg09562455,NR0B1,,,,no_evidence,,,FALSE,,,,,,,,,,0,,,,,,UNMAPPED,,,,,UNMAPPED,,,,,UNMAPPED,,,,,,,,,,,,,,,"",no catalogue holds this CpG-gene pair and no distance could be computed,,
cg09568217,cg09568217_BC11_T1_NLGN2,NLGN2,25,Social-synaptic & psychiatric risk,cg09568217,NLGN2,1,higher methylation -> HIGHER expression,,smr_moderate,A,"0.84-0.86 (SMR tier S2, single instrument; validated n=6,008)",FALSE,1,1,1,S2,7.966e-13,1,3818,TRUE,,1,1,TNK1,,0.2712,A,REQUESTED_GENE_UNAVAILABLE,NLGN2,,0.0694,A,ABSTAIN,NLGN2,-1,0.4326,A,PREDICTED,,,,,,,,,,,,,,,"",causal direction from SMR (blood); consistent with methylation affecting expression AND with linkage - HEIDI not run,0.7,0.85
cg09572125,cg09572125_TC11_T1_SYNGAP1,SYNGAP1,16,Glutamate & synaptic scaffolding,cg09572125,SYNGAP1,1,higher methylation -> HIGHER expression,0.3197,catalogue_single,A,"0.62-0.87 (tier A, one tissue only)",FALSE,1,1,,,,,,,,1,1,FAAP24,,0.7856,A,REQUESTED_GENE_UNAVAILABLE,SYNGAP1,1,0.3197,A,PREDICTED,SYNGAP1,,0.0131,A,ABSTAIN,,,,,,,,,,BAK1,blood,BAK1:+1,,TRUE,"measured association is with BAK1, not the requested gene - check which gene this CpG actually tracks","only one tissue called; no cross-tissue corroboration | measured association is with BAK1, not the requested gene",0.3197,0.65985
cg09572666,cg09572666_TC21_T1_NLGN3,NLGN3,25,Social-synaptic & psychiatric risk,cg09572666,NLGN3,,,,no_evidence,,,FALSE,,,,,,,,,,0,,,,,,UNMAPPED,,,,,UNMAPPED,,,,,UNMAPPED,,,,,,,,,,,,,,,"",no catalogue holds this CpG-gene pair and no distance could be computed,,
cg09618893,cg09618893_BC21_T1_EHMT2,EHMT2,20,Epigenetic machinery,cg09618893,EHMT2,,,,no_evidence,,,FALSE,,,,,,,,,,0,,C2,,0.3739,A,REQUESTED_GENE_UNAVAILABLE,C2,,0.8366,A,REQUESTED_GENE_UNAVAILABLE,C2,,0.0131,A,REQUESTED_GENE_UNAVAILABLE,,,,,,,,,,,,,,,"",no catalogue holds this CpG-gene pair and no distance could be computed,,
cg09630404,cg09630404_BC21_T1_STAR,STAR,3,Steroidogenesis (adrenal & gonadal),cg09630404,STAR,,,,no_evidence,,,FALSE,,,,,,,,,,0,,LSM1,,0.289,B,REQUESTED_GENE_UNAVAILABLE,LSM1,,0.3409,B,REQUESTED_GENE_UNAVAILABLE,SNIP1,,0.0131,A,REQUESTED_GENE_UNAVAILABLE,,,,,,,,,,,,,,,"",no catalogue holds this CpG-gene pair and no distance could be computed,,
cg09635994,cg09635994_TC11_T1_SHANK3,SHANK3,16,Glutamate & synaptic scaffolding,cg09635994,SHANK3,,,,no_evidence,,,FALSE,,,,,,,,,,0,,MAPK8IP2,,0.126,B,REQUESTED_GENE_UNAVAILABLE,MAPK8IP2,,0.1453,B,REQUESTED_GENE_UNAVAILABLE,,,,,UNMAPPED,,,,,,,,,,,,,,,"",no catalogue holds this CpG-gene pair and no distance could be computed,,
cg09636661,cg09636661_BC21_T1_NQO1,NQO1,29,Oxidative stress & mitochondria,cg09636661,NQO1,-1,higher methylation -> LOWER expression,0.6135,catalogue_single,A,"0.62-0.87 (tier A, one tissue only)",FALSE,-1,-1,,,,,,,,1,1,NPIPB14P,,0.2712,B,REQUESTED_GENE_UNAVAILABLE,NQO1,-1,0.6135,A,PREDICTED,,,,,UNMAPPED,,,,,,,,,,,,,,,"",only one tissue called; no cross-tissue corroboration,0.6135,0.19325
cg09685982,cg09685982_BC21_T1_PTGFR,PTGFR,7,"Pregnancy, parturition & lactation",cg09685982,PTGFR,-1,higher methylation -> LOWER expression,,smr_high,,"0.95-0.97 (SMR tier S1, concordant instruments; validated n=2,141)",FALSE,-1,-1,-1,S1,2.186e-09,2,68957,TRUE,,0,,PAPD4,,0.2377,B,REQUESTED_GENE_UNAVAILABLE,IFI44L,,0.0288,B,REQUESTED_GENE_UNAVAILABLE,KCNMA1,,0.4431,B,REQUESTED_GENE_UNAVAILABLE,,,,,,,,,,,,,,,"",causal direction from SMR (blood); consistent with methylation affecting expression AND with linkage - HEIDI not run,0.7,0.15
cg09687738,cg09687738_BC11_T1_HTR2C,HTR2C,9,Serotonin,cg09687738,HTR2C,,,,no_evidence,,,FALSE,,,,,,,,,,0,,,,,,UNMAPPED,,,,,UNMAPPED,,,,,UNMAPPED,,,,,,,,,,,,,,,"",no catalogue holds this CpG-gene pair and no distance could be computed,,
cg09711113,cg09711113_TC21_T1_NLGN2,NLGN2,25,Social-synaptic & psychiatric risk,cg09711113,NLGN2,1,higher methylation -> HIGHER expression,,smr_moderate,A,"0.84-0.86 (SMR tier S2, single instrument; validated n=6,008)",FALSE,1,1,1,S2,6.387e-09,1,3722,TRUE,,1,1,TNK1,,0.2712,A,REQUESTED_GENE_UNAVAILABLE,NLGN2,,0.0288,A,ABSTAIN,NLGN2,-1,0.4326,A,PREDICTED,,,,,,,,,,,,,,,"",causal direction from SMR (blood); consistent with methylation affecting expression AND with linkage - HEIDI not run,0.7,0.85
cg09721659,cg09721659_TC21_T1_TSHR,TSHR,26,Thyroid & neurodevelopment,cg09721659,TSHR,-1,higher methylation -> LOWER expression,,smr_moderate,,"0.84-0.86 (SMR tier S2, single instrument; validated n=6,008)",FALSE,-1,-1,-1,S2,2.457e-12,1,94878,TRUE,,0,,,,,,UNMAPPED,,,,,UNMAPPED,,,,,UNMAPPED,,,,,,,,,,,,,,,"",causal direction from SMR (blood); consistent with methylation affecting expression AND with linkage - HEIDI not run,0.7,0.15
cg09724624,cg09724624_TC21_T1_TSC22D3,TSC22D3,2,HPA axis & glucocorticoid signalling,cg09724624,TSC22D3,,,,no_evidence,,,FALSE,,,,,,,,,,0,,,,,,UNMAPPED,,,,,UNMAPPED,,,,,UNMAPPED,,,,,,,,,,,,,,,"",no catalogue holds this CpG-gene pair and no distance could be computed,,
cg09726240,cg09726240_TC21_T1_SHANK2,SHANK2,16,Glutamate & synaptic scaffolding,cg09726240,SHANK2,1,higher methylation -> HIGHER expression,0.6296,catalogue_single,A,"0.62-0.87 (tier A, one tissue only)",FALSE,1,1,,,,,,,,1,1,COL19A1,,0.2377,B,REQUESTED_GENE_UNAVAILABLE,SHANK2,,0.3197,B,ABSTAIN,SHANK2,1,0.6296,A,PREDICTED,,,,,,,,,,,,,,,"",only one tissue called; no cross-tissue corroboration,0.6296,0.8148
cg09730369,cg09730369_BC21_T1_PLAGL1,PLAGL1,21,Imprinted genes & DMRs,cg09730369,PLAGL1,-1,higher methylation -> LOWER expression,0.5816,catalogue_consensus,B,"0.64-0.84 (tier B, tissues agree)",FALSE,-1,-1,,,,,,,-1,2,1,PLAGL1,-1,0.52,B,PREDICTED,PLAGL1,-1,0.6433,B,PREDICTED,PLAGL1,,0.3688,B,ABSTAIN,,,,,,,,,,,,,,,"","",0.5816,0.2092
cg09739413,cg09739413_BC11_T1_HLA_DQB2,HLA-DQB2,24,"Immune, inflammation & HLA",cg09739413,HLA-DQB2,1,higher methylation -> HIGHER expression,0.5444,catalogue_consensus,A,"0.77-0.87 (tier A, tissues agree)",FALSE,1,1,-1,S2,1.669e-40,1,1905,FALSE,1,2,1,HLA-DQB2,1,0.3705,A,PREDICTED,HLA-DQB2,1,0.7183,A,PREDICTED,PSMB8,,0.1124,B,REQUESTED_GENE_UNAVAILABLE,,,,,,,,,,,,,,,""," | SMR (causal, blood) says -1 at tier S2 but a stronger layer supplied the opposite sign - inspect before using",0.5444,0.7722
cg09793866,cg09793866_BC21_T1_STAR,STAR,3,Steroidogenesis (adrenal & gonadal),cg09793866,STAR,,,,no_evidence,,,FALSE,,,,,,,,,,0,,LSM1,,0.289,B,REQUESTED_GENE_UNAVAILABLE,LSM1,,0.3639,B,REQUESTED_GENE_UNAVAILABLE,SNIP1,,0.0131,A,REQUESTED_GENE_UNAVAILABLE,,,,,,,,,,,,,,,"",no catalogue holds this CpG-gene pair and no distance could be computed,,
cg09809672,cg09809672_TC21_T1_EDARADD,EDARADD,28,"Ageing, epigenetic clocks & telomere",cg09809672,EDARADD,1,higher methylation -> HIGHER expression,,smr_weak,,"0.66-0.75 (SMR tier S3, instruments disagree; validated n=456)",FALSE,1,1,1,S3,5.514e-12,2,22206,TRUE,,0,,LGALS8,,0.3959,A,REQUESTED_GENE_UNAVAILABLE,HEATR1,,0.3197,B,REQUESTED_GENE_UNAVAILABLE,,,,,UNMAPPED,,,,,,,,,,,,,,,"",causal direction from SMR (blood); consistent with methylation affecting expression AND with linkage - HEIDI not run,0.7,0.85
cg09813702,cg09813702_TC21_T1_NR4A1,NR4A1,18,Neurotrophins & activity-dependent plasticity,cg09813702,NR4A1,,,,no_evidence,,,FALSE,,,,,,,,,,0,,ANKRD33,,0.3429,A,REQUESTED_GENE_UNAVAILABLE,ACVRL1,,0.3197,A,REQUESTED_GENE_UNAVAILABLE,KRT7,,0.5988,A,REQUESTED_GENE_UNAVAILABLE,,,,,,,,,,,,,,,"",no catalogue holds this CpG-gene pair and no distance could be computed,,
cg09824731,cg09824731_BC11_T1_GRM4,GRM4,16,Glutamate & synaptic scaffolding,cg09824731,GRM4,,,,no_evidence,,,FALSE,,,,,,,,,,0,,,,,,UNMAPPED,,,,,UNMAPPED,,,,,UNMAPPED,,,,,,,,,,,,,,,"",no catalogue holds this CpG-gene pair and no distance could be computed,,
cg09852607,cg09852607_BC21_T1_GATA2,GATA2,4,Sex steroids: receptors & metabolism,cg09852607,GATA2,,,,no_evidence,,,FALSE,,,,,,,,,,0,,,,,,UNMAPPED,,,,,UNMAPPED,,,,,UNMAPPED,,,,,,,,,,,,,,,"",no catalogue holds this CpG-gene pair and no distance could be computed,,
cg09861917,cg09861917_BC11_T1_FOXA2,FOXA2,8,Dopamine,cg09861917,FOXA2,,,,no_evidence,,,FALSE,,,,,,,,,,0,,,,,,UNMAPPED,,,,,UNMAPPED,,,,,UNMAPPED,,,,,,,,,,,,,,,"",no catalogue holds this CpG-gene pair and no distance could be computed,,
cg09863950,cg09863950_BC21_T1_HTR6,HTR6,9,Serotonin,cg09863950,HTR6,,,,no_evidence,,,FALSE,,,,,,,,,,0,,MINOS1-NBL1,,0.4729,A,REQUESTED_GENE_UNAVAILABLE,NBL1,,0.8366,A,REQUESTED_GENE_UNAVAILABLE,GPRC5B,,0.1815,B,REQUESTED_GENE_UNAVAILABLE,,,,,,,,,,,,,,,"",no catalogue holds this CpG-gene pair and no distance could be computed,,
cg09889987,cg09889987_BC21_T1_HLA_DOB,HLA-DOB,24,"Immune, inflammation & HLA",cg09889987,HLA-DOB,1,higher methylation -> HIGHER expression,,smr_moderate,A,"0.84-0.86 (SMR tier S2, single instrument; validated n=6,008)",FALSE,1,1,1,S2,2.589e-44,1,546,TRUE,,1,1,HLA-DOB,1,0.6737,A,PREDICTED,HLA-DOB,,0.0695,A,ABSTAIN,PSMB8,,0.0131,A,REQUESTED_GENE_UNAVAILABLE,,,,,,,,,,,,,,,"",causal direction from SMR (blood); consistent with methylation affecting expression AND with linkage - HEIDI not run,0.7,0.85
cg09894383,cg09894383_TC21_T1_HSD17B2,HSD17B2,4,Sex steroids: receptors & metabolism,cg09894383,HSD17B2,-1,higher methylation -> LOWER expression,0.3688,catalogue_single,A,"0.62-0.87 (tier A, one tissue only)",FALSE,-1,-1,,,,,,,,1,1,,,,,UNMAPPED,,,,,UNMAPPED,HSD17B2,-1,0.3688,A,PREDICTED,,,,,,,,,,,,,,,"",only one tissue called; no cross-tissue corroboration,0.3688,0.3156
cg09899557,cg09899557_TC21_T1_PPARGC1A,PPARGC1A,27,Appetite & metabolic programming,cg09899557,PPARGC1A,,,,no_evidence,,,FALSE,,,,,,,,,,0,,,,,,UNMAPPED,,,,,UNMAPPED,,,,,UNMAPPED,,,,,,,,,,,,,,,"",no catalogue holds this CpG-gene pair and no distance could be computed,,
cg09906382,cg09906382_TC21_T1_NR4A2,NR4A2,8,Dopamine,cg09906382,NR4A2,,,,no_evidence,,,FALSE,,,,,,,,,,0,,FLJ46875,,0.4598,A,REQUESTED_GENE_UNAVAILABLE,,,,,UNMAPPED,,,,,UNMAPPED,,,,,,,,,,,,,,,"",no catalogue holds this CpG-gene pair and no distance could be computed,,
cg09906922,cg09906922_TC11_T1_PRKACA,PRKACA,19,GPCR signalling & second messengers,cg09906922,PRKACA,,,,no_evidence,,,FALSE,,,,,,,,,,0,,LOC113230,,0.126,B,REQUESTED_GENE_UNAVAILABLE,IL27RA,,0.3771,A,REQUESTED_GENE_UNAVAILABLE,,,,,UNMAPPED,,,,,,,,,,,,,,,"",no catalogue holds this CpG-gene pair and no distance could be computed,,
cg09910601,cg09910601_TC21_T1_EZH2,EZH2,20,Epigenetic machinery,cg09910601,EZH2,,,,no_evidence,,,FALSE,,,,,,,,,,0,,EZH2,,0.2377,B,ABSTAIN,,,,,UNMAPPED,PCYOX1L,,0.0131,B,REQUESTED_GENE_UNAVAILABLE,,,,,,,,,,,,,,,"",no catalogue holds this CpG-gene pair and no distance could be computed,,
cg09914785,cg09914785_TC21_T1_COMT,COMT,8,Dopamine,cg09914785,COMT,,,,no_evidence,,,FALSE,,,,,,,,,,0,,COMT;MIR4761,,0.3429,A,REQUESTED_GENE_UNAVAILABLE,ARVCF,,0.3409,A,REQUESTED_GENE_UNAVAILABLE,TBX1,,0.1667,A,REQUESTED_GENE_UNAVAILABLE,,,,,,,,,,,,,,,"",no catalogue holds this CpG-gene pair and no distance could be computed,,
cg09926418,cg09926418_TC21_T1_MEG3,MEG3,21,Imprinted genes & DMRs,cg09926418,MEG3,-1,higher methylation -> LOWER expression,0.7056,catalogue_single,A,"0.62-0.87 (tier A, one tissue only)",FALSE,-1,-1,,,,,,,,1,1,MEG3,-1,0.7056,A,PREDICTED,,,,,UNMAPPED,,,,,UNMAPPED,,,,,,,,,,,,,,,"",only one tissue called; no cross-tissue corroboration,0.7056,0.1472
cg09927705,cg09927705_TC21_T1_GRM4,GRM4,16,Glutamate & synaptic scaffolding,cg09927705,GRM4,,,,no_evidence,,,FALSE,,,,,,,,,,0,,,,,,UNMAPPED,,,,,UNMAPPED,,,,,UNMAPPED,,,,,,,,,,,,,,,"",no catalogue holds this CpG-gene pair and no distance could be computed,,
cg09932405,cg09932405_TC21_T1_INHBB,INHBB,5,"HPG axis, puberty & KNDy",cg09932405,INHBB,,,,no_evidence,,,FALSE,,,,,,,,,,0,,,,,,UNMAPPED,RALB,,0.3409,B,REQUESTED_GENE_UNAVAILABLE,,,,,UNMAPPED,,,,,,,,,,,,,,,"",no catalogue holds this CpG-gene pair and no distance could be computed,,
cg09954460,cg09954460_TC21_T1_ADCY6,ADCY6,19,GPCR signalling & second messengers,cg09954460,ADCY6,-1,higher methylation -> LOWER expression,0.6027,catalogue_consensus,A,"0.77-0.87 (tier A, tissues agree)",FALSE,-1,-1,,,,,,,-1,2,1,CACNB3,,0.0365,A,REQUESTED_GENE_UNAVAILABLE,ADCY6,-1,0.8366,A,PREDICTED,ADCY6,-1,0.3688,A,PREDICTED,,,,,,,,,,,,,,,"","",0.6027,0.19865
cg10003443,cg10003443_TC21_T1_FOXA2,FOXA2,8,Dopamine,cg10003443,FOXA2,,,,no_evidence,,,FALSE,,,,,,,,,,0,,,,,,UNMAPPED,,,,,UNMAPPED,,,,,UNMAPPED,,,,,,,,,,,,,,,"",no catalogue holds this CpG-gene pair and no distance could be computed,,
cg10010199,cg10010199_TC21_T1_STIP1,STIP1,2,HPA axis & glucocorticoid signalling,cg10010199,STIP1,-1,higher methylation -> LOWER expression,0.6135,catalogue_single,A,"0.62-0.87 (tier A, one tissue only)",FALSE,-1,-1,,,,,,,,1,1,PRDX5,,0.0733,A,REQUESTED_GENE_UNAVAILABLE,STIP1,-1,0.6135,A,PREDICTED,PPP2R5E,,0.1667,A,REQUESTED_GENE_UNAVAILABLE,,,,,,,,,,,,,,,"",only one tissue called; no cross-tissue corroboration,0.6135,0.19325
cg10011623,cg10011623_BC21_T1_GNAS,GNAS,19,GPCR signalling & second messengers,cg10011623,GNAS,,,,no_evidence,,,FALSE,,,,,,,,,,0,,CTSZ,,0.6537,A,REQUESTED_GENE_UNAVAILABLE,CTSZ,,0.3409,B,REQUESTED_GENE_UNAVAILABLE,,,,,UNMAPPED,,,,,,,,,,,,,,,"",no catalogue holds this CpG-gene pair and no distance could be computed,,
cg10012273,cg10012273_BC21_T1_PDE4D,PDE4D,19,GPCR signalling & second messengers,cg10012273,PDE4D,,,,no_evidence,,,FALSE,,,,,,,,,,0,,ZNF329,,0.1897,B,REQUESTED_GENE_UNAVAILABLE,ZNF587B,,0.1556,B,REQUESTED_GENE_UNAVAILABLE,C14ORF37,,0.1667,B,REQUESTED_GENE_UNAVAILABLE,,,,,,,,,,,,,,,"",no catalogue holds this CpG-gene pair and no distance could be computed,,
cg10021003,cg10021003_BC21_T1_MTNR1B,MTNR1B,23,Circadian & melatonin,cg10021003,MTNR1B,,,,no_evidence,,,FALSE,,,,,,,,,,0,,,,,,UNMAPPED,,,,,UNMAPPED,,,,,UNMAPPED,,,,,,,,,,,,,,,"",no catalogue holds this CpG-gene pair and no distance could be computed,,
cg10046122,cg10046122_TC21_T1_TRDN,TRDN,1,"Oxytocin, vasopressin & CICR",cg10046122,TRDN,,,,no_evidence,,,FALSE,,,,,,,,,,0,,,,,,UNMAPPED,,,,,UNMAPPED,,,,,UNMAPPED,,,,,,,,,,,,,,,"",no catalogue holds this CpG-gene pair and no distance could be computed,,
cg10058920,cg10058920_TC21_T1_PDYN,PDYN,12,Opioid & melanocortin,cg10058920,PDYN,,,,no_evidence,,,FALSE,,,,,,,,,,0,,,,,,UNMAPPED,LOC388780,,0.1239,B,REQUESTED_GENE_UNAVAILABLE,,,,,UNMAPPED,,,,,,,,,,,,,,,"",no catalogue holds this CpG-gene pair and no distance could be computed,,
cg10065153,cg10065153_TC21_T1_MEG3,MEG3,21,Imprinted genes & DMRs,cg10065153,MEG3,-1,higher methylation -> LOWER expression,0.5422,catalogue_single,A,"0.62-0.87 (tier A, one tissue only)",FALSE,-1,-1,,,,,,,,1,1,MEG3,-1,0.5422,A,PREDICTED,,,,,UNMAPPED,,,,,UNMAPPED,,,,,,,,,,,,,,,"",only one tissue called; no cross-tissue corroboration,0.5422,0.2289
cg10073842,cg10073842_TC21_T1_MAGEL2,MAGEL2,1,"Oxytocin, vasopressin & CICR",cg10073842,MAGEL2,,,,no_evidence,,,FALSE,,,,,,,,,,0,,NR1D2,,0.298,A,REQUESTED_GENE_UNAVAILABLE,,,,,UNMAPPED,,,,,UNMAPPED,,,,,,,,,,,,,,,"",no catalogue holds this CpG-gene pair and no distance could be computed,,
cg10077033,cg10077033_BC21_T1_ARRB1,ARRB1,19,GPCR signalling & second messengers,cg10077033,ARRB1,,,,no_evidence,,,FALSE,,,,,,,,,,0,,AP000560.1,,0.1291,A,REQUESTED_GENE_UNAVAILABLE,SLCO2B1,,0.1453,A,REQUESTED_GENE_UNAVAILABLE,,,,,UNMAPPED,,,,,,,,,,,,,,,"",no catalogue holds this CpG-gene pair and no distance could be computed,,
cg10089963,cg10089963_TC21_T1_NR4A2,NR4A2,8,Dopamine,cg10089963,NR4A2,,,,no_evidence,,,FALSE,,,,,,,,,,0,,FLJ46875,,0.3429,A,REQUESTED_GENE_UNAVAILABLE,,,,,UNMAPPED,,,,,UNMAPPED,,,,,,,,,,,,,,,"",no catalogue holds this CpG-gene pair and no distance could be computed,,
cg10092265,cg10092265_TC11_T1_NLGN2,NLGN2,25,Social-synaptic & psychiatric risk,cg10092265,NLGN2,1,higher methylation -> HIGHER expression,,smr_moderate,A,"0.84-0.86 (SMR tier S2, single instrument; validated n=6,008)",FALSE,1,1,1,S2,5.981e-13,1,3944,TRUE,,1,1,TNK1,,0.2712,A,REQUESTED_GENE_UNAVAILABLE,NLGN2,,0.0694,A,ABSTAIN,NLGN2,-1,0.4386,A,PREDICTED,,,,,,,,,,,,,,,"",causal direction from SMR (blood); consistent with methylation affecting expression AND with linkage - HEIDI not run,0.7,0.85
cg10116505,cg10116505_BC21_T1_GRIN2A,GRIN2A,16,Glutamate & synaptic scaffolding,cg10116505,GRIN2A,,,,no_evidence,,,FALSE,,,,,,,,,,0,,VHL,,0.2377,B,REQUESTED_GENE_UNAVAILABLE,CDC37,,0.139,B,REQUESTED_GENE_UNAVAILABLE,CDC37,,0.1815,B,REQUESTED_GENE_UNAVAILABLE,,,,,,,,,,,,,,,"",no catalogue holds this CpG-gene pair and no distance could be computed,,
cg10128455,cg10128455_BC21_T1_TDO2,TDO2,15,Kynurenine pathway,cg10128455,TDO2,,,,no_evidence,,,FALSE,,,,,,,,,,0,,,,,,UNMAPPED,CTSO,,0.3771,A,REQUESTED_GENE_UNAVAILABLE,CTSO,,0.3688,A,REQUESTED_GENE_UNAVAILABLE,,,,,,,,,,,,,,,"",no catalogue holds this CpG-gene pair and no distance could be computed,,
cg10142237,cg10142237_TC21_T1_CSNK1E,CSNK1E,23,Circadian & melatonin,cg10142237,CSNK1E,-1,higher methylation -> LOWER expression,,smr_high,,"0.95-0.97 (SMR tier S1, concordant instruments; validated n=2,141)",FALSE,-1,-1,-1,S1,3.499e-11,2,26217,TRUE,,0,,,,,,UNMAPPED,TMEM184B,,0.7966,A,REQUESTED_GENE_UNAVAILABLE,PLA2G6,,0.2027,A,REQUESTED_GENE_UNAVAILABLE,,,,,,,,,,,,,,,"",causal direction from SMR (blood); consistent with methylation affecting expression AND with linkage - HEIDI not run,0.7,0.15
cg10146203,cg10146203_TC11_T1_GABRA5,GABRA5,17,GABA & excitation-inhibition balance,cg10146203,GABRA5,,,,no_evidence,,,FALSE,,,,,,,,,,0,,NSMCE1,,0.2377,B,REQUESTED_GENE_UNAVAILABLE,HIST1H2BK,,0.3889,B,REQUESTED_GENE_UNAVAILABLE,GABRB3,,0.6296,A,REQUESTED_GENE_UNAVAILABLE,,,,,,,,,,,,,,,"",no catalogue holds this CpG-gene pair and no distance could be computed,,
cg10157183,cg10157183_BC21_T1_INHA,INHA,5,"HPG axis, puberty & KNDy",cg10157183,INHA,,,,no_evidence,,,FALSE,,,,,,,,,,0,,,,,,UNMAPPED,OBSL1,,0.9641,A,REQUESTED_GENE_UNAVAILABLE,OBSL1,,0.4326,A,REQUESTED_GENE_UNAVAILABLE,,,,,,,,,,,,,,,"",no catalogue holds this CpG-gene pair and no distance could be computed,,
cg10158681,cg10158681_BC21_T1_AKR1C2,AKR1C2,4,Sex steroids: receptors & metabolism,cg10158681,AKR1C2,-1,higher methylation -> LOWER expression,1,measured,B,"~1.00 (measured, not predicted)",FALSE,-1,-1,,,,,,,-1,2,1,AKR1C2,-1,0.3467,A,PREDICTED,AKR1C2,-1,0.6135,B,DIRECT_eQTM,PPL,,0.0131,B,REQUESTED_GENE_UNAVAILABLE,,,,,,,,,,AKR1C1;AKR1C2;AKR1C3,nasal_epithelium,AKR1C1:-1;AKR1C2:-1;AKR1C3:-1,-1,FALSE,"","",1,0
cg10161743,cg10161743_TC21_T1_GRIN2D,GRIN2D,16,Glutamate & synaptic scaffolding,cg10161743,GRIN2D,,,,no_evidence,,,FALSE,,,,,,,,,,0,,CARD8,,0.298,A,REQUESTED_GENE_UNAVAILABLE,KDELR1,,0.0694,A,REQUESTED_GENE_UNAVAILABLE,CYTH2,,0.1124,A,REQUESTED_GENE_UNAVAILABLE,,,,,,,,,,,,,,,"",no catalogue holds this CpG-gene pair and no distance could be computed,,
cg10164191,cg10164191_BC21_T1_AR,AR,4,Sex steroids: receptors & metabolism,cg10164191,AR,,,,no_evidence,,,FALSE,,,,,,,,,,0,,,,,,UNMAPPED,,,,,UNMAPPED,,,,,UNMAPPED,,,,,,,,,,,,,,,"",no catalogue holds this CpG-gene pair and no distance could be computed,,
cg10171988,cg10171988_TC21_T1_PDE5A,PDE5A,6,Libido & sexual function,cg10171988,PDE5A,-1,higher methylation -> LOWER expression,0.6135,catalogue_single,B,"0.55-0.84 (tier B, one tissue only)",FALSE,-1,-1,,,,,,,,1,1,LOC645513,,0.1971,A,REQUESTED_GENE_UNAVAILABLE,PDE5A,-1,0.6135,B,PREDICTED,,,,,UNMAPPED,,,,,,,,,,,,,,,"",only one tissue called; no cross-tissue corroboration,0.6135,0.19325
cg10179004,cg10179004_BC11_T1_UCN2,UCN2,2,HPA axis & glucocorticoid signalling,cg10179004,UCN2,-1,higher methylation -> LOWER expression,0.3639,catalogue_single,A,"0.62-0.87 (tier A, one tissue only)",FALSE,-1,-1,,,,,,,,1,1,PFKFB4,,0.561,A,REQUESTED_GENE_UNAVAILABLE,UCN2,-1,0.3639,A,PREDICTED,COL7A1,,0.1244,A,REQUESTED_GENE_UNAVAILABLE,,,,,,,,,,,,,,,"",only one tissue called; no cross-tissue corroboration,0.3639,0.31805
cg10180406,cg10180406_BC11_T1_PTGS2,PTGS2,7,"Pregnancy, parturition & lactation",cg10180406,PTGS2,,,,no_evidence,,,FALSE,,,,,,,,,,0,,,,,,UNMAPPED,,,,,UNMAPPED,,,,,UNMAPPED,,,,,,,,,,,,,,,"",no catalogue holds this CpG-gene pair and no distance could be computed,,
cg10196395,cg10196395_BC21_T1_PLAGL1,PLAGL1,21,Imprinted genes & DMRs,cg10196395,PLAGL1,,,,no_evidence,,,FALSE,,,,,,,,,,0,,PLAGL1,,0.2377,B,ABSTAIN,PLAGL1,,0.3409,B,ABSTAIN,PLAGL1,,0.0131,B,ABSTAIN,,,,,,,,,,,,,,,"",no catalogue holds this CpG-gene pair and no distance could be computed,,
cg10212542,cg10212542_BC21_T1_IL12RB2,IL12RB2,24,"Immune, inflammation & HLA",cg10212542,IL12RB2,-1,higher methylation -> LOWER expression,0.6596,catalogue_consensus,A,"0.77-0.87 (tier A, tissues agree)",FALSE,-1,-1,,,,,,,-1,2,1,IL12RB2,-1,0.7056,A,PREDICTED,IL12RB2,-1,0.6135,A,PREDICTED,IL12RB2,,0.4326,B,ABSTAIN,,,,,,,,,,,,,,,"","",0.6596,0.1702
cg10216820,cg10216820_TC21_T1_TPH2,TPH2,9,Serotonin,cg10216820,TPH2,,,,no_evidence,,,FALSE,,,,,,,,,,0,,,,,,UNMAPPED,,,,,UNMAPPED,ZNF407,,0.0131,B,REQUESTED_GENE_UNAVAILABLE,,,,,,,,,,,,,,,"",no catalogue holds this CpG-gene pair and no distance could be computed,,
cg10225988,cg10225988_BC21_T1_NRXN2,NRXN2,25,Social-synaptic & psychiatric risk,cg10225988,NRXN2,,,,no_evidence,,,FALSE,,,,,,,,,,0,,AP003774.3,,0.3429,A,REQUESTED_GENE_UNAVAILABLE,DAPK2,,0.0695,A,REQUESTED_GENE_UNAVAILABLE,SYNE2,,0.0131,B,REQUESTED_GENE_UNAVAILABLE,,,,,,,,,,,,,,,"",no catalogue holds this CpG-gene pair and no distance could be computed,,
cg10231049,cg10231049_TC21_T1_ADRA2C,ADRA2C,10,Noradrenaline & sympathetic nervous system,cg10231049,ADRA2C,,,,no_evidence,,,FALSE,,,,,,,,,,0,,TPRG1L,,0.126,A,REQUESTED_GENE_UNAVAILABLE,,,,,UNMAPPED,,,,,UNMAPPED,,,,,,,,,,,,,,,"",no catalogue holds this CpG-gene pair and no distance could be computed,,
cg10235817,cg10235817_TC21_T1_ADRA2C,ADRA2C,10,Noradrenaline & sympathetic nervous system,cg10235817,ADRA2C,,,,no_evidence,,,FALSE,,,,,,,,,,0,,TPRG1L,,0.126,A,REQUESTED_GENE_UNAVAILABLE,,,,,UNMAPPED,,,,,UNMAPPED,,,,,,,,,,,,,,,"",no catalogue holds this CpG-gene pair and no distance could be computed,,
cg10249538,cg10249538_BC11_T1_MEST,MEST,21,Imprinted genes & DMRs,cg10249538,MEST,,,,no_evidence,,,FALSE,,,,,,,,,,0,,CPA5,,0.7056,A,REQUESTED_GENE_UNAVAILABLE,ARHGAP18,,0.4852,A,REQUESTED_GENE_UNAVAILABLE,CPA5,,0.2027,A,REQUESTED_GENE_UNAVAILABLE,,,,,,,,,,,,,,,"",no catalogue holds this CpG-gene pair and no distance could be computed,,
cg10256190,cg10256190_TC21_T1_PRLR,PRLR,6,Libido & sexual function,cg10256190,PRLR,,,,no_evidence,,,FALSE,,,,,,,,,,0,,,,,,UNMAPPED,,,,,UNMAPPED,,,,,UNMAPPED,,,,,,,,,,,,,,,"",no catalogue holds this CpG-gene pair and no distance could be computed,,
cg10262052,cg10262052_TC21_T1_IDO1,IDO1,15,Kynurenine pathway,cg10262052,IDO1,-1,higher methylation -> LOWER expression,0.4069,catalogue_consensus,A,"0.77-0.87 (tier A, tissues agree)",FALSE,-1,-1,-1,S2,2.608e-14,1,2353,TRUE,-1,2,1,IDO1,-1,0.4729,A,PREDICTED,IDO1,-1,0.3409,A,PREDICTED,PNN,,0.0131,B,REQUESTED_GENE_UNAVAILABLE,,,,,,,,,,,,,,,"","",0.4069,0.29655
cg10268548,cg10268548_BC21_T1_SOD2,SOD2,29,Oxidative stress & mitochondria,cg10268548,SOD2,-1,higher methylation -> LOWER expression,0.6135,catalogue_single,B,"0.55-0.84 (tier B, one tissue only)",FALSE,-1,-1,,,,,,,,1,1,LOC401281,,0.52,A,REQUESTED_GENE_UNAVAILABLE,SOD2,-1,0.6135,B,PREDICTED,SOD2,,0.4326,B,ABSTAIN,,,,,,,,,,,,,,,"",only one tissue called; no cross-tissue corroboration,0.6135,0.19325
cg10270430,cg10270430_TC21_T1_GRM4,GRM4,16,Glutamate & synaptic scaffolding,cg10270430,GRM4,,,,no_evidence,,,FALSE,,,,,,,,,,0,,,,,,UNMAPPED,,,,,UNMAPPED,,,,,UNMAPPED,,,,,,,,,,,,,,,"",no catalogue holds this CpG-gene pair and no distance could be computed,,
cg10270919,cg10270919_BC21_T1_ESR1,ESR1,4,Sex steroids: receptors & metabolism,cg10270919,ESR1,,,,no_evidence,,,FALSE,,,,,,,,,,0,,RIF1,,0.1971,B,REQUESTED_GENE_UNAVAILABLE,,,,,UNMAPPED,,,,,UNMAPPED,,,,,,,,,,,,,,,"",no catalogue holds this CpG-gene pair and no distance could be computed,,
cg10281320,cg10281320_BC21_T1_ANXA1,ANXA1,2,HPA axis & glucocorticoid signalling,cg10281320,ANXA1,,,,no_evidence,,,FALSE,,,,,,,,,,0,,,,,,UNMAPPED,,,,,UNMAPPED,,,,,UNMAPPED,,,,,,,,,,,,,,,"",no catalogue holds this CpG-gene pair and no distance could be computed,,
cg10286030,cg10286030_BC21_T1_OPRM1,OPRM1,12,Opioid & melanocortin,cg10286030,OPRM1,,,,no_evidence,,,FALSE,,,,,,,,,,0,,,,,,UNMAPPED,,,,,UNMAPPED,,,,,UNMAPPED,,,,,,,,,,,,,,,"",no catalogue holds this CpG-gene pair and no distance could be computed,,
cg10291990,cg10291990_BC11_T1_NR0B1,NR0B1,3,Steroidogenesis (adrenal & gonadal),cg10291990,NR0B1,,,,no_evidence,,,FALSE,,,,,,,,,,0,,,,,,UNMAPPED,,,,,UNMAPPED,,,,,UNMAPPED,,,,,,,,,,,,,,,"",no catalogue holds this CpG-gene pair and no distance could be computed,,
cg10292855,cg10292855_TC21_T1_ABAT,ABAT,17,GABA & excitation-inhibition balance,cg10292855,ABAT,1,higher methylation -> HIGHER expression,1,measured,A,"~1.00 (measured, not predicted)",FALSE,1,1,1,S1,9.874e-113,2,16409,TRUE,,1,1,ABAT,1,1,A,DIRECT_eQTM,ABAT,,0.1453,B,ABSTAIN,RERE,,0.3688,B,REQUESTED_GENE_UNAVAILABLE,,,,,,,,,,ABAT,blood,ABAT:+1,1,FALSE,"","",1,1
cg10302550,cg10302550_TC11_T1_GNAS,GNAS,19,GPCR signalling & second messengers,cg10302550,GNAS,,,,no_evidence,,,FALSE,,,,,,,,,,0,,CTSZ,,0.4648,A,REQUESTED_GENE_UNAVAILABLE,CTSZ,,0.3409,B,REQUESTED_GENE_UNAVAILABLE,,,,,UNMAPPED,,,,,,,,,,,,,,,"",no catalogue holds this CpG-gene pair and no distance could be computed,,
cg10323433,cg10323433_BC21_T1_HTR2A,HTR2A,9,Serotonin,cg10323433,HTR2A,,,,no_evidence,,,FALSE,,,,,,,,,,0,,ESD,,0.058,B,REQUESTED_GENE_UNAVAILABLE,ESD,,0.8457,A,REQUESTED_GENE_UNAVAILABLE,,,,,UNMAPPED,,,,,,,,,,,,,,,"",no catalogue holds this CpG-gene pair and no distance could be computed,,
cg10351253,cg10351253_TC21_T1_SOD2,SOD2,29,Oxidative stress & mitochondria,cg10351253,SOD2,,,,no_evidence,,,FALSE,,,,,,,,,,0,,LOC401281,,0.3429,A,REQUESTED_GENE_UNAVAILABLE,SOD2,,0.0695,B,ABSTAIN,SOD2,,0.2027,A,ABSTAIN,,,,,,,,,,,,,,,"",no catalogue holds this CpG-gene pair and no distance could be computed,,
cg10356867,cg10356867_BC21_T1_MEF2C,MEF2C,25,Social-synaptic & psychiatric risk,cg10356867,MEF2C,,,,no_evidence,,,FALSE,,,,,,,,,,0,,,,,,UNMAPPED,LINC00461,,0.3409,B,REQUESTED_GENE_UNAVAILABLE,LINC00461,,0.0131,B,REQUESTED_GENE_UNAVAILABLE,,,,,,,,,,,,,,,"",no catalogue holds this CpG-gene pair and no distance could be computed,,
cg10357888,cg10357888_TC21_T1_ADRB3,ADRB3,10,Noradrenaline & sympathetic nervous system,cg10357888,ADRB3,,,,no_evidence,,,FALSE,,,,,,,,,,0,,ADGRA2,,0.1934,B,REQUESTED_GENE_UNAVAILABLE,LSM1,,0.0695,B,REQUESTED_GENE_UNAVAILABLE,ADGRA2,,0.1244,B,REQUESTED_GENE_UNAVAILABLE,,,,,,,,,,,,,,,"",no catalogue holds this CpG-gene pair and no distance could be computed,,
cg10362475,cg10362475_BC21_T1_SHANK2,SHANK2,16,Glutamate & synaptic scaffolding,cg10362475,SHANK2,,,,no_evidence,,,FALSE,,,,,,,,,,0,,COL19A1,,0.289,B,REQUESTED_GENE_UNAVAILABLE,SHANK2,,0.3639,B,ABSTAIN,SHANK2,,0.2027,A,ABSTAIN,,,,,,,,,,,,,,,"",no catalogue holds this CpG-gene pair and no distance could be computed,,
cg10381888,cg10381888_TC11_T1_HLA_L,HLA-L,24,"Immune, inflammation & HLA",cg10381888,HLA-L,1,higher methylation -> HIGHER expression,1,measured,A,"~1.00 (measured, not predicted)",FALSE,1,1,,,,,,,,2,0.5,HLA-L,1,0.4648,A,DIRECT_eQTM,HLA-L,-1,0.9641,A,PREDICTED,TRIM10,,0.4431,B,REQUESTED_GENE_UNAVAILABLE,,,,,,,,,,HLA-L,blood,HLA-L:+1,1,FALSE,"","",1,1
cg10407894,cg10407894_TC21_T1_EZH2,EZH2,20,Epigenetic machinery,cg10407894,EZH2,,,,no_evidence,,,FALSE,,,,,,,,,,0,,EZH2,,0.2377,B,ABSTAIN,,,,,UNMAPPED,PCYOX1L,,0.0131,B,REQUESTED_GENE_UNAVAILABLE,,,,,,,,,,,,,,,"",no catalogue holds this CpG-gene pair and no distance could be computed,,
cg10411221,cg10411221_BC21_T1_HLA_DMB,HLA-DMB,24,"Immune, inflammation & HLA",cg10411221,HLA-DMB,-1,higher methylation -> LOWER expression,,smr_moderate,A,"0.84-0.86 (SMR tier S2, single instrument; validated n=6,008)",FALSE,-1,-1,-1,S2,1.033e-33,1,1309,TRUE,,2,0.5,HLA-DMB,-1,0.571,A,PREDICTED,HLA-DMB,1,0.8509,A,PREDICTED,HLA-DMB,,0.0131,A,ABSTAIN,,,,,,,,,,,,,,,"",causal direction from SMR (blood); consistent with methylation affecting expression AND with linkage - HEIDI not run,0.7,0.15
cg10415685,cg10415685_BC21_T1_ADRB1,ADRB1,10,Noradrenaline & sympathetic nervous system,cg10415685,ADRB1,1,higher methylation -> HIGHER expression,,smr_moderate,B,"0.84-0.86 (SMR tier S2, single instrument; validated n=6,008)",FALSE,1,1,1,S2,9.146e-16,1,440,TRUE,,1,1,,,,,UNMAPPED,ADRB1,-1,0.7399,B,PREDICTED,,,,,UNMAPPED,,,,,,,,,,,,,,,"",causal direction from SMR (blood); consistent with methylation affecting expression AND with linkage - HEIDI not run,0.7,0.85
cg10420626,cg10420626_BC21_T1_VEGFA,VEGFA,7,"Pregnancy, parturition & lactation",cg10420626,VEGFA,,,,no_evidence,,,FALSE,,,,,,,,,,0,,MAD2L1BP,,0.2377,A,REQUESTED_GENE_UNAVAILABLE,C6ORF223,,0.3197,A,REQUESTED_GENE_UNAVAILABLE,C6ORF223,,0.2027,B,REQUESTED_GENE_UNAVAILABLE,,,,,,,,,,,,,,,"",no catalogue holds this CpG-gene pair and no distance could be computed,,
cg10438252,cg10438252_BC21_T1_ANXA1,ANXA1,2,HPA axis & glucocorticoid signalling,cg10438252,ANXA1,,,,no_evidence,,,FALSE,,,,,,,,,,0,,,,,,UNMAPPED,,,,,UNMAPPED,,,,,UNMAPPED,,,,,,,,,,,,,,,"",no catalogue holds this CpG-gene pair and no distance could be computed,,
cg10441070,cg10441070_BC21_T1_ESR1,ESR1,4,Sex steroids: receptors & metabolism,cg10441070,ESR1,,,,no_evidence,,,FALSE,,,,,,,,,,0,,RIF1,,0.0641,A,REQUESTED_GENE_UNAVAILABLE,,,,,UNMAPPED,,,,,UNMAPPED,,,,,,,,,,,,,,,"",no catalogue holds this CpG-gene pair and no distance could be computed,,
cg10441909,cg10441909_BC21_T1_GRIN2B,GRIN2B,16,Glutamate & synaptic scaffolding,cg10441909,GRIN2B,,,,no_evidence,,,FALSE,,,,,,,,,,0,,,,,,UNMAPPED,LINC01559,,0.2479,B,REQUESTED_GENE_UNAVAILABLE,,,,,UNMAPPED,,,,,,,,,,LINC01559,nasal_epithelium,LINC01559:-1,,TRUE,"measured association is with LINC01559, not the requested gene - check which gene this CpG actually tracks","no catalogue holds this CpG-gene pair and no distance could be computed | measured association is with LINC01559, not the requested gene",,
cg10442276,cg10442276_TC21_T1_THRA,THRA,26,Thyroid & neurodevelopment,cg10442276,THRA,,,,no_evidence,,,FALSE,,,,,,,,,,0,,RAPGEFL1,,0.3705,A,REQUESTED_GENE_UNAVAILABLE,CSF3,,0.5716,A,REQUESTED_GENE_UNAVAILABLE,MED24,,0.2027,A,REQUESTED_GENE_UNAVAILABLE,,,,,,,,,,,,,,,"",no catalogue holds this CpG-gene pair and no distance could be computed,,
cg10468484,cg10468484_TC11_T1_GNAS,GNAS,19,GPCR signalling & second messengers,cg10468484,GNAS,,,,no_evidence,,,FALSE,,,,,,,,,,0,,CTSZ,,0.298,A,REQUESTED_GENE_UNAVAILABLE,CTSZ,,0.3409,B,REQUESTED_GENE_UNAVAILABLE,,,,,UNMAPPED,,,,,,,,,,,,,,,"",no catalogue holds this CpG-gene pair and no distance could be computed,,
cg10471574,cg10471574_BC11_T1_SOX9,SOX9,5,"HPG axis, puberty & KNDy",cg10471574,SOX9,-1,higher methylation -> LOWER expression,0.8866,catalogue_single,A,"0.62-0.87 (tier A, one tissue only)",FALSE,-1,-1,,,,,,,,1,1,SOX9-AS1,,0.298,B,REQUESTED_GENE_UNAVAILABLE,SOX9,-1,0.8866,A,PREDICTED,SOX9,,0.2027,A,ABSTAIN,,,,,,,,,,,,,,,"",only one tissue called; no cross-tissue corroboration,0.8866,0.0567
cg10473158,cg10473158_TC21_T1_MEST,MEST,21,Imprinted genes & DMRs,cg10473158,MEST,,,,no_evidence,,,FALSE,,,,,,,,,,0,,CPA5,,0.7056,A,REQUESTED_GENE_UNAVAILABLE,ARHGAP18,,0.4852,A,REQUESTED_GENE_UNAVAILABLE,CPA5,,0.2027,A,REQUESTED_GENE_UNAVAILABLE,,,,,,,,,,COPG2,blood,COPG2:-1,,TRUE,"measured association is with COPG2, not the requested gene - check which gene this CpG actually tracks","no catalogue holds this CpG-gene pair and no distance could be computed | measured association is with COPG2, not the requested gene",,
cg10483275,cg10483275_TC21_T1_CAMK2A,CAMK2A,1,"Oxytocin, vasopressin & CICR",cg10483275,CAMK2A,,,,no_evidence,,,FALSE,,,,,,,,,,0,,PFN2,,0.0365,B,REQUESTED_GENE_UNAVAILABLE,ARSI,,0.3409,A,REQUESTED_GENE_UNAVAILABLE,CD74,,0.0131,B,REQUESTED_GENE_UNAVAILABLE,,,,,,,,,,,,,,,"",no catalogue holds this CpG-gene pair and no distance could be computed,,
cg10501739,cg10501739_BC21_T1_ATP2A3,ATP2A3,1,"Oxytocin, vasopressin & CICR",cg10501739,ATP2A3,-1,higher methylation -> LOWER expression,0.7399,catalogue_single,A,"0.62-0.87 (tier A, one tissue only)",FALSE,-1,-1,,,,,,,,1,1,ATP2A3,,0.298,A,ABSTAIN,ATP2A3,-1,0.7399,A,PREDICTED,ATP2A3,,0.1244,A,ABSTAIN,,,,,,,,,,,,,,,"",only one tissue called; no cross-tissue corroboration,0.7399,0.13005
cg10518264,cg10518264_BC21_T1_HLA_DMB,HLA-DMB,24,"Immune, inflammation & HLA",cg10518264,HLA-DMB,-1,higher methylation -> LOWER expression,1,measured,A,"~1.00 (measured, not predicted)",FALSE,-1,-1,,,,,,,-1,3,1,HLA-DMB,-1,0.3429,A,PREDICTED,HLA-DMB,-1,0.9961,A,DIRECT_eQTM,HLA-DMB,-1,0.4326,A,PREDICTED,,,,,,,,,,HLA-DMA;HLA-DMB;HLA-DOA;HLA-DPA1;HLA-DPB1;TAP1,nasal_epithelium,HLA-DMA:-1;HLA-DMB:-1;HLA-DOA:-1;HLA-DPA1:-1;HLA-DPB1:-1;TAP1:-1,-1,FALSE,"","",1,0
cg10527525,cg10527525_BC21_T1_AUTS2,AUTS2,25,Social-synaptic & psychiatric risk,cg10527525,AUTS2,-1,higher methylation -> LOWER expression,,smr_moderate,,"0.84-0.86 (SMR tier S2, single instrument; validated n=6,008)",FALSE,-1,-1,-1,S2,2.154e-11,1,400529,TRUE,,0,,ANXA4,,0.2377,B,REQUESTED_GENE_UNAVAILABLE,,,,,UNMAPPED,,,,,UNMAPPED,,,,,,,,,,,,,,,"",causal direction from SMR (blood); consistent with methylation affecting expression AND with linkage - HEIDI not run,0.7,0.15
cg10528576,cg10528576_TC11_T1_DLK1,DLK1,21,Imprinted genes & DMRs,cg10528576,DLK1,-1,higher methylation -> LOWER expression,,smr_moderate,,"0.84-0.86 (SMR tier S2, single instrument; validated n=6,008)",FALSE,-1,-1,-1,S2,6.186e-20,1,3877,TRUE,,0,,MEG3,,0.4598,A,REQUESTED_GENE_UNAVAILABLE,,,,,UNMAPPED,BEGAIN,,0.2414,B,REQUESTED_GENE_UNAVAILABLE,,,,,,,,,,,,,,,"",causal direction from SMR (blood); consistent with methylation affecting expression AND with linkage - HEIDI not run,0.7,0.15
cg10538202,cg10538202_TC21_T1_HTR5A,HTR5A,9,Serotonin,cg10538202,HTR5A,,,,no_evidence,,,FALSE,,,,,,,,,,0,,,,,,UNMAPPED,,,,,UNMAPPED,,,,,UNMAPPED,,,,,,,,,,,,,,,"",no catalogue holds this CpG-gene pair and no distance could be computed,,
cg10539633,cg10539633_TC21_T1_HTR1F,HTR1F,9,Serotonin,cg10539633,HTR1F,,,,no_evidence,,,FALSE,,,,,,,,,,0,,SLC35A1,,0.0365,B,REQUESTED_GENE_UNAVAILABLE,C3ORF38,,0.3197,B,REQUESTED_GENE_UNAVAILABLE,MEF2C,,0.1124,B,REQUESTED_GENE_UNAVAILABLE,,,,,,,,,,,,,,,"",no catalogue holds this CpG-gene pair and no distance could be computed,,
cg10545425,cg10545425_BC21_T1_GRM5,GRM5,16,Glutamate & synaptic scaffolding,cg10545425,GRM5,,,,no_evidence,,,FALSE,,,,,,,,,,0,,,,,,UNMAPPED,GRM5,,0.1556,B,ABSTAIN,,,,,UNMAPPED,,,,,,,,,,,,,,,"",no catalogue holds this CpG-gene pair and no distance could be computed,,
cg10554436,cg10554436_BC21_T1_FOXL2,FOXL2,5,"HPG axis, puberty & KNDy",cg10554436,FOXL2,,,,no_evidence,,,FALSE,,,,,,,,,,0,,,,,,UNMAPPED,,,,,UNMAPPED,,,,,UNMAPPED,,,,,,,,,,,,,,,"",no catalogue holds this CpG-gene pair and no distance could be computed,,
cg10565467,cg10565467_BC21_T1_ARRB1,ARRB1,19,GPCR signalling & second messengers,cg10565467,ARRB1,,,,no_evidence,,,FALSE,,,,,,,,,,0,,AP000560.1,,0.1291,A,REQUESTED_GENE_UNAVAILABLE,SLCO2B1,,0.1453,A,REQUESTED_GENE_UNAVAILABLE,,,,,UNMAPPED,,,,,,,,,,,,,,,"",no catalogue holds this CpG-gene pair and no distance could be computed,,
cg10588470,cg10588470_BC11_T1_HTR1A,HTR1A,9,Serotonin,cg10588470,HTR1A,,,,no_evidence,,,FALSE,,,,,,,,,,0,,,,,,UNMAPPED,,,,,UNMAPPED,,,,,UNMAPPED,,,,,,,,,,,,,,,"",no catalogue holds this CpG-gene pair and no distance could be computed,,
cg10592592,cg10592592_BC21_T1_DDIT4,DDIT4,2,HPA axis & glucocorticoid signalling,cg10592592,DDIT4,,,,no_evidence,,,FALSE,,,,,,,,,,0,,SPOCK2,,0.3429,A,REQUESTED_GENE_UNAVAILABLE,SPOCK2,,0.1453,B,REQUESTED_GENE_UNAVAILABLE,,,,,UNMAPPED,,,,,,,,,,,,,,,"",no catalogue holds this CpG-gene pair and no distance could be computed,,
cg10601026,cg10601026_TC21_T1_EGR2,EGR2,18,Neurotrophins & activity-dependent plasticity,cg10601026,EGR2,,,,no_evidence,,,FALSE,,,,,,,,,,0,,,,,,UNMAPPED,ADO,,0.3771,A,REQUESTED_GENE_UNAVAILABLE,,,,,UNMAPPED,,,,,,,,,,,,,,,"",no catalogue holds this CpG-gene pair and no distance could be computed,,
cg10619248,cg10619248_TC11_T1_PPARGC1A,PPARGC1A,27,Appetite & metabolic programming,cg10619248,PPARGC1A,,,,no_evidence,,,FALSE,,,,,,,,,,0,,,,,,UNMAPPED,,,,,UNMAPPED,,,,,UNMAPPED,,,,,,,,,,,,,,,"",no catalogue holds this CpG-gene pair and no distance could be computed,,
cg10620475,cg10620475_TC21_T1_GRID2,GRID2,16,Glutamate & synaptic scaffolding,cg10620475,GRID2,,,,no_evidence,,,FALSE,,,,,,,,,,0,,,,,,UNMAPPED,,,,,UNMAPPED,IFI27L1,,0.0131,B,REQUESTED_GENE_UNAVAILABLE,,,,,,,,,,,,,,,"",no catalogue holds this CpG-gene pair and no distance could be computed,,
cg10635145,cg10635145_TC21_T1_BDNF,BDNF,18,Neurotrophins & activity-dependent plasticity,cg10635145,BDNF,,,,no_evidence,,,FALSE,,,,,,,,,,0,,,,,,UNMAPPED,,,,,UNMAPPED,HIST1H2BN,,0.1667,B,REQUESTED_GENE_UNAVAILABLE,,,,,,,,,,,,,,,"",no catalogue holds this CpG-gene pair and no distance could be computed,,
cg10641439,cg10641439_BC21_T1_DAGLB,DAGLB,14,Endocannabinoid,cg10641439,DAGLB,,,,no_evidence,,,FALSE,,,,,,,,,,0,,SMPD1,,0.289,A,REQUESTED_GENE_UNAVAILABLE,KDELR2,,0.1453,B,REQUESTED_GENE_UNAVAILABLE,SMPD1,,0.1667,B,REQUESTED_GENE_UNAVAILABLE,,,,,,,,,,,,,,,"",no catalogue holds this CpG-gene pair and no distance could be computed,,
cg10650127,cg10650127_TC21_T1_IGF2,IGF2,21,Imprinted genes & DMRs,cg10650127,IGF2,,,,no_evidence,,,FALSE,,,,,,,,,,0,,MAD1L1,,0.1971,A,REQUESTED_GENE_UNAVAILABLE,CD81,,0.3639,A,REQUESTED_GENE_UNAVAILABLE,MAD1L1,,0.0131,B,REQUESTED_GENE_UNAVAILABLE,,,,,,,,,,,,,,,"",no catalogue holds this CpG-gene pair and no distance could be computed,,
cg10650821,cg10650821_BC21_T1_TNF,TNF,24,"Immune, inflammation & HLA",cg10650821,TNF,-1,higher methylation -> LOWER expression,0.7961,catalogue_consensus,A,"0.77-0.87 (tier A, tissues agree)",FALSE,-1,-1,,,,,,,-1,2,1,TNF,-1,0.7056,A,PREDICTED,TNF,-1,0.8866,A,PREDICTED,LTB,,0.0131,A,REQUESTED_GENE_UNAVAILABLE,,,,,,,,,,,,,,,"","",0.7961,0.10195
cg10714547,cg10714547_TC21_T1_ADRA1D,ADRA1D,10,Noradrenaline & sympathetic nervous system,cg10714547,ADRA1D,,,,no_evidence,,,FALSE,,,,,,,,,,0,,,,,,UNMAPPED,,,,,UNMAPPED,MAP2K2,,0.0131,B,REQUESTED_GENE_UNAVAILABLE,,,,,,,,,,,,,,,"",no catalogue holds this CpG-gene pair and no distance could be computed,,
cg10729169,cg10729169_TC21_T1_DLG3,DLG3,16,Glutamate & synaptic scaffolding,cg10729169,DLG3,,,,no_evidence,,,FALSE,,,,,,,,,,0,,,,,,UNMAPPED,,,,,UNMAPPED,,,,,UNMAPPED,,,,,,,,,,,,,,,"",no catalogue holds this CpG-gene pair and no distance could be computed,,
cg10738479,cg10738479_TC11_T1_GRIN3B,GRIN3B,16,Glutamate & synaptic scaffolding,cg10738479,GRIN3B,-1,higher methylation -> LOWER expression,0.6433,catalogue_single,A,"0.62-0.87 (tier A, one tissue only)",FALSE,-1,-1,,,,,,,,1,1,WDR18,,0.7056,A,REQUESTED_GENE_UNAVAILABLE,GRIN3B,-1,0.6433,A,PREDICTED,TMEM259,,0.2027,A,REQUESTED_GENE_UNAVAILABLE,,,,,,,,,,,,,,,"",only one tissue called; no cross-tissue corroboration,0.6433,0.17835
cg10748817,cg10748817_BC11_T1_GNAS,GNAS,19,GPCR signalling & second messengers,cg10748817,GNAS,,,,no_evidence,,,FALSE,,,,,,,,,,0,,CTSZ,,0.5493,A,REQUESTED_GENE_UNAVAILABLE,CTSZ,,0.3409,B,REQUESTED_GENE_UNAVAILABLE,,,,,UNMAPPED,,,,,,,,,,,,,,,"",no catalogue holds this CpG-gene pair and no distance could be computed,,
cg10766357,cg10766357_BC21_T1_ADORA2A,ADORA2A,8,Dopamine,cg10766357,ADORA2A,,,,no_evidence,,,FALSE,,,,,,,,,,0,,,,,,UNMAPPED,GGT1,,0.4852,A,REQUESTED_GENE_UNAVAILABLE,ADORA2A,,0.0131,A,ABSTAIN,,,,,,,,,,,,,,,"",no catalogue holds this CpG-gene pair and no distance could be computed,,
cg10767216,cg10767216_TC21_T1_MEST,MEST,21,Imprinted genes & DMRs,cg10767216,MEST,-1,higher methylation -> LOWER expression,,smr_moderate,,"0.84-0.86 (SMR tier S2, single instrument; validated n=6,008)",FALSE,-1,-1,-1,S2,2.56e-11,1,5902,TRUE,,0,,CPA5,,0.7056,A,REQUESTED_GENE_UNAVAILABLE,ARHGAP18,,0.4852,A,REQUESTED_GENE_UNAVAILABLE,CPA5,,0.2027,A,REQUESTED_GENE_UNAVAILABLE,,,,,,,,,,,,,,,"",causal direction from SMR (blood); consistent with methylation affecting expression AND with linkage - HEIDI not run,0.7,0.15
cg10769416,cg10769416_BC21_T1_GRIK2,GRIK2,16,Glutamate & synaptic scaffolding,cg10769416,GRIK2,,,,no_evidence,,,FALSE,,,,,,,,,,0,,,,,,UNMAPPED,,,,,UNMAPPED,,,,,UNMAPPED,,,,,,,,,,,,,,,"",no catalogue holds this CpG-gene pair and no distance could be computed,,
cg10794086,cg10794086_BC21_T1_HLA_E,HLA-E,24,"Immune, inflammation & HLA",cg10794086,HLA-E,-1,higher methylation -> LOWER expression,0.5783,catalogue_consensus,A,"0.77-0.87 (tier A, tissues agree)",FALSE,-1,-1,,,,,,,-1,3,1,HLA-E,-1,0.4598,A,PREDICTED,HLA-E,-1,0.8366,A,PREDICTED,HLA-E,-1,0.4386,A,PREDICTED,,,,,,,,,,,,,,,"","",0.5783,0.21085
cg10799646,cg10799646_BC11_T1_RXFP1,RXFP1,7,"Pregnancy, parturition & lactation",cg10799646,RXFP1,,,,no_evidence,,,FALSE,,,,,,,,,,0,,C4ORF46,,0.0365,B,REQUESTED_GENE_UNAVAILABLE,C4ORF46,,0.0694,B,REQUESTED_GENE_UNAVAILABLE,,,,,UNMAPPED,,,,,,,,,,,,,,,"",no catalogue holds this CpG-gene pair and no distance could be computed,,
cg10811945,cg10811945_BC21_T1_NTRK1,NTRK1,18,Neurotrophins & activity-dependent plasticity,cg10811945,NTRK1,,,,no_evidence,,,FALSE,,,,,,,,,,0,,SH2D2A,,0.7056,A,REQUESTED_GENE_UNAVAILABLE,SH2D2A,,0.0501,A,REQUESTED_GENE_UNAVAILABLE,LRRC71,,0.2414,A,REQUESTED_GENE_UNAVAILABLE,,,,,,,,,,SH2D2A;TTC24,blood;nasal_epithelium,SH2D2A:-1;TTC24:+1,,TRUE,"measured association is with SH2D2A;TTC24, not the requested gene - check which gene this CpG actually tracks","no catalogue holds this CpG-gene pair and no distance could be computed | measured association is with SH2D2A;TTC24, not the requested gene",,
cg10822986,cg10822986_TC21_T1_ANXA1,ANXA1,2,HPA axis & glucocorticoid signalling,cg10822986,ANXA1,,,,no_evidence,,,FALSE,,,,,,,,,,0,,,,,,UNMAPPED,,,,,UNMAPPED,,,,,UNMAPPED,,,,,,,,,,,,,,,"",no catalogue holds this CpG-gene pair and no distance could be computed,,
cg10830546,cg10830546_TC11_T1_DLG3,DLG3,16,Glutamate & synaptic scaffolding,cg10830546,DLG3,,,,no_evidence,,,FALSE,,,,,,,,,,0,,,,,,UNMAPPED,,,,,UNMAPPED,,,,,UNMAPPED,,,,,,,,,,,,,,,"",no catalogue holds this CpG-gene pair and no distance could be computed,,
cg10850215,cg10850215_BC11_T1_HLA_DPA1,HLA-DPA1,24,"Immune, inflammation & HLA",cg10850215,HLA-DPA1,1,higher methylation -> HIGHER expression,1,measured,A,"~1.00 (measured, not predicted)",FALSE,1,1,1,S2,1.51e-22,1,8020,TRUE,1,2,1,HLA-DPA1,1,0.9636,A,DIRECT_eQTM,HLA-DPA1,1,0.8509,A,DIRECT_eQTM,DYNLRB1,,0.1244,B,REQUESTED_GENE_UNAVAILABLE,,,,,,,,,,HLA-DPA1;HLA-DPB1,blood;nasal_epithelium,HLA-DPA1:+1;HLA-DPB1:+1,1,FALSE,"","",1,1
cg10917619,cg10917619_BC21_T1_NRXN1,NRXN1,25,Social-synaptic & psychiatric risk,cg10917619,NRXN1,,,,no_evidence,,,FALSE,,,,,,,,,,0,,,,,,UNMAPPED,,,,,UNMAPPED,,,,,UNMAPPED,,,,,,,,,,,,,,,"",no catalogue holds this CpG-gene pair and no distance could be computed,,
cg10921743,cg10921743_BC21_T1_PDE4D,PDE4D,19,GPCR signalling & second messengers,cg10921743,PDE4D,,,,no_evidence,,,FALSE,,,,,,,,,,0,,,,,,UNMAPPED,ZNF587B,,0.1556,B,REQUESTED_GENE_UNAVAILABLE,,,,,UNMAPPED,,,,,,,,,,,,,,,"",no catalogue holds this CpG-gene pair and no distance could be computed,,
cg10921886,cg10921886_TC21_T1_HSD11B1,HSD11B1,2,HPA axis & glucocorticoid signalling,cg10921886,HSD11B1,,,,no_evidence,,,FALSE,,,,,,,,,,0,,UTP25,,0.0365,B,REQUESTED_GENE_UNAVAILABLE,G0S2,,0.0695,A,REQUESTED_GENE_UNAVAILABLE,,,,,UNMAPPED,,,,,,,,,,,,,,,"",no catalogue holds this CpG-gene pair and no distance could be computed,,
cg10942341,cg10942341_TC21_T1_KYNU,KYNU,15,Kynurenine pathway,cg10942341,KYNU,,,,no_evidence,,,FALSE,,,,,,,,,,0,,YIPF5,,0.6537,A,REQUESTED_GENE_UNAVAILABLE,,,,,UNMAPPED,YIPF5,,0.0131,B,REQUESTED_GENE_UNAVAILABLE,,,,,,,,,,,,,,,"",no catalogue holds this CpG-gene pair and no distance could be computed,,
cg10946573,cg10946573_TC21_T1_DLG2,DLG2,16,Glutamate & synaptic scaffolding,cg10946573,DLG2,,,,no_evidence,,,FALSE,,,,,,,,,,0,,,,,,UNMAPPED,,,,,UNMAPPED,,,,,UNMAPPED,,,,,,,,,,,,,,,"",no catalogue holds this CpG-gene pair and no distance could be computed,,
cg10950848,cg10950848_BC11_T1_EGR3,EGR3,18,Neurotrophins & activity-dependent plasticity,cg10950848,EGR3,,,,no_evidence,,,FALSE,,,,,,,,,,0,,,,,,UNMAPPED,PDLIM2,,0.8169,A,REQUESTED_GENE_UNAVAILABLE,,,,,UNMAPPED,,,,,,,,,,,,,,,"",no catalogue holds this CpG-gene pair and no distance could be computed,,
cg10955092,cg10955092_TC21_T1_FHL2,FHL2,28,"Ageing, epigenetic clocks & telomere",cg10955092,FHL2,,,,no_evidence,,,FALSE,,,,,,,,,,0,,,,,,UNMAPPED,,,,,UNMAPPED,,,,,UNMAPPED,,,,,,,,,,,,,,,"",no catalogue holds this CpG-gene pair and no distance could be computed,,
cg10978799,cg10978799_TC21_T1_IL10,IL10,24,"Immune, inflammation & HLA",cg10978799,IL10,-1,higher methylation -> LOWER expression,0.52,catalogue_single,A,"0.62-0.87 (tier A, one tissue only)",FALSE,-1,-1,,,,,,,,1,1,IL10,-1,0.52,A,PREDICTED,IL19,,0.6818,A,REQUESTED_GENE_UNAVAILABLE,,,,,UNMAPPED,,,,,,,,,,,,,,,"",only one tissue called; no cross-tissue corroboration,0.52,0.24
cg10981598,cg10981598_TC11_T1_NNAT,NNAT,21,Imprinted genes & DMRs,cg10981598,NNAT,,,,no_evidence,,,FALSE,,,,,,,,,,0,,,,,,UNMAPPED,BLCAP,,0.1239,A,REQUESTED_GENE_UNAVAILABLE,SRC,,0.1815,B,REQUESTED_GENE_UNAVAILABLE,,,,,,,,,,,,,,,"",no catalogue holds this CpG-gene pair and no distance could be computed,,
cg10982664,cg10982664_TC21_T1_BHMT,BHMT,22,One-carbon metabolism,cg10982664,BHMT,,,,no_evidence,,,FALSE,,,,,,,,,,0,,SLC26A11,,0.8636,A,REQUESTED_GENE_UNAVAILABLE,DMGDH,,0.0694,A,REQUESTED_GENE_UNAVAILABLE,DMGDH,,0.0131,A,REQUESTED_GENE_UNAVAILABLE,,,,,,,,,,,,,,,"",no catalogue holds this CpG-gene pair and no distance could be computed,,
cg10986355,cg10986355_TC21_T1_GRM8,GRM8,16,Glutamate & synaptic scaffolding,cg10986355,GRM8,,,,no_evidence,,,FALSE,,,,,,,,,,0,,,,,,UNMAPPED,,,,,UNMAPPED,,,,,UNMAPPED,,,,,,,,,,,,,,,"",no catalogue holds this CpG-gene pair and no distance could be computed,,
cg11021247,cg11021247_BC11_T1_SYN1,SYN1,18,Neurotrophins & activity-dependent plasticity,cg11021247,SYN1,,,,no_evidence,,,FALSE,,,,,,,,,,0,,,,,,UNMAPPED,,,,,UNMAPPED,,,,,UNMAPPED,,,,,,,,,,,,,,,"",no catalogue holds this CpG-gene pair and no distance could be computed,,
cg11026604,cg11026604_TC21_T1_GABRB3,GABRB3,17,GABA & excitation-inhibition balance,cg11026604,GABRB3,1,higher methylation -> HIGHER expression,0.4431,catalogue_single,A,"0.62-0.87 (tier A, one tissue only)",FALSE,1,1,,,,,,,,1,1,,,,,UNMAPPED,GABRB3,,0.4745,B,ABSTAIN,GABRB3,1,0.4431,A,PREDICTED,,,,,,,,,,,,,,,"",only one tissue called; no cross-tissue corroboration,0.4431,0.72155
cg11030744,cg11030744_BC21_T1_GHRL,GHRL,27,Appetite & metabolic programming,cg11030744,GHRL,,,,no_evidence,,,FALSE,,,,,,,,,,0,,GHRLOS,,1,A,REQUESTED_GENE_UNAVAILABLE,GHRLOS,,0.861,A,REQUESTED_GENE_UNAVAILABLE,SLX4IP,,0.1124,B,REQUESTED_GENE_UNAVAILABLE,,,,,,,,,,GHRLOS,blood;nasal_epithelium,GHRLOS:+1,,TRUE,"measured association is with GHRLOS, not the requested gene - check which gene this CpG actually tracks","no catalogue holds this CpG-gene pair and no distance could be computed | measured association is with GHRLOS, not the requested gene",,
cg11031278,cg11031278_BC21_T1_ZBTB16,ZBTB16,2,HPA axis & glucocorticoid signalling,cg11031278,ZBTB16,,,,no_evidence,,,FALSE,,,,,,,,,,0,,,,,,UNMAPPED,,,,,UNMAPPED,MARCKS,,0.2027,A,REQUESTED_GENE_UNAVAILABLE,,,,,,,,,,,,,,,"",no catalogue holds this CpG-gene pair and no distance could be computed,,
cg11045943,cg11045943_TC11_T1_LEP,LEP,27,Appetite & metabolic programming,cg11045943,LEP,,,,no_evidence,,,FALSE,,,,,,,,,,0,,IMPDH1,,0.3467,A,REQUESTED_GENE_UNAVAILABLE,IMPDH1,,0.3409,B,REQUESTED_GENE_UNAVAILABLE,IMPDH1,,0.0131,B,REQUESTED_GENE_UNAVAILABLE,,,,,,,,,,,,,,,"",no catalogue holds this CpG-gene pair and no distance could be computed,,
cg11048863,cg11048863_BC21_T1_PCSK2,PCSK2,2,HPA axis & glucocorticoid signalling,cg11048863,PCSK2,,,,no_evidence,,,FALSE,,,,,,,,,,0,,,,,,UNMAPPED,,,,,UNMAPPED,,,,,UNMAPPED,,,,,,,,,,,,,,,"",no catalogue holds this CpG-gene pair and no distance could be computed,,
cg11051790,cg11051790_BC21_T1_NCOA2,NCOA2,4,Sex steroids: receptors & metabolism,cg11051790,NCOA2,,,,no_evidence,,,FALSE,,,,,,,,,,0,,TTC9,,0.3429,B,REQUESTED_GENE_UNAVAILABLE,,,,,UNMAPPED,TTC9,,0.2027,B,REQUESTED_GENE_UNAVAILABLE,,,,,,,,,,,,,,,"",no catalogue holds this CpG-gene pair and no distance could be computed,,
cg11093980,cg11093980_TC21_T1_MBD1,MBD1,20,Epigenetic machinery,cg11093980,MBD1,,,,no_evidence,,,FALSE,,,,,,,,,,0,,,,,,UNMAPPED,,,,,UNMAPPED,,,,,UNMAPPED,,,,,,,,,,,,,,,"",no catalogue holds this CpG-gene pair and no distance could be computed,,
cg11100640,cg11100640_BC21_T1_MKRN3,MKRN3,21,Imprinted genes & DMRs,cg11100640,MKRN3,,,,no_evidence,,,FALSE,,,,,,,,,,0,,NR1D2,,0.7056,A,REQUESTED_GENE_UNAVAILABLE,,,,,UNMAPPED,,,,,UNMAPPED,,,,,,,,,,,,,,,"",no catalogue holds this CpG-gene pair and no distance could be computed,,
cg11128374,cg11128374_TC21_T1_DHRS9,DHRS9,5,"HPG axis, puberty & KNDy",cg11128374,DHRS9,,,,no_evidence,,,FALSE,,,,,,,,,,0,,,,,,UNMAPPED,,,,,UNMAPPED,,,,,UNMAPPED,,,,,,,,,,,,,,,"",no catalogue holds this CpG-gene pair and no distance could be computed,,
cg11145593,cg11145593_TC21_T1_MEF2C,MEF2C,25,Social-synaptic & psychiatric risk,cg11145593,MEF2C,,,,no_evidence,,,FALSE,,,,,,,,,,0,,,,,,UNMAPPED,LINC00461,,0.3409,B,REQUESTED_GENE_UNAVAILABLE,LINC00461,,0.0131,B,REQUESTED_GENE_UNAVAILABLE,,,,,,,,,,,,,,,"",no catalogue holds this CpG-gene pair and no distance could be computed,,
cg11155865,cg11155865_BC21_T1_SLC12A5,SLC12A5,17,GABA & excitation-inhibition balance,cg11155865,SLC12A5,,,,no_evidence,,,FALSE,,,,,,,,,,0,,CD40,,0.298,A,REQUESTED_GENE_UNAVAILABLE,MMP9,,0.1239,A,REQUESTED_GENE_UNAVAILABLE,PLTP,,0.0131,B,REQUESTED_GENE_UNAVAILABLE,,,,,,,,,,,,,,,"",no catalogue holds this CpG-gene pair and no distance could be computed,,
cg11158819,cg11158819_BC11_T1_HTR3E,HTR3E,9,Serotonin,cg11158819,HTR3E,,,,no_evidence,,,FALSE,,,,,,,,,,0,,ABCC5,,0.1852,B,REQUESTED_GENE_UNAVAILABLE,ABCC5,,0.1453,B,REQUESTED_GENE_UNAVAILABLE,,,,,UNMAPPED,,,,,,,,,,,,,,,"",no catalogue holds this CpG-gene pair and no distance could be computed,,
cg11175660,cg11175660_BC21_T1_ADCY1,ADCY1,19,GPCR signalling & second messengers,cg11175660,ADCY1,,,,no_evidence,,,FALSE,,,,,,,,,,0,,FAM179B,,0.298,B,REQUESTED_GENE_UNAVAILABLE,,,,,UNMAPPED,,,,,UNMAPPED,,,,,,,,,,,,,,,"",no catalogue holds this CpG-gene pair and no distance could be computed,,
cg11187078,cg11187078_BC21_T1_AUTS2,AUTS2,25,Social-synaptic & psychiatric risk,cg11187078,AUTS2,,,,no_evidence,,,FALSE,,,,,,,,,,0,,,,,,UNMAPPED,,,,,UNMAPPED,EXD2,,0.1667,B,REQUESTED_GENE_UNAVAILABLE,,,,,,,,,,,,,,,"",no catalogue holds this CpG-gene pair and no distance could be computed,,
cg11188443,cg11188443_BC21_T1_MC3R,MC3R,27,Appetite & metabolic programming,cg11188443,MC3R,,,,no_evidence,,,FALSE,,,,,,,,,,0,,,,,,UNMAPPED,CASS4,,0.1453,B,REQUESTED_GENE_UNAVAILABLE,,,,,UNMAPPED,,,,,,,,,,,,,,,"",no catalogue holds this CpG-gene pair and no distance could be computed,,
cg11189761,cg11189761_TC21_T1_AR,AR,4,Sex steroids: receptors & metabolism,cg11189761,AR,,,,no_evidence,,,FALSE,,,,,,,,,,0,,,,,,UNMAPPED,,,,,UNMAPPED,,,,,UNMAPPED,,,,,,,,,,,,,,,"",no catalogue holds this CpG-gene pair and no distance could be computed,,
cg11193615,cg11193615_BC21_T1_AUTS2,AUTS2,25,Social-synaptic & psychiatric risk,cg11193615,AUTS2,,,,no_evidence,,,FALSE,,,,,,,,,,0,,,,,,UNMAPPED,,,,,UNMAPPED,,,,,UNMAPPED,,,,,,,,,,,,,,,"",no catalogue holds this CpG-gene pair and no distance could be computed,,
cg11193822,cg11193822_TC21_T1_AUTS2,AUTS2,25,Social-synaptic & psychiatric risk,cg11193822,AUTS2,,,,no_evidence,,,FALSE,,,,,,,,,,0,,,,,,UNMAPPED,,,,,UNMAPPED,,,,,UNMAPPED,,,,,,,,,,,,,,,"",no catalogue holds this CpG-gene pair and no distance could be computed,,
cg11198639,cg11198639_TC21_T1_SCARB1,SCARB1,3,Steroidogenesis (adrenal & gonadal),cg11198639,SCARB1,,,,no_evidence,,,FALSE,,,,,,,,,,0,,AC122688.3,,0.3429,A,REQUESTED_GENE_UNAVAILABLE,UBC,,0.3409,B,REQUESTED_GENE_UNAVAILABLE,NCOR2,,0.2414,B,REQUESTED_GENE_UNAVAILABLE,,,,,,,,,,,,,,,"",no catalogue holds this CpG-gene pair and no distance could be computed,,
cg11201654,cg11201654_TC21_T1_HLA_F,HLA-F,24,"Immune, inflammation & HLA",cg11201654,HLA-F,-1,higher methylation -> LOWER expression,1,measured,A,"~1.00 (measured, not predicted)",FALSE,-1,-1,-1,S2,1.227e-129,1,7662,TRUE,-1,2,1,HLA-F,-1,0.7056,A,DIRECT_eQTM,HLA-F,-1,0.9745,A,PREDICTED,CDIPT,,0.0131,B,REQUESTED_GENE_UNAVAILABLE,,,,,,,,,,HLA-F;HLA-F-AS1;ZFP57,blood,HLA-F-AS1:+1;HLA-F:-1;ZFP57:-1,-1,FALSE,"","",1,0
cg11205534,cg11205534_TC21_T1_EGR3,EGR3,18,Neurotrophins & activity-dependent plasticity,cg11205534,EGR3,,,,no_evidence,,,FALSE,,,,,,,,,,0,,PPP3CC,,0.52,A,REQUESTED_GENE_UNAVAILABLE,PDLIM2,,0.8169,A,REQUESTED_GENE_UNAVAILABLE,,,,,UNMAPPED,,,,,,,,,,,,,,,"",no catalogue holds this CpG-gene pair and no distance could be computed,,
cg11209121,cg11209121_BC21_T1_NR4A2,NR4A2,8,Dopamine,cg11209121,NR4A2,,,,no_evidence,,,FALSE,,,,,,,,,,0,,FLJ46875,,0.4729,A,REQUESTED_GENE_UNAVAILABLE,,,,,UNMAPPED,,,,,UNMAPPED,,,,,,,,,,,,,,,"",no catalogue holds this CpG-gene pair and no distance could be computed,,
cg11218842,cg11218842_BC21_T1_UCN3,UCN3,2,HPA axis & glucocorticoid signalling,cg11218842,UCN3,,,,no_evidence,,,FALSE,,,,,,,,,,0,,MIS12,,0.3429,B,REQUESTED_GENE_UNAVAILABLE,NET1,,0.3639,B,REQUESTED_GENE_UNAVAILABLE,MIS12,,0.1667,B,REQUESTED_GENE_UNAVAILABLE,,,,,,,,,,,,,,,"",no catalogue holds this CpG-gene pair and no distance could be computed,,
cg11227075,cg11227075_BC11_T1_PRKG1,PRKG1,6,Libido & sexual function,cg11227075,PRKG1,-1,higher methylation -> LOWER expression,0.4326,catalogue_single,A,"0.62-0.87 (tier A, one tissue only)",FALSE,-1,-1,,,,,,,,1,1,PRKG1,,0.4648,B,ABSTAIN,,,,,UNMAPPED,PRKG1,-1,0.4326,A,PREDICTED,,,,,,,,,,,,,,,"",only one tissue called; no cross-tissue corroboration,0.4326,0.2837
cg11245384,cg11245384_TC21_T1_PDYN,PDYN,12,Opioid & melanocortin,cg11245384,PDYN,,,,no_evidence,,,FALSE,,,,,,,,,,0,,,,,,UNMAPPED,LOC388780,,0.1239,B,REQUESTED_GENE_UNAVAILABLE,,,,,UNMAPPED,,,,,,,,,,,,,,,"",no catalogue holds this CpG-gene pair and no distance could be computed,,
cg11252048,cg11252048_TC11_T1_GABRB2,GABRB2,17,GABA & excitation-inhibition balance,cg11252048,GABRB2,,,,no_evidence,,,FALSE,,,,,,,,,,0,,,,,,UNMAPPED,,,,,UNMAPPED,,,,,UNMAPPED,,,,,,,,,,,,,,,"",no catalogue holds this CpG-gene pair and no distance could be computed,,
cg11252765,cg11252765_BC11_T1_NNAT,NNAT,21,Imprinted genes & DMRs,cg11252765,NNAT,,,,no_evidence,,,FALSE,,,,,,,,,,0,,,,,,UNMAPPED,BLCAP,,0.0501,A,REQUESTED_GENE_UNAVAILABLE,SRC,,0.1815,B,REQUESTED_GENE_UNAVAILABLE,,,,,,,,,,,,,,,"",no catalogue holds this CpG-gene pair and no distance could be computed,,
cg11270806,cg11270806_TC21_T1_PPARGC1A,PPARGC1A,27,Appetite & metabolic programming,cg11270806,PPARGC1A,1,higher methylation -> HIGHER expression,,smr_moderate,,"0.84-0.86 (SMR tier S2, single instrument; validated n=6,008)",FALSE,1,1,1,S2,3.799e-167,1,61327,TRUE,,0,,,,,,UNMAPPED,,,,,UNMAPPED,,,,,UNMAPPED,,,,,,,,,,,,,,,"",causal direction from SMR (blood); consistent with methylation affecting expression AND with linkage - HEIDI not run,0.7,0.85
cg11275487,cg11275487_BC21_T1_GDNF,GDNF,18,Neurotrophins & activity-dependent plasticity,cg11275487,GDNF,,,,no_evidence,,,FALSE,,,,,,,,,,0,,PPP1R1B,,0.2377,B,REQUESTED_GENE_UNAVAILABLE,,,,,UNMAPPED,TBC1D1,,0.0131,B,REQUESTED_GENE_UNAVAILABLE,,,,,,,,,,,,,,,"",no catalogue holds this CpG-gene pair and no distance could be computed,,
cg11277090,cg11277090_TC21_T1_GRIN2C,GRIN2C,16,Glutamate & synaptic scaffolding,cg11277090,GRIN2C,,,,no_evidence,,,FALSE,,,,,,,,,,0,,ARHGEF28,,0.0365,B,REQUESTED_GENE_UNAVAILABLE,NAT9,,0.1455,B,REQUESTED_GENE_UNAVAILABLE,SLC16A5,,0.2414,B,REQUESTED_GENE_UNAVAILABLE,,,,,,,,,,,,,,,"",no catalogue holds this CpG-gene pair and no distance could be computed,,
cg11297256,cg11297256_BC11_T1_KCNQ1OT1,KCNQ1OT1,21,Imprinted genes & DMRs,cg11297256,KCNQ1OT1,,,,no_evidence,,,FALSE,,,,,,,,,,0,,VLDLR,,0.3959,A,REQUESTED_GENE_UNAVAILABLE,CDKN1C,,0.0695,A,REQUESTED_GENE_UNAVAILABLE,CDKN1C,,0.474,A,REQUESTED_GENE_UNAVAILABLE,,,,,,,,,,,,,,,"",no catalogue holds this CpG-gene pair and no distance could be computed,,
cg11298960,cg11298960_BC21_T1_HTR5A,HTR5A,9,Serotonin,cg11298960,HTR5A,,,,no_evidence,,,FALSE,,,,,,,,,,0,,,,,,UNMAPPED,,,,,UNMAPPED,,,,,UNMAPPED,,,,,,,,,,,,,,,"",no catalogue holds this CpG-gene pair and no distance could be computed,,
cg11299837,cg11299837_TC21_T1_RYR3,RYR3,1,"Oxytocin, vasopressin & CICR",cg11299837,RYR3,,,,no_evidence,,,FALSE,,,,,,,,,,0,,SNORA80A,,0.2377,B,REQUESTED_GENE_UNAVAILABLE,,,,,UNMAPPED,,,,,UNMAPPED,,,,,,,,,,,,,,,"",no catalogue holds this CpG-gene pair and no distance could be computed,,
cg11309454,cg11309454_TC21_T1_KYAT3,KYAT3,15,Kynurenine pathway,cg11309454,KYAT3,,,,no_evidence,,,FALSE,,,,,,,,,,0,,CCBL2;RBMXL1,,0.561,A,REQUESTED_GENE_UNAVAILABLE,GBP3,,0.3409,B,REQUESTED_GENE_UNAVAILABLE,,,,,UNMAPPED,,,,,,,,,,GBP3,blood,GBP3:+1,,TRUE,"measured association is with GBP3, not the requested gene - check which gene this CpG actually tracks","no catalogue holds this CpG-gene pair and no distance could be computed | measured association is with GBP3, not the requested gene",,
cg11318790,cg11318790_BC21_T1_NRXN3,NRXN3,25,Social-synaptic & psychiatric risk,cg11318790,NRXN3,,,,no_evidence,,,FALSE,,,,,,,,,,0,,,,,,UNMAPPED,NRXN3,,0.1556,B,ABSTAIN,,,,,UNMAPPED,,,,,,,,,,,,,,,"",no catalogue holds this CpG-gene pair and no distance could be computed,,
cg11341981,cg11341981_BC21_T1_ADORA1,ADORA1,8,Dopamine,cg11341981,ADORA1,,,,no_evidence,,,FALSE,,,,,,,,,,0,,ADORA1,,0.298,A,ABSTAIN,CHI3L1,,0.0695,A,REQUESTED_GENE_UNAVAILABLE,CHI3L1,,0.0131,B,REQUESTED_GENE_UNAVAILABLE,,,,,,,,,,,,,,,"",no catalogue holds this CpG-gene pair and no distance could be computed,,
cg11343289,cg11343289_TC11_T1_DNMT3A,DNMT3A,20,Epigenetic machinery,cg11343289,DNMT3A,,,,no_evidence,,,FALSE,,,,,,,,,,0,,POMC,,0.7056,A,REQUESTED_GENE_UNAVAILABLE,POMC,,0.3639,B,REQUESTED_GENE_UNAVAILABLE,POMC,,0.1124,B,REQUESTED_GENE_UNAVAILABLE,,,,,,,,,,,,,,,"",no catalogue holds this CpG-gene pair and no distance could be computed,,
cg11350586,cg11350586_BC21_T1_SOX9,SOX9,5,"HPG axis, puberty & KNDy",cg11350586,SOX9,-1,higher methylation -> LOWER expression,0.6477,catalogue_consensus,A,"0.77-0.87 (tier A, tissues agree)",FALSE,-1,-1,,,,,,,-1,2,1,SOX9-AS1,,0.298,B,REQUESTED_GENE_UNAVAILABLE,SOX9,-1,0.8567,A,PREDICTED,SOX9,-1,0.4386,A,PREDICTED,,,,,,,,,,,,,,,"","",0.6477,0.17615
cg11351174,cg11351174_TC21_T1_KYAT1,KYAT1,15,Kynurenine pathway,cg11351174,KYAT1,,,,no_evidence,,,FALSE,,,,,,,,,,0,,SPOUT1,,0.1852,A,REQUESTED_GENE_UNAVAILABLE,KYAT1,,0.1453,B,ABSTAIN,LRRC8A,,0.1667,A,REQUESTED_GENE_UNAVAILABLE,,,,,,,,,,,,,,,"",no catalogue holds this CpG-gene pair and no distance could be computed,,
cg11354105,cg11354105_TC11_T1_DNMT3A,DNMT3A,20,Epigenetic machinery,cg11354105,DNMT3A,,,,no_evidence,,,FALSE,,,,,,,,,,0,,POMC,,0.4648,A,REQUESTED_GENE_UNAVAILABLE,POMC,,0.3639,B,REQUESTED_GENE_UNAVAILABLE,POMC,,0.1124,B,REQUESTED_GENE_UNAVAILABLE,,,,,,,,,,,,,,,"",no catalogue holds this CpG-gene pair and no distance could be computed,,
cg11358945,cg11358945_TC11_T1_NR4A2,NR4A2,8,Dopamine,cg11358945,NR4A2,,,,no_evidence,,,FALSE,,,,,,,,,,0,,FLJ46875,,0.4598,A,REQUESTED_GENE_UNAVAILABLE,,,,,UNMAPPED,,,,,UNMAPPED,,,,,,,,,,,,,,,"",no catalogue holds this CpG-gene pair and no distance could be computed,,
cg11361387,cg11361387_TC11_T1_COMT,COMT,8,Dopamine,cg11361387,COMT,-1,higher methylation -> LOWER expression,,smr_weak,,"0.66-0.75 (SMR tier S3, instruments disagree; validated n=456)",FALSE,-1,-1,-1,S3,4.636e-37,2,6559,TRUE,,0,,COMT;MIR4761,,0.3429,A,REQUESTED_GENE_UNAVAILABLE,ARVCF,,0.3409,A,REQUESTED_GENE_UNAVAILABLE,TBX1,,0.1667,A,REQUESTED_GENE_UNAVAILABLE,,,,,,,,,,,,,,,"",causal direction from SMR (blood); consistent with methylation affecting expression AND with linkage - HEIDI not run,0.7,0.15
cg11365185,cg11365185_BC21_T1_HTR3A,HTR3A,9,Serotonin,cg11365185,HTR3A,,,,no_evidence,,,FALSE,,,,,,,,,,0,,,,,,UNMAPPED,,,,,UNMAPPED,,,,,UNMAPPED,,,,,,,,,,,,,,,"",no catalogue holds this CpG-gene pair and no distance could be computed,,
cg11367790,cg11367790_TC21_T1_CACNA1C,CACNA1C,1,"Oxytocin, vasopressin & CICR",cg11367790,CACNA1C,,,,no_evidence,,,FALSE,,,,,,,,,,0,,SH3BP2,,0.126,B,REQUESTED_GENE_UNAVAILABLE,,,,,UNMAPPED,SH3BP2,,0.1667,B,REQUESTED_GENE_UNAVAILABLE,,,,,,,,,,,,,,,"",no catalogue holds this CpG-gene pair and no distance could be computed,,
cg11391305,cg11391305_BC21_T1_HLA_DQB2,HLA-DQB2,24,"Immune, inflammation & HLA",cg11391305,HLA-DQB2,1,higher methylation -> HIGHER expression,0.631,catalogue_consensus,A,"0.77-0.87 (tier A, tissues agree)",FALSE,1,1,,,,,,,1,2,1,HLA-DQB2,1,0.7856,A,PREDICTED,HLA-DQB2,1,0.4765,A,PREDICTED,PSMB8,,0.0131,B,REQUESTED_GENE_UNAVAILABLE,,,,,,,,,,,,,,,"","",0.631,0.8155
cg11396695,cg11396695_BC21_T1_GDNF,GDNF,18,Neurotrophins & activity-dependent plasticity,cg11396695,GDNF,,,,no_evidence,,,FALSE,,,,,,,,,,0,,PPP1R1B,,0.2377,B,REQUESTED_GENE_UNAVAILABLE,,,,,UNMAPPED,TBC1D1,,0.0131,B,REQUESTED_GENE_UNAVAILABLE,,,,,,,,,,,,,,,"",no catalogue holds this CpG-gene pair and no distance could be computed,,
cg11399967,cg11399967_TC21_T1_NR4A2,NR4A2,8,Dopamine,cg11399967,NR4A2,,,,no_evidence,,,FALSE,,,,,,,,,,0,,FLJ46875,,0.4729,A,REQUESTED_GENE_UNAVAILABLE,,,,,UNMAPPED,,,,,UNMAPPED,,,,,,,,,,,,,,,"",no catalogue holds this CpG-gene pair and no distance could be computed,,
cg11413657,cg11413657_BC21_T1_OPRD1,OPRD1,12,Opioid & melanocortin,cg11413657,OPRD1,,,,no_evidence,,,FALSE,,,,,,,,,,0,,SUZ12P1,,0.6322,A,REQUESTED_GENE_UNAVAILABLE,EPB41,,0.1556,B,REQUESTED_GENE_UNAVAILABLE,EPB41,,0.0131,B,REQUESTED_GENE_UNAVAILABLE,,,,,,,,,,,,,,,"",no catalogue holds this CpG-gene pair and no distance could be computed,,
cg11424665,cg11424665_BC11_T1_MBD4,MBD4,20,Epigenetic machinery,cg11424665,MBD4,-1,higher methylation -> LOWER expression,0.4559,catalogue_consensus,A,"0.77-0.87 (tier A, tissues agree)",FALSE,-1,-1,,,,,,,-1,2,1,MBD4,-1,0.571,A,PREDICTED,MBD4,-1,0.3409,A,PREDICTED,,,,,UNMAPPED,,,,,,,,,,,,,,,"","",0.4559,0.27205
cg11469594,cg11469594_BC21_T1_HLA_DOB,HLA-DOB,24,"Immune, inflammation & HLA",cg11469594,HLA-DOB,1,higher methylation -> HIGHER expression,1,measured,A,"~1.00 (measured, not predicted)",FALSE,1,1,,,,,,,,2,0.5,HLA-DOB,1,0.4863,A,DIRECT_eQTM,HLA-DOB,-1,0.7399,A,PREDICTED,PSMB8,,0.0131,A,REQUESTED_GENE_UNAVAILABLE,,,,,,,,,,HLA-DOB,blood,HLA-DOB:+1,1,FALSE,"","",1,1
cg11474464,cg11474464_BC11_T1_GABRB3,GABRB3,17,GABA & excitation-inhibition balance,cg11474464,GABRB3,-1,higher methylation -> LOWER expression,0.9961,catalogue_single,A,"0.62-0.87 (tier A, one tissue only)",FALSE,-1,-1,,,,,,,,1,1,,,,,UNMAPPED,GABRB3,-1,0.9961,A,PREDICTED,GABRB3,,0.1124,A,ABSTAIN,,,,,,,,,,,,,,,"",only one tissue called; no cross-tissue corroboration,0.9961,0.00195000000000001
cg11479591,cg11479591_TC21_T1_MECP2,MECP2,20,Epigenetic machinery,cg11479591,MECP2,,,,no_evidence,,,FALSE,,,,,,,,,,0,,,,,,UNMAPPED,,,,,UNMAPPED,,,,,UNMAPPED,,,,,,,,,,,,,,,"",no catalogue holds this CpG-gene pair and no distance could be computed,,
cg11480267,cg11480267_BC21_T1_GNAS,GNAS,19,GPCR signalling & second messengers,cg11480267,GNAS,,,,no_evidence,,,FALSE,,,,,,,,,,0,,CTSZ,,0.6537,A,REQUESTED_GENE_UNAVAILABLE,CTSZ,,0.3409,B,REQUESTED_GENE_UNAVAILABLE,,,,,UNMAPPED,,,,,,,,,,,,,,,"",no catalogue holds this CpG-gene pair and no distance could be computed,,
cg11480627,cg11480627_TC11_T1_SHANK2,SHANK2,16,Glutamate & synaptic scaffolding,cg11480627,SHANK2,1,higher methylation -> HIGHER expression,0.6296,catalogue_single,A,"0.62-0.87 (tier A, one tissue only)",FALSE,1,1,,,,,,,,1,1,COL19A1,,0.2377,B,REQUESTED_GENE_UNAVAILABLE,SHANK2,,0.3197,B,ABSTAIN,SHANK2,1,0.6296,A,PREDICTED,,,,,,,,,,,,,,,"",only one tissue called; no cross-tissue corroboration,0.6296,0.8148
cg11481460,cg11481460_BC21_T1_AHR,AHR,15,Kynurenine pathway,cg11481460,AHR,,,,no_evidence,,,FALSE,,,,,,,,,,0,,NUCB2,,0.0451,B,REQUESTED_GENE_UNAVAILABLE,,,,,UNMAPPED,NUCB2,,0.0131,B,REQUESTED_GENE_UNAVAILABLE,,,,,,,,,,,,,,,"",no catalogue holds this CpG-gene pair and no distance could be computed,,
cg11481675,cg11481675_TC21_T1_NRG1,NRG1,25,Social-synaptic & psychiatric risk,cg11481675,NRG1,,,,no_evidence,,,FALSE,,,,,,,,,,0,,,,,,UNMAPPED,,,,,UNMAPPED,,,,,UNMAPPED,,,,,,,,,,,,,,,"",no catalogue holds this CpG-gene pair and no distance could be computed,,
cg11484872,cg11484872_TC21_T1_TNF,TNF,24,"Immune, inflammation & HLA",cg11484872,TNF,-1,higher methylation -> LOWER expression,0.7812,catalogue_consensus,A,"0.77-0.87 (tier A, tissues agree)",FALSE,-1,-1,-1,S2,6.625e-32,1,1559,TRUE,-1,2,1,TNF,-1,0.7056,A,PREDICTED,TNF,-1,0.8567,A,PREDICTED,LTB,,0.0131,A,REQUESTED_GENE_UNAVAILABLE,,,,,,,,,,,,,,,"","",0.7812,0.1094
cg11501905,cg11501905_TC21_T1_DRD1,DRD1,8,Dopamine,cg11501905,DRD1,,,,no_evidence,,,FALSE,,,,,,,,,,0,,,,,,UNMAPPED,,,,,UNMAPPED,,,,,UNMAPPED,,,,,,,,,,,,,,,"",no catalogue holds this CpG-gene pair and no distance could be computed,,
cg11506821,cg11506821_TC11_T1_MECP2,MECP2,20,Epigenetic machinery,cg11506821,MECP2,,,,no_evidence,,,FALSE,,,,,,,,,,0,,,,,,UNMAPPED,,,,,UNMAPPED,,,,,UNMAPPED,,,,,,,,,,,,,,,"",no catalogue holds this CpG-gene pair and no distance could be computed,,
cg11515282,cg11515282_TC21_T1_HSD17B2,HSD17B2,4,Sex steroids: receptors & metabolism,cg11515282,HSD17B2,-1,higher methylation -> LOWER expression,0.4326,catalogue_single,A,"0.62-0.87 (tier A, one tissue only)",FALSE,-1,-1,,,,,,,,1,1,,,,,UNMAPPED,,,,,UNMAPPED,HSD17B2,-1,0.4326,A,PREDICTED,,,,,,,,,,,,,,,"",only one tissue called; no cross-tissue corroboration,0.4326,0.2837
cg11532302,cg11532302_BC11_T1_PLAGL1,PLAGL1,21,Imprinted genes & DMRs,cg11532302,PLAGL1,-1,higher methylation -> LOWER expression,0.6485,catalogue_consensus,B,"0.64-0.84 (tier B, tissues agree)",FALSE,-1,-1,,,,,,,-1,2,1,PLAGL1,-1,0.6537,B,PREDICTED,PLAGL1,-1,0.6433,B,PREDICTED,PLAGL1,,0.4386,B,ABSTAIN,,,,,,,,,,,,,,,"","",0.6485,0.17575
cg11536166,cg11536166_BC21_T1_NAMPT,NAMPT,15,Kynurenine pathway,cg11536166,NAMPT,,,,no_evidence,,,FALSE,,,,,,,,,,0,,NAMPT,,0.1291,B,ABSTAIN,NAMPT,,0.0288,B,ABSTAIN,PACS2,,0.0131,B,REQUESTED_GENE_UNAVAILABLE,,,,,,,,,,,,,,,"",no catalogue holds this CpG-gene pair and no distance could be computed,,
cg11550332,cg11550332_BC21_T1_TSC22D3,TSC22D3,2,HPA axis & glucocorticoid signalling,cg11550332,TSC22D3,,,,no_evidence,,,FALSE,,,,,,,,,,0,,,,,,UNMAPPED,,,,,UNMAPPED,,,,,UNMAPPED,,,,,,,,,,,,,,,"",no catalogue holds this CpG-gene pair and no distance could be computed,,
cg11612617,cg11612617_TC21_T1_IGF1,IGF1,27,Appetite & metabolic programming,cg11612617,IGF1,-1,higher methylation -> LOWER expression,0.6433,catalogue_single,B,"0.55-0.84 (tier B, one tissue only)",FALSE,-1,-1,,,,,,,,1,1,,,,,UNMAPPED,IGF1,-1,0.6433,B,PREDICTED,,,,,UNMAPPED,,,,,,,,,,,,,,,"",only one tissue called; no cross-tissue corroboration,0.6433,0.17835
cg11615461,cg11615461_BC21_T1_GRIA1,GRIA1,16,Glutamate & synaptic scaffolding,cg11615461,GRIA1,,,,no_evidence,,,FALSE,,,,,,,,,,0,,,,,,UNMAPPED,,,,,UNMAPPED,,,,,UNMAPPED,,,,,,,,,,,,,,,"",no catalogue holds this CpG-gene pair and no distance could be computed,,
cg11625005,cg11625005_BC11_T1_TERT,TERT,28,"Ageing, epigenetic clocks & telomere",cg11625005,TERT,,,,no_evidence,,,FALSE,,,,,,,,,,0,,CLPTM1L,,0.6537,A,REQUESTED_GENE_UNAVAILABLE,CLPTM1L,,0.31,B,REQUESTED_GENE_UNAVAILABLE,CLPTM1L,,0.2027,A,REQUESTED_GENE_UNAVAILABLE,,,,,,,,,,,,,,,"",no catalogue holds this CpG-gene pair and no distance could be computed,,
cg11629466,cg11629466_TC21_T1_CNR2,CNR2,14,Endocannabinoid,cg11629466,CNR2,,,,no_evidence,,,FALSE,,,,,,,,,,0,,GALE,,0.3429,A,REQUESTED_GENE_UNAVAILABLE,GALE,,0.0695,A,REQUESTED_GENE_UNAVAILABLE,,,,,UNMAPPED,,,,,,,,,,,,,,,"",no catalogue holds this CpG-gene pair and no distance could be computed,,
cg11656478,cg11656478_TC21_T1_CYP1B1,CYP1B1,4,Sex steroids: receptors & metabolism,cg11656478,CYP1B1,1,higher methylation -> HIGHER expression,,smr_high,,"0.95-0.97 (SMR tier S1, concordant instruments; validated n=2,141)",FALSE,1,1,1,S1,3.41e-34,2,17821,TRUE,,0,,ZNF37A,,0.3429,A,REQUESTED_GENE_UNAVAILABLE,RMDN2,,0.0694,A,REQUESTED_GENE_UNAVAILABLE,RMDN2,,0.0131,B,REQUESTED_GENE_UNAVAILABLE,,,,,,,,,,,,,,,"",causal direction from SMR (blood); consistent with methylation affecting expression AND with linkage - HEIDI not run,0.7,0.85
cg11666921,cg11666921_TC11_T1_KCNQ1OT1,KCNQ1OT1,21,Imprinted genes & DMRs,cg11666921,KCNQ1OT1,,,,no_evidence,,,FALSE,,,,,,,,,,0,,VLDLR,,0.3959,A,REQUESTED_GENE_UNAVAILABLE,CDKN1C,,0.0695,A,REQUESTED_GENE_UNAVAILABLE,CDKN1C,,0.4386,A,REQUESTED_GENE_UNAVAILABLE,,,,,,,,,,,,,,,"",no catalogue holds this CpG-gene pair and no distance could be computed,,
cg11667847,cg11667847_TC11_T1_GRIN1,GRIN1,16,Glutamate & synaptic scaffolding,cg11667847,GRIN1,,,,no_evidence,,,FALSE,,,,,,,,,,0,,DPP7,,0.298,A,REQUESTED_GENE_UNAVAILABLE,DPP7,,0.4852,A,REQUESTED_GENE_UNAVAILABLE,MAN1B1-AS1,,0.1474,B,REQUESTED_GENE_UNAVAILABLE,,,,,,,,,,,,,,,"",no catalogue holds this CpG-gene pair and no distance could be computed,,
cg11705254,cg11705254_BC21_T1_MEST,MEST,21,Imprinted genes & DMRs,cg11705254,MEST,,,,no_evidence,,,FALSE,,,,,,,,,,0,,CPA5,,0.7056,A,REQUESTED_GENE_UNAVAILABLE,ARHGAP18,,0.4852,A,REQUESTED_GENE_UNAVAILABLE,CPA5,,0.2027,A,REQUESTED_GENE_UNAVAILABLE,,,,,,,,,,,,,,,"",no catalogue holds this CpG-gene pair and no distance could be computed,,
cg11707603,cg11707603_BC21_T1_KLF14,KLF14,28,"Ageing, epigenetic clocks & telomere",cg11707603,KLF14,,,,no_evidence,,,FALSE,,,,,,,,,,0,,PIK3R4,,0.2377,B,REQUESTED_GENE_UNAVAILABLE,COPG2,,0.1556,B,REQUESTED_GENE_UNAVAILABLE,COPG2,,0.0131,B,REQUESTED_GENE_UNAVAILABLE,,,,,,,,,,,,,,,"",no catalogue holds this CpG-gene pair and no distance could be computed,,
cg11712482,cg11712482_TC21_T1_COMT,COMT,8,Dopamine,cg11712482,COMT,-1,higher methylation -> LOWER expression,,smr_moderate,,"0.84-0.86 (SMR tier S2, single instrument; validated n=6,008)",FALSE,-1,-1,-1,S2,5.427e-27,1,14647,TRUE,,0,,COMT;MIR4761,,0.7056,A,REQUESTED_GENE_UNAVAILABLE,ARVCF,,0.31,A,REQUESTED_GENE_UNAVAILABLE,TBX1,,0.0131,A,REQUESTED_GENE_UNAVAILABLE,,,,,,,,,,,,,,,"",causal direction from SMR (blood); consistent with methylation affecting expression AND with linkage - HEIDI not run,0.7,0.15
cg11713566,cg11713566_BC21_T1_CALM3,CALM3,1,"Oxytocin, vasopressin & CICR",cg11713566,CALM3,-1,higher methylation -> LOWER expression,0.4619,catalogue_consensus,A,"0.77-0.87 (tier A, tissues agree)",FALSE,-1,-1,,,,,,,-1,2,1,CALM3;CALM2,,0.298,A,REQUESTED_GENE_UNAVAILABLE,CALM3,-1,0.4852,A,PREDICTED,CALM3,-1,0.4386,A,PREDICTED,,,,,,,,,,,,,,,"","",0.4619,0.26905
cg11715146,cg11715146_BC21_T1_ADORA2A,ADORA2A,8,Dopamine,cg11715146,ADORA2A,,,,no_evidence,,,FALSE,,,,,,,,,,0,,,,,,UNMAPPED,GGT1,,0.4852,A,REQUESTED_GENE_UNAVAILABLE,ADORA2A,,0.0131,A,ABSTAIN,,,,,,,,,,,,,,,"",no catalogue holds this CpG-gene pair and no distance could be computed,,
cg11717189,cg11717189_TC11_T1_IGF2,IGF2,21,Imprinted genes & DMRs,cg11717189,IGF2,,,,no_evidence,,,FALSE,,,,,,,,,,0,,MAD1L1,,0.1897,A,REQUESTED_GENE_UNAVAILABLE,TNNT3,,0.0501,A,REQUESTED_GENE_UNAVAILABLE,MAD1L1,,0.0131,B,REQUESTED_GENE_UNAVAILABLE,,,,,,,,,,,,,,,"",no catalogue holds this CpG-gene pair and no distance could be computed,,
cg11722044,cg11722044_BC21_T1_MECP2,MECP2,20,Epigenetic machinery,cg11722044,MECP2,,,,no_evidence,,,FALSE,,,,,,,,,,0,,,,,,UNMAPPED,,,,,UNMAPPED,,,,,UNMAPPED,,,,,,,,,,,,,,,"",no catalogue holds this CpG-gene pair and no distance could be computed,,
cg11723782,cg11723782_BC21_T1_IL12A_AS1,IL12A-AS1,24,"Immune, inflammation & HLA",cg11723782,IL12A-AS1,,,,no_evidence,,,FALSE,,,,,,,,,,0,,,,,,UNMAPPED,,,,,UNMAPPED,,,,,UNMAPPED,,,,,,,,,,,,,,,"",no catalogue holds this CpG-gene pair and no distance could be computed,,
cg11765362,cg11765362_TC11_T1_SRD5A2,SRD5A2,4,Sex steroids: receptors & metabolism,cg11765362,SRD5A2,,,,no_evidence,,,FALSE,,,,,,,,,,0,,,,,,UNMAPPED,XDH,,0.0694,B,REQUESTED_GENE_UNAVAILABLE,EHMT2,,0.0131,B,REQUESTED_GENE_UNAVAILABLE,,,,,,,,,,,,,,,"",no catalogue holds this CpG-gene pair and no distance could be computed,,
cg11768167,cg11768167_BC21_T1_HLA_F,HLA-F,24,"Immune, inflammation & HLA",cg11768167,HLA-F,-1,higher methylation -> LOWER expression,1,measured,A,"~1.00 (measured, not predicted)",FALSE,-1,-1,-1,S2,9.207e-24,1,7539,TRUE,-1,2,1,HLA-F,-1,0.7056,A,DIRECT_eQTM,HLA-F,-1,0.9745,A,DIRECT_eQTM,CDIPT,,0.0131,B,REQUESTED_GENE_UNAVAILABLE,,,,,,,,,,HLA-F,blood;nasal_epithelium,HLA-F:-1,-1,FALSE,"","",1,0
cg11768925,cg11768925_TC21_T1_PRKACB,PRKACB,19,GPCR signalling & second messengers,cg11768925,PRKACB,,,,no_evidence,,,FALSE,,,,,,,,,,0,,USP10,,0.289,B,REQUESTED_GENE_UNAVAILABLE,PRKACB,,0.1453,B,ABSTAIN,,,,,UNMAPPED,,,,,,,,,,,,,,,"",no catalogue holds this CpG-gene pair and no distance could be computed,,
cg11785183,cg11785183_BC21_T1_EHMT2,EHMT2,20,Epigenetic machinery,cg11785183,EHMT2,,,,no_evidence,,,FALSE,,,,,,,,,,0,,SLC44A4,,0.4648,A,REQUESTED_GENE_UNAVAILABLE,SLC44A4,,0.3409,A,REQUESTED_GENE_UNAVAILABLE,SLC44A4,,0.4326,A,REQUESTED_GENE_UNAVAILABLE,,,,,,,,,,,,,,,"",no catalogue holds this CpG-gene pair and no distance could be computed,,
cg11798857,cg11798857_BC21_T1_FOXA2,FOXA2,8,Dopamine,cg11798857,FOXA2,,,,no_evidence,,,FALSE,,,,,,,,,,0,,,,,,UNMAPPED,,,,,UNMAPPED,,,,,UNMAPPED,,,,,,,,,,,,,,,"",no catalogue holds this CpG-gene pair and no distance could be computed,,
cg11848361,cg11848361_BC21_T1_PDE4D,PDE4D,19,GPCR signalling & second messengers,cg11848361,PDE4D,,,,no_evidence,,,FALSE,,,,,,,,,,0,,,,,,UNMAPPED,,,,,UNMAPPED,,,,,UNMAPPED,,,,,,,,,,,,,,,"",no catalogue holds this CpG-gene pair and no distance could be computed,,
cg11863519,cg11863519_TC11_T1_MECP2,MECP2,20,Epigenetic machinery,cg11863519,MECP2,,,,no_evidence,,,FALSE,,,,,,,,,,0,,,,,,UNMAPPED,,,,,UNMAPPED,,,,,UNMAPPED,,,,,,,,,,,,,,,"",no catalogue holds this CpG-gene pair and no distance could be computed,,
cg11870618,cg11870618_BC21_T1_EZH2,EZH2,20,Epigenetic machinery,cg11870618,EZH2,,,,no_evidence,,,FALSE,,,,,,,,,,0,,EZH2,,0.289,B,ABSTAIN,,,,,UNMAPPED,PCYOX1L,,0.0131,B,REQUESTED_GENE_UNAVAILABLE,,,,,,,,,,,,,,,"",no catalogue holds this CpG-gene pair and no distance could be computed,,
cg11874247,cg11874247_BC21_T1_TCN2,TCN2,22,One-carbon metabolism,cg11874247,TCN2,,,,no_evidence,,,FALSE,,,,,,,,,,0,,SEC14L6,,0.7856,A,REQUESTED_GENE_UNAVAILABLE,SLC35E4,,0.8457,A,REQUESTED_GENE_UNAVAILABLE,,,,,UNMAPPED,,,,,,,,,,,,,,,"",no catalogue holds this CpG-gene pair and no distance could be computed,,
cg11887844,cg11887844_BC21_T1_CHRNA7,CHRNA7,25,Social-synaptic & psychiatric risk,cg11887844,CHRNA7,,,,no_evidence,,,FALSE,,,,,,,,,,0,,CMTM8,,0.0153,A,REQUESTED_GENE_UNAVAILABLE,,,,,UNMAPPED,MTMR12,,0.0131,B,REQUESTED_GENE_UNAVAILABLE,,,,,,,,,,,,,,,"",no catalogue holds this CpG-gene pair and no distance could be computed,,
cg11894854,cg11894854_TC21_T1_AKR1C4,AKR1C4,4,Sex steroids: receptors & metabolism,cg11894854,AKR1C4,,,,no_evidence,,,FALSE,,,,,,,,,,0,,LINC02561,,0.289,A,REQUESTED_GENE_UNAVAILABLE,AKR1C3,,0.0695,B,REQUESTED_GENE_UNAVAILABLE,MIS12,,0.0131,B,REQUESTED_GENE_UNAVAILABLE,,,,,,,,,,,,,,,"",no catalogue holds this CpG-gene pair and no distance could be computed,,
cg11896546,cg11896546_TC21_T1_DDC,DDC,11,"Monoamine synthesis, transport & degradation",cg11896546,DDC,,,,no_evidence,,,FALSE,,,,,,,,,,0,,LIMA1,,0.561,A,REQUESTED_GENE_UNAVAILABLE,GRB10,,0.9158,A,REQUESTED_GENE_UNAVAILABLE,BRD7,,0.2414,B,REQUESTED_GENE_UNAVAILABLE,,,,,,,,,,,,,,,"",no catalogue holds this CpG-gene pair and no distance could be computed,,
cg11907074,cg11907074_BC11_T1_TSC22D3,TSC22D3,2,HPA axis & glucocorticoid signalling,cg11907074,TSC22D3,,,,no_evidence,,,FALSE,,,,,,,,,,0,,,,,,UNMAPPED,,,,,UNMAPPED,,,,,UNMAPPED,,,,,,,,,,,,,,,"",no catalogue holds this CpG-gene pair and no distance could be computed,,
cg11908291,cg11908291_BC21_T1_FOLR1,FOLR1,22,One-carbon metabolism,cg11908291,FOLR1,-1,higher methylation -> LOWER expression,0.9158,catalogue_single,A,"0.62-0.87 (tier A, one tissue only)",FALSE,-1,-1,,,,,,,,1,1,FOLR2,,0.3429,A,REQUESTED_GENE_UNAVAILABLE,FOLR1,-1,0.9158,A,PREDICTED,TNPO1,,0.1815,A,REQUESTED_GENE_UNAVAILABLE,,,,,,,,,,,,,,,"",only one tissue called; no cross-tissue corroboration,0.9158,0.0421
cg11924019,cg11924019_BC21_T1_CYP1A1,CYP1A1,4,Sex steroids: receptors & metabolism,cg11924019,CYP1A1,,,,no_evidence,,,FALSE,,,,,,,,,,0,,MPI,,0.0365,B,REQUESTED_GENE_UNAVAILABLE,MPI,,0.0694,B,REQUESTED_GENE_UNAVAILABLE,COX5A,,0.2694,A,REQUESTED_GENE_UNAVAILABLE,,,,,,,,,,,,,,,"",no catalogue holds this CpG-gene pair and no distance could be computed,,
cg11960458,cg11960458_BC21_T1_PDE4D,PDE4D,19,GPCR signalling & second messengers,cg11960458,PDE4D,,,,no_evidence,,,FALSE,,,,,,,,,,0,,,,,,UNMAPPED,ZNF587B,,0.3409,B,REQUESTED_GENE_UNAVAILABLE,,,,,UNMAPPED,,,,,,,,,,,,,,,"",no catalogue holds this CpG-gene pair and no distance could be computed,,
cg11973132,cg11973132_BC21_T1_GRK2,GRK2,19,GPCR signalling & second messengers,cg11973132,GRK2,,,,no_evidence,,,FALSE,,,,,,,,,,0,,CARNS1,,0.2712,A,REQUESTED_GENE_UNAVAILABLE,POLD4,,0.378,A,REQUESTED_GENE_UNAVAILABLE,CLCF1,,0.1124,B,REQUESTED_GENE_UNAVAILABLE,,,,,,,,,,,,,,,"",no catalogue holds this CpG-gene pair and no distance could be computed,,
cg11989256,cg11989256_TC21_T1_DHRS9,DHRS9,5,"HPG axis, puberty & KNDy",cg11989256,DHRS9,,,,no_evidence,,,FALSE,,,,,,,,,,0,,,,,,UNMAPPED,,,,,UNMAPPED,,,,,UNMAPPED,,,,,,,,,,,,,,,"",no catalogue holds this CpG-gene pair and no distance could be computed,,
cg11996139,cg11996139_BC21_T1_NPY,NPY,10,Noradrenaline & sympathetic nervous system,cg11996139,NPY,,,,no_evidence,,,FALSE,,,,,,,,,,0,,TP53I3,,0.2377,B,REQUESTED_GENE_UNAVAILABLE,,,,,UNMAPPED,,,,,UNMAPPED,,,,,,,,,,,,,,,"",no catalogue holds this CpG-gene pair and no distance could be computed,,
cg12032885,cg12032885_BC11_T1_PEG3,PEG3,21,Imprinted genes & DMRs,cg12032885,PEG3,,,,no_evidence,,,FALSE,,,,,,,,,,0,,ZNF835,,0.4598,A,REQUESTED_GENE_UNAVAILABLE,,,,,UNMAPPED,,,,,UNMAPPED,,,,,,,,,,,,,,,"",no catalogue holds this CpG-gene pair and no distance could be computed,,
cg12033483,cg12033483_TC21_T1_NLGN3,NLGN3,25,Social-synaptic & psychiatric risk,cg12033483,NLGN3,,,,no_evidence,,,FALSE,,,,,,,,,,0,,,,,,UNMAPPED,,,,,UNMAPPED,,,,,UNMAPPED,,,,,,,,,,,,,,,"",no catalogue holds this CpG-gene pair and no distance could be computed,,
cg12047283,cg12047283_BC21_T1_SGK1,SGK1,2,HPA axis & glucocorticoid signalling,cg12047283,SGK1,,,,no_evidence,,,FALSE,,,,,,,,,,0,,,,,,UNMAPPED,,,,,UNMAPPED,,,,,UNMAPPED,,,,,,,,,,,,,,,"",no catalogue holds this CpG-gene pair and no distance could be computed,,
cg12061886,cg12061886_BC21_T1_FOS,FOS,18,Neurotrophins & activity-dependent plasticity,cg12061886,FOS,,,,no_evidence,,,FALSE,,,,,,,,,,0,,TMEM170A,,0.3429,A,REQUESTED_GENE_UNAVAILABLE,BATF,,0.3197,B,REQUESTED_GENE_UNAVAILABLE,BTC,,0.1815,B,REQUESTED_GENE_UNAVAILABLE,,,,,,,,,,BATF,nasal_epithelium,BATF:+1,,TRUE,"measured association is with BATF, not the requested gene - check which gene this CpG actually tracks","no catalogue holds this CpG-gene pair and no distance could be computed | measured association is with BATF, not the requested gene",,
cg12065750,cg12065750_BC11_T1_DHRS9,DHRS9,5,"HPG axis, puberty & KNDy",cg12065750,DHRS9,,,,no_evidence,,,FALSE,,,,,,,,,,0,,,,,,UNMAPPED,,,,,UNMAPPED,,,,,UNMAPPED,,,,,,,,,,,,,,,"",no catalogue holds this CpG-gene pair and no distance could be computed,,
cg12070022,cg12070022_BC11_T1_MEST,MEST,21,Imprinted genes & DMRs,cg12070022,MEST,,,,no_evidence,,,FALSE,,,,,,,,,,0,,CPA5,,0.7056,A,REQUESTED_GENE_UNAVAILABLE,ARHGAP18,,0.4852,A,REQUESTED_GENE_UNAVAILABLE,CPA5,,0.2027,A,REQUESTED_GENE_UNAVAILABLE,,,,,,,,,,,,,,,"",no catalogue holds this CpG-gene pair and no distance could be computed,,
cg12078738,cg12078738_BC21_T1_CGA,CGA,5,"HPG axis, puberty & KNDy",cg12078738,CGA,,,,no_evidence,,,FALSE,,,,,,,,,,0,,SRI,,0.2377,B,REQUESTED_GENE_UNAVAILABLE,,,,,UNMAPPED,JPH3,,0.4431,B,REQUESTED_GENE_UNAVAILABLE,,,,,,,,,,,,,,,"",no catalogue holds this CpG-gene pair and no distance could be computed,,
cg12101586,cg12101586_TC11_T1_CYP1A1,CYP1A1,4,Sex steroids: receptors & metabolism,cg12101586,CYP1A1,,,,no_evidence,,,FALSE,,,,,,,,,,0,,MPI,,0.0365,B,REQUESTED_GENE_UNAVAILABLE,MPI,,0.0694,B,REQUESTED_GENE_UNAVAILABLE,COX5A,,0.2694,A,REQUESTED_GENE_UNAVAILABLE,,,,,,,,,,,,,,,"",no catalogue holds this CpG-gene pair and no distance could be computed,,
cg12114550,cg12114550_TC21_T1_MECP2,MECP2,20,Epigenetic machinery,cg12114550,MECP2,,,,no_evidence,,,FALSE,,,,,,,,,,0,,,,,,UNMAPPED,,,,,UNMAPPED,,,,,UNMAPPED,,,,,,,,,,,,,,,"",no catalogue holds this CpG-gene pair and no distance could be computed,,
cg12123019,cg12123019_BC21_T1_IL12RB1,IL12RB1,24,"Immune, inflammation & HLA",cg12123019,IL12RB1,-1,higher methylation -> LOWER expression,1,measured,A,"~1.00 (measured, not predicted)",FALSE,-1,-1,,,,,,,-1,2,1,IL12RB1,-1,0.7056,A,PREDICTED,IL12RB1,-1,0.8567,A,DIRECT_eQTM,IL12RB1,,0.2027,A,ABSTAIN,,,,,,,,,,IFI30;IL12RB1,nasal_epithelium,IFI30:-1;IL12RB1:-1,-1,FALSE,"","",1,0
cg12138102,cg12138102_BC21_T1_NDN,NDN,21,Imprinted genes & DMRs,cg12138102,NDN,,,,no_evidence,,,FALSE,,,,,,,,,,0,,NR1D2,,0.3429,A,REQUESTED_GENE_UNAVAILABLE,,,,,UNMAPPED,,,,,UNMAPPED,,,,,,,,,,,,,,,"",no catalogue holds this CpG-gene pair and no distance could be computed,,
cg12156154,cg12156154_TC21_T1_AR,AR,4,Sex steroids: receptors & metabolism,cg12156154,AR,,,,no_evidence,,,FALSE,,,,,,,,,,0,,,,,,UNMAPPED,,,,,UNMAPPED,,,,,UNMAPPED,,,,,,,,,,,,,,,"",no catalogue holds this CpG-gene pair and no distance could be computed,,
cg12158758,cg12158758_TC11_T1_GRIN3B,GRIN3B,16,Glutamate & synaptic scaffolding,cg12158758,GRIN3B,-1,higher methylation -> LOWER expression,0.8366,catalogue_single,A,"0.62-0.87 (tier A, one tissue only)",FALSE,-1,-1,,,,,,,,1,1,WDR18,,0.7056,A,REQUESTED_GENE_UNAVAILABLE,GRIN3B,-1,0.8366,A,PREDICTED,TMEM259,,0.2027,A,REQUESTED_GENE_UNAVAILABLE,,,,,,,,,,,,,,,"",only one tissue called; no cross-tissue corroboration,0.8366,0.0817
cg12159502,cg12159502_BC21_T1_SIRT1,SIRT1,20,Epigenetic machinery,cg12159502,SIRT1,,,,no_evidence,,,FALSE,,,,,,,,,,0,,,,,,UNMAPPED,,,,,UNMAPPED,,,,,UNMAPPED,,,,,,,,,,,,,,,"",no catalogue holds this CpG-gene pair and no distance could be computed,,
cg12190095,cg12190095_BC21_T1_GABRA2,GABRA2,17,GABA & excitation-inhibition balance,cg12190095,GABRA2,,,,no_evidence,,,FALSE,,,,,,,,,,0,,,,,,UNMAPPED,,,,,UNMAPPED,,,,,UNMAPPED,,,,,,,,,,,,,,,"",no catalogue holds this CpG-gene pair and no distance could be computed,,
cg12190341,cg12190341_BC21_T1_GRIN2C,GRIN2C,16,Glutamate & synaptic scaffolding,cg12190341,GRIN2C,,,,no_evidence,,,FALSE,,,,,,,,,,0,,ARHGEF28,,0.0365,B,REQUESTED_GENE_UNAVAILABLE,NAT9,,0.1455,B,REQUESTED_GENE_UNAVAILABLE,SLC16A5,,0.2414,B,REQUESTED_GENE_UNAVAILABLE,,,,,,,,,,,,,,,"",no catalogue holds this CpG-gene pair and no distance could be computed,,
cg12196232,cg12196232_BC21_T1_NRG1,NRG1,25,Social-synaptic & psychiatric risk,cg12196232,NRG1,,,,no_evidence,,,FALSE,,,,,,,,,,0,,,,,,UNMAPPED,,,,,UNMAPPED,,,,,UNMAPPED,,,,,,,,,,,,,,,"",no catalogue holds this CpG-gene pair and no distance could be computed,,
cg12204595,cg12204595_TC21_T1_NCOA4,NCOA4,4,Sex steroids: receptors & metabolism,cg12204595,NCOA4,,,,no_evidence,,,FALSE,,,,,,,,,,0,,PARG;PARGP1,,0.4648,A,REQUESTED_GENE_UNAVAILABLE,MSMB,,0.3771,A,REQUESTED_GENE_UNAVAILABLE,RAD54L2,,0.4386,B,REQUESTED_GENE_UNAVAILABLE,,,,,,,,,,,,,,,"",no catalogue holds this CpG-gene pair and no distance could be computed,,
cg12233571,cg12233571_TC21_T1_SLC1A3,SLC1A3,16,Glutamate & synaptic scaffolding,cg12233571,SLC1A3,-1,higher methylation -> LOWER expression,0.4852,catalogue_single,A,"0.62-0.87 (tier A, one tissue only)",FALSE,-1,-1,,,,,,,,1,1,AC008957.1,,0.126,B,REQUESTED_GENE_UNAVAILABLE,SLC1A3,-1,0.4852,A,PREDICTED,SLC1A3,,0.1124,A,ABSTAIN,,,,,,,,,,,,,,,"",only one tissue called; no cross-tissue corroboration,0.4852,0.2574
cg12258811,cg12258811_TC21_T1_PER3,PER3,23,Circadian & melatonin,cg12258811,PER3,-1,higher methylation -> LOWER expression,0.5874,catalogue_consensus,B,"0.64-0.84 (tier B, tissues agree)",FALSE,-1,-1,1,S2,2.504e-09,1,30073,FALSE,-1,3,1,PER3,-1,0.6863,A,PREDICTED,PER3,-1,0.6433,B,PREDICTED,PER3,-1,0.4326,A,PREDICTED,,,,,,,,,,,,,,,""," | SMR (causal, blood) says +1 at tier S2 but a stronger layer supplied the opposite sign - inspect before using",0.5874,0.2063
cg12284521,cg12284521_TC21_T1_GRM4,GRM4,16,Glutamate & synaptic scaffolding,cg12284521,GRM4,,,,no_evidence,,,FALSE,,,,,,,,,,0,,,,,,UNMAPPED,,,,,UNMAPPED,,,,,UNMAPPED,,,,,,,,,,,,,,,"",no catalogue holds this CpG-gene pair and no distance could be computed,,
cg12294334,cg12294334_TC21_T1_AR,AR,4,Sex steroids: receptors & metabolism,cg12294334,AR,,,,no_evidence,,,FALSE,,,,,,,,,,0,,,,,,UNMAPPED,,,,,UNMAPPED,,,,,UNMAPPED,,,,,,,,,,,,,,,"",no catalogue holds this CpG-gene pair and no distance could be computed,,
cg12296752,cg12296752_BC11_T1_BDNF,BDNF,18,Neurotrophins & activity-dependent plasticity,cg12296752,BDNF,,,,no_evidence,,,FALSE,,,,,,,,,,0,,,,,,UNMAPPED,,,,,UNMAPPED,HIST1H2BN,,0.0131,B,REQUESTED_GENE_UNAVAILABLE,,,,,,,,,,,,,,,"",no catalogue holds this CpG-gene pair and no distance could be computed,,
cg12298755,cg12298755_TC21_T1_SNRPN,SNRPN,21,Imprinted genes & DMRs,cg12298755,SNRPN,,,,no_evidence,,,FALSE,,,,,,,,,,0,,SNRPN;PWAR6;IPW,,0.4863,A,REQUESTED_GENE_UNAVAILABLE,,,,,UNMAPPED,,,,,UNMAPPED,,,,,,,,,,SNORD115-26;SNORD115-46;SNRPN;SNORD116-19;SNORD116-4;SNORD116-17;SNORD116-22;SNORD116-28;IPW;SNRPN;SNRPN;PWAR6;IPW;SNRPN;SNURF,blood,SNORD115-26;SNORD115-46;SNRPN:+1;SNORD116-19;SNORD116-4;SNORD116-17;SNORD116-22;SNORD116-28;IPW;SNRPN:+1;SNRPN;PWAR6;IPW:+1;SNRPN;SNURF:-1,,FALSE,"",no catalogue holds this CpG-gene pair and no distance could be computed,,
cg12317815,cg12317815_BC21_T1_ASPA,ASPA,28,"Ageing, epigenetic clocks & telomere",cg12317815,ASPA,,,,no_evidence,,,FALSE,,,,,,,,,,0,,SDK1,,0.0153,A,REQUESTED_GENE_UNAVAILABLE,SDK1,,0.1453,B,REQUESTED_GENE_UNAVAILABLE,SDK1,,0.4431,B,REQUESTED_GENE_UNAVAILABLE,,,,,,,,,,,,,,,"",no catalogue holds this CpG-gene pair and no distance could be computed,,
cg12321149,cg12321149_TC21_T1_GNAS,GNAS,19,GPCR signalling & second messengers,cg12321149,GNAS,,,,no_evidence,,,FALSE,,,,,,,,,,0,,CTSZ,,0.4648,A,REQUESTED_GENE_UNAVAILABLE,CTSZ,,0.3409,B,REQUESTED_GENE_UNAVAILABLE,,,,,UNMAPPED,,,,,,,,,,,,,,,"",no catalogue holds this CpG-gene pair and no distance could be computed,,
cg12327405,cg12327405_BC21_T1_GNAL,GNAL,8,Dopamine,cg12327405,GNAL,,,,no_evidence,,,FALSE,,,,,,,,,,0,,,,,,UNMAPPED,,,,,UNMAPPED,,,,,UNMAPPED,,,,,,,,,,,,,,,"",no catalogue holds this CpG-gene pair and no distance could be computed,,
cg12347392,cg12347392_TC21_T1_MEST,MEST,21,Imprinted genes & DMRs,cg12347392,MEST,,,,no_evidence,,,FALSE,,,,,,,,,,0,,CPA5,,0.7056,A,REQUESTED_GENE_UNAVAILABLE,ARHGAP18,,0.4852,A,REQUESTED_GENE_UNAVAILABLE,CPA5,,0.2027,A,REQUESTED_GENE_UNAVAILABLE,,,,,,,,,,,,,,,"",no catalogue holds this CpG-gene pair and no distance could be computed,,
cg12353175,cg12353175_BC21_T1_FSHR,FSHR,5,"HPG axis, puberty & KNDy",cg12353175,FSHR,,,,no_evidence,,,FALSE,,,,,,,,,,0,,FSHR,,0.4729,B,ABSTAIN,,,,,UNMAPPED,,,,,UNMAPPED,,,,,,,,,,,,,,,"",no catalogue holds this CpG-gene pair and no distance could be computed,,
cg12356107,cg12356107_TC21_T1_FOXA2,FOXA2,8,Dopamine,cg12356107,FOXA2,,,,no_evidence,,,FALSE,,,,,,,,,,0,,,,,,UNMAPPED,,,,,UNMAPPED,,,,,UNMAPPED,,,,,,,,,,,,,,,"",no catalogue holds this CpG-gene pair and no distance could be computed,,
cg12358432,cg12358432_TC21_T1_HLA_G,HLA-G,24,"Immune, inflammation & HLA",cg12358432,HLA-G,-1,higher methylation -> LOWER expression,,smr_moderate,A,"0.84-0.86 (SMR tier S2, single instrument; validated n=6,008)",FALSE,-1,-1,-1,S2,2.892e-19,1,230,TRUE,,2,0.5,HLA-G,-1,0.6537,A,PREDICTED,HLA-G,1,0.8509,A,PREDICTED,CDIPT,,0.0131,B,REQUESTED_GENE_UNAVAILABLE,,,,,,,,,,,,,,,"",causal direction from SMR (blood); consistent with methylation affecting expression AND with linkage - HEIDI not run,0.7,0.15
cg12365226,cg12365226_TC21_T1_DLG3,DLG3,16,Glutamate & synaptic scaffolding,cg12365226,DLG3,,,,no_evidence,,,FALSE,,,,,,,,,,0,,,,,,UNMAPPED,,,,,UNMAPPED,,,,,UNMAPPED,,,,,,,,,,,,,,,"",no catalogue holds this CpG-gene pair and no distance could be computed,,
cg12385825,cg12385825_BC21_T1_AKAP6,AKAP6,19,GPCR signalling & second messengers,cg12385825,AKAP6,,,,no_evidence,,,FALSE,,,,,,,,,,0,,,,,,UNMAPPED,,,,,UNMAPPED,,,,,UNMAPPED,,,,,,,,,,,,,,,"",no catalogue holds this CpG-gene pair and no distance could be computed,,
cg12419863,cg12419863_TC11_T1_PLAGL1,PLAGL1,21,Imprinted genes & DMRs,cg12419863,PLAGL1,1,higher methylation -> HIGHER expression,,smr_high,A,"0.95-0.97 (SMR tier S1, concordant instruments; validated n=2,141)",FALSE,1,1,1,S1,1.003e-44,2,60136,TRUE,,1,1,PLAGL1,-1,0.3429,A,PREDICTED,PLAGL1,,0.1556,B,ABSTAIN,PLAGL1,,0.0131,B,ABSTAIN,,,,,,,,,,,,,,,"",causal direction from SMR (blood); consistent with methylation affecting expression AND with linkage - HEIDI not run,0.7,0.85
cg12426781,cg12426781_BC21_T1_GRIN2B,GRIN2B,16,Glutamate & synaptic scaffolding,cg12426781,GRIN2B,,,,no_evidence,,,FALSE,,,,,,,,,,0,,,,,,UNMAPPED,LINC01559,,0.0695,A,REQUESTED_GENE_UNAVAILABLE,,,,,UNMAPPED,,,,,,,,,,,,,,,"",no catalogue holds this CpG-gene pair and no distance could be computed,,
cg12433268,cg12433268_BC21_T1_ADORA2A,ADORA2A,8,Dopamine,cg12433268,ADORA2A,,,,no_evidence,,,FALSE,,,,,,,,,,0,,,,,,UNMAPPED,GGT1,,0.4852,A,REQUESTED_GENE_UNAVAILABLE,ADORA2A,,0.0131,A,ABSTAIN,,,,,,,,,,,,,,,"",no catalogue holds this CpG-gene pair and no distance could be computed,,
cg12433386,cg12433386_TC11_T1_KCNQ1OT1,KCNQ1OT1,21,Imprinted genes & DMRs,cg12433386,KCNQ1OT1,,,,no_evidence,,,FALSE,,,,,,,,,,0,,VLDLR,,0.7856,A,REQUESTED_GENE_UNAVAILABLE,CDKN1C,,0.0695,A,REQUESTED_GENE_UNAVAILABLE,CDKN1C,,0.4386,A,REQUESTED_GENE_UNAVAILABLE,,,,,,,,,,,,,,,"",no catalogue holds this CpG-gene pair and no distance could be computed,,
cg12433386,cg12433386_TC12_T1_KCNQ1OT1,KCNQ1OT1,21,Imprinted genes & DMRs,cg12433386,KCNQ1OT1,,,,no_evidence,,,FALSE,,,,,,,,,,0,,VLDLR,,0.7856,A,REQUESTED_GENE_UNAVAILABLE,CDKN1C,,0.0695,A,REQUESTED_GENE_UNAVAILABLE,CDKN1C,,0.4386,A,REQUESTED_GENE_UNAVAILABLE,,,,,,,,,,,,,,,"",no catalogue holds this CpG-gene pair and no distance could be computed,,
cg12438727,cg12438727_BC21_T1_STAR,STAR,3,Steroidogenesis (adrenal & gonadal),cg12438727,STAR,,,,no_evidence,,,FALSE,,,,,,,,,,0,,LSM1,,0.289,B,REQUESTED_GENE_UNAVAILABLE,LSM1,,0.3409,B,REQUESTED_GENE_UNAVAILABLE,SNIP1,,0.0788,A,REQUESTED_GENE_UNAVAILABLE,,,,,,,,,,,,,,,"",no catalogue holds this CpG-gene pair and no distance could be computed,,
cg12444861,cg12444861_BC21_T1_PLAGL1,PLAGL1,21,Imprinted genes & DMRs,cg12444861,PLAGL1,-1,higher methylation -> LOWER expression,,smr_moderate,,"0.84-0.86 (SMR tier S2, single instrument; validated n=6,008)",FALSE,-1,-1,-1,S2,9.105e-24,1,62689,TRUE,,0,,PLAGL1,,0.298,A,ABSTAIN,PLAGL1,,0.3409,B,ABSTAIN,PLAGL1,,0.0131,A,ABSTAIN,,,,,,,,,,,,,,,"",causal direction from SMR (blood); consistent with methylation affecting expression AND with linkage - HEIDI not run,0.7,0.15
cg12475905,cg12475905_TC21_T1_CARTPT,CARTPT,27,Appetite & metabolic programming,cg12475905,CARTPT,,,,no_evidence,,,FALSE,,,,,,,,,,0,,,,,,UNMAPPED,,,,,UNMAPPED,TEX261,,0.0131,B,REQUESTED_GENE_UNAVAILABLE,,,,,,,,,,,,,,,"",no catalogue holds this CpG-gene pair and no distance could be computed,,
cg12513025,cg12513025_BC21_T1_PRKAR1A,PRKAR1A,19,GPCR signalling & second messengers,cg12513025,PRKAR1A,,,,no_evidence,,,FALSE,,,,,,,,,,0,,PDE7A,,0.0153,B,REQUESTED_GENE_UNAVAILABLE,FAM20A,,0.0695,B,REQUESTED_GENE_UNAVAILABLE,,,,,UNMAPPED,,,,,,,,,,,,,,,"",no catalogue holds this CpG-gene pair and no distance could be computed,,
cg12521790,cg12521790_TC11_T1_SYP,SYP,18,Neurotrophins & activity-dependent plasticity,cg12521790,SYP,,,,no_evidence,,,FALSE,,,,,,,,,,0,,,,,,UNMAPPED,,,,,UNMAPPED,,,,,UNMAPPED,,,,,,,,,,,,,,,"",no catalogue holds this CpG-gene pair and no distance could be computed,,
cg12526471,cg12526471_BC11_T1_ZBTB16,ZBTB16,2,HPA axis & glucocorticoid signalling,cg12526471,ZBTB16,,,,no_evidence,,,FALSE,,,,,,,,,,0,,,,,,UNMAPPED,,,,,UNMAPPED,MARCKS,,0.0131,B,REQUESTED_GENE_UNAVAILABLE,,,,,,,,,,,,,,,"",no catalogue holds this CpG-gene pair and no distance could be computed,,
cg12528452,cg12528452_TC11_T1_IGF2,IGF2,21,Imprinted genes & DMRs,cg12528452,IGF2,,,,no_evidence,,,FALSE,,,,,,,,,,0,,MAD1L1,,0.1897,A,REQUESTED_GENE_UNAVAILABLE,TNNT3,,0.0501,A,REQUESTED_GENE_UNAVAILABLE,MAD1L1,,0.0131,B,REQUESTED_GENE_UNAVAILABLE,,,,,,,,,,,,,,,"",no catalogue holds this CpG-gene pair and no distance could be computed,,
cg12534008,cg12534008_BC21_T1_AMH,AMH,5,"HPG axis, puberty & KNDy",cg12534008,AMH,-1,higher methylation -> LOWER expression,,smr_moderate,,"0.84-0.86 (SMR tier S2, single instrument; validated n=6,008)",FALSE,-1,-1,-1,S2,1.187e-17,1,1660,TRUE,,0,,JSRP1,,0.4598,A,REQUESTED_GENE_UNAVAILABLE,PLEKHJ1,,0.8866,A,REQUESTED_GENE_UNAVAILABLE,PLEKHJ1,,0.1667,A,REQUESTED_GENE_UNAVAILABLE,,,,,,,,,,,,,,,"",causal direction from SMR (blood); consistent with methylation affecting expression AND with linkage - HEIDI not run,0.7,0.15
cg12541478,cg12541478_TC21_T1_NR4A1,NR4A1,18,Neurotrophins & activity-dependent plasticity,cg12541478,NR4A1,,,,no_evidence,,,FALSE,,,,,,,,,,0,,ANKRD33,,0.2377,B,REQUESTED_GENE_UNAVAILABLE,KRT80,,0.139,A,REQUESTED_GENE_UNAVAILABLE,KRT7,,0.474,A,REQUESTED_GENE_UNAVAILABLE,,,,,,,,,,,,,,,"",no catalogue holds this CpG-gene pair and no distance could be computed,,
cg12547085,cg12547085_BC21_T1_NOS3,NOS3,6,Libido & sexual function,cg12547085,NOS3,-1,higher methylation -> LOWER expression,,smr_moderate,,"0.84-0.86 (SMR tier S2, single instrument; validated n=6,008)",FALSE,-1,-1,-1,S2,9.202e-14,1,10006,TRUE,,0,,NOS3;ATG9B,,0.4729,A,REQUESTED_GENE_UNAVAILABLE,GOLPH3L,,0.0695,A,REQUESTED_GENE_UNAVAILABLE,KCNH2,,0.1244,A,REQUESTED_GENE_UNAVAILABLE,,,,,,,,,,,,,,,"",causal direction from SMR (blood); consistent with methylation affecting expression AND with linkage - HEIDI not run,0.7,0.15
cg12564698,cg12564698_TC21_T1_GAL,GAL,6,Libido & sexual function,cg12564698,GAL,,,,no_evidence,,,FALSE,,,,,,,,,,0,,LOC105369364,,0.126,A,REQUESTED_GENE_UNAVAILABLE,TESMIN,,0.1453,B,REQUESTED_GENE_UNAVAILABLE,,,,,UNMAPPED,,,,,,,,,,,,,,,"",no catalogue holds this CpG-gene pair and no distance could be computed,,
cg12573482,cg12573482_BC21_T1_GNAS,GNAS,19,GPCR signalling & second messengers,cg12573482,GNAS,,,,no_evidence,,,FALSE,,,,,,,,,,0,,CTSZ,,0.4648,A,REQUESTED_GENE_UNAVAILABLE,CTSZ,,0.3409,B,REQUESTED_GENE_UNAVAILABLE,,,,,UNMAPPED,,,,,,,,,,,,,,,"",no catalogue holds this CpG-gene pair and no distance could be computed,,
cg12578084,cg12578084_TC21_T1_TERF2,TERF2,28,"Ageing, epigenetic clocks & telomere",cg12578084,TERF2,,,,no_evidence,,,FALSE,,,,,,,,,,0,,TMED6,,0.0153,A,REQUESTED_GENE_UNAVAILABLE,NIP7,,0.0694,A,REQUESTED_GENE_UNAVAILABLE,,,,,UNMAPPED,,,,,,,,,,,,,,,"",no catalogue holds this CpG-gene pair and no distance could be computed,,
cg12580770,cg12580770_BC21_T1_HTR5A,HTR5A,9,Serotonin,cg12580770,HTR5A,,,,no_evidence,,,FALSE,,,,,,,,,,0,,,,,,UNMAPPED,,,,,UNMAPPED,,,,,UNMAPPED,,,,,,,,,,,,,,,"",no catalogue holds this CpG-gene pair and no distance could be computed,,
cg12588917,cg12588917_BC11_T1_HLA_F,HLA-F,24,"Immune, inflammation & HLA",cg12588917,HLA-F,-1,higher methylation -> LOWER expression,1,measured,A,"~1.00 (measured, not predicted)",FALSE,-1,-1,-1,S1,1.045e-13,2,6346,TRUE,-1,2,1,HLA-F,-1,0.7056,A,DIRECT_eQTM,HLA-F,-1,0.9745,A,PREDICTED,CDIPT,,0.0131,B,REQUESTED_GENE_UNAVAILABLE,,,,,,,,,,HLA-F;ZFP57,blood,HLA-F:-1;ZFP57:-1,-1,FALSE,"","",1,0
cg12589433,cg12589433_TC21_T1_AR,AR,4,Sex steroids: receptors & metabolism,cg12589433,AR,,,,no_evidence,,,FALSE,,,,,,,,,,0,,,,,,UNMAPPED,,,,,UNMAPPED,,,,,UNMAPPED,,,,,,,,,,,,,,,"",no catalogue holds this CpG-gene pair and no distance could be computed,,
cg12598837,cg12598837_TC21_T1_HTR3A,HTR3A,9,Serotonin,cg12598837,HTR3A,,,,no_evidence,,,FALSE,,,,,,,,,,0,,,,,,UNMAPPED,,,,,UNMAPPED,,,,,UNMAPPED,,,,,,,,,,,,,,,"",no catalogue holds this CpG-gene pair and no distance could be computed,,
cg12600858,cg12600858_TC11_T1_MTNR1B,MTNR1B,23,Circadian & melatonin,cg12600858,MTNR1B,,,,no_evidence,,,FALSE,,,,,,,,,,0,,,,,,UNMAPPED,,,,,UNMAPPED,,,,,UNMAPPED,,,,,,,,,,,,,,,"",no catalogue holds this CpG-gene pair and no distance could be computed,,
cg12603671,cg12603671_BC21_T1_PTGER3,PTGER3,6,Libido & sexual function,cg12603671,PTGER3,,,,no_evidence,,,FALSE,,,,,,,,,,0,,ZNF638,,0.2377,B,REQUESTED_GENE_UNAVAILABLE,,,,,UNMAPPED,,,,,UNMAPPED,,,,,,,,,,,,,,,"",no catalogue holds this CpG-gene pair and no distance could be computed,,
cg12610859,cg12610859_BC21_T1_PNMT,PNMT,10,Noradrenaline & sympathetic nervous system,cg12610859,PNMT,,,,no_evidence,,,FALSE,,,,,,,,,,0,,PGAP3,,0.7056,A,REQUESTED_GENE_UNAVAILABLE,PGAP3,,0.4852,A,REQUESTED_GENE_UNAVAILABLE,,,,,UNMAPPED,,,,,,,,,,,,,,,"",no catalogue holds this CpG-gene pair and no distance could be computed,,
cg12671744,cg12671744_TC21_T1_FAAH,FAAH,14,Endocannabinoid,cg12671744,FAAH,-1,higher methylation -> LOWER expression,1,measured,A,"~1.00 (measured, not predicted)",FALSE,-1,-1,,,,,,,,2,0.5,FAAH,-1,0.7056,A,DIRECT_eQTM,FAAH,1,0.4765,A,PREDICTED,PLA2G7,,0.0131,B,REQUESTED_GENE_UNAVAILABLE,,,,,,,,,,FAAH,blood,FAAH:-1,-1,FALSE,"","",1,0
cg12698626,cg12698626_TC21_T1_CCL2,CCL2,24,"Immune, inflammation & HLA",cg12698626,CCL2,,,,no_evidence,,,FALSE,,,,,,,,,,0,,DDX58,,0.2377,B,REQUESTED_GENE_UNAVAILABLE,,,,,UNMAPPED,TMEM39B,,0.0131,B,REQUESTED_GENE_UNAVAILABLE,,,,,,,,,,,,,,,"",no catalogue holds this CpG-gene pair and no distance could be computed,,
cg12699156,cg12699156_TC21_T1_SHBG,SHBG,4,Sex steroids: receptors & metabolism,cg12699156,SHBG,,,,no_evidence,,,FALSE,,,,,,,,,,0,,SOX15,,0.298,A,REQUESTED_GENE_UNAVAILABLE,SOX15,,0.3409,A,REQUESTED_GENE_UNAVAILABLE,TNFSF13,,0.1244,A,REQUESTED_GENE_UNAVAILABLE,,,,,,,,,,,,,,,"",no catalogue holds this CpG-gene pair and no distance could be computed,,
cg12715421,cg12715421_BC21_T1_DDC,DDC,11,"Monoamine synthesis, transport & degradation",cg12715421,DDC,,,,no_evidence,,,FALSE,,,,,,,,,,0,,LIMA1,,0.561,A,REQUESTED_GENE_UNAVAILABLE,GRB10,,0.9158,A,REQUESTED_GENE_UNAVAILABLE,BRD7,,0.2414,B,REQUESTED_GENE_UNAVAILABLE,,,,,,,,,,,,,,,"",no catalogue holds this CpG-gene pair and no distance could be computed,,
cg12720637,cg12720637_TC21_T1_GABRA3,GABRA3,17,GABA & excitation-inhibition balance,cg12720637,GABRA3,,,,no_evidence,,,FALSE,,,,,,,,,,0,,,,,,UNMAPPED,,,,,UNMAPPED,,,,,UNMAPPED,,,,,,,,,,,,,,,"",no catalogue holds this CpG-gene pair and no distance could be computed,,
cg12727256,cg12727256_BC21_T1_ADORA2A,ADORA2A,8,Dopamine,cg12727256,ADORA2A,,,,no_evidence,,,FALSE,,,,,,,,,,0,,,,,,UNMAPPED,GGT1,,0.4583,A,REQUESTED_GENE_UNAVAILABLE,ADORA2A,,0.1667,A,ABSTAIN,,,,,,,,,,,,,,,"",no catalogue holds this CpG-gene pair and no distance could be computed,,
cg12738079,cg12738079_BC21_T1_AVPR2,AVPR2,1,"Oxytocin, vasopressin & CICR",cg12738079,AVPR2,,,,no_evidence,,,FALSE,,,,,,,,,,0,,PNMA6B,,0.1971,A,REQUESTED_GENE_UNAVAILABLE,,,,,UNMAPPED,,,,,UNMAPPED,,,,,,,,,,,,,,,"",no catalogue holds this CpG-gene pair and no distance could be computed,,
cg12782180,cg12782180_TC11_T1_LEP,LEP,27,Appetite & metabolic programming,cg12782180,LEP,,,,no_evidence,,,FALSE,,,,,,,,,,0,,IMPDH1,,0.3467,A,REQUESTED_GENE_UNAVAILABLE,IMPDH1,,0.3409,B,REQUESTED_GENE_UNAVAILABLE,IMPDH1,,0.0131,B,REQUESTED_GENE_UNAVAILABLE,,,,,,,,,,,,,,,"",no catalogue holds this CpG-gene pair and no distance could be computed,,
cg12793123,cg12793123_TC11_T1_ADORA2A,ADORA2A,8,Dopamine,cg12793123,ADORA2A,,,,no_evidence,,,FALSE,,,,,,,,,,0,,,,,,UNMAPPED,GGT1,,0.8457,A,REQUESTED_GENE_UNAVAILABLE,ADORA2A,,0.1667,A,ABSTAIN,,,,,,,,,,,,,,,"",no catalogue holds this CpG-gene pair and no distance could be computed,,
cg12802310,cg12802310_BC21_T1_CYP1B1,CYP1B1,4,Sex steroids: receptors & metabolism,cg12802310,CYP1B1,-1,higher methylation -> LOWER expression,,smr_moderate,,"0.84-0.86 (SMR tier S2, single instrument; validated n=6,008)",FALSE,-1,-1,-1,S2,3.291e-18,1,10860,TRUE,,0,,ZNF37A,,0.4729,A,REQUESTED_GENE_UNAVAILABLE,RMDN2,,0.0694,A,REQUESTED_GENE_UNAVAILABLE,RMDN2,,0.0131,B,REQUESTED_GENE_UNAVAILABLE,,,,,,,,,,,,,,,"",causal direction from SMR (blood); consistent with methylation affecting expression AND with linkage - HEIDI not run,0.7,0.15
cg12810354,cg12810354_BC21_T1_GABRA4,GABRA4,17,GABA & excitation-inhibition balance,cg12810354,GABRA4,,,,no_evidence,,,FALSE,,,,,,,,,,0,,SNORD67,,0.0365,B,REQUESTED_GENE_UNAVAILABLE,,,,,UNMAPPED,,,,,UNMAPPED,,,,,,,,,,,,,,,"",no catalogue holds this CpG-gene pair and no distance could be computed,,
cg12822818,cg12822818_BC21_T1_PTS,PTS,11,"Monoamine synthesis, transport & degradation",cg12822818,PTS,-1,higher methylation -> LOWER expression,0.3771,catalogue_single,A,"0.62-0.87 (tier A, one tissue only)",FALSE,-1,-1,,,,,,,,1,1,LOC100132686,,0.0365,B,REQUESTED_GENE_UNAVAILABLE,PTS,-1,0.3771,A,PREDICTED,,,,,UNMAPPED,,,,,,,,,,IL18;LOC100132686,blood,IL18:-1;LOC100132686:+1,,TRUE,"measured association is with IL18;LOC100132686, not the requested gene - check which gene this CpG actually tracks","only one tissue called; no cross-tissue corroboration | measured association is with IL18;LOC100132686, not the requested gene",0.3771,0.31145
cg12840818,cg12840818_BC21_T1_NRXN2,NRXN2,25,Social-synaptic & psychiatric risk,cg12840818,NRXN2,,,,no_evidence,,,FALSE,,,,,,,,,,0,,AP003774.3,,0.3429,A,REQUESTED_GENE_UNAVAILABLE,DAPK2,,0.0695,A,REQUESTED_GENE_UNAVAILABLE,SYNE2,,0.0131,B,REQUESTED_GENE_UNAVAILABLE,,,,,,,,,,,,,,,"",no catalogue holds this CpG-gene pair and no distance could be computed,,
cg12862537,cg12862537_TC21_T1_NNAT,NNAT,21,Imprinted genes & DMRs,cg12862537,NNAT,,,,no_evidence,,,FALSE,,,,,,,,,,0,,,,,,UNMAPPED,BLCAP,,0.3771,A,REQUESTED_GENE_UNAVAILABLE,SRC,,0.1815,B,REQUESTED_GENE_UNAVAILABLE,,,,,,,,,,,,,,,"",no catalogue holds this CpG-gene pair and no distance could be computed,,
cg12865398,cg12865398_TC21_T1_SYP,SYP,18,Neurotrophins & activity-dependent plasticity,cg12865398,SYP,,,,no_evidence,,,FALSE,,,,,,,,,,0,,,,,,UNMAPPED,,,,,UNMAPPED,,,,,UNMAPPED,,,,,,,,,,,,,,,"",no catalogue holds this CpG-gene pair and no distance could be computed,,
cg12871835,cg12871835_TC21_T1_SGK1,SGK1,2,HPA axis & glucocorticoid signalling,cg12871835,SGK1,,,,no_evidence,,,FALSE,,,,,,,,,,0,,,,,,UNMAPPED,,,,,UNMAPPED,,,,,UNMAPPED,,,,,,,,,,,,,,,"",no catalogue holds this CpG-gene pair and no distance could be computed,,
cg12939975,cg12939975_BC21_T1_PNOC,PNOC,12,Opioid & melanocortin,cg12939975,PNOC,-1,higher methylation -> LOWER expression,0.3429,catalogue_single,A,"0.62-0.87 (tier A, one tissue only)",FALSE,-1,-1,,,,,,,,1,1,PNOC,-1,0.3429,A,PREDICTED,,,,,UNMAPPED,PNOC,,0.2027,A,ABSTAIN,,,,,,,,,,,,,,,"",only one tissue called; no cross-tissue corroboration,0.3429,0.32855
cg12954529,cg12954529_BC21_T1_NRG1,NRG1,25,Social-synaptic & psychiatric risk,cg12954529,NRG1,,,,no_evidence,,,FALSE,,,,,,,,,,0,,,,,,UNMAPPED,,,,,UNMAPPED,,,,,UNMAPPED,,,,,,,,,,,,,,,"",no catalogue holds this CpG-gene pair and no distance could be computed,,
cg12984570,cg12984570_BC21_T1_RYR1,RYR1,1,"Oxytocin, vasopressin & CICR",cg12984570,RYR1,-1,higher methylation -> LOWER expression,0.3688,catalogue_single,A,"0.62-0.87 (tier A, one tissue only)",FALSE,-1,-1,,,,,,,,1,1,MAP4K1,,0.289,A,REQUESTED_GENE_UNAVAILABLE,RYR1,,0.31,B,ABSTAIN,RYR1,-1,0.3688,A,PREDICTED,,,,,,,,,,,,,,,"",only one tissue called; no cross-tissue corroboration,0.3688,0.3156
cg13012525,cg13012525_BC21_T1_NR0B1,NR0B1,3,Steroidogenesis (adrenal & gonadal),cg13012525,NR0B1,,,,no_evidence,,,FALSE,,,,,,,,,,0,,,,,,UNMAPPED,,,,,UNMAPPED,,,,,UNMAPPED,,,,,,,,,,,,,,,"",no catalogue holds this CpG-gene pair and no distance could be computed,,
cg13016048,cg13016048_BC21_T1_GRIN1,GRIN1,16,Glutamate & synaptic scaffolding,cg13016048,GRIN1,,,,no_evidence,,,FALSE,,,,,,,,,,0,,DPP7,,0.298,A,REQUESTED_GENE_UNAVAILABLE,LRRC26,,0.6135,A,REQUESTED_GENE_UNAVAILABLE,MAN1B1-AS1,,0.1124,A,REQUESTED_GENE_UNAVAILABLE,,,,,,,,,,,,,,,"",no catalogue holds this CpG-gene pair and no distance could be computed,,
cg13051970,cg13051970_TC21_T1_DDC,DDC,11,"Monoamine synthesis, transport & degradation",cg13051970,DDC,,,,no_evidence,,,FALSE,,,,,,,,,,0,,LIMA1,,0.561,A,REQUESTED_GENE_UNAVAILABLE,GRB10,,0.8366,A,REQUESTED_GENE_UNAVAILABLE,BRD7,,0.2414,B,REQUESTED_GENE_UNAVAILABLE,,,,,,,,,,,,,,,"",no catalogue holds this CpG-gene pair and no distance could be computed,,
cg13065121,cg13065121_TC11_T1_KISS1,KISS1,5,"HPG axis, puberty & KNDy",cg13065121,KISS1,-1,higher methylation -> LOWER expression,0.4583,catalogue_single,A,"0.62-0.87 (tier A, one tissue only)",FALSE,-1,-1,,,,,,,,1,1,SOX13,,0.6863,A,REQUESTED_GENE_UNAVAILABLE,KISS1,-1,0.4583,A,PREDICTED,ETNK2,,0.0131,B,REQUESTED_GENE_UNAVAILABLE,,,,,,,,,,,,,,,"",only one tissue called; no cross-tissue corroboration,0.4583,0.27085
cg13074687,cg13074687_BC21_T1_SHBG,SHBG,4,Sex steroids: receptors & metabolism,cg13074687,SHBG,,,,no_evidence,,,FALSE,,,,,,,,,,0,,SOX15,,0.298,A,REQUESTED_GENE_UNAVAILABLE,SOX15,,0.3409,A,REQUESTED_GENE_UNAVAILABLE,TNFSF13,,0.1244,A,REQUESTED_GENE_UNAVAILABLE,,,,,,,,,,,,,,,"",no catalogue holds this CpG-gene pair and no distance could be computed,,
cg13077484,cg13077484_BC21_T1_DLG3,DLG3,16,Glutamate & synaptic scaffolding,cg13077484,DLG3,,,,no_evidence,,,FALSE,,,,,,,,,,0,,,,,,UNMAPPED,,,,,UNMAPPED,,,,,UNMAPPED,,,,,,,,,,,,,,,"",no catalogue holds this CpG-gene pair and no distance could be computed,,
cg13081560,cg13081560_BC21_T1_SYP,SYP,18,Neurotrophins & activity-dependent plasticity,cg13081560,SYP,,,,no_evidence,,,FALSE,,,,,,,,,,0,,,,,,UNMAPPED,,,,,UNMAPPED,,,,,UNMAPPED,,,,,,,,,,,,,,,"",no catalogue holds this CpG-gene pair and no distance could be computed,,
cg13096454,cg13096454_BC21_T1_MKRN3,MKRN3,21,Imprinted genes & DMRs,cg13096454,MKRN3,,,,no_evidence,,,FALSE,,,,,,,,,,0,,NR1D2,,0.7056,A,REQUESTED_GENE_UNAVAILABLE,,,,,UNMAPPED,,,,,UNMAPPED,,,,,,,,,,,,,,,"",no catalogue holds this CpG-gene pair and no distance could be computed,,
cg13098917,cg13098917_BC21_T1_SYN1,SYN1,18,Neurotrophins & activity-dependent plasticity,cg13098917,SYN1,,,,no_evidence,,,FALSE,,,,,,,,,,0,,,,,,UNMAPPED,,,,,UNMAPPED,,,,,UNMAPPED,,,,,,,,,,,,,,,"",no catalogue holds this CpG-gene pair and no distance could be computed,,
cg13104385,cg13104385_BC21_T1_IL6,IL6,24,"Immune, inflammation & HLA",cg13104385,IL6,1,higher methylation -> HIGHER expression,,smr_weak,,"0.66-0.75 (SMR tier S3, instruments disagree; validated n=456)",FALSE,1,1,1,S3,1.522e-09,2,1178,TRUE,,0,,LOC541472,,0.7056,A,REQUESTED_GENE_UNAVAILABLE,TOMM7,,0.0694,B,REQUESTED_GENE_UNAVAILABLE,,,,,UNMAPPED,,,,,,,,,,,,,,,"",causal direction from SMR (blood); consistent with methylation affecting expression AND with linkage - HEIDI not run,0.7,0.85
cg13124710,cg13124710_BC21_T1_NR0B1,NR0B1,3,Steroidogenesis (adrenal & gonadal),cg13124710,NR0B1,,,,no_evidence,,,FALSE,,,,,,,,,,0,,,,,,UNMAPPED,,,,,UNMAPPED,,,,,UNMAPPED,,,,,,,,,,,,,,,"",no catalogue holds this CpG-gene pair and no distance could be computed,,
cg13137826,cg13137826_TC21_T1_PRKACA,PRKACA,19,GPCR signalling & second messengers,cg13137826,PRKACA,,,,no_evidence,,,FALSE,,,,,,,,,,0,,LOC113230,,0.298,A,REQUESTED_GENE_UNAVAILABLE,IL27RA,,0.6433,A,REQUESTED_GENE_UNAVAILABLE,,,,,UNMAPPED,,,,,,,,,,,,,,,"",no catalogue holds this CpG-gene pair and no distance could be computed,,
cg13152606,cg13152606_BC21_T1_PDE4D,PDE4D,19,GPCR signalling & second messengers,cg13152606,PDE4D,,,,no_evidence,,,FALSE,,,,,,,,,,0,,DEPDC1B,,0.6863,A,REQUESTED_GENE_UNAVAILABLE,,,,,UNMAPPED,,,,,UNMAPPED,,,,,,,,,,,,,,,"",no catalogue holds this CpG-gene pair and no distance could be computed,,
cg13165070,cg13165070_BC11_T1_IGF2,IGF2,21,Imprinted genes & DMRs,cg13165070,IGF2,,,,no_evidence,,,FALSE,,,,,,,,,,0,,MAD1L1,,0.1897,A,REQUESTED_GENE_UNAVAILABLE,TNNT3,,0.0501,A,REQUESTED_GENE_UNAVAILABLE,MAD1L1,,0.0131,B,REQUESTED_GENE_UNAVAILABLE,,,,,,,,,,,,,,,"",no catalogue holds this CpG-gene pair and no distance could be computed,,
cg13172906,cg13172906_TC11_T1_ARC,ARC,18,Neurotrophins & activity-dependent plasticity,cg13172906,ARC,-1,higher methylation -> LOWER expression,,smr_moderate,,"0.84-0.86 (SMR tier S2, single instrument; validated n=6,008)",FALSE,-1,-1,-1,S2,4.073e-35,1,324,TRUE,,0,,AC105219.1,,0.289,B,REQUESTED_GENE_UNAVAILABLE,PSCA,,0.0694,B,REQUESTED_GENE_UNAVAILABLE,PSCA,,0.0131,B,REQUESTED_GENE_UNAVAILABLE,,,,,,,,,,,,,,,"",causal direction from SMR (blood); consistent with methylation affecting expression AND with linkage - HEIDI not run,0.7,0.15
cg13172906,cg13172906_TC12_T1_ARC,ARC,18,Neurotrophins & activity-dependent plasticity,cg13172906,ARC,-1,higher methylation -> LOWER expression,,smr_moderate,,"0.84-0.86 (SMR tier S2, single instrument; validated n=6,008)",FALSE,-1,-1,-1,S2,4.073e-35,1,324,TRUE,,0,,AC105219.1,,0.289,B,REQUESTED_GENE_UNAVAILABLE,PSCA,,0.0694,B,REQUESTED_GENE_UNAVAILABLE,PSCA,,0.0131,B,REQUESTED_GENE_UNAVAILABLE,,,,,,,,,,,,,,,"",causal direction from SMR (blood); consistent with methylation affecting expression AND with linkage - HEIDI not run,0.7,0.15
cg13195976,cg13195976_BC21_T1_HDAC5,HDAC5,20,Epigenetic machinery,cg13195976,HDAC5,-1,higher methylation -> LOWER expression,0.3639,catalogue_single,A,"0.62-0.87 (tier A, one tissue only)",FALSE,-1,-1,,,,,,,,1,1,ASB16-AS1,,0.1291,B,REQUESTED_GENE_UNAVAILABLE,HDAC5,-1,0.3639,A,PREDICTED,UBTF,,0.0131,B,REQUESTED_GENE_UNAVAILABLE,,,,,,,,,,,,,,,"",only one tissue called; no cross-tissue corroboration,0.3639,0.31805
cg13204333,cg13204333_TC21_T1_MC4R,MC4R,27,Appetite & metabolic programming,cg13204333,MC4R,,,,no_evidence,,,FALSE,,,,,,,,,,0,,,,,,UNMAPPED,,,,,UNMAPPED,,,,,UNMAPPED,,,,,,,,,,,,,,,"",no catalogue holds this CpG-gene pair and no distance could be computed,,
cg13207073,cg13207073_BC21_T1_MECP2,MECP2,20,Epigenetic machinery,cg13207073,MECP2,,,,no_evidence,,,FALSE,,,,,,,,,,0,,PNMA6B,,0.058,A,REQUESTED_GENE_UNAVAILABLE,,,,,UNMAPPED,,,,,UNMAPPED,,,,,,,,,,,,,,,"",no catalogue holds this CpG-gene pair and no distance could be computed,,
cg13213810,cg13213810_BC11_T1_SHANK3,SHANK3,16,Glutamate & synaptic scaffolding,cg13213810,SHANK3,,,,no_evidence,,,FALSE,,,,,,,,,,0,,MAPK8IP2,,0.126,B,REQUESTED_GENE_UNAVAILABLE,MAPK8IP2,,0.1453,B,REQUESTED_GENE_UNAVAILABLE,,,,,UNMAPPED,,,,,,,,,,,,,,,"",no catalogue holds this CpG-gene pair and no distance could be computed,,
cg13216022,cg13216022_TC21_T1_CYP19A1,CYP19A1,4,Sex steroids: receptors & metabolism,cg13216022,CYP19A1,,,,no_evidence,,,FALSE,,,,,,,,,,0,,,,,,UNMAPPED,GLDN,,0.6433,A,REQUESTED_GENE_UNAVAILABLE,,,,,UNMAPPED,,,,,,,,,,,,,,,"",no catalogue holds this CpG-gene pair and no distance could be computed,,
cg13221458,cg13221458_BC21_T1_SOD2,SOD2,29,Oxidative stress & mitochondria,cg13221458,SOD2,-1,higher methylation -> LOWER expression,,smr_weak,,"0.66-0.75 (SMR tier S3, instruments disagree; validated n=456)",FALSE,-1,-1,-1,S3,1.006e-12,2,29196,TRUE,,0,,LOC401281,,0.3467,A,REQUESTED_GENE_UNAVAILABLE,SOD2,,0.0695,B,ABSTAIN,SOD2,,0.2027,A,ABSTAIN,,,,,,,,,,,,,,,"",causal direction from SMR (blood); consistent with methylation affecting expression AND with linkage - HEIDI not run,0.7,0.15
cg13224213,cg13224213_TC21_T1_NOS3,NOS3,6,Libido & sexual function,cg13224213,NOS3,,,,no_evidence,,,FALSE,,,,,,,,,,0,,NOS3;ATG9B,,0.4729,A,REQUESTED_GENE_UNAVAILABLE,GOLPH3L,,0.0695,A,REQUESTED_GENE_UNAVAILABLE,KCNH2,,0.1244,A,REQUESTED_GENE_UNAVAILABLE,,,,,,,,,,,,,,,"",no catalogue holds this CpG-gene pair and no distance could be computed,,
cg13231894,cg13231894_BC21_T1_DRD3,DRD3,8,Dopamine,cg13231894,DRD3,,,,no_evidence,,,FALSE,,,,,,,,,,0,,ZNF80,,0.3467,A,REQUESTED_GENE_UNAVAILABLE,TIGIT,,0.0695,A,REQUESTED_GENE_UNAVAILABLE,CUL4A,,0.1667,B,REQUESTED_GENE_UNAVAILABLE,,,,,,,,,,,,,,,"",no catalogue holds this CpG-gene pair and no distance could be computed,,
cg13232821,cg13232821_BC11_T1_DDC,DDC,11,"Monoamine synthesis, transport & degradation",cg13232821,DDC,,,,no_evidence,,,FALSE,,,,,,,,,,0,,LIMA1,,0.126,B,REQUESTED_GENE_UNAVAILABLE,GRB10,,0.9158,A,REQUESTED_GENE_UNAVAILABLE,BRD7,,0.2414,B,REQUESTED_GENE_UNAVAILABLE,,,,,,,,,,,,,,,"",no catalogue holds this CpG-gene pair and no distance could be computed,,
cg13244559,cg13244559_TC11_T1_ADRA2C,ADRA2C,10,Noradrenaline & sympathetic nervous system,cg13244559,ADRA2C,,,,no_evidence,,,FALSE,,,,,,,,,,0,,TPRG1L,,0.126,A,REQUESTED_GENE_UNAVAILABLE,,,,,UNMAPPED,,,,,UNMAPPED,,,,,,,,,,,,,,,"",no catalogue holds this CpG-gene pair and no distance could be computed,,
cg13245264,cg13245264_TC21_T1_OPRM1,OPRM1,12,Opioid & melanocortin,cg13245264,OPRM1,,,,no_evidence,,,FALSE,,,,,,,,,,0,,,,,,UNMAPPED,,,,,UNMAPPED,,,,,UNMAPPED,,,,,,,,,,,,,,,"",no catalogue holds this CpG-gene pair and no distance could be computed,,
cg13256398,cg13256398_TC21_T1_EGR2,EGR2,18,Neurotrophins & activity-dependent plasticity,cg13256398,EGR2,,,,no_evidence,,,FALSE,,,,,,,,,,0,,,,,,UNMAPPED,ADO,,0.3771,A,REQUESTED_GENE_UNAVAILABLE,,,,,UNMAPPED,,,,,,,,,,,,,,,"",no catalogue holds this CpG-gene pair and no distance could be computed,,
cg13272412,cg13272412_TC21_T1_NRG1,NRG1,25,Social-synaptic & psychiatric risk,cg13272412,NRG1,,,,no_evidence,,,FALSE,,,,,,,,,,0,,,,,,UNMAPPED,,,,,UNMAPPED,,,,,UNMAPPED,,,,,,,,,,,,,,,"",no catalogue holds this CpG-gene pair and no distance could be computed,,
cg13276165,cg13276165_BC21_T1_NRXN1,NRXN1,25,Social-synaptic & psychiatric risk,cg13276165,NRXN1,,,,no_evidence,,,FALSE,,,,,,,,,,0,,,,,,UNMAPPED,,,,,UNMAPPED,,,,,UNMAPPED,,,,,,,,,,,,,,,"",no catalogue holds this CpG-gene pair and no distance could be computed,,
cg13280803,cg13280803_TC11_T1_FSHB,FSHB,5,"HPG axis, puberty & KNDy",cg13280803,FSHB,,,,no_evidence,,,FALSE,,,,,,,,,,0,,,,,,UNMAPPED,,,,,UNMAPPED,,,,,UNMAPPED,,,,,,,,,,,,,,,"",no catalogue holds this CpG-gene pair and no distance could be computed,,
cg13285174,cg13285174_TC11_T1_OXT,OXT,1,"Oxytocin, vasopressin & CICR",cg13285174,OXT,,,,no_evidence,,,FALSE,,,,,,,,,,0,,AVP,,0.4598,A,REQUESTED_GENE_UNAVAILABLE,,,,,UNMAPPED,,,,,UNMAPPED,,,,,,,,,,,,,,,"",no catalogue holds this CpG-gene pair and no distance could be computed,,
cg13290564,cg13290564_TC21_T1_HCRTR2,HCRTR2,13,Orexin / hypocretin & MCH,cg13290564,HCRTR2,,,,no_evidence,,,FALSE,,,,,,,,,,0,,,,,,UNMAPPED,,,,,UNMAPPED,AURKA,,0.0131,B,REQUESTED_GENE_UNAVAILABLE,,,,,,,,,,,,,,,"",no catalogue holds this CpG-gene pair and no distance could be computed,,
cg13307058,cg13307058_BC11_T1_SGK1,SGK1,2,HPA axis & glucocorticoid signalling,cg13307058,SGK1,,,,no_evidence,,,FALSE,,,,,,,,,,0,,,,,,UNMAPPED,,,,,UNMAPPED,,,,,UNMAPPED,,,,,,,,,,,,,,,"",no catalogue holds this CpG-gene pair and no distance could be computed,,
cg13307823,cg13307823_TC21_T1_GRK2,GRK2,19,GPCR signalling & second messengers,cg13307823,GRK2,,,,no_evidence,,,FALSE,,,,,,,,,,0,,CARNS1,,0.3429,A,REQUESTED_GENE_UNAVAILABLE,POLD4,,0.0694,A,REQUESTED_GENE_UNAVAILABLE,CLCF1,,0.0131,B,REQUESTED_GENE_UNAVAILABLE,,,,,,,,,,,,,,,"",no catalogue holds this CpG-gene pair and no distance could be computed,,
cg13332653,cg13332653_BC21_T1_CHGA,CHGA,10,Noradrenaline & sympathetic nervous system,cg13332653,CHGA,,,,no_evidence,,,FALSE,,,,,,,,,,0,,LGMN,,0.2377,B,REQUESTED_GENE_UNAVAILABLE,LGMN,,0.31,B,REQUESTED_GENE_UNAVAILABLE,,,,,UNMAPPED,,,,,,,,,,,,,,,"",no catalogue holds this CpG-gene pair and no distance could be computed,,
cg13333705,cg13333705_BC21_T1_DMRT1,DMRT1,5,"HPG axis, puberty & KNDy",cg13333705,DMRT1,,,,no_evidence,,,FALSE,,,,,,,,,,0,,,,,,UNMAPPED,DMRT3,,0.4583,B,REQUESTED_GENE_UNAVAILABLE,GAK,,0.1124,B,REQUESTED_GENE_UNAVAILABLE,,,,,,,,,,,,,,,"",no catalogue holds this CpG-gene pair and no distance could be computed,,
cg13333813,cg13333813_BC21_T1_DMRT1,DMRT1,5,"HPG axis, puberty & KNDy",cg13333813,DMRT1,,,,no_evidence,,,FALSE,,,,,,,,,,0,,,,,,UNMAPPED,DMRT3,,0.4583,B,REQUESTED_GENE_UNAVAILABLE,GAK,,0.1244,B,REQUESTED_GENE_UNAVAILABLE,,,,,,,,,,,,,,,"",no catalogue holds this CpG-gene pair and no distance could be computed,,
cg13357277,cg13357277_TC21_T1_GRM4,GRM4,16,Glutamate & synaptic scaffolding,cg13357277,GRM4,,,,no_evidence,,,FALSE,,,,,,,,,,0,,,,,,UNMAPPED,,,,,UNMAPPED,,,,,UNMAPPED,,,,,,,,,,,,,,,"",no catalogue holds this CpG-gene pair and no distance could be computed,,
cg13371482,cg13371482_BC21_T1_RLN1,RLN1,7,"Pregnancy, parturition & lactation",cg13371482,RLN1,,,,no_evidence,,,FALSE,,,,,,,,,,0,,PDCD1LG2,,0.2377,B,REQUESTED_GENE_UNAVAILABLE,,,,,UNMAPPED,,,,,UNMAPPED,,,,,,,,,,,,,,,"",no catalogue holds this CpG-gene pair and no distance could be computed,,
cg13381984,cg13381984_TC11_T1_LEP,LEP,27,Appetite & metabolic programming,cg13381984,LEP,-1,higher methylation -> LOWER expression,,smr_moderate,,"0.84-0.86 (SMR tier S2, single instrument; validated n=6,008)",FALSE,-1,-1,-1,S2,3.718e-08,1,8165,TRUE,,0,,IMPDH1,,0.3467,A,REQUESTED_GENE_UNAVAILABLE,IMPDH1,,0.3409,B,REQUESTED_GENE_UNAVAILABLE,IMPDH1,,0.0131,B,REQUESTED_GENE_UNAVAILABLE,,,,,,,,,,,,,,,"",causal direction from SMR (blood); consistent with methylation affecting expression AND with linkage - HEIDI not run,0.7,0.15
cg13404814,cg13404814_BC21_T1_LDLR,LDLR,3,Steroidogenesis (adrenal & gonadal),cg13404814,LDLR,,,,no_evidence,,,FALSE,,,,,,,,,,0,,SMIM13,,0.2377,A,REQUESTED_GENE_UNAVAILABLE,DOCK6,,0.31,B,REQUESTED_GENE_UNAVAILABLE,DOCK6,,0.0131,B,REQUESTED_GENE_UNAVAILABLE,,,,,,,,,,,,,,,"",no catalogue holds this CpG-gene pair and no distance could be computed,,
cg13423140,cg13423140_BC11_T1_AVPR2,AVPR2,1,"Oxytocin, vasopressin & CICR",cg13423140,AVPR2,,,,no_evidence,,,FALSE,,,,,,,,,,0,,PNMA6B,,0.1971,A,REQUESTED_GENE_UNAVAILABLE,,,,,UNMAPPED,,,,,UNMAPPED,,,,,,,,,,,,,,,"",no catalogue holds this CpG-gene pair and no distance could be computed,,
cg13428066,cg13428066_BC21_T1_KCNQ1OT1,KCNQ1OT1,21,Imprinted genes & DMRs,cg13428066,KCNQ1OT1,,,,no_evidence,,,FALSE,,,,,,,,,,0,,VLDLR,,0.0733,A,REQUESTED_GENE_UNAVAILABLE,KCNQ1,,0.4852,B,REQUESTED_GENE_UNAVAILABLE,KCNQ1,,0.4431,A,REQUESTED_GENE_UNAVAILABLE,,,,,,,,,,,,,,,"",no catalogue holds this CpG-gene pair and no distance could be computed,,
cg13434139,cg13434139_BC21_T1_IDO1,IDO1,15,Kynurenine pathway,cg13434139,IDO1,-1,higher methylation -> LOWER expression,0.5668,catalogue_consensus,A,"0.77-0.87 (tier A, tissues agree)",FALSE,-1,-1,,,,,,,-1,2,1,IDO1,-1,0.52,A,PREDICTED,IDO1,-1,0.6135,A,PREDICTED,PNN,,0.0131,B,REQUESTED_GENE_UNAVAILABLE,,,,,,,,,,,,,,,"","",0.5668,0.2166
cg13441156,cg13441156_BC21_T1_GHRL,GHRL,27,Appetite & metabolic programming,cg13441156,GHRL,-1,higher methylation -> LOWER expression,,smr_moderate,,"0.84-0.86 (SMR tier S2, single instrument; validated n=6,008)",FALSE,-1,-1,-1,S2,7.261e-26,1,4293,TRUE,,0,,GHRLOS,,0.9957,A,REQUESTED_GENE_UNAVAILABLE,GHRLOS,,0.0694,A,REQUESTED_GENE_UNAVAILABLE,SLX4IP,,0.0131,B,REQUESTED_GENE_UNAVAILABLE,,,,,,,,,,,,,,,"",causal direction from SMR (blood); consistent with methylation affecting expression AND with linkage - HEIDI not run,0.7,0.15
cg13463245,cg13463245_TC11_T1_GRIN1,GRIN1,16,Glutamate & synaptic scaffolding,cg13463245,GRIN1,,,,no_evidence,,,FALSE,,,,,,,,,,0,,DPP7,,0.298,A,REQUESTED_GENE_UNAVAILABLE,LRRC26,,0.4852,A,REQUESTED_GENE_UNAVAILABLE,MAN1B1-AS1,,0.1474,B,REQUESTED_GENE_UNAVAILABLE,,,,,,,,,,,,,,,"",no catalogue holds this CpG-gene pair and no distance could be computed,,
cg13466002,cg13466002_TC11_T1_ARRB2,ARRB2,19,GPCR signalling & second messengers,cg13466002,ARRB2,-1,higher methylation -> LOWER expression,,smr_moderate,,"0.84-0.86 (SMR tier S2, single instrument; validated n=6,008)",FALSE,-1,-1,-1,S2,2.114e-222,1,1963,TRUE,,0,,ALOX15,,0.1897,A,REQUESTED_GENE_UNAVAILABLE,MED11,,0.2479,A,REQUESTED_GENE_UNAVAILABLE,CDYL,,0.0131,A,REQUESTED_GENE_UNAVAILABLE,,,,,,,,,,ALOX15,blood,ALOX15:+1,,TRUE,"measured association is with ALOX15, not the requested gene - check which gene this CpG actually tracks","causal direction from SMR (blood); consistent with methylation affecting expression AND with linkage - HEIDI not run | measured association is with ALOX15, not the requested gene",0.7,0.15
cg13480617,cg13480617_BC21_T1_PRLR,PRLR,6,Libido & sexual function,cg13480617,PRLR,,,,no_evidence,,,FALSE,,,,,,,,,,0,,CREM,,0.1934,B,REQUESTED_GENE_UNAVAILABLE,,,,,UNMAPPED,CREM,,0.1124,B,REQUESTED_GENE_UNAVAILABLE,,,,,,,,,,,,,,,"",no catalogue holds this CpG-gene pair and no distance could be computed,,
cg13516209,cg13516209_TC11_T1_HLA_H,HLA-H,24,"Immune, inflammation & HLA",cg13516209,HLA-H,1,higher methylation -> HIGHER expression,1,measured,,"~1.00 (measured, not predicted)",FALSE,1,1,,,,,,,,0,,HLA-H,,0.289,A,DIRECT_eQTM,HLA-H,,0.2479,A,ABSTAIN,CDIPT,,0.1667,B,REQUESTED_GENE_UNAVAILABLE,,,,,,,,,,AL645929.1;HLA-G;HLA-H,blood,AL645929.1:-1;HLA-G:+1;HLA-H:+1,1,FALSE,"","",1,1
cg13527387,cg13527387_TC11_T1_SRD5A2,SRD5A2,4,Sex steroids: receptors & metabolism,cg13527387,SRD5A2,,,,no_evidence,,,FALSE,,,,,,,,,,0,,,,,,UNMAPPED,XDH,,0.0694,B,REQUESTED_GENE_UNAVAILABLE,EHMT2,,0.0131,B,REQUESTED_GENE_UNAVAILABLE,,,,,,,,,,,,,,,"",no catalogue holds this CpG-gene pair and no distance could be computed,,
cg13528854,cg13528854_BC21_T1_BST1,BST1,1,"Oxytocin, vasopressin & CICR",cg13528854,BST1,-1,higher methylation -> LOWER expression,0.6346,catalogue_consensus,A,"0.77-0.87 (tier A, tissues agree)",FALSE,-1,-1,,,,,,,-1,2,1,,,,,UNMAPPED,BST1,-1,0.8366,A,PREDICTED,BST1,-1,0.4326,A,PREDICTED,,,,,,,,,,,,,,,"","",0.6346,0.1827
cg13532885,cg13532885_TC11_T1_SYN1,SYN1,18,Neurotrophins & activity-dependent plasticity,cg13532885,SYN1,,,,no_evidence,,,FALSE,,,,,,,,,,0,,,,,,UNMAPPED,,,,,UNMAPPED,,,,,UNMAPPED,,,,,,,,,,,,,,,"",no catalogue holds this CpG-gene pair and no distance could be computed,,
cg13550546,cg13550546_TC21_T1_NOS1,NOS1,1,"Oxytocin, vasopressin & CICR",cg13550546,NOS1,,,,no_evidence,,,FALSE,,,,,,,,,,0,,,,,,UNMAPPED,,,,,UNMAPPED,,,,,UNMAPPED,,,,,,,,,,,,,,,"",no catalogue holds this CpG-gene pair and no distance could be computed,,
cg13557189,cg13557189_BC21_T1_MC4R,MC4R,27,Appetite & metabolic programming,cg13557189,MC4R,,,,no_evidence,,,FALSE,,,,,,,,,,0,,,,,,UNMAPPED,,,,,UNMAPPED,,,,,UNMAPPED,,,,,,,,,,,,,,,"",no catalogue holds this CpG-gene pair and no distance could be computed,,
cg13570401,cg13570401_TC21_T1_BAG1,BAG1,2,HPA axis & glucocorticoid signalling,cg13570401,BAG1,,,,no_evidence,,,FALSE,,,,,,,,,,0,,B4GALT1,,0.298,A,REQUESTED_GENE_UNAVAILABLE,B4GALT1,,0.3409,B,REQUESTED_GENE_UNAVAILABLE,,,,,UNMAPPED,,,,,,,,,,,,,,,"",no catalogue holds this CpG-gene pair and no distance could be computed,,
cg13570656,cg13570656_BC11_T1_CYP1A1,CYP1A1,4,Sex steroids: receptors & metabolism,cg13570656,CYP1A1,,,,no_evidence,,,FALSE,,,,,,,,,,0,,MPI,,0.0365,B,REQUESTED_GENE_UNAVAILABLE,MPI,,0.0694,B,REQUESTED_GENE_UNAVAILABLE,COX5A,,0.2694,A,REQUESTED_GENE_UNAVAILABLE,,,,,,,,,,,,,,,"",no catalogue holds this CpG-gene pair and no distance could be computed,,
cg13576061,cg13576061_BC21_T1_IL6ST,IL6ST,24,"Immune, inflammation & HLA",cg13576061,IL6ST,,,,no_evidence,,,FALSE,,,,,,,,,,0,,TTC4,,0.058,A,REQUESTED_GENE_UNAVAILABLE,,,,,UNMAPPED,,,,,UNMAPPED,,,,,,,,,,,,,,,"",no catalogue holds this CpG-gene pair and no distance could be computed,,
cg13581859,cg13581859_TC21_T1_HLA_DPB1,HLA-DPB1,24,"Immune, inflammation & HLA",cg13581859,HLA-DPB1,1,higher methylation -> HIGHER expression,,smr_moderate,A,"0.84-0.86 (SMR tier S2, single instrument; validated n=6,008)",FALSE,1,1,1,S2,3.608e-27,1,634,TRUE,,1,1,HLA-DPB1,1,0.9957,A,PREDICTED,HLA-DPB1,,0.2479,A,ABSTAIN,DYNLRB1,,0.1244,B,REQUESTED_GENE_UNAVAILABLE,,,,,,,,,,,,,,,"",causal direction from SMR (blood); consistent with methylation affecting expression AND with linkage - HEIDI not run,0.7,0.85
cg13588354,cg13588354_TC21_T1_MC3R,MC3R,27,Appetite & metabolic programming,cg13588354,MC3R,,,,no_evidence,,,FALSE,,,,,,,,,,0,,,,,,UNMAPPED,CASS4,,0.3197,B,REQUESTED_GENE_UNAVAILABLE,,,,,UNMAPPED,,,,,,,,,,,,,,,"",no catalogue holds this CpG-gene pair and no distance could be computed,,
cg13588627,cg13588627_BC21_T1_SIGMAR1,SIGMAR1,1,"Oxytocin, vasopressin & CICR",cg13588627,SIGMAR1,,,,no_evidence,,,FALSE,,,,,,,,,,0,,C6ORF106,,0.52,A,REQUESTED_GENE_UNAVAILABLE,DCTN3,,0.4852,A,REQUESTED_GENE_UNAVAILABLE,,,,,UNMAPPED,,,,,,,,,,,,,,,"",no catalogue holds this CpG-gene pair and no distance could be computed,,
cg13594075,cg13594075_TC11_T1_NRXN1,NRXN1,25,Social-synaptic & psychiatric risk,cg13594075,NRXN1,,,,no_evidence,,,FALSE,,,,,,,,,,0,,,,,,UNMAPPED,,,,,UNMAPPED,,,,,UNMAPPED,,,,,,,,,,,,,,,"",no catalogue holds this CpG-gene pair and no distance could be computed,,
cg13620631,cg13620631_BC21_T1_NTRK2,NTRK2,18,Neurotrophins & activity-dependent plasticity,cg13620631,NTRK2,,,,no_evidence,,,FALSE,,,,,,,,,,0,,,,,,UNMAPPED,NTRK2,,0.139,B,ABSTAIN,NTRK2,,0.1667,B,ABSTAIN,,,,,,,,,,,,,,,"",no catalogue holds this CpG-gene pair and no distance could be computed,,
cg13624528,cg13624528_BC21_T1_GRIK2,GRIK2,16,Glutamate & synaptic scaffolding,cg13624528,GRIK2,,,,tissue_conflict,A,,FALSE,,,,,,,,,,2,0.5,TGFBR1,,0.298,B,REQUESTED_GENE_UNAVAILABLE,GRIK2,1,0.9338,A,PREDICTED,GRIK2,-1,0.3688,A,PREDICTED,,,,,,,,,,,,,,,"",tissues returned opposite directions; not resolved,,
cg13636640,cg13636640_BC11_T1_DNMT3B,DNMT3B,20,Epigenetic machinery,cg13636640,DNMT3B,,,,no_evidence,,,FALSE,,,,,,,,,,0,,,,,,UNMAPPED,BPIFB2,,0.4852,A,REQUESTED_GENE_UNAVAILABLE,,,,,UNMAPPED,,,,,,,,,,,,,,,"",no catalogue holds this CpG-gene pair and no distance could be computed,,
cg13648848,cg13648848_TC21_T1_NRXN2,NRXN2,25,Social-synaptic & psychiatric risk,cg13648848,NRXN2,,,,no_evidence,,,FALSE,,,,,,,,,,0,,AP003774.3,,0.289,B,REQUESTED_GENE_UNAVAILABLE,DAPK2,,0.0694,A,REQUESTED_GENE_UNAVAILABLE,SYNE2,,0.0131,B,REQUESTED_GENE_UNAVAILABLE,,,,,,,,,,,,,,,"",no catalogue holds this CpG-gene pair and no distance could be computed,,
cg13663976,cg13663976_TC21_T1_NQO1,NQO1,29,Oxidative stress & mitochondria,cg13663976,NQO1,-1,higher methylation -> LOWER expression,0.6135,catalogue_single,A,"0.62-0.87 (tier A, one tissue only)",FALSE,-1,-1,,,,,,,,1,1,NPIPB14P,,0.2712,B,REQUESTED_GENE_UNAVAILABLE,NQO1,-1,0.6135,A,PREDICTED,,,,,UNMAPPED,,,,,,,,,,,,,,,"",only one tissue called; no cross-tissue corroboration,0.6135,0.19325
cg13668152,cg13668152_TC21_T1_HTR3D,HTR3D,9,Serotonin,cg13668152,HTR3D,,,,no_evidence,,,FALSE,,,,,,,,,,0,,ABCC5,,0.0365,A,REQUESTED_GENE_UNAVAILABLE,ABCC5,,0.0694,A,REQUESTED_GENE_UNAVAILABLE,,,,,UNMAPPED,,,,,,,,,,,,,,,"",no catalogue holds this CpG-gene pair and no distance could be computed,,
cg13668823,cg13668823_BC21_T1_NNAT,NNAT,21,Imprinted genes & DMRs,cg13668823,NNAT,,,,no_evidence,,,FALSE,,,,,,,,,,0,,,,,,UNMAPPED,BLCAP,,0.0501,A,REQUESTED_GENE_UNAVAILABLE,SRC,,0.1815,B,REQUESTED_GENE_UNAVAILABLE,,,,,,,,,,,,,,,"",no catalogue holds this CpG-gene pair and no distance could be computed,,
cg13676215,cg13676215_BC21_T1_AHR,AHR,15,Kynurenine pathway,cg13676215,AHR,-1,higher methylation -> LOWER expression,,smr_high,,"0.95-0.97 (SMR tier S1, concordant instruments; validated n=2,141)",FALSE,-1,-1,-1,S1,4.949e-21,2,24035,TRUE,,0,,NUCB2,,0.0153,B,REQUESTED_GENE_UNAVAILABLE,,,,,UNMAPPED,NUCB2,,0.1474,B,REQUESTED_GENE_UNAVAILABLE,,,,,,,,,,,,,,,"",causal direction from SMR (blood); consistent with methylation affecting expression AND with linkage - HEIDI not run,0.7,0.15
cg13677598,cg13677598_BC21_T1_DLG3,DLG3,16,Glutamate & synaptic scaffolding,cg13677598,DLG3,,,,no_evidence,,,FALSE,,,,,,,,,,0,,,,,,UNMAPPED,,,,,UNMAPPED,,,,,UNMAPPED,,,,,,,,,,,,,,,"",no catalogue holds this CpG-gene pair and no distance could be computed,,
cg13690564,cg13690564_TC21_T1_NNAT,NNAT,21,Imprinted genes & DMRs,cg13690564,NNAT,,,,no_evidence,,,FALSE,,,,,,,,,,0,,,,,,UNMAPPED,BLCAP,,0.0695,A,REQUESTED_GENE_UNAVAILABLE,SRC,,0.1244,B,REQUESTED_GENE_UNAVAILABLE,,,,,,,,,,,,,,,"",no catalogue holds this CpG-gene pair and no distance could be computed,,
cg13692526,cg13692526_BC21_T1_WNT4,WNT4,5,"HPG axis, puberty & KNDy",cg13692526,WNT4,-1,higher methylation -> LOWER expression,0.9158,catalogue_single,A,"0.62-0.87 (tier A, one tissue only)",FALSE,-1,-1,,,,,,,,1,1,ADGRA3,,0.1852,A,REQUESTED_GENE_UNAVAILABLE,WNT4,-1,0.9158,A,PREDICTED,BIN3,,0.0131,B,REQUESTED_GENE_UNAVAILABLE,,,,,,,,,,,,,,,"",only one tissue called; no cross-tissue corroboration,0.9158,0.0421
cg13695646,cg13695646_TC21_T1_BHMT,BHMT,22,One-carbon metabolism,cg13695646,BHMT,,,,no_evidence,,,FALSE,,,,,,,,,,0,,SLC26A11,,0.8636,A,REQUESTED_GENE_UNAVAILABLE,DMGDH,,0.0694,A,REQUESTED_GENE_UNAVAILABLE,DMGDH,,0.0131,A,REQUESTED_GENE_UNAVAILABLE,,,,,,,,,,,,,,,"",no catalogue holds this CpG-gene pair and no distance could be computed,,
cg13725599,cg13725599_BC11_T1_OXT,OXT,1,"Oxytocin, vasopressin & CICR",cg13725599,OXT,,,,no_evidence,,,FALSE,,,,,,,,,,0,,AVP,,0.4598,A,REQUESTED_GENE_UNAVAILABLE,,,,,UNMAPPED,,,,,UNMAPPED,,,,,,,,,,,,,,,"",no catalogue holds this CpG-gene pair and no distance could be computed,,
cg13730105,cg13730105_BC11_T1_TLR4,TLR4,24,"Immune, inflammation & HLA",cg13730105,TLR4,-1,higher methylation -> LOWER expression,,smr_high,,"0.95-0.97 (SMR tier S1, concordant instruments; validated n=2,141)",FALSE,-1,-1,-1,S1,8.31e-42,2,6042,TRUE,,0,,,,,,UNMAPPED,,,,,UNMAPPED,,,,,UNMAPPED,,,,,,,,,,,,,,,"",causal direction from SMR (blood); consistent with methylation affecting expression AND with linkage - HEIDI not run,0.7,0.15
cg13740815,cg13740815_TC21_T1_SHANK1,SHANK1,16,Glutamate & synaptic scaffolding,cg13740815,SHANK1,,,,no_evidence,,,FALSE,,,,,,,,,,0,,CLEC11A,,0.8306,A,REQUESTED_GENE_UNAVAILABLE,JOSD2,,0.3409,A,REQUESTED_GENE_UNAVAILABLE,SHANK3,,0.0131,B,REQUESTED_GENE_UNAVAILABLE,,,,,,,,,,,,,,,"",no catalogue holds this CpG-gene pair and no distance could be computed,,
cg13757263,cg13757263_BC21_T1_CACNA1D,CACNA1D,1,"Oxytocin, vasopressin & CICR",cg13757263,CACNA1D,,,,no_evidence,,,FALSE,,,,,,,,,,0,,ZNF525,,0.2377,B,REQUESTED_GENE_UNAVAILABLE,CHDH,,0.1455,B,REQUESTED_GENE_UNAVAILABLE,,,,,UNMAPPED,,,,,,,,,,,,,,,"",no catalogue holds this CpG-gene pair and no distance could be computed,,
cg13819127,cg13819127_BC11_T1_HLA_F_AS1,HLA-F-AS1,24,"Immune, inflammation & HLA",cg13819127,HLA-F-AS1,-1,higher methylation -> LOWER expression,,smr_moderate,A,"0.84-0.86 (SMR tier S2, single instrument; validated n=6,008)",FALSE,-1,-1,-1,S2,9.215e-66,1,11766,TRUE,,1,1,HLA-F-AS1,,0.2712,A,ABSTAIN,HLA-F-AS1,-1,0.6433,A,PREDICTED,CDIPT,,0.0131,B,REQUESTED_GENE_UNAVAILABLE,,,,,,,,,,,,,,,"",causal direction from SMR (blood); consistent with methylation affecting expression AND with linkage - HEIDI not run,0.7,0.15
cg13833040,cg13833040_TC21_T1_ATP2A2,ATP2A2,1,"Oxytocin, vasopressin & CICR",cg13833040,ATP2A2,,,,no_evidence,,,FALSE,,,,,,,,,,0,,GPN3,,0.2377,B,REQUESTED_GENE_UNAVAILABLE,ARPC3,,0.0695,B,REQUESTED_GENE_UNAVAILABLE,ANAPC7,,0.0131,B,REQUESTED_GENE_UNAVAILABLE,,,,,,,,,,,,,,,"",no catalogue holds this CpG-gene pair and no distance could be computed,,
cg13833437,cg13833437_TC21_T1_UCN,UCN,2,HPA axis & glucocorticoid signalling,cg13833437,UCN,,,,no_evidence,,,FALSE,,,,,,,,,,0,,LOC105374363,,0.058,B,REQUESTED_GENE_UNAVAILABLE,ATRAID,,0.4852,A,REQUESTED_GENE_UNAVAILABLE,,,,,UNMAPPED,,,,,,,,,,,,,,,"",no catalogue holds this CpG-gene pair and no distance could be computed,,
cg13839778,cg13839778_BC21_T1_SYN1,SYN1,18,Neurotrophins & activity-dependent plasticity,cg13839778,SYN1,,,,no_evidence,,,FALSE,,,,,,,,,,0,,,,,,UNMAPPED,,,,,UNMAPPED,,,,,UNMAPPED,,,,,,,,,,,,,,,"",no catalogue holds this CpG-gene pair and no distance could be computed,,
cg13848598,cg13848598_TC21_T1_ADRB1,ADRB1,10,Noradrenaline & sympathetic nervous system,cg13848598,ADRB1,-1,higher methylation -> LOWER expression,0.6135,catalogue_single,B,"0.55-0.84 (tier B, one tissue only)",FALSE,-1,-1,,,,,,,,1,1,,,,,UNMAPPED,ADRB1,-1,0.6135,B,PREDICTED,,,,,UNMAPPED,,,,,,,,,,,,,,,"",only one tissue called; no cross-tissue corroboration,0.6135,0.19325
cg13851404,cg13851404_BC21_T1_NTRK2,NTRK2,18,Neurotrophins & activity-dependent plasticity,cg13851404,NTRK2,,,,no_evidence,,,FALSE,,,,,,,,,,0,,,,,,UNMAPPED,,,,,UNMAPPED,,,,,UNMAPPED,,,,,,,,,,,,,,,"",no catalogue holds this CpG-gene pair and no distance could be computed,,
cg13854227,cg13854227_BC11_T1_GUCY1B1,GUCY1B1,6,Libido & sexual function,cg13854227,GUCY1B1,,,,no_evidence,,,FALSE,,,,,,,,,,0,,,,,,UNMAPPED,CTSO,,0.139,B,REQUESTED_GENE_UNAVAILABLE,CTSO,,0.0131,B,REQUESTED_GENE_UNAVAILABLE,,,,,,,,,,,,,,,"",no catalogue holds this CpG-gene pair and no distance could be computed,,
cg13858106,cg13858106_BC21_T1_INHA,INHA,5,"HPG axis, puberty & KNDy",cg13858106,INHA,,,,no_evidence,,,FALSE,,,,,,,,,,0,,,,,,UNMAPPED,OBSL1,,0.9158,A,REQUESTED_GENE_UNAVAILABLE,OBSL1,,0.4326,A,REQUESTED_GENE_UNAVAILABLE,,,,,,,,,,,,,,,"",no catalogue holds this CpG-gene pair and no distance could be computed,,
cg13873881,cg13873881_BC21_T1_AR,AR,4,Sex steroids: receptors & metabolism,cg13873881,AR,,,,no_evidence,,,FALSE,,,,,,,,,,0,,,,,,UNMAPPED,,,,,UNMAPPED,,,,,UNMAPPED,,,,,,,,,,,,,,,"",no catalogue holds this CpG-gene pair and no distance could be computed,,
cg13874366,cg13874366_BC21_T1_TPCN2,TPCN2,1,"Oxytocin, vasopressin & CICR",cg13874366,TPCN2,,,,no_evidence,,,FALSE,,,,,,,,,,0,,MRGPRF-AS1,,0.4729,A,REQUESTED_GENE_UNAVAILABLE,MRPL21,,0.139,A,REQUESTED_GENE_UNAVAILABLE,,,,,UNMAPPED,,,,,,,,,,,,,,,"",no catalogue holds this CpG-gene pair and no distance could be computed,,
cg13874969,cg13874969_TC11_T1_GABRB3,GABRB3,17,GABA & excitation-inhibition balance,cg13874969,GABRB3,-1,higher methylation -> LOWER expression,0.9961,catalogue_single,A,"0.62-0.87 (tier A, one tissue only)",FALSE,-1,-1,,,,,,,,1,1,,,,,UNMAPPED,GABRB3,-1,0.9961,A,PREDICTED,GABRB3,,0.1244,A,ABSTAIN,,,,,,,,,,,,,,,"",only one tissue called; no cross-tissue corroboration,0.9961,0.00195000000000001
cg13876809,cg13876809_BC21_T1_GPR88,GPR88,8,Dopamine,cg13876809,GPR88,,,,no_evidence,,,FALSE,,,,,,,,,,0,,,,,,UNMAPPED,,,,,UNMAPPED,TBC1D2,,0.0131,B,REQUESTED_GENE_UNAVAILABLE,,,,,,,,,,,,,,,"",no catalogue holds this CpG-gene pair and no distance could be computed,,
cg13883681,cg13883681_TC21_T1_GOT2,GOT2,15,Kynurenine pathway,cg13883681,GOT2,,,,no_evidence,,,FALSE,,,,,,,,,,0,,,,,,UNMAPPED,,,,,UNMAPPED,,,,,UNMAPPED,,,,,,,,,,,,,,,"",no catalogue holds this CpG-gene pair and no distance could be computed,,
cg13892088,cg13892088_TC21_T1_HTR5A,HTR5A,9,Serotonin,cg13892088,HTR5A,,,,no_evidence,,,FALSE,,,,,,,,,,0,,,,,,UNMAPPED,,,,,UNMAPPED,,,,,UNMAPPED,,,,,,,,,,,,,,,"",no catalogue holds this CpG-gene pair and no distance could be computed,,
cg13896204,cg13896204_TC11_T1_HLA_DQB2,HLA-DQB2,24,"Immune, inflammation & HLA",cg13896204,HLA-DQB2,-1,higher methylation -> LOWER expression,,smr_high,A,"0.95-0.97 (SMR tier S1, concordant instruments; validated n=2,141)",FALSE,-1,-1,-1,S1,8.721e-30,2,1849,TRUE,1,2,1,HLA-DQB2,1,0.3705,A,PREDICTED,HLA-DQB2,1,0.7183,A,PREDICTED,PSMB8,,0.1124,B,REQUESTED_GENE_UNAVAILABLE,,,,,,,,,,HLA-DQB1,blood,HLA-DQB1:+1,,TRUE,"measured association is with HLA-DQB1, not the requested gene - check which gene this CpG actually tracks","causal direction from SMR (blood); consistent with methylation affecting expression AND with linkage - HEIDI not run | measured association is with HLA-DQB1, not the requested gene",0.7,0.15
cg13901453,cg13901453_BC21_T1_NNAT,NNAT,21,Imprinted genes & DMRs,cg13901453,NNAT,,,,no_evidence,,,FALSE,,,,,,,,,,0,,,,,,UNMAPPED,BLCAP,,0.3409,A,REQUESTED_GENE_UNAVAILABLE,SRC,,0.1815,B,REQUESTED_GENE_UNAVAILABLE,,,,,,,,,,,,,,,"",no catalogue holds this CpG-gene pair and no distance could be computed,,
cg13914892,cg13914892_BC21_T1_PGF,PGF,7,"Pregnancy, parturition & lactation",cg13914892,PGF,,,,no_evidence,,,FALSE,,,,,,,,,,0,,RPS6KL1,,0.571,A,REQUESTED_GENE_UNAVAILABLE,RPS6KL1,,0.4583,A,REQUESTED_GENE_UNAVAILABLE,,,,,UNMAPPED,,,,,,,,,,,,,,,"",no catalogue holds this CpG-gene pair and no distance could be computed,,
cg13915028,cg13915028_BC21_T1_POR,POR,3,Steroidogenesis (adrenal & gonadal),cg13915028,POR,,,,no_evidence,,,FALSE,,,,,,,,,,0,,POR;MIR4651,,0.126,A,REQUESTED_GENE_UNAVAILABLE,CCL26,,0.1453,B,REQUESTED_GENE_UNAVAILABLE,,,,,UNMAPPED,,,,,,,,,,,,,,,"",no catalogue holds this CpG-gene pair and no distance could be computed,,
cg13924996,cg13924996_BC11_T1_GRK2,GRK2,19,GPCR signalling & second messengers,cg13924996,GRK2,,,,no_evidence,,,FALSE,,,,,,,,,,0,,CARNS1,,0.12,A,REQUESTED_GENE_UNAVAILABLE,POLD4,,0.378,A,REQUESTED_GENE_UNAVAILABLE,CLCF1,,0.1124,B,REQUESTED_GENE_UNAVAILABLE,,,,,,,,,,,,,,,"",no catalogue holds this CpG-gene pair and no distance could be computed,,
cg13933279,cg13933279_BC21_T1_NTRK3,NTRK3,18,Neurotrophins & activity-dependent plasticity,cg13933279,NTRK3,,,,no_evidence,,,FALSE,,,,,,,,,,0,,BMPR1A,,0.1077,B,REQUESTED_GENE_UNAVAILABLE,,,,,UNMAPPED,,,,,UNMAPPED,,,,,,,,,,,,,,,"",no catalogue holds this CpG-gene pair and no distance could be computed,,
cg13980506,cg13980506_BC21_T1_HSD17B3,HSD17B3,4,Sex steroids: receptors & metabolism,cg13980506,HSD17B3,,,,no_evidence,,,FALSE,,,,,,,,,,0,,,,,,UNMAPPED,,,,,UNMAPPED,,,,,UNMAPPED,,,,,,,,,,,,,,,"",no catalogue holds this CpG-gene pair and no distance could be computed,,
cg13980799,cg13980799_TC21_T1_SLC18A2,SLC18A2,11,"Monoamine synthesis, transport & degradation",cg13980799,SLC18A2,-1,higher methylation -> LOWER expression,0.6744,catalogue_consensus,B,"0.64-0.84 (tier B, tissues agree)",FALSE,-1,-1,1,S2,4.858e-21,1,19557,FALSE,-1,2,1,SLC18A2,-1,0.7056,A,PREDICTED,SLC18A2,-1,0.6433,B,PREDICTED,,,,,UNMAPPED,,,,,,,,,,,,,,,""," | SMR (causal, blood) says +1 at tier S2 but a stronger layer supplied the opposite sign - inspect before using",0.6744,0.1628
cg13999099,cg13999099_BC11_T1_IL6ST,IL6ST,24,"Immune, inflammation & HLA",cg13999099,IL6ST,,,,no_evidence,,,FALSE,,,,,,,,,,0,,TTC4,,0.1291,A,REQUESTED_GENE_UNAVAILABLE,,,,,UNMAPPED,,,,,UNMAPPED,,,,,,,,,,,,,,,"",no catalogue holds this CpG-gene pair and no distance could be computed,,
cg14019044,cg14019044_BC21_T1_FHL2,FHL2,28,"Ageing, epigenetic clocks & telomere",cg14019044,FHL2,,,,no_evidence,,,FALSE,,,,,,,,,,0,,,,,,UNMAPPED,,,,,UNMAPPED,,,,,UNMAPPED,,,,,,,,,,,,,,,"",no catalogue holds this CpG-gene pair and no distance could be computed,,
cg14022706,cg14022706_BC21_T1_PDE5A,PDE5A,6,Libido & sexual function,cg14022706,PDE5A,-1,higher methylation -> LOWER expression,0.6135,catalogue_single,B,"0.55-0.84 (tier B, one tissue only)",FALSE,-1,-1,,,,,,,,1,1,LOC645513,,0.1971,A,REQUESTED_GENE_UNAVAILABLE,PDE5A,-1,0.6135,B,PREDICTED,,,,,UNMAPPED,,,,,,,,,,,,,,,"",only one tissue called; no cross-tissue corroboration,0.6135,0.19325
cg14028877,cg14028877_TC21_T1_COMT,COMT,8,Dopamine,cg14028877,COMT,,,,no_evidence,,,FALSE,,,,,,,,,,0,,COMT;MIR4761,,0.4729,A,REQUESTED_GENE_UNAVAILABLE,ARVCF,,0.31,A,REQUESTED_GENE_UNAVAILABLE,TBX1,,0.0131,A,REQUESTED_GENE_UNAVAILABLE,,,,,,,,,,,,,,,"",no catalogue holds this CpG-gene pair and no distance could be computed,,
cg14034270,cg14034270_BC21_T1_MEG3,MEG3,21,Imprinted genes & DMRs,cg14034270,MEG3,-1,higher methylation -> LOWER expression,,smr_moderate,A,"0.84-0.86 (SMR tier S2, single instrument; validated n=6,008)",FALSE,-1,-1,-1,S2,5.449e-51,1,4543,TRUE,,1,1,MEG3,-1,0.6537,A,PREDICTED,,,,,UNMAPPED,,,,,UNMAPPED,,,,,,,,,,,,,,,"",causal direction from SMR (blood); consistent with methylation affecting expression AND with linkage - HEIDI not run,0.7,0.15
cg14055193,cg14055193_BC21_T1_GRIN1,GRIN1,16,Glutamate & synaptic scaffolding,cg14055193,GRIN1,,,,no_evidence,,,FALSE,,,,,,,,,,0,,DPP7,,0.298,A,REQUESTED_GENE_UNAVAILABLE,LRRC26,,0.6135,A,REQUESTED_GENE_UNAVAILABLE,MAN1B1-AS1,,0.1124,A,REQUESTED_GENE_UNAVAILABLE,,,,,,,,,,,,,,,"",no catalogue holds this CpG-gene pair and no distance could be computed,,
cg14067066,cg14067066_TC21_T1_HLA_F_AS1,HLA-F-AS1,24,"Immune, inflammation & HLA",cg14067066,HLA-F-AS1,-1,higher methylation -> LOWER expression,0.6135,catalogue_single,A,"0.62-0.87 (tier A, one tissue only)",FALSE,-1,-1,-1,S3,2.403e-13,2,11873,TRUE,,1,1,HLA-F-AS1,,0.0365,A,ABSTAIN,HLA-F-AS1,-1,0.6135,A,PREDICTED,CDIPT,,0.0131,B,REQUESTED_GENE_UNAVAILABLE,,,,,,,,,,HLA-F;ZFP57,blood,HLA-F:+1;ZFP57:+1,,TRUE,"measured association is with HLA-F;ZFP57, not the requested gene - check which gene this CpG actually tracks","only one tissue called; no cross-tissue corroboration | measured association is with HLA-F;ZFP57, not the requested gene",0.6135,0.19325
cg14070323,cg14070323_BC11_T1_MEG3,MEG3,21,Imprinted genes & DMRs,cg14070323,MEG3,-1,higher methylation -> LOWER expression,0.5422,catalogue_single,A,"0.62-0.87 (tier A, one tissue only)",FALSE,-1,-1,,,,,,,,1,1,MEG3,-1,0.5422,A,PREDICTED,,,,,UNMAPPED,,,,,UNMAPPED,,,,,,,,,,,,,,,"",only one tissue called; no cross-tissue corroboration,0.5422,0.2289
cg14092276,cg14092276_BC21_T1_DLK1,DLK1,21,Imprinted genes & DMRs,cg14092276,DLK1,1,higher methylation -> HIGHER expression,,smr_moderate,,"0.84-0.86 (SMR tier S2, single instrument; validated n=6,008)",FALSE,1,1,1,S2,1.787e-18,1,3938,TRUE,,0,,MEG3,,0.4598,A,REQUESTED_GENE_UNAVAILABLE,,,,,UNMAPPED,BEGAIN,,0.2414,B,REQUESTED_GENE_UNAVAILABLE,,,,,,,,,,,,,,,"",causal direction from SMR (blood); consistent with methylation affecting expression AND with linkage - HEIDI not run,0.7,0.85
cg14096279,cg14096279_BC21_T1_NOS1,NOS1,1,"Oxytocin, vasopressin & CICR",cg14096279,NOS1,,,,no_evidence,,,FALSE,,,,,,,,,,0,,,,,,UNMAPPED,,,,,UNMAPPED,,,,,UNMAPPED,,,,,,,,,,,,,,,"",no catalogue holds this CpG-gene pair and no distance could be computed,,
cg14104369,cg14104369_TC11_T1_GNAS,GNAS,19,GPCR signalling & second messengers,cg14104369,GNAS,1,higher methylation -> HIGHER expression,,smr_moderate,,"0.84-0.86 (SMR tier S2, single instrument; validated n=6,008)",FALSE,1,1,1,S2,2.318e-09,1,15025,TRUE,,0,,CTSZ,,0.5493,A,REQUESTED_GENE_UNAVAILABLE,CTSZ,,0.3409,B,REQUESTED_GENE_UNAVAILABLE,,,,,UNMAPPED,,,,,,,,,,,,,,,"",causal direction from SMR (blood); consistent with methylation affecting expression AND with linkage - HEIDI not run,0.7,0.85
cg14105566,cg14105566_BC21_T1_INHBB,INHBB,5,"HPG axis, puberty & KNDy",cg14105566,INHBB,,,,no_evidence,,,FALSE,,,,,,,,,,0,,,,,,UNMAPPED,RALB,,0.3409,B,REQUESTED_GENE_UNAVAILABLE,,,,,UNMAPPED,,,,,,,,,,,,,,,"",no catalogue holds this CpG-gene pair and no distance could be computed,,
cg14112935,cg14112935_TC21_T1_SLC6A2,SLC6A2,10,Noradrenaline & sympathetic nervous system,cg14112935,SLC6A2,,,,no_evidence,,,FALSE,,,,,,,,,,0,,CES1P2,,0.0153,B,REQUESTED_GENE_UNAVAILABLE,CAPNS2,,0.9158,A,REQUESTED_GENE_UNAVAILABLE,CAPNS2,,0.0131,B,REQUESTED_GENE_UNAVAILABLE,,,,,,,,,,,,,,,"",no catalogue holds this CpG-gene pair and no distance could be computed,,
cg14117844,cg14117844_BC21_T1_AVPR1A,AVPR1A,1,"Oxytocin, vasopressin & CICR",cg14117844,AVPR1A,,,,no_evidence,,,FALSE,,,,,,,,,,0,,,,,,UNMAPPED,,,,,UNMAPPED,,,,,UNMAPPED,,,,,,,,,,,,,,,"",no catalogue holds this CpG-gene pair and no distance could be computed,,
cg14147196,cg14147196_TC21_T1_SLC6A1,SLC6A1,17,GABA & excitation-inhibition balance,cg14147196,SLC6A1,,,,no_evidence,,,FALSE,,,,,,,,,,0,,TAS2R14,,0.289,B,REQUESTED_GENE_UNAVAILABLE,,,,,UNMAPPED,NDUFA4,,0.1124,B,REQUESTED_GENE_UNAVAILABLE,,,,,,,,,,,,,,,"",no catalogue holds this CpG-gene pair and no distance could be computed,,
cg14156797,cg14156797_TC21_T1_CYP19A1,CYP19A1,4,Sex steroids: receptors & metabolism,cg14156797,CYP19A1,,,,no_evidence,,,FALSE,,,,,,,,,,0,,,,,,UNMAPPED,GLDN,,0.3409,B,REQUESTED_GENE_UNAVAILABLE,,,,,UNMAPPED,,,,,,,,,,,,,,,"",no catalogue holds this CpG-gene pair and no distance could be computed,,
cg14161241,cg14161241_BC21_T1_PLAGL1,PLAGL1,21,Imprinted genes & DMRs,cg14161241,PLAGL1,-1,higher methylation -> LOWER expression,0.6485,catalogue_consensus,B,"0.64-0.84 (tier B, tissues agree)",FALSE,-1,-1,-1,S2,8.348e-21,1,6323,TRUE,-1,2,1,PLAGL1,-1,0.6537,B,PREDICTED,PLAGL1,-1,0.6433,B,PREDICTED,PLAGL1,,0.4326,B,ABSTAIN,,,,,,,,,,,,,,,"","",0.6485,0.17575
cg14176797,cg14176797_TC21_T1_GNAS,GNAS,19,GPCR signalling & second messengers,cg14176797,GNAS,,,,no_evidence,,,FALSE,,,,,,,,,,0,,CTSZ,,0.4648,A,REQUESTED_GENE_UNAVAILABLE,CTSZ,,0.3409,B,REQUESTED_GENE_UNAVAILABLE,,,,,UNMAPPED,,,,,,,,,,,,,,,"",no catalogue holds this CpG-gene pair and no distance could be computed,,
cg14180511,cg14180511_BC21_T1_IL10,IL10,24,"Immune, inflammation & HLA",cg14180511,IL10,-1,higher methylation -> LOWER expression,0.4729,catalogue_single,A,"0.62-0.87 (tier A, one tissue only)",FALSE,-1,-1,,,,,,,,1,1,IL10,-1,0.4729,A,PREDICTED,IL19,,0.6818,A,REQUESTED_GENE_UNAVAILABLE,,,,,UNMAPPED,,,,,,,,,,,,,,,"",only one tissue called; no cross-tissue corroboration,0.4729,0.26355
cg14191108,cg14191108_TC11_T1_MAOA,MAOA,11,"Monoamine synthesis, transport & degradation",cg14191108,MAOA,,,,no_evidence,,,FALSE,,,,,,,,,,0,,,,,,UNMAPPED,,,,,UNMAPPED,,,,,UNMAPPED,,,,,,,,,,,,,,,"",no catalogue holds this CpG-gene pair and no distance could be computed,,
cg14194187,cg14194187_TC21_T1_DHRS9,DHRS9,5,"HPG axis, puberty & KNDy",cg14194187,DHRS9,,,,no_evidence,,,FALSE,,,,,,,,,,0,,,,,,UNMAPPED,,,,,UNMAPPED,,,,,UNMAPPED,,,,,,,,,,,,,,,"",no catalogue holds this CpG-gene pair and no distance could be computed,,
cg14218819,cg14218819_TC21_T1_MCHR1,MCHR1,13,Orexin / hypocretin & MCH,cg14218819,MCHR1,,,,no_evidence,,,FALSE,,,,,,,,,,0,,XPNPEP3;RBX1,,0.289,A,REQUESTED_GENE_UNAVAILABLE,,,,,UNMAPPED,,,,,UNMAPPED,,,,,,,,,,,,,,,"",no catalogue holds this CpG-gene pair and no distance could be computed,,
cg14225847,cg14225847_BC11_T1_ARC,ARC,18,Neurotrophins & activity-dependent plasticity,cg14225847,ARC,,,,no_evidence,,,FALSE,,,,,,,,,,0,,AC105219.1,,0.298,B,REQUESTED_GENE_UNAVAILABLE,PSCA,,0.0694,B,REQUESTED_GENE_UNAVAILABLE,PSCA,,0.2027,A,REQUESTED_GENE_UNAVAILABLE,,,,,,,,,,,,,,,"",no catalogue holds this CpG-gene pair and no distance could be computed,,
cg14240353,cg14240353_TC21_T1_IGF1,IGF1,27,Appetite & metabolic programming,cg14240353,IGF1,,,,no_evidence,,,FALSE,,,,,,,,,,0,,,,,,UNMAPPED,IGF1,,0.4583,B,ABSTAIN,,,,,UNMAPPED,,,,,,,,,,,,,,,"",no catalogue holds this CpG-gene pair and no distance could be computed,,
cg14240440,cg14240440_BC21_T1_ASPH,ASPH,1,"Oxytocin, vasopressin & CICR",cg14240440,ASPH,,,,no_evidence,,,FALSE,,,,,,,,,,0,,,,,,UNMAPPED,,,,,UNMAPPED,,,,,UNMAPPED,,,,,,,,,,,,,,,"",no catalogue holds this CpG-gene pair and no distance could be computed,,
cg14241370,cg14241370_TC21_T1_GRIN3A,GRIN3A,16,Glutamate & synaptic scaffolding,cg14241370,GRIN3A,,,,no_evidence,,,FALSE,,,,,,,,,,0,,,,,,UNMAPPED,,,,,UNMAPPED,,,,,UNMAPPED,,,,,,,,,,,,,,,"",no catalogue holds this CpG-gene pair and no distance could be computed,,
cg14242895,cg14242895_TC21_T1_KMT2A,KMT2A,20,Epigenetic machinery,cg14242895,KMT2A,,,,no_evidence,,,FALSE,,,,,,,,,,0,,CD3G,,0.3705,A,REQUESTED_GENE_UNAVAILABLE,ATP5L,,0.1453,A,REQUESTED_GENE_UNAVAILABLE,,,,,UNMAPPED,,,,,,,,,,,,,,,"",no catalogue holds this CpG-gene pair and no distance could be computed,,
cg14248531,cg14248531_TC21_T1_DLG3,DLG3,16,Glutamate & synaptic scaffolding,cg14248531,DLG3,,,,no_evidence,,,FALSE,,,,,,,,,,0,,,,,,UNMAPPED,,,,,UNMAPPED,,,,,UNMAPPED,,,,,,,,,,,,,,,"",no catalogue holds this CpG-gene pair and no distance could be computed,,
cg14257191,cg14257191_BC21_T1_POR,POR,3,Steroidogenesis (adrenal & gonadal),cg14257191,POR,,,,no_evidence,,,FALSE,,,,,,,,,,0,,POR;MIR4651,,0.126,A,REQUESTED_GENE_UNAVAILABLE,CCL26,,0.1453,B,REQUESTED_GENE_UNAVAILABLE,,,,,UNMAPPED,,,,,,,,,,,,,,,"",no catalogue holds this CpG-gene pair and no distance could be computed,,
cg14264654,cg14264654_BC21_T1_LMX1B,LMX1B,9,Serotonin,cg14264654,LMX1B,,,,no_evidence,,,FALSE,,,,,,,,,,0,,,,,,UNMAPPED,,,,,UNMAPPED,,,,,UNMAPPED,,,,,,,,,,,,,,,"",no catalogue holds this CpG-gene pair and no distance could be computed,,
cg14269716,cg14269716_TC21_T1_CC2D1A,CC2D1A,9,Serotonin,cg14269716,CC2D1A,1,higher methylation -> HIGHER expression,,smr_moderate,,"0.84-0.86 (SMR tier S2, single instrument; validated n=6,008)",FALSE,1,1,1,S2,2.304e-15,1,12750,TRUE,,0,,LOC284454,,0.3429,A,REQUESTED_GENE_UNAVAILABLE,LOC284454,,0.1239,A,REQUESTED_GENE_UNAVAILABLE,,,,,UNMAPPED,,,,,,,,,,,,,,,"",causal direction from SMR (blood); consistent with methylation affecting expression AND with linkage - HEIDI not run,0.7,0.85
cg14292368,cg14292368_TC11_T1_CRTC1,CRTC1,18,Neurotrophins & activity-dependent plasticity,cg14292368,CRTC1,,,,no_evidence,,,FALSE,,,,,,,,,,0,,,,,,UNMAPPED,CRLF1,,0.6433,A,REQUESTED_GENE_UNAVAILABLE,ISYNA1,,0.4326,A,REQUESTED_GENE_UNAVAILABLE,,,,,,,,,,,,,,,"",no catalogue holds this CpG-gene pair and no distance could be computed,,
cg14304225,cg14304225_BC21_T1_KYAT1,KYAT1,15,Kynurenine pathway,cg14304225,KYAT1,,,,no_evidence,,,FALSE,,,,,,,,,,0,,SPOUT1,,0.1852,A,REQUESTED_GENE_UNAVAILABLE,KYAT1,,0.1453,B,ABSTAIN,LRRC8A,,0.1667,A,REQUESTED_GENE_UNAVAILABLE,,,,,,,,,,,,,,,"",no catalogue holds this CpG-gene pair and no distance could be computed,,
cg14304754,cg14304754_BC21_T1_KYAT1,KYAT1,15,Kynurenine pathway,cg14304754,KYAT1,-1,higher methylation -> LOWER expression,0.6433,catalogue_single,A,"0.62-0.87 (tier A, one tissue only)",FALSE,-1,-1,,,,,,,,1,1,SPOUT1,,0.126,B,REQUESTED_GENE_UNAVAILABLE,KYAT1,-1,0.6433,A,PREDICTED,LRRC8A,,0.4326,A,REQUESTED_GENE_UNAVAILABLE,,,,,,,,,,,,,,,"",only one tissue called; no cross-tissue corroboration,0.6433,0.17835
cg14304756,cg14304756_BC11_T1_KYAT1,KYAT1,15,Kynurenine pathway,cg14304756,KYAT1,-1,higher methylation -> LOWER expression,0.6135,catalogue_single,A,"0.62-0.87 (tier A, one tissue only)",FALSE,-1,-1,,,,,,,,1,1,SPOUT1,,0.126,B,REQUESTED_GENE_UNAVAILABLE,KYAT1,-1,0.6135,A,PREDICTED,LRRC8A,,0.4326,A,REQUESTED_GENE_UNAVAILABLE,,,,,,,,,,,,,,,"",only one tissue called; no cross-tissue corroboration,0.6135,0.19325
cg14304809,cg14304809_BC21_T1_RTEL1,RTEL1,28,"Ageing, epigenetic clocks & telomere",cg14304809,RTEL1,,,,no_evidence,,,FALSE,,,,,,,,,,0,,TNFRSF6B;RTEL1;RTEL1-TNFRSF6B,,0.6863,A,REQUESTED_GENE_UNAVAILABLE,STMN3,,0.139,A,REQUESTED_GENE_UNAVAILABLE,STMN3,,0.3688,A,REQUESTED_GENE_UNAVAILABLE,,,,,,,,,,,,,,,"",no catalogue holds this CpG-gene pair and no distance could be computed,,
cg14322166,cg14322166_TC11_T1_NLGN3,NLGN3,25,Social-synaptic & psychiatric risk,cg14322166,NLGN3,,,,no_evidence,,,FALSE,,,,,,,,,,0,,,,,,UNMAPPED,,,,,UNMAPPED,,,,,UNMAPPED,,,,,,,,,,,,,,,"",no catalogue holds this CpG-gene pair and no distance could be computed,,
cg14325092,cg14325092_TC21_T1_DRD1,DRD1,8,Dopamine,cg14325092,DRD1,,,,no_evidence,,,FALSE,,,,,,,,,,0,,,,,,UNMAPPED,,,,,UNMAPPED,,,,,UNMAPPED,,,,,,,,,,,,,,,"",no catalogue holds this CpG-gene pair and no distance could be computed,,
cg14337027,cg14337027_TC21_T1_HOXB13,HOXB13,4,Sex steroids: receptors & metabolism,cg14337027,HOXB13,,,,no_evidence,,,FALSE,,,,,,,,,,0,,CALCOCO2,,0.0733,A,REQUESTED_GENE_UNAVAILABLE,CALCOCO2,,0.378,A,REQUESTED_GENE_UNAVAILABLE,GPT2,,0.1474,B,REQUESTED_GENE_UNAVAILABLE,,,,,,,,,,,,,,,"",no catalogue holds this CpG-gene pair and no distance could be computed,,
cg14341467,cg14341467_BC21_T1_GRK5,GRK5,19,GPCR signalling & second messengers,cg14341467,GRK5,,,,no_evidence,,,FALSE,,,,,,,,,,0,,GRK5,,0.1291,B,ABSTAIN,GRK5,,0.1556,B,ABSTAIN,,,,,UNMAPPED,,,,,,,,,,,,,,,"",no catalogue holds this CpG-gene pair and no distance could be computed,,
cg14346040,cg14346040_BC21_T1_NR1D1,NR1D1,23,Circadian & melatonin,cg14346040,NR1D1,,,,no_evidence,,,FALSE,,,,,,,,,,0,,RAPGEFL1,,0.2377,A,REQUESTED_GENE_UNAVAILABLE,MSL1,,0.0501,A,REQUESTED_GENE_UNAVAILABLE,MED24,,0.1244,A,REQUESTED_GENE_UNAVAILABLE,,,,,,,,,,,,,,,"",no catalogue holds this CpG-gene pair and no distance could be computed,,
cg14351882,cg14351882_BC11_T1_GRIN1,GRIN1,16,Glutamate & synaptic scaffolding,cg14351882,GRIN1,,,,no_evidence,,,FALSE,,,,,,,,,,0,,NDOR1,,0.126,B,REQUESTED_GENE_UNAVAILABLE,LRRC26,,0.6433,A,REQUESTED_GENE_UNAVAILABLE,MAN1B1-AS1,,0.0131,A,REQUESTED_GENE_UNAVAILABLE,,,,,,,,,,,,,,,"",no catalogue holds this CpG-gene pair and no distance could be computed,,
cg14356530,cg14356530_TC21_T1_HSD17B3,HSD17B3,4,Sex steroids: receptors & metabolism,cg14356530,HSD17B3,,,,no_evidence,,,FALSE,,,,,,,,,,0,,,,,,UNMAPPED,,,,,UNMAPPED,,,,,UNMAPPED,,,,,,,,,,,,,,,"",no catalogue holds this CpG-gene pair and no distance could be computed,,
cg14374401,cg14374401_TC21_T1_TRPM2,TRPM2,1,"Oxytocin, vasopressin & CICR",cg14374401,TRPM2,-1,higher methylation -> LOWER expression,1,measured,,"~1.00 (measured, not predicted)",FALSE,-1,-1,1,S2,5.034e-15,1,28990,FALSE,,0,,TRPM2,,0.0365,B,ABSTAIN,TRPM2,,0.0695,B,ABSTAIN,TRPM2,,0.0131,B,DIRECT_eQTM,,,,,,,,,,TRPM2,solid_tissue,TRPM2:-1,-1,FALSE,""," | SMR (causal, blood) says +1 at tier S2 but a stronger layer supplied the opposite sign - inspect before using",1,0
cg14392746,cg14392746_BC21_T1_KCNQ1OT1,KCNQ1OT1,21,Imprinted genes & DMRs,cg14392746,KCNQ1OT1,,,,no_evidence,,,FALSE,,,,,,,,,,0,,VLDLR,,0.3959,A,REQUESTED_GENE_UNAVAILABLE,CDKN1C,,0.0695,A,REQUESTED_GENE_UNAVAILABLE,CDKN1C,,0.474,A,REQUESTED_GENE_UNAVAILABLE,,,,,,,,,,,,,,,"",no catalogue holds this CpG-gene pair and no distance could be computed,,
cg14400412,cg14400412_BC21_T1_DBH,DBH,10,Noradrenaline & sympathetic nervous system,cg14400412,DBH,,,,no_evidence,,,FALSE,,,,,,,,,,0,,DBH-AS1,,0.6537,A,REQUESTED_GENE_UNAVAILABLE,SLC2A6,,0.3197,B,REQUESTED_GENE_UNAVAILABLE,ADAMTS13,,0.2414,B,REQUESTED_GENE_UNAVAILABLE,,,,,,,,,,,,,,,"",no catalogue holds this CpG-gene pair and no distance could be computed,,
cg14417760,cg14417760_TC21_T1_GABRA5,GABRA5,17,GABA & excitation-inhibition balance,cg14417760,GABRA5,,,,no_evidence,,,FALSE,,,,,,,,,,0,,NSMCE1,,0.2377,B,REQUESTED_GENE_UNAVAILABLE,HIST1H2BK,,0.6135,B,REQUESTED_GENE_UNAVAILABLE,GABRB3,,0.6296,A,REQUESTED_GENE_UNAVAILABLE,,,,,,,,,,,,,,,"",no catalogue holds this CpG-gene pair and no distance could be computed,,
cg14428733,cg14428733_BC21_T1_HLA_DPA1,HLA-DPA1,24,"Immune, inflammation & HLA",cg14428733,HLA-DPA1,-1,higher methylation -> LOWER expression,,smr_moderate,A,"0.84-0.86 (SMR tier S2, single instrument; validated n=6,008)",FALSE,-1,-1,-1,S2,4.308e-10,1,9056,TRUE,,2,0.5,HLA-DPA1,1,0.9394,A,PREDICTED,HLA-DPA1,-1,0.6433,A,PREDICTED,DYNLRB1,,0.1244,B,REQUESTED_GENE_UNAVAILABLE,,,,,,,,,,,,,,,"",causal direction from SMR (blood); consistent with methylation affecting expression AND with linkage - HEIDI not run,0.7,0.15
cg14432744,cg14432744_TC21_T1_IGF2,IGF2,21,Imprinted genes & DMRs,cg14432744,IGF2,,,,no_evidence,,,FALSE,,,,,,,,,,0,,MAD1L1,,0.1971,A,REQUESTED_GENE_UNAVAILABLE,CD81,,0.3639,A,REQUESTED_GENE_UNAVAILABLE,MAD1L1,,0.0131,B,REQUESTED_GENE_UNAVAILABLE,,,,,,,,,,,,,,,"",no catalogue holds this CpG-gene pair and no distance could be computed,,
cg14433983,cg14433983_BC11_T1_DRD4,DRD4,8,Dopamine,cg14433983,DRD4,1,higher methylation -> HIGHER expression,,smr_moderate,,"0.84-0.86 (SMR tier S2, single instrument; validated n=6,008)",FALSE,1,1,1,S2,4.046e-08,1,2539,TRUE,,0,,TMEM80,,0.4648,A,REQUESTED_GENE_UNAVAILABLE,TMEM80,,0.1453,A,REQUESTED_GENE_UNAVAILABLE,TALDO1,,0.0131,A,REQUESTED_GENE_UNAVAILABLE,,,,,,,,,,TMEM80,blood,TMEM80:-1,,TRUE,"measured association is with TMEM80, not the requested gene - check which gene this CpG actually tracks","causal direction from SMR (blood); consistent with methylation affecting expression AND with linkage - HEIDI not run | measured association is with TMEM80, not the requested gene",0.7,0.85
cg14441480,cg14441480_BC11_T1_HLA_DQB2,HLA-DQB2,24,"Immune, inflammation & HLA",cg14441480,HLA-DQB2,1,higher methylation -> HIGHER expression,0.5444,catalogue_consensus,A,"0.77-0.87 (tier A, tissues agree)",FALSE,1,1,-1,S2,1.874e-11,1,1907,FALSE,1,2,1,HLA-DQB2,1,0.3705,A,PREDICTED,HLA-DQB2,1,0.7183,A,PREDICTED,PSMB8,,0.1124,B,REQUESTED_GENE_UNAVAILABLE,,,,,,,,,,,,,,,""," | SMR (causal, blood) says -1 at tier S2 but a stronger layer supplied the opposite sign - inspect before using",0.5444,0.7722
cg14452028,cg14452028_TC21_T1_CAMK2A,CAMK2A,1,"Oxytocin, vasopressin & CICR",cg14452028,CAMK2A,,,,no_evidence,,,FALSE,,,,,,,,,,0,,PFN2,,0.0365,B,REQUESTED_GENE_UNAVAILABLE,ARSI,,0.3409,A,REQUESTED_GENE_UNAVAILABLE,CD74,,0.0131,B,REQUESTED_GENE_UNAVAILABLE,,,,,,,,,,,,,,,"",no catalogue holds this CpG-gene pair and no distance could be computed,,
cg14468013,cg14468013_BC21_T1_DLG2,DLG2,16,Glutamate & synaptic scaffolding,cg14468013,DLG2,,,,no_evidence,,,FALSE,,,,,,,,,,0,,,,,,UNMAPPED,,,,,UNMAPPED,,,,,UNMAPPED,,,,,,,,,,,,,,,"",no catalogue holds this CpG-gene pair and no distance could be computed,,
cg14469070,cg14469070_BC21_T1_NNAT,NNAT,21,Imprinted genes & DMRs,cg14469070,NNAT,,,,no_evidence,,,FALSE,,,,,,,,,,0,,,,,,UNMAPPED,BLCAP,,0.3889,A,REQUESTED_GENE_UNAVAILABLE,SRC,,0.1815,B,REQUESTED_GENE_UNAVAILABLE,,,,,,,,,,,,,,,"",no catalogue holds this CpG-gene pair and no distance could be computed,,
cg14469436,cg14469436_TC21_T1_MGLL,MGLL,14,Endocannabinoid,cg14469436,MGLL,,,,no_evidence,,,FALSE,,,,,,,,,,0,,MGLL,,0.298,A,ABSTAIN,MGLL,,0.3409,B,ABSTAIN,MGLL,,0.1815,B,ABSTAIN,,,,,,,,,,,,,,,"",no catalogue holds this CpG-gene pair and no distance could be computed,,
cg14471244,cg14471244_TC21_T1_DIO2,DIO2,26,Thyroid & neurodevelopment,cg14471244,DIO2,-1,higher methylation -> LOWER expression,0.31,catalogue_single,A,"0.62-0.87 (tier A, one tissue only)",FALSE,-1,-1,,,,,,,,1,1,,,,,UNMAPPED,DIO2,-1,0.31,A,PREDICTED,FAH,,0.2027,B,REQUESTED_GENE_UNAVAILABLE,,,,,,,,,,,,,,,"",only one tissue called; no cross-tissue corroboration,0.31,0.345
cg14481286,cg14481286_TC21_T1_CSH1,CSH1,7,"Pregnancy, parturition & lactation",cg14481286,CSH1,,,,no_evidence,,,FALSE,,,,,,,,,,0,,CSH1;CSHL1,,0.2377,A,REQUESTED_GENE_UNAVAILABLE,ICAM2,,0.3409,B,REQUESTED_GENE_UNAVAILABLE,ICAM2,,0.0131,B,REQUESTED_GENE_UNAVAILABLE,,,,,,,,,,,,,,,"",no catalogue holds this CpG-gene pair and no distance could be computed,,
cg14482474,cg14482474_TC21_T1_GNAS,GNAS,19,GPCR signalling & second messengers,cg14482474,GNAS,,,,no_evidence,,,FALSE,,,,,,,,,,0,,CTSZ,,0.4648,A,REQUESTED_GENE_UNAVAILABLE,CTSZ,,0.3409,B,REQUESTED_GENE_UNAVAILABLE,,,,,UNMAPPED,,,,,,,,,,,,,,,"",no catalogue holds this CpG-gene pair and no distance could be computed,,
cg14483391,cg14483391_TC21_T1_HTR3D,HTR3D,9,Serotonin,cg14483391,HTR3D,,,,no_evidence,,,FALSE,,,,,,,,,,0,,ABCC5,,0.6737,A,REQUESTED_GENE_UNAVAILABLE,ABCC5,,0.7183,A,REQUESTED_GENE_UNAVAILABLE,,,,,UNMAPPED,,,,,,,,,,,,,,,"",no catalogue holds this CpG-gene pair and no distance could be computed,,
cg14496077,cg14496077_TC21_T1_GRIN1,GRIN1,16,Glutamate & synaptic scaffolding,cg14496077,GRIN1,,,,no_evidence,,,FALSE,,,,,,,,,,0,,NDOR1,,0.126,B,REQUESTED_GENE_UNAVAILABLE,LRRC26,,0.8457,A,REQUESTED_GENE_UNAVAILABLE,MAN1B1-AS1,,0.0131,A,REQUESTED_GENE_UNAVAILABLE,,,,,,,,,,,,,,,"",no catalogue holds this CpG-gene pair and no distance could be computed,,
cg14496090,cg14496090_TC21_T1_GRIN1,GRIN1,16,Glutamate & synaptic scaffolding,cg14496090,GRIN1,,,,no_evidence,,,FALSE,,,,,,,,,,0,,NDOR1,,0.126,B,REQUESTED_GENE_UNAVAILABLE,LRRC26,,0.8457,A,REQUESTED_GENE_UNAVAILABLE,MAN1B1-AS1,,0.0131,A,REQUESTED_GENE_UNAVAILABLE,,,,,,,,,,,,,,,"",no catalogue holds this CpG-gene pair and no distance could be computed,,
cg14496267,cg14496267_BC21_T1_GRIN1,GRIN1,16,Glutamate & synaptic scaffolding,cg14496267,GRIN1,,,,no_evidence,,,FALSE,,,,,,,,,,0,,NDOR1,,0.1852,A,REQUESTED_GENE_UNAVAILABLE,LRRC26,,0.6433,A,REQUESTED_GENE_UNAVAILABLE,MAN1B1-AS1,,0.0131,A,REQUESTED_GENE_UNAVAILABLE,,,,,,,,,,,,,,,"",no catalogue holds this CpG-gene pair and no distance could be computed,,
cg14522050,cg14522050_BC21_T1_DLG2,DLG2,16,Glutamate & synaptic scaffolding,cg14522050,DLG2,,,,no_evidence,,,FALSE,,,,,,,,,,0,,,,,,UNMAPPED,,,,,UNMAPPED,,,,,UNMAPPED,,,,,,,,,,,,,,,"",no catalogue holds this CpG-gene pair and no distance could be computed,,
cg14564778,cg14564778_TC11_T1_GNAS,GNAS,19,GPCR signalling & second messengers,cg14564778,GNAS,,,,no_evidence,,,FALSE,,,,,,,,,,0,,CTSZ,,0.4648,A,REQUESTED_GENE_UNAVAILABLE,CTSZ,,0.3409,B,REQUESTED_GENE_UNAVAILABLE,,,,,UNMAPPED,,,,,,,,,,,,,,,"",no catalogue holds this CpG-gene pair and no distance could be computed,,
cg14584935,cg14584935_BC21_T1_MEST,MEST,21,Imprinted genes & DMRs,cg14584935,MEST,-1,higher methylation -> LOWER expression,,smr_moderate,,"0.84-0.86 (SMR tier S2, single instrument; validated n=6,008)",FALSE,-1,-1,-1,S2,9.589e-13,1,5608,TRUE,,0,,CPA5,,0.7056,A,REQUESTED_GENE_UNAVAILABLE,ARHGAP18,,0.4852,A,REQUESTED_GENE_UNAVAILABLE,CPA5,,0.2027,A,REQUESTED_GENE_UNAVAILABLE,,,,,,,,,,,,,,,"",causal direction from SMR (blood); consistent with methylation affecting expression AND with linkage - HEIDI not run,0.7,0.15
cg14590011,cg14590011_BC21_T1_GRM4,GRM4,16,Glutamate & synaptic scaffolding,cg14590011,GRM4,,,,no_evidence,,,FALSE,,,,,,,,,,0,,,,,,UNMAPPED,,,,,UNMAPPED,,,,,UNMAPPED,,,,,,,,,,,,,,,"",no catalogue holds this CpG-gene pair and no distance could be computed,,
cg14593836,cg14593836_TC21_T1_AKR1C2,AKR1C2,4,Sex steroids: receptors & metabolism,cg14593836,AKR1C2,-1,higher methylation -> LOWER expression,0.4801,catalogue_consensus,A,"0.77-0.87 (tier A, tissues agree)",FALSE,-1,-1,,,,,,,-1,2,1,AKR1C2,-1,0.3467,A,PREDICTED,AKR1C2,-1,0.6135,A,PREDICTED,PPL,,0.0131,B,REQUESTED_GENE_UNAVAILABLE,,,,,,,,,,,,,,,"","",0.4801,0.25995
cg14594362,cg14594362_BC21_T1_GRIN2D,GRIN2D,16,Glutamate & synaptic scaffolding,cg14594362,GRIN2D,,,,no_evidence,,,FALSE,,,,,,,,,,0,,CARD8,,0.298,A,REQUESTED_GENE_UNAVAILABLE,CYTH2,,0.2113,A,REQUESTED_GENE_UNAVAILABLE,CYTH2,,0.0131,A,REQUESTED_GENE_UNAVAILABLE,,,,,,,,,,,,,,,"",no catalogue holds this CpG-gene pair and no distance could be computed,,
cg14597598,cg14597598_TC21_T1_NRG1,NRG1,25,Social-synaptic & psychiatric risk,cg14597598,NRG1,,,,no_evidence,,,FALSE,,,,,,,,,,0,,,,,,UNMAPPED,,,,,UNMAPPED,,,,,UNMAPPED,,,,,,,,,,,,,,,"",no catalogue holds this CpG-gene pair and no distance could be computed,,
cg14598943,cg14598943_TC21_T1_NRG1,NRG1,25,Social-synaptic & psychiatric risk,cg14598943,NRG1,1,higher methylation -> HIGHER expression,,smr_moderate,,"0.84-0.86 (SMR tier S2, single instrument; validated n=6,008)",FALSE,1,1,1,S2,1.585e-14,1,444779,TRUE,,0,,,,,,UNMAPPED,,,,,UNMAPPED,,,,,UNMAPPED,,,,,,,,,,,,,,,"",causal direction from SMR (blood); consistent with methylation affecting expression AND with linkage - HEIDI not run,0.7,0.85
cg14633320,cg14633320_TC21_T1_GATA3,GATA3,9,Serotonin,cg14633320,GATA3,-1,higher methylation -> LOWER expression,0.6772,catalogue_consensus,A,"0.77-0.87 (tier A, tissues agree)",FALSE,-1,-1,,,,,,,-1,2,1,,,,,UNMAPPED,GATA3,-1,0.9158,A,PREDICTED,GATA3,-1,0.4386,A,PREDICTED,,,,,,,,,,,,,,,"","",0.6772,0.1614
cg14633611,cg14633611_TC21_T1_GATA3,GATA3,9,Serotonin,cg14633611,GATA3,-1,higher methylation -> LOWER expression,0.3409,catalogue_single,A,"0.62-0.87 (tier A, one tissue only)",FALSE,-1,-1,,,,,,,,1,1,,,,,UNMAPPED,GATA3,-1,0.3409,A,PREDICTED,GATA3,,0.1667,A,ABSTAIN,,,,,,,,,,,,,,,"",only one tissue called; no cross-tissue corroboration,0.3409,0.32955
cg14663451,cg14663451_TC21_T1_NRG1,NRG1,25,Social-synaptic & psychiatric risk,cg14663451,NRG1,,,,no_evidence,,,FALSE,,,,,,,,,,0,,,,,,UNMAPPED,,,,,UNMAPPED,,,,,UNMAPPED,,,,,,,,,,,,,,,"",no catalogue holds this CpG-gene pair and no distance could be computed,,
cg14669130,cg14669130_BC21_T1_KYAT3,KYAT3,15,Kynurenine pathway,cg14669130,KYAT3,,,,no_evidence,,,FALSE,,,,,,,,,,0,,CCBL2;RBMXL1,,0.561,A,REQUESTED_GENE_UNAVAILABLE,GBP3,,0.3409,B,REQUESTED_GENE_UNAVAILABLE,,,,,UNMAPPED,,,,,,,,,,CCBL2;RBMXL1;GBP3,blood,CCBL2;RBMXL1:+1;GBP3:+1,,TRUE,"measured association is with CCBL2;RBMXL1;GBP3, not the requested gene - check which gene this CpG actually tracks","no catalogue holds this CpG-gene pair and no distance could be computed | measured association is with CCBL2;RBMXL1;GBP3, not the requested gene",,
cg14684815,cg14684815_BC21_T1_ORAI1,ORAI1,1,"Oxytocin, vasopressin & CICR",cg14684815,ORAI1,,,,no_evidence,,,FALSE,,,,,,,,,,0,,RHOF,,0.126,A,REQUESTED_GENE_UNAVAILABLE,RHOF,,0.2479,A,REQUESTED_GENE_UNAVAILABLE,RHOF,,0.0131,B,REQUESTED_GENE_UNAVAILABLE,,,,,,,,,,,,,,,"",no catalogue holds this CpG-gene pair and no distance could be computed,,
cg14693404,cg14693404_BC21_T1_FSHR,FSHR,5,"HPG axis, puberty & KNDy",cg14693404,FSHR,,,,no_evidence,,,FALSE,,,,,,,,,,0,,FSHR,,0.4729,B,ABSTAIN,,,,,UNMAPPED,,,,,UNMAPPED,,,,,,,,,,,,,,,"",no catalogue holds this CpG-gene pair and no distance could be computed,,
cg14697334,cg14697334_BC21_T1_PPP1R1B,PPP1R1B,8,Dopamine,cg14697334,PPP1R1B,,,,no_evidence,,,FALSE,,,,,,,,,,0,,PGAP3,,0.4517,A,REQUESTED_GENE_UNAVAILABLE,PGAP3,,0.6135,A,REQUESTED_GENE_UNAVAILABLE,,,,,UNMAPPED,,,,,,,,,,,,,,,"",no catalogue holds this CpG-gene pair and no distance could be computed,,
cg14708401,cg14708401_BC11_T1_ITPR1,ITPR1,1,"Oxytocin, vasopressin & CICR",cg14708401,ITPR1,,,,no_evidence,,,FALSE,,,,,,,,,,0,,SUMF1,,0.126,B,REQUESTED_GENE_UNAVAILABLE,SUMF1,,0.139,B,REQUESTED_GENE_UNAVAILABLE,SUMF1,,0.1667,B,REQUESTED_GENE_UNAVAILABLE,,,,,,,,,,,,,,,"",no catalogue holds this CpG-gene pair and no distance could be computed,,
cg14716968,cg14716968_BC21_T1_DLG2,DLG2,16,Glutamate & synaptic scaffolding,cg14716968,DLG2,1,higher methylation -> HIGHER expression,,smr_moderate,,"0.84-0.86 (SMR tier S2, single instrument; validated n=6,008)",FALSE,1,1,1,S2,3.143e-09,1,383396,TRUE,,0,,,,,,UNMAPPED,,,,,UNMAPPED,,,,,UNMAPPED,,,,,,,,,,,,,,,"",causal direction from SMR (blood); consistent with methylation affecting expression AND with linkage - HEIDI not run,0.7,0.85
cg14740554,cg14740554_TC21_T1_HLA_DQA2,HLA-DQA2,24,"Immune, inflammation & HLA",cg14740554,HLA-DQA2,1,higher methylation -> HIGHER expression,1,measured,A,"~1.00 (measured, not predicted)",FALSE,1,1,,,,,,,,1,1,HLA-DQA2,,0.0733,A,DIRECT_eQTM,HLA-DQA2,1,0.3409,A,DIRECT_eQTM,PSMB8,,0.0131,B,REQUESTED_GENE_UNAVAILABLE,,,,,,,,,,HLA-DOB;HLA-DQA1;HLA-DQA2;HLA-DQA2;HLA-DQA1;HLA-DQB1;HLA-DQB2;TAP2,blood;nasal_epithelium,HLA-DOB:+1;HLA-DQA1:-1;HLA-DQA2:+1;HLA-DQA2;HLA-DQA1:-1;HLA-DQB1:-1;HLA-DQB2:+1;TAP2:+1;TAP2:-1,1,FALSE,"","",1,1
cg14759154,cg14759154_BC21_T1_MEG3,MEG3,21,Imprinted genes & DMRs,cg14759154,MEG3,-1,higher methylation -> LOWER expression,0.7056,catalogue_single,A,"0.62-0.87 (tier A, one tissue only)",FALSE,-1,-1,,,,,,,,1,1,MEG3,-1,0.7056,A,PREDICTED,,,,,UNMAPPED,,,,,UNMAPPED,,,,,,,,,,,,,,,"",only one tissue called; no cross-tissue corroboration,0.7056,0.1472
cg14765818,cg14765818_TC11_T1_NNAT,NNAT,21,Imprinted genes & DMRs,cg14765818,NNAT,,,,no_evidence,,,FALSE,,,,,,,,,,0,,,,,,UNMAPPED,BLCAP,,0.2222,A,REQUESTED_GENE_UNAVAILABLE,SRC,,0.1815,B,REQUESTED_GENE_UNAVAILABLE,,,,,,,,,,,,,,,"",no catalogue holds this CpG-gene pair and no distance could be computed,,
cg14765933,cg14765933_BC11_T1_SLC6A3,SLC6A3,8,Dopamine,cg14765933,SLC6A3,,,,no_evidence,,,FALSE,,,,,,,,,,0,,INPP5K,,0.1971,B,REQUESTED_GENE_UNAVAILABLE,CLPTM1L,,0.1455,B,REQUESTED_GENE_UNAVAILABLE,CLPTM1L,,0.0131,B,REQUESTED_GENE_UNAVAILABLE,,,,,,,,,,,,,,,"",no catalogue holds this CpG-gene pair and no distance could be computed,,
cg14767165,cg14767165_BC21_T1_SOD2,SOD2,29,Oxidative stress & mitochondria,cg14767165,SOD2,-1,higher methylation -> LOWER expression,,smr_moderate,B,"0.84-0.86 (SMR tier S2, single instrument; validated n=6,008)",FALSE,-1,-1,-1,S2,9.165e-35,1,42081,TRUE,,1,1,LOC401281,,0.6537,A,REQUESTED_GENE_UNAVAILABLE,SOD2,-1,0.6433,B,PREDICTED,SOD2,,0.4386,B,ABSTAIN,,,,,,,,,,,,,,,"",causal direction from SMR (blood); consistent with methylation affecting expression AND with linkage - HEIDI not run,0.7,0.15
cg14791008,cg14791008_BC21_T1_TPH2,TPH2,9,Serotonin,cg14791008,TPH2,,,,no_evidence,,,FALSE,,,,,,,,,,0,,,,,,UNMAPPED,,,,,UNMAPPED,ZNF407,,0.0131,B,REQUESTED_GENE_UNAVAILABLE,,,,,,,,,,,,,,,"",no catalogue holds this CpG-gene pair and no distance could be computed,,
cg14801692,cg14801692_TC21_T1_HLA_DPB1,HLA-DPB1,24,"Immune, inflammation & HLA",cg14801692,HLA-DPB1,1,higher methylation -> HIGHER expression,0.9957,catalogue_single,A,"0.62-0.87 (tier A, one tissue only)",FALSE,1,1,,,,,,,,1,1,HLA-DPB1,1,0.9957,A,PREDICTED,HLA-DPB1,,0.2479,A,ABSTAIN,DYNLRB1,,0.1244,B,REQUESTED_GENE_UNAVAILABLE,,,,,,,,,,,,,,,"",only one tissue called; no cross-tissue corroboration,0.9957,0.99785
cg14807303,cg14807303_BC21_T1_AR,AR,4,Sex steroids: receptors & metabolism,cg14807303,AR,,,,no_evidence,,,FALSE,,,,,,,,,,0,,,,,,UNMAPPED,,,,,UNMAPPED,,,,,UNMAPPED,,,,,,,,,,,,,,,"",no catalogue holds this CpG-gene pair and no distance could be computed,,
cg14818960,cg14818960_TC21_T1_FOLR1,FOLR1,22,One-carbon metabolism,cg14818960,FOLR1,-1,higher methylation -> LOWER expression,0.9158,catalogue_single,A,"0.62-0.87 (tier A, one tissue only)",FALSE,-1,-1,,,,,,,,1,1,FOLR2,,0.3429,A,REQUESTED_GENE_UNAVAILABLE,FOLR1,-1,0.9158,A,PREDICTED,TNPO1,,0.1815,A,REQUESTED_GENE_UNAVAILABLE,,,,,,,,,,,,,,,"",only one tissue called; no cross-tissue corroboration,0.9158,0.0421
cg14823120,cg14823120_TC21_T1_GRK2,GRK2,19,GPCR signalling & second messengers,cg14823120,GRK2,,,,no_evidence,,,FALSE,,,,,,,,,,0,,CARNS1,,0.3429,A,REQUESTED_GENE_UNAVAILABLE,POLD4,,0.0695,A,REQUESTED_GENE_UNAVAILABLE,CLCF1,,0.0131,B,REQUESTED_GENE_UNAVAILABLE,,,,,,,,,,,,,,,"",no catalogue holds this CpG-gene pair and no distance could be computed,,
cg14826456,cg14826456_TC21_T1_ADRB1,ADRB1,10,Noradrenaline & sympathetic nervous system,cg14826456,ADRB1,-1,higher methylation -> LOWER expression,0.6433,catalogue_single,B,"0.55-0.84 (tier B, one tissue only)",FALSE,-1,-1,,,,,,,,1,1,,,,,UNMAPPED,ADRB1,-1,0.6433,B,PREDICTED,,,,,UNMAPPED,,,,,,,,,,,,,,,"",only one tissue called; no cross-tissue corroboration,0.6433,0.17835
cg14851700,cg14851700_TC21_T1_GLUL,GLUL,16,Glutamate & synaptic scaffolding,cg14851700,GLUL,-1,higher methylation -> LOWER expression,,smr_moderate,B,"0.84-0.86 (SMR tier S2, single instrument; validated n=6,008)",FALSE,-1,-1,-1,S2,7.404e-24,1,6140,TRUE,,1,1,ITGA4,,0.2377,B,REQUESTED_GENE_UNAVAILABLE,GLUL,-1,0.7399,B,PREDICTED,,,,,UNMAPPED,,,,,,,,,,,,,,,"",causal direction from SMR (blood); consistent with methylation affecting expression AND with linkage - HEIDI not run,0.7,0.15
cg14855972,cg14855972_TC21_T1_GPR88,GPR88,8,Dopamine,cg14855972,GPR88,,,,no_evidence,,,FALSE,,,,,,,,,,0,,,,,,UNMAPPED,,,,,UNMAPPED,TBC1D2,,0.0131,B,REQUESTED_GENE_UNAVAILABLE,,,,,,,,,,,,,,,"",no catalogue holds this CpG-gene pair and no distance could be computed,,
cg14858717,cg14858717_BC21_T1_DLG1,DLG1,16,Glutamate & synaptic scaffolding,cg14858717,DLG1,,,,no_evidence,,,FALSE,,,,,,,,,,0,,DNAH7,,0.126,B,REQUESTED_GENE_UNAVAILABLE,MELTF,,0.0695,B,REQUESTED_GENE_UNAVAILABLE,DNAH7,,0.2027,B,REQUESTED_GENE_UNAVAILABLE,,,,,,,,,,,,,,,"",no catalogue holds this CpG-gene pair and no distance could be computed,,
cg14859324,cg14859324_TC11_T1_GABRB3,GABRB3,17,GABA & excitation-inhibition balance,cg14859324,GABRB3,-1,higher methylation -> LOWER expression,1,measured,A,"~1.00 (measured, not predicted)",FALSE,-1,-1,,,,,,,,1,1,,,,,UNMAPPED,GABRB3,-1,0.9961,A,DIRECT_eQTM,GABRB3,,0.1124,A,ABSTAIN,,,,,,,,,,GABRB3,nasal_epithelium,GABRB3:-1,-1,FALSE,"","",1,0
cg14864603,cg14864603_TC21_T1_AANAT,AANAT,23,Circadian & melatonin,cg14864603,AANAT,,,,no_evidence,,,FALSE,,,,,,,,,,0,,AC079325.1,,0.0733,A,REQUESTED_GENE_UNAVAILABLE,RHBDF2,,0.3197,A,REQUESTED_GENE_UNAVAILABLE,CYGB,,0.1124,B,REQUESTED_GENE_UNAVAILABLE,,,,,,,,,,,,,,,"",no catalogue holds this CpG-gene pair and no distance could be computed,,
cg14878685,cg14878685_TC21_T1_GRM5,GRM5,16,Glutamate & synaptic scaffolding,cg14878685,GRM5,,,,no_evidence,,,FALSE,,,,,,,,,,0,,CTSC,,0.2377,B,REQUESTED_GENE_UNAVAILABLE,CTSC,,0.139,B,REQUESTED_GENE_UNAVAILABLE,,,,,UNMAPPED,,,,,,,,,,,,,,,"",no catalogue holds this CpG-gene pair and no distance could be computed,,
cg14879948,cg14879948_TC21_T1_SLC6A3,SLC6A3,8,Dopamine,cg14879948,SLC6A3,,,,no_evidence,,,FALSE,,,,,,,,,,0,,INPP5K,,0.1852,A,REQUESTED_GENE_UNAVAILABLE,CLPTM1L,,0.31,B,REQUESTED_GENE_UNAVAILABLE,CLPTM1L,,0.1474,B,REQUESTED_GENE_UNAVAILABLE,,,,,,,,,,,,,,,"",no catalogue holds this CpG-gene pair and no distance could be computed,,
cg14890224,cg14890224_BC21_T1_IGF2,IGF2,21,Imprinted genes & DMRs,cg14890224,IGF2,,,,no_evidence,,,FALSE,,,,,,,,,,0,,MAD1L1,,0.1897,A,REQUESTED_GENE_UNAVAILABLE,TNNT3,,0.0501,A,REQUESTED_GENE_UNAVAILABLE,MAD1L1,,0.0131,B,REQUESTED_GENE_UNAVAILABLE,,,,,,,,,,,,,,,"",no catalogue holds this CpG-gene pair and no distance could be computed,,
cg14895961,cg14895961_TC21_T1_IGF2,IGF2,21,Imprinted genes & DMRs,cg14895961,IGF2,,,,no_evidence,,,FALSE,,,,,,,,,,0,,MAD1L1,,0.1897,A,REQUESTED_GENE_UNAVAILABLE,TNNT3,,0.0501,A,REQUESTED_GENE_UNAVAILABLE,MAD1L1,,0.0131,B,REQUESTED_GENE_UNAVAILABLE,,,,,,,,,,,,,,,"",no catalogue holds this CpG-gene pair and no distance could be computed,,
cg14898647,cg14898647_BC21_T1_AR,AR,4,Sex steroids: receptors & metabolism,cg14898647,AR,,,,no_evidence,,,FALSE,,,,,,,,,,0,,,,,,UNMAPPED,,,,,UNMAPPED,,,,,UNMAPPED,,,,,,,,,,,,,,,"",no catalogue holds this CpG-gene pair and no distance could be computed,,
cg14935012,cg14935012_BC21_T1_AANAT,AANAT,23,Circadian & melatonin,cg14935012,AANAT,,,,no_evidence,,,FALSE,,,,,,,,,,0,,AC079325.1,,0.2377,A,REQUESTED_GENE_UNAVAILABLE,RHBDF2,,0.5716,A,REQUESTED_GENE_UNAVAILABLE,SPHK1,,0.0131,B,REQUESTED_GENE_UNAVAILABLE,,,,,,,,,,,,,,,"",no catalogue holds this CpG-gene pair and no distance could be computed,,
cg14944362,cg14944362_TC21_T1_PDYN,PDYN,12,Opioid & melanocortin,cg14944362,PDYN,,,,no_evidence,,,FALSE,,,,,,,,,,0,,,,,,UNMAPPED,LOC388780,,0.1239,B,REQUESTED_GENE_UNAVAILABLE,,,,,UNMAPPED,,,,,,,,,,,,,,,"",no catalogue holds this CpG-gene pair and no distance could be computed,,
cg14975009,cg14975009_TC11_T1_DIO2,DIO2,26,Thyroid & neurodevelopment,cg14975009,DIO2,-1,higher methylation -> LOWER expression,0.31,catalogue_single,A,"0.62-0.87 (tier A, one tissue only)",FALSE,-1,-1,,,,,,,,1,1,,,,,UNMAPPED,DIO2,-1,0.31,A,PREDICTED,FAH,,0.2027,B,REQUESTED_GENE_UNAVAILABLE,,,,,,,,,,,,,,,"",only one tissue called; no cross-tissue corroboration,0.31,0.345
cg14975470,cg14975470_BC21_T1_RET,RET,18,Neurotrophins & activity-dependent plasticity,cg14975470,RET,,,,no_evidence,,,FALSE,,,,,,,,,,0,,XPO5,,0.1852,A,REQUESTED_GENE_UNAVAILABLE,,,,,UNMAPPED,,,,,UNMAPPED,,,,,,,,,,,,,,,"",no catalogue holds this CpG-gene pair and no distance could be computed,,
cg14975570,cg14975570_TC21_T1_RET,RET,18,Neurotrophins & activity-dependent plasticity,cg14975570,RET,,,,no_evidence,,,FALSE,,,,,,,,,,0,,XPO5,,0.1291,A,REQUESTED_GENE_UNAVAILABLE,,,,,UNMAPPED,,,,,UNMAPPED,,,,,,,,,,,,,,,"",no catalogue holds this CpG-gene pair and no distance could be computed,,
cg14992144,cg14992144_TC11_T1_GHRL,GHRL,27,Appetite & metabolic programming,cg14992144,GHRL,,,,no_evidence,,,FALSE,,,,,,,,,,0,,GHRLOS,,0.9398,A,REQUESTED_GENE_UNAVAILABLE,GHRLOS,,0.0694,A,REQUESTED_GENE_UNAVAILABLE,SLX4IP,,0.1124,B,REQUESTED_GENE_UNAVAILABLE,,,,,,,,,,GHRLOS,blood,GHRLOS:+1,,TRUE,"measured association is with GHRLOS, not the requested gene - check which gene this CpG actually tracks","no catalogue holds this CpG-gene pair and no distance could be computed | measured association is with GHRLOS, not the requested gene",,
cg14993439,cg14993439_BC21_T1_UHRF1,UHRF1,20,Epigenetic machinery,cg14993439,UHRF1,,,,no_evidence,,,FALSE,,,,,,,,,,0,,ARRDC5,,0.4517,A,REQUESTED_GENE_UNAVAILABLE,KDM4B,,0.3409,B,REQUESTED_GENE_UNAVAILABLE,INCA1,,0.4431,A,REQUESTED_GENE_UNAVAILABLE,,,,,,,,,,,,,,,"",no catalogue holds this CpG-gene pair and no distance could be computed,,
cg14995160,cg14995160_TC21_T1_SLC18A2,SLC18A2,11,"Monoamine synthesis, transport & degradation",cg14995160,SLC18A2,-1,higher methylation -> LOWER expression,,smr_moderate,A,"0.84-0.86 (SMR tier S2, single instrument; validated n=6,008)",FALSE,-1,-1,-1,S2,1.173e-61,1,17155,TRUE,,1,1,SLC18A2,-1,0.3429,A,PREDICTED,SLC18A2,,0.0288,B,ABSTAIN,,,,,UNMAPPED,,,,,,,,,,PDZD8,blood,PDZD8:-1,,TRUE,"measured association is with PDZD8, not the requested gene - check which gene this CpG actually tracks","causal direction from SMR (blood); consistent with methylation affecting expression AND with linkage - HEIDI not run | measured association is with PDZD8, not the requested gene",0.7,0.15
cg15001032,cg15001032_BC21_T1_DDC,DDC,11,"Monoamine synthesis, transport & degradation",cg15001032,DDC,,,,no_evidence,,,FALSE,,,,,,,,,,0,,LIMA1,,0.1077,A,REQUESTED_GENE_UNAVAILABLE,GRB10,,0.9158,A,REQUESTED_GENE_UNAVAILABLE,BRD7,,0.2414,B,REQUESTED_GENE_UNAVAILABLE,,,,,,,,,,,,,,,"",no catalogue holds this CpG-gene pair and no distance could be computed,,
cg15001032,cg15001032_BC22_T1_DDC,DDC,11,"Monoamine synthesis, transport & degradation",cg15001032,DDC,,,,no_evidence,,,FALSE,,,,,,,,,,0,,LIMA1,,0.1077,A,REQUESTED_GENE_UNAVAILABLE,GRB10,,0.9158,A,REQUESTED_GENE_UNAVAILABLE,BRD7,,0.2414,B,REQUESTED_GENE_UNAVAILABLE,,,,,,,,,,,,,,,"",no catalogue holds this CpG-gene pair and no distance could be computed,,
cg15006429,cg15006429_BC21_T1_NCOA4,NCOA4,4,Sex steroids: receptors & metabolism,cg15006429,NCOA4,,,,no_evidence,,,FALSE,,,,,,,,,,0,,PARG;PARGP1,,0.3429,A,REQUESTED_GENE_UNAVAILABLE,MSMB,,0.3639,A,REQUESTED_GENE_UNAVAILABLE,RAD54L2,,0.2027,B,REQUESTED_GENE_UNAVAILABLE,,,,,,,,,,,,,,,"",no catalogue holds this CpG-gene pair and no distance could be computed,,
cg15014034,cg15014034_TC21_T1_MAOA,MAOA,11,"Monoamine synthesis, transport & degradation",cg15014034,MAOA,,,,no_evidence,,,FALSE,,,,,,,,,,0,,,,,,UNMAPPED,,,,,UNMAPPED,,,,,UNMAPPED,,,,,,,,,,,,,,,"",no catalogue holds this CpG-gene pair and no distance could be computed,,
cg15018934,cg15018934_TC21_T1_HLA_F,HLA-F,24,"Immune, inflammation & HLA",cg15018934,HLA-F,-1,higher methylation -> LOWER expression,0.7345,catalogue_consensus,A,"0.77-0.87 (tier A, tissues agree)",FALSE,-1,-1,1,S2,1.775e-11,1,8684,FALSE,-1,2,1,HLA-F,-1,0.4729,A,PREDICTED,HLA-F,-1,0.9961,A,PREDICTED,CDIPT,,0.0131,B,REQUESTED_GENE_UNAVAILABLE,,,,,,,,,,,,,,,""," | SMR (causal, blood) says +1 at tier S2 but a stronger layer supplied the opposite sign - inspect before using",0.7345,0.13275
cg15051537,cg15051537_TC21_T1_STAR,STAR,3,Steroidogenesis (adrenal & gonadal),cg15051537,STAR,,,,no_evidence,,,FALSE,,,,,,,,,,0,,LSM1,,0.289,B,REQUESTED_GENE_UNAVAILABLE,LSM1,,0.3409,B,REQUESTED_GENE_UNAVAILABLE,SNIP1,,0.0788,A,REQUESTED_GENE_UNAVAILABLE,,,,,,,,,,,,,,,"",no catalogue holds this CpG-gene pair and no distance could be computed,,
cg15066197,cg15066197_BC11_T1_GABRB3,GABRB3,17,GABA & excitation-inhibition balance,cg15066197,GABRB3,-1,higher methylation -> LOWER expression,1,measured,A,"~1.00 (measured, not predicted)",FALSE,-1,-1,,,,,,,,1,1,,,,,UNMAPPED,GABRB3,-1,0.9961,A,DIRECT_eQTM,GABRB3,,0.0131,A,ABSTAIN,,,,,,,,,,GABRB3,nasal_epithelium,GABRB3:-1,-1,FALSE,"","",1,0
cg15067665,cg15067665_TC21_T1_AVPR2,AVPR2,1,"Oxytocin, vasopressin & CICR",cg15067665,AVPR2,,,,no_evidence,,,FALSE,,,,,,,,,,0,,PNMA6B,,0.1971,A,REQUESTED_GENE_UNAVAILABLE,,,,,UNMAPPED,,,,,UNMAPPED,,,,,,,,,,,,,,,"",no catalogue holds this CpG-gene pair and no distance could be computed,,
cg15070513,cg15070513_BC21_T1_PPP1R1B,PPP1R1B,8,Dopamine,cg15070513,PPP1R1B,,,,no_evidence,,,FALSE,,,,,,,,,,0,,PGAP3,,0.289,A,REQUESTED_GENE_UNAVAILABLE,PGAP3,,0.4852,A,REQUESTED_GENE_UNAVAILABLE,,,,,UNMAPPED,,,,,,,,,,,,,,,"",no catalogue holds this CpG-gene pair and no distance could be computed,,
cg15090185,cg15090185_BC21_T1_MBD2,MBD2,20,Epigenetic machinery,cg15090185,MBD2,,,,no_evidence,,,FALSE,,,,,,,,,,0,,,,,,UNMAPPED,,,,,UNMAPPED,,,,,UNMAPPED,,,,,,,,,,,,,,,"",no catalogue holds this CpG-gene pair and no distance could be computed,,
cg15096515,cg15096515_BC21_T1_TPH2,TPH2,9,Serotonin,cg15096515,TPH2,,,,no_evidence,,,FALSE,,,,,,,,,,0,,,,,,UNMAPPED,,,,,UNMAPPED,ZNF407,,0.0131,B,REQUESTED_GENE_UNAVAILABLE,,,,,,,,,,,,,,,"",no catalogue holds this CpG-gene pair and no distance could be computed,,
cg15102118,cg15102118_TC21_T1_DIO2,DIO2,26,Thyroid & neurodevelopment,cg15102118,DIO2,-1,higher methylation -> LOWER expression,0.31,catalogue_single,A,"0.62-0.87 (tier A, one tissue only)",FALSE,-1,-1,,,,,,,,1,1,,,,,UNMAPPED,DIO2,-1,0.31,A,PREDICTED,FAH,,0.2027,B,REQUESTED_GENE_UNAVAILABLE,,,,,,,,,,,,,,,"",only one tissue called; no cross-tissue corroboration,0.31,0.345
cg15118816,cg15118816_BC21_T1_RYR2,RYR2,1,"Oxytocin, vasopressin & CICR",cg15118816,RYR2,,,,no_evidence,,,FALSE,,,,,,,,,,0,,,,,,UNMAPPED,,,,,UNMAPPED,,,,,UNMAPPED,,,,,,,,,,,,,,,"",no catalogue holds this CpG-gene pair and no distance could be computed,,
cg15131665,cg15131665_TC21_T1_GRINA,GRINA,16,Glutamate & synaptic scaffolding,cg15131665,GRINA,-1,higher methylation -> LOWER expression,0.6944,catalogue_consensus,A,"0.77-0.87 (tier A, tissues agree)",FALSE,-1,-1,,,,,,,-1,2,1,GRINA,-1,0.4729,A,PREDICTED,GRINA,-1,0.9158,A,PREDICTED,PLEC,,0.1244,A,REQUESTED_GENE_UNAVAILABLE,,,,,,,,,,,,,,,"","",0.6944,0.1528
cg15150348,cg15150348_TC21_T1_MEST,MEST,21,Imprinted genes & DMRs,cg15150348,MEST,-1,higher methylation -> LOWER expression,,smr_moderate,,"0.84-0.86 (SMR tier S2, single instrument; validated n=6,008)",FALSE,-1,-1,-1,S2,1.375e-56,1,10333,TRUE,,0,,CPA5,,0.6537,A,REQUESTED_GENE_UNAVAILABLE,ARHGAP18,,0.8366,A,REQUESTED_GENE_UNAVAILABLE,CPA5,,0.0131,A,REQUESTED_GENE_UNAVAILABLE,,,,,,,,,,,,,,,"",causal direction from SMR (blood); consistent with methylation affecting expression AND with linkage - HEIDI not run,0.7,0.15
cg15151059,cg15151059_BC21_T1_SETDB1,SETDB1,20,Epigenetic machinery,cg15151059,SETDB1,,,,no_evidence,,,FALSE,,,,,,,,,,0,,ANXA9,,0.3429,A,REQUESTED_GENE_UNAVAILABLE,ANXA9,,0.6135,A,REQUESTED_GENE_UNAVAILABLE,DCLK2,,0.1815,B,REQUESTED_GENE_UNAVAILABLE,,,,,,,,,,,,,,,"",no catalogue holds this CpG-gene pair and no distance could be computed,,
cg15160445,cg15160445_BC21_T1_GNAS,GNAS,19,GPCR signalling & second messengers,cg15160445,GNAS,-1,higher methylation -> LOWER expression,,smr_moderate,,"0.84-0.86 (SMR tier S2, single instrument; validated n=6,008)",FALSE,-1,-1,-1,S2,3.808e-08,1,23761,TRUE,,0,,CTSZ,,0.4648,A,REQUESTED_GENE_UNAVAILABLE,CTSZ,,0.3409,B,REQUESTED_GENE_UNAVAILABLE,,,,,UNMAPPED,,,,,,,,,,,,,,,"",causal direction from SMR (blood); consistent with methylation affecting expression AND with linkage - HEIDI not run,0.7,0.15
cg15165227,cg15165227_BC21_T1_NFE2L2,NFE2L2,29,Oxidative stress & mitochondria,cg15165227,NFE2L2,,,,no_evidence,,,FALSE,,,,,,,,,,0,,,,,,UNMAPPED,,,,,UNMAPPED,,,,,UNMAPPED,,,,,,,,,,,,,,,"",no catalogue holds this CpG-gene pair and no distance could be computed,,
cg15167281,cg15167281_BC21_T1_NLGN3,NLGN3,25,Social-synaptic & psychiatric risk,cg15167281,NLGN3,,,,no_evidence,,,FALSE,,,,,,,,,,0,,,,,,UNMAPPED,,,,,UNMAPPED,,,,,UNMAPPED,,,,,,,,,,,,,,,"",no catalogue holds this CpG-gene pair and no distance could be computed,,
cg15168906,cg15168906_TC21_T1_IGF2,IGF2,21,Imprinted genes & DMRs,cg15168906,IGF2,,,,no_evidence,,,FALSE,,,,,,,,,,0,,MAD1L1,,0.1897,A,REQUESTED_GENE_UNAVAILABLE,TNNT3,,0.0501,A,REQUESTED_GENE_UNAVAILABLE,MAD1L1,,0.0131,B,REQUESTED_GENE_UNAVAILABLE,,,,,,,,,,,,,,,"",no catalogue holds this CpG-gene pair and no distance could be computed,,
cg15169732,cg15169732_TC21_T1_GABRA1,GABRA1,17,GABA & excitation-inhibition balance,cg15169732,GABRA1,,,,no_evidence,,,FALSE,,,,,,,,,,0,,,,,,UNMAPPED,,,,,UNMAPPED,,,,,UNMAPPED,,,,,,,,,,,,,,,"",no catalogue holds this CpG-gene pair and no distance could be computed,,
cg15174248,cg15174248_BC21_T1_CAMK2A,CAMK2A,1,"Oxytocin, vasopressin & CICR",cg15174248,CAMK2A,,,,no_evidence,,,FALSE,,,,,,,,,,0,,PFN2,,0.0365,B,REQUESTED_GENE_UNAVAILABLE,ARSI,,0.3409,A,REQUESTED_GENE_UNAVAILABLE,CD74,,0.0131,B,REQUESTED_GENE_UNAVAILABLE,,,,,,,,,,,,,,,"",no catalogue holds this CpG-gene pair and no distance could be computed,,
cg15183092,cg15183092_TC21_T1_NOS3,NOS3,6,Libido & sexual function,cg15183092,NOS3,-1,higher methylation -> LOWER expression,,smr_moderate,,"0.84-0.86 (SMR tier S2, single instrument; validated n=6,008)",FALSE,-1,-1,-1,S2,4.687e-13,1,10568,TRUE,,0,,ATG9B,,0.7056,A,REQUESTED_GENE_UNAVAILABLE,ATG9B,,0.3639,A,REQUESTED_GENE_UNAVAILABLE,KCNH2,,0.1815,A,REQUESTED_GENE_UNAVAILABLE,,,,,,,,,,,,,,,"",causal direction from SMR (blood); consistent with methylation affecting expression AND with linkage - HEIDI not run,0.7,0.15
cg15190383,cg15190383_BC21_T1_CRTC1,CRTC1,18,Neurotrophins & activity-dependent plasticity,cg15190383,CRTC1,,,,no_evidence,,,FALSE,,,,,,,,,,0,,,,,,UNMAPPED,CRLF1,,0.6433,A,REQUESTED_GENE_UNAVAILABLE,,,,,UNMAPPED,,,,,,,,,,,,,,,"",no catalogue holds this CpG-gene pair and no distance could be computed,,
cg15199886,cg15199886_TC11_T1_SYP,SYP,18,Neurotrophins & activity-dependent plasticity,cg15199886,SYP,,,,no_evidence,,,FALSE,,,,,,,,,,0,,,,,,UNMAPPED,,,,,UNMAPPED,,,,,UNMAPPED,,,,,,,,,,,,,,,"",no catalogue holds this CpG-gene pair and no distance could be computed,,
cg15210999,cg15210999_TC21_T1_DTNBP1,DTNBP1,25,Social-synaptic & psychiatric risk,cg15210999,DTNBP1,1,higher methylation -> HIGHER expression,1,measured,A,"~1.00 (measured, not predicted)",FALSE,1,1,1,S2,1.122e-27,1,70378,TRUE,,1,1,DTNBP1,1,0.7056,A,DIRECT_eQTM,DTNBP1,,0.4583,B,ABSTAIN,DTNBP1,,0.1474,A,ABSTAIN,,,,,,,,,,DTNBP1,blood,DTNBP1:+1,1,FALSE,"","",1,1
cg15216117,cg15216117_TC21_T1_DDIT4,DDIT4,2,HPA axis & glucocorticoid signalling,cg15216117,DDIT4,,,,no_evidence,,,FALSE,,,,,,,,,,0,,SPOCK2,,0.3429,A,REQUESTED_GENE_UNAVAILABLE,SPOCK2,,0.1453,B,REQUESTED_GENE_UNAVAILABLE,,,,,UNMAPPED,,,,,,,,,,,,,,,"",no catalogue holds this CpG-gene pair and no distance could be computed,,
cg15241530,cg15241530_BC21_T1_MEF2C,MEF2C,25,Social-synaptic & psychiatric risk,cg15241530,MEF2C,,,,no_evidence,,,FALSE,,,,,,,,,,0,,,,,,UNMAPPED,LINC00461,,0.3409,B,REQUESTED_GENE_UNAVAILABLE,LINC00461,,0.0131,B,REQUESTED_GENE_UNAVAILABLE,,,,,,,,,,,,,,,"",no catalogue holds this CpG-gene pair and no distance could be computed,,
cg15255946,cg15255946_BC11_T1_HLA_DQB2,HLA-DQB2,24,"Immune, inflammation & HLA",cg15255946,HLA-DQB2,1,higher methylation -> HIGHER expression,0.5444,catalogue_consensus,A,"0.77-0.87 (tier A, tissues agree)",FALSE,1,1,-1,S2,7.521e-44,1,1970,FALSE,1,2,1,HLA-DQB2,1,0.3705,A,PREDICTED,HLA-DQB2,1,0.7183,A,PREDICTED,PSMB8,,0.1124,B,REQUESTED_GENE_UNAVAILABLE,,,,,,,,,,,,,,,""," | SMR (causal, blood) says -1 at tier S2 but a stronger layer supplied the opposite sign - inspect before using",0.5444,0.7722
cg15258025,cg15258025_TC21_T1_PTGFR,PTGFR,7,"Pregnancy, parturition & lactation",cg15258025,PTGFR,,,,no_evidence,,,FALSE,,,,,,,,,,0,,PAPD4,,0.2377,B,REQUESTED_GENE_UNAVAILABLE,IFI44L,,0.0288,B,REQUESTED_GENE_UNAVAILABLE,KCNMA1,,0.4431,B,REQUESTED_GENE_UNAVAILABLE,,,,,,,,,,,,,,,"",no catalogue holds this CpG-gene pair and no distance could be computed,,
cg15260349,cg15260349_BC21_T1_MTNR1B,MTNR1B,23,Circadian & melatonin,cg15260349,MTNR1B,,,,no_evidence,,,FALSE,,,,,,,,,,0,,,,,,UNMAPPED,,,,,UNMAPPED,,,,,UNMAPPED,,,,,,,,,,,,,,,"",no catalogue holds this CpG-gene pair and no distance could be computed,,
cg15267232,cg15267232_TC11_T1_GATA3,GATA3,9,Serotonin,cg15267232,GATA3,-1,higher methylation -> LOWER expression,0.6626,catalogue_consensus,A,"0.77-0.87 (tier A, tissues agree)",FALSE,-1,-1,,,,,,,-1,2,1,,,,,UNMAPPED,GATA3,-1,0.8866,A,PREDICTED,GATA3,-1,0.4386,A,PREDICTED,,,,,,,,,,,,,,,"","",0.6626,0.1687
cg15273822,cg15273822_TC21_T1_NPAS4,NPAS4,18,Neurotrophins & activity-dependent plasticity,cg15273822,NPAS4,,,,no_evidence,,,FALSE,,,,,,,,,,0,,MRPL11,,0.3429,A,REQUESTED_GENE_UNAVAILABLE,MRPL11,,0.6135,A,REQUESTED_GENE_UNAVAILABLE,RIN1,,0.1124,A,REQUESTED_GENE_UNAVAILABLE,,,,,,,,,,,,,,,"",no catalogue holds this CpG-gene pair and no distance could be computed,,
cg15274309,cg15274309_BC21_T1_ZBTB16,ZBTB16,2,HPA axis & glucocorticoid signalling,cg15274309,ZBTB16,,,,no_evidence,,,FALSE,,,,,,,,,,0,,,,,,UNMAPPED,,,,,UNMAPPED,MARCKS,,0.0131,B,REQUESTED_GENE_UNAVAILABLE,,,,,,,,,,,,,,,"",no catalogue holds this CpG-gene pair and no distance could be computed,,
cg15313891,cg15313891_TC21_T1_AVP,AVP,1,"Oxytocin, vasopressin & CICR",cg15313891,AVP,-1,higher methylation -> LOWER expression,0.571,catalogue_single,A,"0.62-0.87 (tier A, one tissue only)",FALSE,-1,-1,,,,,,,,1,1,AVP,-1,0.571,A,PREDICTED,,,,,UNMAPPED,,,,,UNMAPPED,,,,,,,,,,,,,,,"",only one tissue called; no cross-tissue corroboration,0.571,0.2145
cg15317815,cg15317815_TC21_T1_OXTR,OXTR,1,"Oxytocin, vasopressin & CICR",cg15317815,OXTR,1,higher methylation -> HIGHER expression,,smr_moderate,B,"0.84-0.86 (SMR tier S2, single instrument; validated n=6,008)",FALSE,1,1,1,S2,5.374e-17,1,7602,TRUE,,1,1,TRIM66,,0.126,B,REQUESTED_GENE_UNAVAILABLE,OXTR,-1,0.8366,B,PREDICTED,TRIM66,,0.1474,A,REQUESTED_GENE_UNAVAILABLE,,,,,,,,,,,,,,,"",causal direction from SMR (blood); consistent with methylation affecting expression AND with linkage - HEIDI not run,0.7,0.85
cg15320416,cg15320416_TC21_T1_RTEL1,RTEL1,28,"Ageing, epigenetic clocks & telomere",cg15320416,RTEL1,,,,no_evidence,,,FALSE,,,,,,,,,,0,,TNFRSF6B;RTEL1;RTEL1-TNFRSF6B,,0.7056,A,REQUESTED_GENE_UNAVAILABLE,STMN3,,0.139,A,REQUESTED_GENE_UNAVAILABLE,STMN3,,0.3688,A,REQUESTED_GENE_UNAVAILABLE,,,,,,,,,,,,,,,"",no catalogue holds this CpG-gene pair and no distance could be computed,,
cg15331332,cg15331332_TC21_T1_HLA_F,HLA-F,24,"Immune, inflammation & HLA",cg15331332,HLA-F,-1,higher methylation -> LOWER expression,1,measured,A,"~1.00 (measured, not predicted)",FALSE,-1,-1,-1,S2,2.33e-38,1,6317,TRUE,-1,2,1,HLA-F,-1,0.7056,A,DIRECT_eQTM,HLA-F,-1,0.9745,A,DIRECT_eQTM,CDIPT,,0.0131,B,REQUESTED_GENE_UNAVAILABLE,,,,,,,,,,HCG4;HLA-F;HLA-G;UBD;ZFP57,blood;nasal_epithelium,HCG4:+1;HLA-F:-1;HLA-G:-1;UBD:-1;ZFP57:-1,-1,FALSE,"","",1,0
cg15339180,cg15339180_BC21_T1_NLGN3,NLGN3,25,Social-synaptic & psychiatric risk,cg15339180,NLGN3,,,,no_evidence,,,FALSE,,,,,,,,,,0,,,,,,UNMAPPED,,,,,UNMAPPED,,,,,UNMAPPED,,,,,,,,,,,,,,,"",no catalogue holds this CpG-gene pair and no distance could be computed,,
cg15341124,cg15341124_TC11_T1_DIO3,DIO3,26,Thyroid & neurodevelopment,cg15341124,DIO3,,,,no_evidence,,,FALSE,,,,,,,,,,0,,PPP2R5C,,0.0153,B,REQUESTED_GENE_UNAVAILABLE,PPP2R5C,,0.3197,B,REQUESTED_GENE_UNAVAILABLE,PPP2R5C,,0.1667,B,REQUESTED_GENE_UNAVAILABLE,,,,,,,,,,,,,,,"",no catalogue holds this CpG-gene pair and no distance could be computed,,
cg15352640,cg15352640_TC21_T1_DEAF1,DEAF1,9,Serotonin,cg15352640,DEAF1,-1,higher methylation -> LOWER expression,0.6744,catalogue_consensus,A,"0.77-0.87 (tier A, tissues agree)",FALSE,-1,-1,,,,,,,-1,2,1,DEAF1,-1,0.7056,A,PREDICTED,DEAF1,-1,0.6433,A,PREDICTED,TALDO1,,0.0131,B,REQUESTED_GENE_UNAVAILABLE,,,,,,,,,,,,,,,"","",0.6744,0.1628
cg15368455,cg15368455_BC21_T1_GDNF,GDNF,18,Neurotrophins & activity-dependent plasticity,cg15368455,GDNF,,,,no_evidence,,,FALSE,,,,,,,,,,0,,PPP1R1B,,0.2377,B,REQUESTED_GENE_UNAVAILABLE,,,,,UNMAPPED,TBC1D1,,0.0131,B,REQUESTED_GENE_UNAVAILABLE,,,,,,,,,,,,,,,"",no catalogue holds this CpG-gene pair and no distance could be computed,,
cg15382825,cg15382825_TC21_T1_ARRB1,ARRB1,19,GPCR signalling & second messengers,cg15382825,ARRB1,,,,no_evidence,,,FALSE,,,,,,,,,,0,,AP000560.1,,0.1291,A,REQUESTED_GENE_UNAVAILABLE,SLCO2B1,,0.1453,A,REQUESTED_GENE_UNAVAILABLE,,,,,UNMAPPED,,,,,,,,,,,,,,,"",no catalogue holds this CpG-gene pair and no distance could be computed,,
cg15390122,cg15390122_TC21_T1_ESR1,ESR1,4,Sex steroids: receptors & metabolism,cg15390122,ESR1,,,,no_evidence,,,FALSE,,,,,,,,,,0,,RIF1,,0.0733,A,REQUESTED_GENE_UNAVAILABLE,,,,,UNMAPPED,,,,,UNMAPPED,,,,,,,,,,,,,,,"",no catalogue holds this CpG-gene pair and no distance could be computed,,
cg15403517,cg15403517_TC21_T1_SRD5A2,SRD5A2,4,Sex steroids: receptors & metabolism,cg15403517,SRD5A2,,,,no_evidence,,,FALSE,,,,,,,,,,0,,,,,,UNMAPPED,XDH,,0.0694,B,REQUESTED_GENE_UNAVAILABLE,EHMT2,,0.0131,B,REQUESTED_GENE_UNAVAILABLE,,,,,,,,,,,,,,,"",no catalogue holds this CpG-gene pair and no distance could be computed,,
cg15431703,cg15431703_TC21_T1_NRG1,NRG1,25,Social-synaptic & psychiatric risk,cg15431703,NRG1,,,,no_evidence,,,FALSE,,,,,,,,,,0,,,,,,UNMAPPED,,,,,UNMAPPED,,,,,UNMAPPED,,,,,,,,,,,,,,,"",no catalogue holds this CpG-gene pair and no distance could be computed,,
cg15432711,cg15432711_TC21_T1_STIP1,STIP1,2,HPA axis & glucocorticoid signalling,cg15432711,STIP1,-1,higher methylation -> LOWER expression,0.6135,catalogue_single,A,"0.62-0.87 (tier A, one tissue only)",FALSE,-1,-1,,,,,,,,1,1,PRDX5,,0.0733,A,REQUESTED_GENE_UNAVAILABLE,STIP1,-1,0.6135,A,PREDICTED,PPP2R5E,,0.1667,A,REQUESTED_GENE_UNAVAILABLE,,,,,,,,,,,,,,,"",only one tissue called; no cross-tissue corroboration,0.6135,0.19325
cg15441434,cg15441434_TC21_T1_SETDB1,SETDB1,20,Epigenetic machinery,cg15441434,SETDB1,,,,no_evidence,,,FALSE,,,,,,,,,,0,,ANXA9,,0.6,A,REQUESTED_GENE_UNAVAILABLE,ANXA9,,0.0695,A,REQUESTED_GENE_UNAVAILABLE,DCLK2,,0.1815,B,REQUESTED_GENE_UNAVAILABLE,,,,,,,,,,,,,,,"",no catalogue holds this CpG-gene pair and no distance could be computed,,
cg15443732,cg15443732_TC21_T1_GALR1,GALR1,6,Libido & sexual function,cg15443732,GALR1,,,,no_evidence,,,FALSE,,,,,,,,,,0,,,,,,UNMAPPED,,,,,UNMAPPED,,,,,UNMAPPED,,,,,,,,,,,,,,,"",no catalogue holds this CpG-gene pair and no distance could be computed,,
cg15454374,cg15454374_TC11_T1_HLA_B,HLA-B,24,"Immune, inflammation & HLA",cg15454374,HLA-B,-1,higher methylation -> LOWER expression,1,measured,A,"~1.00 (measured, not predicted)",FALSE,-1,-1,-1,S2,6.055e-40,1,2148,TRUE,-1,2,1,HLA-B,-1,0.7056,A,DIRECT_eQTM,HLA-B,-1,0.8866,A,DIRECT_eQTM,MICA,,0.1667,A,REQUESTED_GENE_UNAVAILABLE,,,,,,,,,,HLA-B,blood;nasal_epithelium,HLA-B:-1,-1,FALSE,"","",1,0
cg15468056,cg15468056_BC21_T1_AR,AR,4,Sex steroids: receptors & metabolism,cg15468056,AR,,,,no_evidence,,,FALSE,,,,,,,,,,0,,,,,,UNMAPPED,,,,,UNMAPPED,,,,,UNMAPPED,,,,,,,,,,,,,,,"",no catalogue holds this CpG-gene pair and no distance could be computed,,
cg15482931,cg15482931_BC21_T1_GABRB3,GABRB3,17,GABA & excitation-inhibition balance,cg15482931,GABRB3,1,higher methylation -> HIGHER expression,0.4431,catalogue_single,A,"0.62-0.87 (tier A, one tissue only)",FALSE,1,1,,,,,,,,1,1,,,,,UNMAPPED,GABRB3,,0.4745,B,ABSTAIN,GABRB3,1,0.4431,A,PREDICTED,,,,,,,,,,,,,,,"",only one tissue called; no cross-tissue corroboration,0.4431,0.72155
cg15484742,cg15484742_TC21_T1_HTR1D,HTR1D,9,Serotonin,cg15484742,HTR1D,,,,no_evidence,,,FALSE,,,,,,,,,,0,,LOC101926933,,0.0365,B,REQUESTED_GENE_UNAVAILABLE,ZNF436,,0.3409,B,REQUESTED_GENE_UNAVAILABLE,,,,,UNMAPPED,,,,,,,,,,,,,,,"",no catalogue holds this CpG-gene pair and no distance could be computed,,
cg15491489,cg15491489_TC21_T1_MRAP,MRAP,2,HPA axis & glucocorticoid signalling,cg15491489,MRAP,,,,no_evidence,,,FALSE,,,,,,,,,,0,,,,,,UNMAPPED,,,,,UNMAPPED,,,,,UNMAPPED,,,,,,,,,,,,,,,"",no catalogue holds this CpG-gene pair and no distance could be computed,,
cg15494627,cg15494627_BC11_T1_RLN2,RLN2,7,"Pregnancy, parturition & lactation",cg15494627,RLN2,,,,no_evidence,,,FALSE,,,,,,,,,,0,,PDCD1LG2,,0.2377,B,REQUESTED_GENE_UNAVAILABLE,,,,,UNMAPPED,,,,,UNMAPPED,,,,,,,,,,,,,,,"",no catalogue holds this CpG-gene pair and no distance could be computed,,
cg15502740,cg15502740_TC21_T1_HTR5A,HTR5A,9,Serotonin,cg15502740,HTR5A,,,,no_evidence,,,FALSE,,,,,,,,,,0,,,,,,UNMAPPED,,,,,UNMAPPED,,,,,UNMAPPED,,,,,,,,,,,,,,,"",no catalogue holds this CpG-gene pair and no distance could be computed,,
cg15506129,cg15506129_BC21_T1_CYP17A1,CYP17A1,3,Steroidogenesis (adrenal & gonadal),cg15506129,CYP17A1,,,,no_evidence,,,FALSE,,,,,,,,,,0,,BORCS7,,0.0996,A,REQUESTED_GENE_UNAVAILABLE,BORCS7,,0.3771,A,REQUESTED_GENE_UNAVAILABLE,BORCS7,,0.1667,A,REQUESTED_GENE_UNAVAILABLE,,,,,,,,,,,,,,,"",no catalogue holds this CpG-gene pair and no distance could be computed,,
cg15517609,cg15517609_BC21_T1_RYR1,RYR1,1,"Oxytocin, vasopressin & CICR",cg15517609,RYR1,-1,higher methylation -> LOWER expression,0.3771,catalogue_single,A,"0.62-0.87 (tier A, one tissue only)",FALSE,-1,-1,,,,,,,,1,1,TLR6,,0.126,A,REQUESTED_GENE_UNAVAILABLE,RYR1,-1,0.3771,A,PREDICTED,RYR1,,0.4326,B,ABSTAIN,,,,,,,,,,,,,,,"",only one tissue called; no cross-tissue corroboration,0.3771,0.31145
cg15536804,cg15536804_TC21_T1_ITPR2,ITPR2,1,"Oxytocin, vasopressin & CICR",cg15536804,ITPR2,,,,no_evidence,,,FALSE,,,,,,,,,,0,,,,,,UNMAPPED,,,,,UNMAPPED,,,,,UNMAPPED,,,,,,,,,,,,,,,"",no catalogue holds this CpG-gene pair and no distance could be computed,,
cg15542777,cg15542777_TC21_T1_RTEL1,RTEL1,28,"Ageing, epigenetic clocks & telomere",cg15542777,RTEL1,,,,no_evidence,,,FALSE,,,,,,,,,,0,,TNFRSF6B;RTEL1;RTEL1-TNFRSF6B,,0.7056,A,REQUESTED_GENE_UNAVAILABLE,STMN3,,0.139,A,REQUESTED_GENE_UNAVAILABLE,STMN3,,0.3688,A,REQUESTED_GENE_UNAVAILABLE,,,,,,,,,,,,,,,"",no catalogue holds this CpG-gene pair and no distance could be computed,,
cg15573900,cg15573900_TC21_T1_ADRA2A,ADRA2A,10,Noradrenaline & sympathetic nervous system,cg15573900,ADRA2A,-1,higher methylation -> LOWER expression,0.6376,catalogue_consensus,B,"0.64-0.84 (tier B, tissues agree)",FALSE,-1,-1,,,,,,,-1,2,1,PDCD4;MIR4680,,0.126,B,REQUESTED_GENE_UNAVAILABLE,ADRA2A,-1,0.8366,B,PREDICTED,ADRA2A,-1,0.4386,A,PREDICTED,,,,,,,,,,,,,,,"","",0.6376,0.1812
cg15574109,cg15574109_BC21_T1_ADRA2A,ADRA2A,10,Noradrenaline & sympathetic nervous system,cg15574109,ADRA2A,-1,higher methylation -> LOWER expression,0.6376,catalogue_consensus,B,"0.64-0.84 (tier B, tissues agree)",FALSE,-1,-1,,,,,,,-1,2,1,PDCD4;MIR4680,,0.126,B,REQUESTED_GENE_UNAVAILABLE,ADRA2A,-1,0.8366,B,PREDICTED,ADRA2A,-1,0.4386,A,PREDICTED,,,,,,,,,,,,,,,"","",0.6376,0.1812
cg15575880,cg15575880_TC11_T1_HLA_DPA1,HLA-DPA1,24,"Immune, inflammation & HLA",cg15575880,HLA-DPA1,-1,higher methylation -> LOWER expression,1,measured,A,"~1.00 (measured, not predicted)",FALSE,-1,-1,,,,,,,,2,0.5,HLA-DPA1,1,0.3108,A,PREDICTED,HLA-DPA1,-1,0.9961,A,DIRECT_eQTM,DYNLRB1,,0.1244,B,REQUESTED_GENE_UNAVAILABLE,,,,,,,,,,HLA-DMA;HLA-DMB;HLA-DOA;HLA-DPA1;HLA-DPB1,nasal_epithelium,HLA-DMA:-1;HLA-DMB:-1;HLA-DOA:-1;HLA-DPA1:-1;HLA-DPB1:-1,-1,FALSE,"","",1,0
cg15582954,cg15582954_BC11_T1_WNT4,WNT4,5,"HPG axis, puberty & KNDy",cg15582954,WNT4,,,,no_evidence,,,FALSE,,,,,,,,,,0,,ADGRA3,,0.1852,A,REQUESTED_GENE_UNAVAILABLE,WNT4,,0.3771,B,ABSTAIN,BIN3,,0.0131,B,REQUESTED_GENE_UNAVAILABLE,,,,,,,,,,,,,,,"",no catalogue holds this CpG-gene pair and no distance could be computed,,
cg15586439,cg15586439_TC21_T1_NPY5R,NPY5R,10,Noradrenaline & sympathetic nervous system,cg15586439,NPY5R,,,,no_evidence,,,FALSE,,,,,,,,,,0,,,,,,UNMAPPED,,,,,UNMAPPED,,,,,UNMAPPED,,,,,,,,,,,,,,,"",no catalogue holds this CpG-gene pair and no distance could be computed,,
cg15615793,cg15615793_BC21_T1_CRHR2,CRHR2,2,HPA axis & glucocorticoid signalling,cg15615793,CRHR2,,,,no_evidence,,,FALSE,,,,,,,,,,0,,IPO8,,0.126,A,REQUESTED_GENE_UNAVAILABLE,,,,,UNMAPPED,,,,,UNMAPPED,,,,,,,,,,,,,,,"",no catalogue holds this CpG-gene pair and no distance could be computed,,
cg15626350,cg15626350_BC21_T1_ESR1,ESR1,4,Sex steroids: receptors & metabolism,cg15626350,ESR1,1,higher methylation -> HIGHER expression,,smr_moderate,,"0.84-0.86 (SMR tier S2, single instrument; validated n=6,008)",FALSE,1,1,1,S2,3.988e-41,1,84083,TRUE,,0,,RIF1,,0.0451,A,REQUESTED_GENE_UNAVAILABLE,,,,,UNMAPPED,,,,,UNMAPPED,,,,,,,,,,,,,,,"",causal direction from SMR (blood); consistent with methylation affecting expression AND with linkage - HEIDI not run,0.7,0.85
cg15633035,cg15633035_TC21_T1_IL6R,IL6R,24,"Immune, inflammation & HLA",cg15633035,IL6R,-1,higher methylation -> LOWER expression,0.59,catalogue_consensus,A,"0.77-0.87 (tier A, tissues agree)",FALSE,-1,-1,-1,S2,7.971e-19,1,29719,TRUE,-1,2,1,IL6R,-1,0.7056,A,PREDICTED,IL6R,-1,0.4745,A,PREDICTED,RPRM,,0.0131,B,REQUESTED_GENE_UNAVAILABLE,,,,,,,,,,,,,,,"","",0.59,0.205
cg15635095,cg15635095_BC21_T1_AR,AR,4,Sex steroids: receptors & metabolism,cg15635095,AR,,,,no_evidence,,,FALSE,,,,,,,,,,0,,,,,,UNMAPPED,,,,,UNMAPPED,,,,,UNMAPPED,,,,,,,,,,,,,,,"",no catalogue holds this CpG-gene pair and no distance could be computed,,
cg15635600,cg15635600_TC21_T1_DNMT3L,DNMT3L,20,Epigenetic machinery,cg15635600,DNMT3L,,,,no_evidence,,,FALSE,,,,,,,,,,0,,TRPM2,,0.0733,A,REQUESTED_GENE_UNAVAILABLE,TRPM2,,0.0501,A,REQUESTED_GENE_UNAVAILABLE,TRPM2,,0.1124,B,REQUESTED_GENE_UNAVAILABLE,,,,,,,,,,,,,,,"",no catalogue holds this CpG-gene pair and no distance could be computed,,
cg15651566,cg15651566_TC11_T1_AR,AR,4,Sex steroids: receptors & metabolism,cg15651566,AR,,,,no_evidence,,,FALSE,,,,,,,,,,0,,,,,,UNMAPPED,,,,,UNMAPPED,,,,,UNMAPPED,,,,,,,,,,,,,,,"",no catalogue holds this CpG-gene pair and no distance could be computed,,
cg15651941,cg15651941_TC21_T1_KCNQ1OT1,KCNQ1OT1,21,Imprinted genes & DMRs,cg15651941,KCNQ1OT1,,,,no_evidence,,,FALSE,,,,,,,,,,0,,VLDLR,,0.3959,A,REQUESTED_GENE_UNAVAILABLE,CDKN1C,,0.0695,A,REQUESTED_GENE_UNAVAILABLE,CDKN1C,,0.4386,A,REQUESTED_GENE_UNAVAILABLE,,,,,,,,,,,,,,,"",no catalogue holds this CpG-gene pair and no distance could be computed,,
cg15660077,cg15660077_TC21_T1_NLGN2,NLGN2,25,Social-synaptic & psychiatric risk,cg15660077,NLGN2,-1,higher methylation -> LOWER expression,0.4326,catalogue_single,A,"0.62-0.87 (tier A, one tissue only)",FALSE,-1,-1,,,,,,,,1,1,TNK1,,0.2712,A,REQUESTED_GENE_UNAVAILABLE,NLGN2,,0.0501,A,ABSTAIN,NLGN2,-1,0.4326,A,PREDICTED,,,,,,,,,,,,,,,"",only one tissue called; no cross-tissue corroboration,0.4326,0.2837
cg15671083,cg15671083_BC21_T1_UCN3,UCN3,2,HPA axis & glucocorticoid signalling,cg15671083,UCN3,,,,no_evidence,,,FALSE,,,,,,,,,,0,,MIS12,,0.3429,B,REQUESTED_GENE_UNAVAILABLE,NET1,,0.3639,B,REQUESTED_GENE_UNAVAILABLE,MIS12,,0.1667,B,REQUESTED_GENE_UNAVAILABLE,,,,,,,,,,,,,,,"",no catalogue holds this CpG-gene pair and no distance could be computed,,
cg15671450,cg15671450_TC21_T1_HLA_K,HLA-K,24,"Immune, inflammation & HLA",cg15671450,HLA-K,-1,higher methylation -> LOWER expression,1,measured,,"~1.00 (measured, not predicted)",FALSE,-1,-1,-1,S2,2.874e-17,1,506,TRUE,,0,,HLA-K,,0.2712,A,DIRECT_eQTM,HLA-A,,0.0694,A,REQUESTED_GENE_UNAVAILABLE,CDIPT,,0.2027,B,REQUESTED_GENE_UNAVAILABLE,,,,,,,,,,AL645929.2;HCG4B;HLA-J;HLA-K;LOC105379655,blood;nasal_epithelium,AL645929.2:+1;HCG4B:-1;HLA-J:-1;HLA-K:-1;LOC105379655:+1,-1,FALSE,"","",1,0
cg15678121,cg15678121_BC21_T1_PEG3,PEG3,21,Imprinted genes & DMRs,cg15678121,PEG3,,,,no_evidence,,,FALSE,,,,,,,,,,0,,ZNF835,,0.4598,A,REQUESTED_GENE_UNAVAILABLE,,,,,UNMAPPED,,,,,UNMAPPED,,,,,,,,,,,,,,,"",no catalogue holds this CpG-gene pair and no distance could be computed,,
cg15679019,cg15679019_BC21_T1_PPP1R1B,PPP1R1B,8,Dopamine,cg15679019,PPP1R1B,,,,no_evidence,,,FALSE,,,,,,,,,,0,,PGAP3,,0.561,A,REQUESTED_GENE_UNAVAILABLE,PGAP3,,0.6135,A,REQUESTED_GENE_UNAVAILABLE,,,,,UNMAPPED,,,,,,,,,,,,,,,"",no catalogue holds this CpG-gene pair and no distance could be computed,,
cg15687929,cg15687929_BC21_T1_MEF2C,MEF2C,25,Social-synaptic & psychiatric risk,cg15687929,MEF2C,,,,no_evidence,,,FALSE,,,,,,,,,,0,,,,,,UNMAPPED,LINC00461,,0.0695,B,REQUESTED_GENE_UNAVAILABLE,LINC00461,,0.2027,A,REQUESTED_GENE_UNAVAILABLE,,,,,,,,,,,,,,,"",no catalogue holds this CpG-gene pair and no distance could be computed,,
cg15688151,cg15688151_BC21_T1_AVPR2,AVPR2,1,"Oxytocin, vasopressin & CICR",cg15688151,AVPR2,,,,no_evidence,,,FALSE,,,,,,,,,,0,,PNMA6B,,0.1971,A,REQUESTED_GENE_UNAVAILABLE,,,,,UNMAPPED,,,,,UNMAPPED,,,,,,,,,,,,,,,"",no catalogue holds this CpG-gene pair and no distance could be computed,,
cg15688828,cg15688828_TC21_T1_SNRPN,SNRPN,21,Imprinted genes & DMRs,cg15688828,SNRPN,,,,no_evidence,,,FALSE,,,,,,,,,,0,,SNRPN;SNURF,,0.1971,B,REQUESTED_GENE_UNAVAILABLE,,,,,UNMAPPED,,,,,UNMAPPED,,,,,,,,,,,,,,,"",no catalogue holds this CpG-gene pair and no distance could be computed,,
cg15692052,cg15692052_BC21_T1_HTR2A,HTR2A,9,Serotonin,cg15692052,HTR2A,,,,no_evidence,,,FALSE,,,,,,,,,,0,,ESD,,0.058,B,REQUESTED_GENE_UNAVAILABLE,ESD,,0.8169,A,REQUESTED_GENE_UNAVAILABLE,,,,,UNMAPPED,,,,,,,,,,,,,,,"",no catalogue holds this CpG-gene pair and no distance could be computed,,
cg15715889,cg15715889_TC21_T1_POMC,POMC,2,HPA axis & glucocorticoid signalling,cg15715889,POMC,-1,higher methylation -> LOWER expression,0.5807,catalogue_consensus,A,"0.77-0.87 (tier A, tissues agree)",FALSE,-1,-1,,,,,,,-1,3,1,POMC,-1,0.4729,A,PREDICTED,POMC,-1,0.8366,A,PREDICTED,POMC,-1,0.4326,A,PREDICTED,,,,,,,,,,,,,,,"","",0.5807,0.20965
cg15733849,cg15733849_BC21_T1_NTRK2,NTRK2,18,Neurotrophins & activity-dependent plasticity,cg15733849,NTRK2,-1,higher methylation -> LOWER expression,0.9158,catalogue_single,A,"0.62-0.87 (tier A, one tissue only)",FALSE,-1,-1,,,,,,,,1,1,,,,,UNMAPPED,NTRK2,-1,0.9158,A,PREDICTED,NTRK2,,0.0131,A,ABSTAIN,,,,,,,,,,,,,,,"",only one tissue called; no cross-tissue corroboration,0.9158,0.0421
cg15736994,cg15736994_TC21_T1_TDO2,TDO2,15,Kynurenine pathway,cg15736994,TDO2,,,,no_evidence,,,FALSE,,,,,,,,,,0,,,,,,UNMAPPED,CTSO,,0.3409,B,REQUESTED_GENE_UNAVAILABLE,CTSO,,0.0131,B,REQUESTED_GENE_UNAVAILABLE,,,,,,,,,,CTSO,nasal_epithelium,CTSO:-1,,TRUE,"measured association is with CTSO, not the requested gene - check which gene this CpG actually tracks","no catalogue holds this CpG-gene pair and no distance could be computed | measured association is with CTSO, not the requested gene",,
cg15737490,cg15737490_TC21_T1_NLGN3,NLGN3,25,Social-synaptic & psychiatric risk,cg15737490,NLGN3,,,,no_evidence,,,FALSE,,,,,,,,,,0,,,,,,UNMAPPED,,,,,UNMAPPED,,,,,UNMAPPED,,,,,,,,,,,,,,,"",no catalogue holds this CpG-gene pair and no distance could be computed,,
cg15768319,cg15768319_TC21_T1_AKR1C4,AKR1C4,4,Sex steroids: receptors & metabolism,cg15768319,AKR1C4,,,,no_evidence,,,FALSE,,,,,,,,,,0,,LINC02561,,0.289,A,REQUESTED_GENE_UNAVAILABLE,AKR1C3,,0.0695,B,REQUESTED_GENE_UNAVAILABLE,MIS12,,0.0131,B,REQUESTED_GENE_UNAVAILABLE,,,,,,,,,,,,,,,"",no catalogue holds this CpG-gene pair and no distance could be computed,,
cg15786280,cg15786280_TC21_T1_CD38,CD38,1,"Oxytocin, vasopressin & CICR",cg15786280,CD38,,,,no_evidence,,,FALSE,,,,,,,,,,0,,,,,,UNMAPPED,BST1,,0.1556,B,REQUESTED_GENE_UNAVAILABLE,BST1,,0.0131,B,REQUESTED_GENE_UNAVAILABLE,,,,,,,,,,,,,,,"",no catalogue holds this CpG-gene pair and no distance could be computed,,
cg15786972,cg15786972_BC11_T1_GRK2,GRK2,19,GPCR signalling & second messengers,cg15786972,GRK2,,,,no_evidence,,,FALSE,,,,,,,,,,0,,CARNS1,,0.0733,A,REQUESTED_GENE_UNAVAILABLE,POLD4,,0.378,A,REQUESTED_GENE_UNAVAILABLE,CLCF1,,0.0131,B,REQUESTED_GENE_UNAVAILABLE,,,,,,,,,,,,,,,"",no catalogue holds this CpG-gene pair and no distance could be computed,,
cg15806304,cg15806304_BC21_T1_SLC18A2,SLC18A2,11,"Monoamine synthesis, transport & degradation",cg15806304,SLC18A2,-1,higher methylation -> LOWER expression,1,measured,B,"~1.00 (measured, not predicted)",FALSE,-1,-1,-1,S2,1.769e-16,1,19689,TRUE,-1,2,1,SLC18A2,-1,0.4729,A,DIRECT_eQTM,SLC18A2,-1,0.6135,B,PREDICTED,,,,,UNMAPPED,,,,,,,,,,SLC18A2,blood,SLC18A2:-1,-1,FALSE,"","",1,0
cg15812322,cg15812322_BC21_T1_CRY2,CRY2,23,Circadian & melatonin,cg15812322,CRY2,-1,higher methylation -> LOWER expression,,smr_moderate,,"0.84-0.86 (SMR tier S2, single instrument; validated n=6,008)",FALSE,-1,-1,-1,S2,1.224e-166,1,18335,TRUE,,0,,LARGE2,,0.289,A,REQUESTED_GENE_UNAVAILABLE,LARGE2,,0.1453,A,REQUESTED_GENE_UNAVAILABLE,TBKBP1,,0.4431,A,REQUESTED_GENE_UNAVAILABLE,,,,,,,,,,,,,,,"",causal direction from SMR (blood); consistent with methylation affecting expression AND with linkage - HEIDI not run,0.7,0.15
cg15812976,cg15812976_BC21_T1_BAG1,BAG1,2,HPA axis & glucocorticoid signalling,cg15812976,BAG1,,,,no_evidence,,,FALSE,,,,,,,,,,0,,B4GALT1,,0.298,A,REQUESTED_GENE_UNAVAILABLE,B4GALT1,,0.31,B,REQUESTED_GENE_UNAVAILABLE,,,,,UNMAPPED,,,,,,,,,,,,,,,"",no catalogue holds this CpG-gene pair and no distance could be computed,,
cg15829535,cg15829535_BC11_T1_HLA_DPA1,HLA-DPA1,24,"Immune, inflammation & HLA",cg15829535,HLA-DPA1,1,higher methylation -> HIGHER expression,1,measured,A,"~1.00 (measured, not predicted)",FALSE,1,1,,,,,,,1,2,1,HLA-DPA1,1,0.9636,A,DIRECT_eQTM,HLA-DPA1,1,0.8509,A,DIRECT_eQTM,DYNLRB1,,0.1244,B,REQUESTED_GENE_UNAVAILABLE,,,,,,,,,,HLA-DPA1,blood;nasal_epithelium,HLA-DPA1:+1,1,FALSE,"","",1,1
cg15836722,cg15836722_TC21_T1_IL1B,IL1B,24,"Immune, inflammation & HLA",cg15836722,IL1B,,,,no_evidence,,,FALSE,,,,,,,,,,0,,CCDC191,,0.2377,B,REQUESTED_GENE_UNAVAILABLE,,,,,UNMAPPED,,,,,UNMAPPED,,,,,,,,,,,,,,,"",no catalogue holds this CpG-gene pair and no distance could be computed,,
cg15837308,cg15837308_BC21_T1_HLA_DRB9,HLA-DRB9,24,"Immune, inflammation & HLA",cg15837308,HLA-DRB9,1,higher methylation -> HIGHER expression,0.561,catalogue_single,A,"0.62-0.87 (tier A, one tissue only)",FALSE,1,1,,,,,,,,1,1,HLA-DRB9,1,0.561,A,PREDICTED,HLA-DRA,,0.5716,A,REQUESTED_GENE_UNAVAILABLE,NOTCH4,,0.0131,B,REQUESTED_GENE_UNAVAILABLE,,,,,,,,,,HLA-DRB5,blood;nasal_epithelium,HLA-DRB5:+1,,TRUE,"measured association is with HLA-DRB5, not the requested gene - check which gene this CpG actually tracks","only one tissue called; no cross-tissue corroboration | measured association is with HLA-DRB5, not the requested gene",0.561,0.7805
cg15842276,cg15842276_TC21_T1_MTNR1B,MTNR1B,23,Circadian & melatonin,cg15842276,MTNR1B,,,,no_evidence,,,FALSE,,,,,,,,,,0,,,,,,UNMAPPED,,,,,UNMAPPED,,,,,UNMAPPED,,,,,,,,,,,,,,,"",no catalogue holds this CpG-gene pair and no distance could be computed,,
cg15881617,cg15881617_TC11_T1_DEAF1,DEAF1,9,Serotonin,cg15881617,DEAF1,-1,higher methylation -> LOWER expression,0.4782,catalogue_consensus,A,"0.77-0.87 (tier A, tissues agree)",FALSE,-1,-1,,,,,,,-1,2,1,DEAF1,-1,0.3429,A,PREDICTED,DEAF1,-1,0.6135,A,PREDICTED,TALDO1,,0.0131,A,REQUESTED_GENE_UNAVAILABLE,,,,,,,,,,,,,,,"","",0.4782,0.2609
cg15883020,cg15883020_BC21_T1_DEAF1,DEAF1,9,Serotonin,cg15883020,DEAF1,-1,higher methylation -> LOWER expression,0.5581,catalogue_consensus,A,"0.77-0.87 (tier A, tissues agree)",FALSE,-1,-1,,,,,,,-1,2,1,DEAF1,-1,0.4729,A,PREDICTED,DEAF1,-1,0.6433,A,PREDICTED,TALDO1,,0.0131,B,REQUESTED_GENE_UNAVAILABLE,,,,,,,,,,,,,,,"","",0.5581,0.22095
cg15883349,cg15883349_TC21_T1_DEAF1,DEAF1,9,Serotonin,cg15883349,DEAF1,-1,higher methylation -> LOWER expression,0.5348,catalogue_consensus,A,"0.77-0.87 (tier A, tissues agree)",FALSE,-1,-1,,,,,,,-1,2,1,DEAF1,-1,0.7056,A,PREDICTED,DEAF1,-1,0.3639,A,PREDICTED,TALDO1,,0.0131,A,REQUESTED_GENE_UNAVAILABLE,,,,,,,,,,,,,,,"","",0.5348,0.2326
cg15883363,cg15883363_BC21_T1_DEAF1,DEAF1,9,Serotonin,cg15883363,DEAF1,-1,higher methylation -> LOWER expression,0.5348,catalogue_consensus,A,"0.77-0.87 (tier A, tissues agree)",FALSE,-1,-1,,,,,,,-1,2,1,DEAF1,-1,0.7056,A,PREDICTED,DEAF1,-1,0.3639,A,PREDICTED,TALDO1,,0.0131,A,REQUESTED_GENE_UNAVAILABLE,,,,,,,,,,,,,,,"","",0.5348,0.2326
cg15888097,cg15888097_TC21_T1_HTR1E,HTR1E,9,Serotonin,cg15888097,HTR1E,,,,no_evidence,,,FALSE,,,,,,,,,,0,,SRI,,0.2377,B,REQUESTED_GENE_UNAVAILABLE,,,,,UNMAPPED,JPH3,,0.4431,B,REQUESTED_GENE_UNAVAILABLE,,,,,,,,,,,,,,,"",no catalogue holds this CpG-gene pair and no distance could be computed,,
cg15888279,cg15888279_TC11_T1_NR0B1,NR0B1,3,Steroidogenesis (adrenal & gonadal),cg15888279,NR0B1,,,,no_evidence,,,FALSE,,,,,,,,,,0,,,,,,UNMAPPED,,,,,UNMAPPED,,,,,UNMAPPED,,,,,,,,,,,,,,,"",no catalogue holds this CpG-gene pair and no distance could be computed,,
cg15890469,cg15890469_BC21_T1_PGF,PGF,7,"Pregnancy, parturition & lactation",cg15890469,PGF,-1,higher methylation -> LOWER expression,,smr_moderate,,"0.84-0.86 (SMR tier S2, single instrument; validated n=6,008)",FALSE,-1,-1,-1,S2,6.983e-11,1,6666,TRUE,,0,,RPS6KL1,,0.5422,A,REQUESTED_GENE_UNAVAILABLE,RPS6KL1,,0.3771,A,REQUESTED_GENE_UNAVAILABLE,,,,,UNMAPPED,,,,,,,,,,,,,,,"",causal direction from SMR (blood); consistent with methylation affecting expression AND with linkage - HEIDI not run,0.7,0.15
cg15894389,cg15894389_TC21_T1_HTR2A,HTR2A,9,Serotonin,cg15894389,HTR2A,,,,no_evidence,,,FALSE,,,,,,,,,,0,,ESD,,0.058,B,REQUESTED_GENE_UNAVAILABLE,ESD,,0.8457,A,REQUESTED_GENE_UNAVAILABLE,,,,,UNMAPPED,,,,,,,,,,,,,,,"",no catalogue holds this CpG-gene pair and no distance could be computed,,
cg15919431,cg15919431_TC21_T1_HTR4,HTR4,9,Serotonin,cg15919431,HTR4,,,,no_evidence,,,FALSE,,,,,,,,,,0,,,,,,UNMAPPED,,,,,UNMAPPED,,,,,UNMAPPED,,,,,,,,,,,,,,,"",no catalogue holds this CpG-gene pair and no distance could be computed,,
cg15922678,cg15922678_BC21_T1_HLA_F_AS1,HLA-F-AS1,24,"Immune, inflammation & HLA",cg15922678,HLA-F-AS1,-1,higher methylation -> LOWER expression,0.556,catalogue_consensus,A,"0.77-0.87 (tier A, tissues agree)",FALSE,-1,-1,,,,,,,-1,2,1,HLA-F-AS1,-1,0.6537,A,PREDICTED,HLA-F-AS1,-1,0.4583,A,PREDICTED,CDIPT,,0.0131,B,REQUESTED_GENE_UNAVAILABLE,,,,,,,,,,,,,,,"","",0.556,0.222
cg15926420,cg15926420_BC21_T1_CASQ1,CASQ1,1,"Oxytocin, vasopressin & CICR",cg15926420,CASQ1,1,higher methylation -> HIGHER expression,,smr_moderate,,"0.84-0.86 (SMR tier S2, single instrument; validated n=6,008)",FALSE,1,1,1,S2,1.126e-23,1,6308,TRUE,,0,,IFT80,,0.7056,A,REQUESTED_GENE_UNAVAILABLE,IGSF9,,0.0694,B,REQUESTED_GENE_UNAVAILABLE,IGF2R,,0.2027,A,REQUESTED_GENE_UNAVAILABLE,,,,,,,,,,,,,,,"",causal direction from SMR (blood); consistent with methylation affecting expression AND with linkage - HEIDI not run,0.7,0.85
cg15933662,cg15933662_BC21_T1_KCNQ1OT1,KCNQ1OT1,21,Imprinted genes & DMRs,cg15933662,KCNQ1OT1,,,,no_evidence,,,FALSE,,,,,,,,,,0,,VLDLR,,0.0153,A,REQUESTED_GENE_UNAVAILABLE,CDKN1C,,0.1453,B,REQUESTED_GENE_UNAVAILABLE,CDKN1C,,0.2027,A,REQUESTED_GENE_UNAVAILABLE,,,,,,,,,,,,,,,"",no catalogue holds this CpG-gene pair and no distance could be computed,,
cg15940569,cg15940569_TC21_T1_GABRB3,GABRB3,17,GABA & excitation-inhibition balance,cg15940569,GABRB3,1,higher methylation -> HIGHER expression,0.4431,catalogue_single,A,"0.62-0.87 (tier A, one tissue only)",FALSE,1,1,,,,,,,,1,1,,,,,UNMAPPED,GABRB3,,0.4745,B,ABSTAIN,GABRB3,1,0.4431,A,PREDICTED,,,,,,,,,,,,,,,"",only one tissue called; no cross-tissue corroboration,0.4431,0.72155
cg15972506,cg15972506_TC11_T1_SLC6A1,SLC6A1,17,GABA & excitation-inhibition balance,cg15972506,SLC6A1,,,,no_evidence,,,FALSE,,,,,,,,,,0,,TAS2R14,,0.289,B,REQUESTED_GENE_UNAVAILABLE,,,,,UNMAPPED,HRH1,,0.1124,B,REQUESTED_GENE_UNAVAILABLE,,,,,,,,,,,,,,,"",no catalogue holds this CpG-gene pair and no distance could be computed,,
cg15982117,cg15982117_BC11_T1_HLA_DRB1,HLA-DRB1,24,"Immune, inflammation & HLA",cg15982117,HLA-DRB1,-1,higher methylation -> LOWER expression,1,measured,A,"~1.00 (measured, not predicted)",FALSE,-1,-1,-1,S2,2.252e-14,1,21,TRUE,-1,2,1,HLA-DRB1,-1,0.3429,A,DIRECT_eQTM,HLA-DRB1,-1,0.3409,A,PREDICTED,,,,,UNMAPPED,,,,,,,,,,HLA-DQA1;HLA-DQA2;HLA-DQB1;HLA-DRB1;HLA-DRB5;HLA-DRB6,blood;nasal_epithelium,HLA-DQA1:-1;HLA-DQA2:+1;HLA-DQB1:-1;HLA-DRB1:-1;HLA-DRB5:-1;HLA-DRB6:+1,-1,FALSE,"","",1,0
cg15999361,cg15999361_TC21_T1_KLK3,KLK3,4,Sex steroids: receptors & metabolism,cg15999361,KLK3,,,,no_evidence,,,FALSE,,,,,,,,,,0,,KLK1,,0.126,B,REQUESTED_GENE_UNAVAILABLE,KLK6,,0.0695,B,REQUESTED_GENE_UNAVAILABLE,KLK7,,0.0131,B,REQUESTED_GENE_UNAVAILABLE,,,,,,,,,,,,,,,"",no catalogue holds this CpG-gene pair and no distance could be computed,,
cg16028222,cg16028222_BC21_T1_PRKG1,PRKG1,6,Libido & sexual function,cg16028222,PRKG1,-1,higher methylation -> LOWER expression,0.5988,catalogue_single,A,"0.62-0.87 (tier A, one tissue only)",FALSE,-1,-1,,,,,,,,1,1,PRKG1,,0.4729,B,ABSTAIN,,,,,UNMAPPED,PRKG1,-1,0.5988,A,PREDICTED,,,,,,,,,,,,,,,"",only one tissue called; no cross-tissue corroboration,0.5988,0.2006
cg16051228,cg16051228_TC11_T1_TERT,TERT,28,"Ageing, epigenetic clocks & telomere",cg16051228,TERT,,,,no_evidence,,,FALSE,,,,,,,,,,0,,CLPTM1L,,0.6537,A,REQUESTED_GENE_UNAVAILABLE,CLPTM1L,,0.31,B,REQUESTED_GENE_UNAVAILABLE,CLPTM1L,,0.2027,A,REQUESTED_GENE_UNAVAILABLE,,,,,,,,,,,,,,,"",no catalogue holds this CpG-gene pair and no distance could be computed,,
cg16055914,cg16055914_BC21_T1_HLA_L,HLA-L,24,"Immune, inflammation & HLA",cg16055914,HLA-L,,,,tissue_conflict,A,,FALSE,,,,,,,,,,2,0.5,HLA-L,1,0.4517,A,PREDICTED,HLA-L,-1,0.4852,A,PREDICTED,TRIM10,,0.4431,B,REQUESTED_GENE_UNAVAILABLE,,,,,,,,,,,,,,,"",tissues returned opposite directions; not resolved,,
cg16061947,cg16061947_TC21_T1_GRK2,GRK2,19,GPCR signalling & second messengers,cg16061947,GRK2,,,,no_evidence,,,FALSE,,,,,,,,,,0,,CARNS1,,0.298,A,REQUESTED_GENE_UNAVAILABLE,POLD4,,0.0695,A,REQUESTED_GENE_UNAVAILABLE,CLCF1,,0.1474,B,REQUESTED_GENE_UNAVAILABLE,,,,,,,,,,POLD4,nasal_epithelium,POLD4:-1,,TRUE,"measured association is with POLD4, not the requested gene - check which gene this CpG actually tracks","no catalogue holds this CpG-gene pair and no distance could be computed | measured association is with POLD4, not the requested gene",,
cg16081441,cg16081441_BC21_T1_AANAT,AANAT,23,Circadian & melatonin,cg16081441,AANAT,,,,no_evidence,,,FALSE,,,,,,,,,,0,,AC079325.1,,0.2377,A,REQUESTED_GENE_UNAVAILABLE,RHBDF2,,0.3197,A,REQUESTED_GENE_UNAVAILABLE,CYGB,,0.1124,B,REQUESTED_GENE_UNAVAILABLE,,,,,,,,,,,,,,,"",no catalogue holds this CpG-gene pair and no distance could be computed,,
cg16083993,cg16083993_TC21_T1_GRM6,GRM6,16,Glutamate & synaptic scaffolding,cg16083993,GRM6,,,,no_evidence,,,FALSE,,,,,,,,,,0,,ZNF354C,,0.3429,A,REQUESTED_GENE_UNAVAILABLE,ZNF454,,0.2479,B,REQUESTED_GENE_UNAVAILABLE,ZNF354B,,0.0131,B,REQUESTED_GENE_UNAVAILABLE,,,,,,,,,,,,,,,"",no catalogue holds this CpG-gene pair and no distance could be computed,,
cg16104634,cg16104634_TC21_T1_NR0B1,NR0B1,3,Steroidogenesis (adrenal & gonadal),cg16104634,NR0B1,,,,no_evidence,,,FALSE,,,,,,,,,,0,,,,,,UNMAPPED,,,,,UNMAPPED,,,,,UNMAPPED,,,,,,,,,,,,,,,"",no catalogue holds this CpG-gene pair and no distance could be computed,,
cg16131766,cg16131766_BC21_T1_MKRN3,MKRN3,21,Imprinted genes & DMRs,cg16131766,MKRN3,,,,no_evidence,,,FALSE,,,,,,,,,,0,,NR1D2,,0.7056,A,REQUESTED_GENE_UNAVAILABLE,,,,,UNMAPPED,,,,,UNMAPPED,,,,,,,,,,,,,,,"",no catalogue holds this CpG-gene pair and no distance could be computed,,
cg16133930,cg16133930_BC21_T1_MC3R,MC3R,27,Appetite & metabolic programming,cg16133930,MC3R,,,,no_evidence,,,FALSE,,,,,,,,,,0,,,,,,UNMAPPED,CASS4,,0.3197,B,REQUESTED_GENE_UNAVAILABLE,,,,,UNMAPPED,,,,,,,,,,,,,,,"",no catalogue holds this CpG-gene pair and no distance could be computed,,
cg16136068,cg16136068_BC21_T1_NCOA4,NCOA4,4,Sex steroids: receptors & metabolism,cg16136068,NCOA4,,,,no_evidence,,,FALSE,,,,,,,,,,0,,PARG;PARGP1,,0.3429,A,REQUESTED_GENE_UNAVAILABLE,MSMB,,0.3639,A,REQUESTED_GENE_UNAVAILABLE,RAD54L2,,0.2027,B,REQUESTED_GENE_UNAVAILABLE,,,,,,,,,,,,,,,"",no catalogue holds this CpG-gene pair and no distance could be computed,,
cg16144222,cg16144222_TC21_T1_PRKACA,PRKACA,19,GPCR signalling & second messengers,cg16144222,PRKACA,,,,no_evidence,,,FALSE,,,,,,,,,,0,,LOC113230,,0.298,A,REQUESTED_GENE_UNAVAILABLE,IL27RA,,0.6433,A,REQUESTED_GENE_UNAVAILABLE,,,,,UNMAPPED,,,,,,,,,,,,,,,"",no catalogue holds this CpG-gene pair and no distance could be computed,,
cg16145609,cg16145609_BC21_T1_MAOA,MAOA,11,"Monoamine synthesis, transport & degradation",cg16145609,MAOA,,,,no_evidence,,,FALSE,,,,,,,,,,0,,,,,,UNMAPPED,,,,,UNMAPPED,,,,,UNMAPPED,,,,,,,,,,,,,,,"",no catalogue holds this CpG-gene pair and no distance could be computed,,
cg16148956,cg16148956_BC21_T1_OPRK1,OPRK1,12,Opioid & melanocortin,cg16148956,OPRK1,,,,no_evidence,,,FALSE,,,,,,,,,,0,,,,,,UNMAPPED,,,,,UNMAPPED,WDR72,,0.1124,B,REQUESTED_GENE_UNAVAILABLE,,,,,,,,,,,,,,,"",no catalogue holds this CpG-gene pair and no distance could be computed,,
cg16158779,cg16158779_TC21_T1_ANKK1,ANKK1,8,Dopamine,cg16158779,ANKK1,1,higher methylation -> HIGHER expression,,smr_moderate,,"0.84-0.86 (SMR tier S2, single instrument; validated n=6,008)",FALSE,1,1,1,S2,6.002e-72,1,6371,TRUE,,0,,TTC12,,0.3429,A,REQUESTED_GENE_UNAVAILABLE,TTC12,,0.4583,A,REQUESTED_GENE_UNAVAILABLE,,,,,UNMAPPED,,,,,,,,,,,,,,,"",causal direction from SMR (blood); consistent with methylation affecting expression AND with linkage - HEIDI not run,0.7,0.85
cg16190478,cg16190478_BC21_T1_TRPM2,TRPM2,1,"Oxytocin, vasopressin & CICR",cg16190478,TRPM2,1,higher methylation -> HIGHER expression,1,measured,,"~1.00 (measured, not predicted)",FALSE,1,1,1,S1,4.019e-23,2,27383,TRUE,,0,,TRPM2,,0.0365,A,DIRECT_eQTM,TRPM2,,0.0695,A,DIRECT_eQTM,TRPM2,,0.1474,B,ABSTAIN,,,,,,,,,,TRPM2,blood;nasal_epithelium,TRPM2:+1,1,FALSE,"","",1,1
cg16200367,cg16200367_BC21_T1_SLC1A2,SLC1A2,16,Glutamate & synaptic scaffolding,cg16200367,SLC1A2,,,,no_evidence,,,FALSE,,,,,,,,,,0,,,,,,UNMAPPED,CD44,,0.0694,A,REQUESTED_GENE_UNAVAILABLE,UNC13B,,0.0131,B,REQUESTED_GENE_UNAVAILABLE,,,,,,,,,,,,,,,"",no catalogue holds this CpG-gene pair and no distance could be computed,,
cg16200950,cg16200950_BO11_T1_SLC1A2,SLC1A2,16,Glutamate & synaptic scaffolding,cg16200950,SLC1A2,,,,no_evidence,,,FALSE,,,,,,,,,,0,,,,,,UNMAPPED,,,,,UNMAPPED,,,,,UNMAPPED,,,,,,,,,,,,,,,"",no catalogue holds this CpG-gene pair and no distance could be computed,,
cg16200952,cg16200952_BC21_T1_SLC1A2,SLC1A2,16,Glutamate & synaptic scaffolding,cg16200952,SLC1A2,,,,no_evidence,,,FALSE,,,,,,,,,,0,,,,,,UNMAPPED,,,,,UNMAPPED,,,,,UNMAPPED,,,,,,,,,,,,,,,"",no catalogue holds this CpG-gene pair and no distance could be computed,,
cg16200954,cg16200954_BC21_T1_SLC1A2,SLC1A2,16,Glutamate & synaptic scaffolding,cg16200954,SLC1A2,,,,no_evidence,,,FALSE,,,,,,,,,,0,,,,,,UNMAPPED,,,,,UNMAPPED,,,,,UNMAPPED,,,,,,,,,,,,,,,"",no catalogue holds this CpG-gene pair and no distance could be computed,,
cg16243402,cg16243402_BC21_T1_OPRM1,OPRM1,12,Opioid & melanocortin,cg16243402,OPRM1,,,,no_evidence,,,FALSE,,,,,,,,,,0,,,,,,UNMAPPED,,,,,UNMAPPED,,,,,UNMAPPED,,,,,,,,,,,,,,,"",no catalogue holds this CpG-gene pair and no distance could be computed,,
cg16254394,cg16254394_TC21_T1_DIO2,DIO2,26,Thyroid & neurodevelopment,cg16254394,DIO2,,,,no_evidence,,,FALSE,,,,,,,,,,0,,,,,,UNMAPPED,DIO2,,0.0694,A,ABSTAIN,FAH,,0.2027,B,REQUESTED_GENE_UNAVAILABLE,,,,,,,,,,,,,,,"",no catalogue holds this CpG-gene pair and no distance could be computed,,
cg16266219,cg16266219_BC21_T1_TLR4,TLR4,24,"Immune, inflammation & HLA",cg16266219,TLR4,,,,no_evidence,,,FALSE,,,,,,,,,,0,,,,,,UNMAPPED,,,,,UNMAPPED,,,,,UNMAPPED,,,,,,,,,,,,,,,"",no catalogue holds this CpG-gene pair and no distance could be computed,,
cg16267850,cg16267850_TC11_T1_FAAH,FAAH,14,Endocannabinoid,cg16267850,FAAH,-1,higher methylation -> LOWER expression,1,measured,A,"~1.00 (measured, not predicted)",FALSE,-1,-1,-1,S1,8.291e-191,2,9937,TRUE,,2,0.5,FAAH,-1,0.7056,A,DIRECT_eQTM,FAAH,1,0.4765,A,PREDICTED,PLA2G7,,0.0131,B,REQUESTED_GENE_UNAVAILABLE,,,,,,,,,,FAAH,blood,FAAH:-1,-1,FALSE,"","",1,0
cg16281600,cg16281600_BC21_T1_GRIA1,GRIA1,16,Glutamate & synaptic scaffolding,cg16281600,GRIA1,,,,no_evidence,,,FALSE,,,,,,,,,,0,,,,,,UNMAPPED,,,,,UNMAPPED,,,,,UNMAPPED,,,,,,,,,,,,,,,"",no catalogue holds this CpG-gene pair and no distance could be computed,,
cg16290737,cg16290737_TC21_T1_CHGA,CHGA,10,Noradrenaline & sympathetic nervous system,cg16290737,CHGA,,,,no_evidence,,,FALSE,,,,,,,,,,0,,LGMN,,0.2377,B,REQUESTED_GENE_UNAVAILABLE,LGMN,,0.31,B,REQUESTED_GENE_UNAVAILABLE,,,,,UNMAPPED,,,,,,,,,,,,,,,"",no catalogue holds this CpG-gene pair and no distance could be computed,,
cg16302441,cg16302441_TC21_T1_POMC,POMC,2,HPA axis & glucocorticoid signalling,cg16302441,POMC,-1,higher methylation -> LOWER expression,0.6532,catalogue_consensus,A,"0.77-0.87 (tier A, tissues agree)",FALSE,-1,-1,1,S2,3.825e-08,1,4083,FALSE,-1,3,1,POMC,-1,0.4729,A,PREDICTED,POMC,-1,0.8878,A,PREDICTED,POMC,-1,0.5988,A,PREDICTED,,,,,,,,,,,,,,,""," | SMR (causal, blood) says +1 at tier S2 but a stronger layer supplied the opposite sign - inspect before using",0.6532,0.1734
cg16323298,cg16323298_BC21_T1_ELOVL2,ELOVL2,28,"Ageing, epigenetic clocks & telomere",cg16323298,ELOVL2,,,,no_evidence,,,FALSE,,,,,,,,,,0,,SYCP2L,,0.4517,A,REQUESTED_GENE_UNAVAILABLE,TMED1,,0.3409,B,REQUESTED_GENE_UNAVAILABLE,,,,,UNMAPPED,,,,,,,,,,,,,,,"",no catalogue holds this CpG-gene pair and no distance could be computed,,
cg16327961,cg16327961_BC21_T1_TPH2,TPH2,9,Serotonin,cg16327961,TPH2,,,,no_evidence,,,FALSE,,,,,,,,,,0,,,,,,UNMAPPED,,,,,UNMAPPED,ZNF407,,0.1124,B,REQUESTED_GENE_UNAVAILABLE,,,,,,,,,,,,,,,"",no catalogue holds this CpG-gene pair and no distance could be computed,,
cg16334076,cg16334076_TC21_T1_AGRP,AGRP,27,Appetite & metabolic programming,cg16334076,AGRP,,,,no_evidence,,,FALSE,,,,,,,,,,0,,ATP6V0D1,,0.0733,A,REQUESTED_GENE_UNAVAILABLE,ATP6V0D1,,0.4852,A,REQUESTED_GENE_UNAVAILABLE,ATP6V0D1,,0.4326,A,REQUESTED_GENE_UNAVAILABLE,,,,,,,,,,,,,,,"",no catalogue holds this CpG-gene pair and no distance could be computed,,
cg16364145,cg16364145_TC21_T1_FOXA1,FOXA1,4,Sex steroids: receptors & metabolism,cg16364145,FOXA1,,,,no_evidence,,,FALSE,,,,,,,,,,0,,STARD3NL,,0.2377,B,REQUESTED_GENE_UNAVAILABLE,TTC6,,0.6135,A,REQUESTED_GENE_UNAVAILABLE,TTC6,,0.7143,A,REQUESTED_GENE_UNAVAILABLE,,,,,,,,,,,,,,,"",no catalogue holds this CpG-gene pair and no distance could be computed,,
cg16366985,cg16366985_BC21_T1_CSH1,CSH1,7,"Pregnancy, parturition & lactation",cg16366985,CSH1,,,,no_evidence,,,FALSE,,,,,,,,,,0,,CSH1;CSHL1,,0.2377,A,REQUESTED_GENE_UNAVAILABLE,ICAM2,,0.3409,B,REQUESTED_GENE_UNAVAILABLE,ICAM2,,0.0131,B,REQUESTED_GENE_UNAVAILABLE,,,,,,,,,,,,,,,"",no catalogue holds this CpG-gene pair and no distance could be computed,,
cg16371860,cg16371860_BC11_T1_TMPRSS2,TMPRSS2,4,Sex steroids: receptors & metabolism,cg16371860,TMPRSS2,,,,no_evidence,,,FALSE,,,,,,,,,,0,,MX1,,0.058,A,REQUESTED_GENE_UNAVAILABLE,MX1,,0.0694,B,REQUESTED_GENE_UNAVAILABLE,MX1,,0.1124,B,REQUESTED_GENE_UNAVAILABLE,,,,,,,,,,,,,,,"",no catalogue holds this CpG-gene pair and no distance could be computed,,
cg16372520,cg16372520_BC21_T1_NRXN3,NRXN3,25,Social-synaptic & psychiatric risk,cg16372520,NRXN3,,,,no_evidence,,,FALSE,,,,,,,,,,0,,,,,,UNMAPPED,NRXN3,,0.1556,B,ABSTAIN,,,,,UNMAPPED,,,,,,,,,,,,,,,"",no catalogue holds this CpG-gene pair and no distance could be computed,,
cg16375547,cg16375547_BC21_T1_GRID1,GRID1,16,Glutamate & synaptic scaffolding,cg16375547,GRID1,,,,no_evidence,,,FALSE,,,,,,,,,,0,,LINC00863,,0.0365,B,REQUESTED_GENE_UNAVAILABLE,,,,,UNMAPPED,,,,,UNMAPPED,,,,,,,,,,,,,,,"",no catalogue holds this CpG-gene pair and no distance could be computed,,
cg16376748,cg16376748_BC21_T1_FDXR,FDXR,3,Steroidogenesis (adrenal & gonadal),cg16376748,FDXR,,,,no_evidence,,,FALSE,,,,,,,,,,0,,ARHGEF28,,0.0365,B,REQUESTED_GENE_UNAVAILABLE,NAT9,,0.3409,B,REQUESTED_GENE_UNAVAILABLE,SLC16A5,,0.1815,B,REQUESTED_GENE_UNAVAILABLE,,,,,,,,,,,,,,,"",no catalogue holds this CpG-gene pair and no distance could be computed,,
cg16403559,cg16403559_TC21_T1_MME,MME,12,Opioid & melanocortin,cg16403559,MME,,,,no_evidence,,,FALSE,,,,,,,,,,0,,,,,,UNMAPPED,,,,,UNMAPPED,,,,,UNMAPPED,,,,,,,,,,,,,,,"",no catalogue holds this CpG-gene pair and no distance could be computed,,
cg16405454,cg16405454_TC21_T1_ANKK1,ANKK1,8,Dopamine,cg16405454,ANKK1,1,higher methylation -> HIGHER expression,,smr_moderate,,"0.84-0.86 (SMR tier S2, single instrument; validated n=6,008)",FALSE,1,1,1,S2,2.458e-32,1,6603,TRUE,,0,,TTC12,,0.3429,A,REQUESTED_GENE_UNAVAILABLE,TTC12,,0.4583,A,REQUESTED_GENE_UNAVAILABLE,,,,,UNMAPPED,,,,,,,,,,,,,,,"",causal direction from SMR (blood); consistent with methylation affecting expression AND with linkage - HEIDI not run,0.7,0.85
cg16407255,cg16407255_BC21_T1_GRIA1,GRIA1,16,Glutamate & synaptic scaffolding,cg16407255,GRIA1,,,,no_evidence,,,FALSE,,,,,,,,,,0,,,,,,UNMAPPED,,,,,UNMAPPED,,,,,UNMAPPED,,,,,,,,,,,,,,,"",no catalogue holds this CpG-gene pair and no distance could be computed,,
cg16410115,cg16410115_TC21_T1_CNR2,CNR2,14,Endocannabinoid,cg16410115,CNR2,,,,no_evidence,,,FALSE,,,,,,,,,,0,,GALE,,0.3429,A,REQUESTED_GENE_UNAVAILABLE,GALE,,0.0695,A,REQUESTED_GENE_UNAVAILABLE,,,,,UNMAPPED,,,,,,,,,,,,,,,"",no catalogue holds this CpG-gene pair and no distance could be computed,,
cg16411340,cg16411340_BC21_T1_ADCY3,ADCY3,19,GPCR signalling & second messengers,cg16411340,ADCY3,,,,no_evidence,,,FALSE,,,,,,,,,,0,,SRRM1,,0.1291,A,REQUESTED_GENE_UNAVAILABLE,PTRHD1,,0.3639,A,REQUESTED_GENE_UNAVAILABLE,SRRM1,,0.1815,A,REQUESTED_GENE_UNAVAILABLE,,,,,,,,,,,,,,,"",no catalogue holds this CpG-gene pair and no distance could be computed,,
cg16427534,cg16427534_BC21_T1_NFE2L2,NFE2L2,29,Oxidative stress & mitochondria,cg16427534,NFE2L2,,,,no_evidence,,,FALSE,,,,,,,,,,0,,,,,,UNMAPPED,,,,,UNMAPPED,,,,,UNMAPPED,,,,,,,,,,,,,,,"",no catalogue holds this CpG-gene pair and no distance could be computed,,
cg16432050,cg16432050_BC21_T1_IGF2,IGF2,21,Imprinted genes & DMRs,cg16432050,IGF2,,,,no_evidence,,,FALSE,,,,,,,,,,0,,MAD1L1,,0.1971,A,REQUESTED_GENE_UNAVAILABLE,CD81,,0.3639,A,REQUESTED_GENE_UNAVAILABLE,MAD1L1,,0.0131,B,REQUESTED_GENE_UNAVAILABLE,,,,,,,,,,,,,,,"",no catalogue holds this CpG-gene pair and no distance could be computed,,
cg16457170,cg16457170_BC21_T1_NRXN2,NRXN2,25,Social-synaptic & psychiatric risk,cg16457170,NRXN2,,,,no_evidence,,,FALSE,,,,,,,,,,0,,AP003774.3,,0.2377,B,REQUESTED_GENE_UNAVAILABLE,DAPK2,,0.0694,A,REQUESTED_GENE_UNAVAILABLE,SYNE2,,0.0131,B,REQUESTED_GENE_UNAVAILABLE,,,,,,,,,,,,,,,"",no catalogue holds this CpG-gene pair and no distance could be computed,,
cg16470128,cg16470128_TC21_T1_PPARG,PPARG,27,Appetite & metabolic programming,cg16470128,PPARG,,,,no_evidence,,,FALSE,,,,,,,,,,0,,,,,,UNMAPPED,,,,,UNMAPPED,RAF1,,0.0131,B,REQUESTED_GENE_UNAVAILABLE,,,,,,,,,,,,,,,"",no catalogue holds this CpG-gene pair and no distance could be computed,,
cg16511517,cg16511517_TC21_T1_GRK2,GRK2,19,GPCR signalling & second messengers,cg16511517,GRK2,,,,no_evidence,,,FALSE,,,,,,,,,,0,,CARNS1,,0.1971,A,REQUESTED_GENE_UNAVAILABLE,POLD4,,0.0695,A,REQUESTED_GENE_UNAVAILABLE,CLCF1,,0.0131,B,REQUESTED_GENE_UNAVAILABLE,,,,,,,,,,,,,,,"",no catalogue holds this CpG-gene pair and no distance could be computed,,
cg16525610,cg16525610_BC21_T1_POT1,POT1,28,"Ageing, epigenetic clocks & telomere",cg16525610,POT1,,,,no_evidence,,,FALSE,,,,,,,,,,0,,,,,,UNMAPPED,,,,,UNMAPPED,,,,,UNMAPPED,,,,,,,,,,,,,,,"",no catalogue holds this CpG-gene pair and no distance could be computed,,
cg16528638,cg16528638_TC21_T1_PRKACB,PRKACB,19,GPCR signalling & second messengers,cg16528638,PRKACB,,,,no_evidence,,,FALSE,,,,,,,,,,0,,USP10,,0.289,B,REQUESTED_GENE_UNAVAILABLE,PRKACB,,0.0694,B,ABSTAIN,,,,,UNMAPPED,,,,,,,,,,,,,,,"",no catalogue holds this CpG-gene pair and no distance could be computed,,
cg16536918,cg16536918_TC21_T1_AVP,AVP,1,"Oxytocin, vasopressin & CICR",cg16536918,AVP,-1,higher methylation -> LOWER expression,0.3467,catalogue_single,A,"0.62-0.87 (tier A, one tissue only)",FALSE,-1,-1,,,,,,,,1,1,AVP,-1,0.3467,A,PREDICTED,,,,,UNMAPPED,,,,,UNMAPPED,,,,,,,,,,,,,,,"",only one tissue called; no cross-tissue corroboration,0.3467,0.32665
cg16545105,cg16545105_TC21_T1_CRHBP,CRHBP,2,HPA axis & glucocorticoid signalling,cg16545105,CRHBP,,,,no_evidence,,,FALSE,,,,,,,,,,0,,S100Z,,0.2377,B,REQUESTED_GENE_UNAVAILABLE,,,,,UNMAPPED,,,,,UNMAPPED,,,,,,,,,,,,,,,"",no catalogue holds this CpG-gene pair and no distance could be computed,,
cg16576714,cg16576714_TC21_T1_EGR3,EGR3,18,Neurotrophins & activity-dependent plasticity,cg16576714,EGR3,,,,no_evidence,,,FALSE,,,,,,,,,,0,,PPP3CC,,0.52,A,REQUESTED_GENE_UNAVAILABLE,PDLIM2,,0.8457,A,REQUESTED_GENE_UNAVAILABLE,,,,,UNMAPPED,,,,,,,,,,,,,,,"",no catalogue holds this CpG-gene pair and no distance could be computed,,
cg16576800,cg16576800_BC21_T1_SHANK2,SHANK2,16,Glutamate & synaptic scaffolding,cg16576800,SHANK2,,,,no_evidence,,,FALSE,,,,,,,,,,0,,COL19A1,,0.289,B,REQUESTED_GENE_UNAVAILABLE,SHANK2,,0.3409,B,ABSTAIN,SHANK2,,0.1124,A,ABSTAIN,,,,,,,,,,,,,,,"",no catalogue holds this CpG-gene pair and no distance could be computed,,
cg16580391,cg16580391_TC11_T1_HLA_DPB2,HLA-DPB2,24,"Immune, inflammation & HLA",cg16580391,HLA-DPB2,,,,no_evidence,,,FALSE,,,,,,,,,,0,,DYNLRB1,,0.9394,A,REQUESTED_GENE_UNAVAILABLE,HLA-DPB1,,0.6327,A,REQUESTED_GENE_UNAVAILABLE,DYNLRB1,,0.0131,A,REQUESTED_GENE_UNAVAILABLE,,,,,,,,,,HLA-DPA1;HLA-DPB1,blood,HLA-DPA1:+1;HLA-DPB1:+1,,TRUE,"measured association is with HLA-DPA1;HLA-DPB1, not the requested gene - check which gene this CpG actually tracks","no catalogue holds this CpG-gene pair and no distance could be computed | measured association is with HLA-DPA1;HLA-DPB1, not the requested gene",,
cg16586594,cg16586594_TC21_T1_ABAT,ABAT,17,GABA & excitation-inhibition balance,cg16586594,ABAT,1,higher methylation -> HIGHER expression,1,measured,A,"~1.00 (measured, not predicted)",FALSE,1,1,1,S2,1.031e-61,1,16858,TRUE,,1,1,ABAT,1,1,A,DIRECT_eQTM,ABAT,,0.1453,B,ABSTAIN,RERE,,0.3688,B,REQUESTED_GENE_UNAVAILABLE,,,,,,,,,,ABAT,blood,ABAT:+1,1,FALSE,"","",1,1
cg16589192,cg16589192_BC21_T1_NADSYN1,NADSYN1,15,Kynurenine pathway,cg16589192,NADSYN1,,,,no_evidence,,,FALSE,,,,,,,,,,0,,FAM104A,,0.058,A,REQUESTED_GENE_UNAVAILABLE,,,,,UNMAPPED,,,,,UNMAPPED,,,,,,,,,,,,,,,"",no catalogue holds this CpG-gene pair and no distance could be computed,,
cg16604553,cg16604553_BC21_T1_SLC1A1,SLC1A1,16,Glutamate & synaptic scaffolding,cg16604553,SLC1A1,,,,no_evidence,,,FALSE,,,,,,,,,,0,,GLIS3,,0.0365,A,REQUESTED_GENE_UNAVAILABLE,GLIS3,,0.1453,B,REQUESTED_GENE_UNAVAILABLE,,,,,UNMAPPED,,,,,,,,,,,,,,,"",no catalogue holds this CpG-gene pair and no distance could be computed,,
cg16614020,cg16614020_TC21_T1_SLC6A3,SLC6A3,8,Dopamine,cg16614020,SLC6A3,,,,no_evidence,,,FALSE,,,,,,,,,,0,,INPP5K,,0.1971,B,REQUESTED_GENE_UNAVAILABLE,CLPTM1L,,0.1455,B,REQUESTED_GENE_UNAVAILABLE,CLPTM1L,,0.0131,B,REQUESTED_GENE_UNAVAILABLE,,,,,,,,,,,,,,,"",no catalogue holds this CpG-gene pair and no distance could be computed,,
cg16617674,cg16617674_TC21_T1_SLC12A5,SLC12A5,17,GABA & excitation-inhibition balance,cg16617674,SLC12A5,,,,no_evidence,,,FALSE,,,,,,,,,,0,,CD40,,0.289,A,REQUESTED_GENE_UNAVAILABLE,MMP9,,0.4852,A,REQUESTED_GENE_UNAVAILABLE,PLTP,,0.1244,A,REQUESTED_GENE_UNAVAILABLE,,,,,,,,,,,,,,,"",no catalogue holds this CpG-gene pair and no distance could be computed,,
cg16632868,cg16632868_BC21_T1_FSHB,FSHB,5,"HPG axis, puberty & KNDy",cg16632868,FSHB,,,,no_evidence,,,FALSE,,,,,,,,,,0,,,,,,UNMAPPED,,,,,UNMAPPED,,,,,UNMAPPED,,,,,,,,,,,,,,,"",no catalogue holds this CpG-gene pair and no distance could be computed,,
cg16648571,cg16648571_BC11_T1_NNAT,NNAT,21,Imprinted genes & DMRs,cg16648571,NNAT,,,,no_evidence,,,FALSE,,,,,,,,,,0,,,,,,UNMAPPED,BLCAP,,0.0695,A,REQUESTED_GENE_UNAVAILABLE,SRC,,0.1815,B,REQUESTED_GENE_UNAVAILABLE,,,,,,,,,,,,,,,"",no catalogue holds this CpG-gene pair and no distance could be computed,,
cg16656826,cg16656826_TC21_T1_ADRA1B,ADRA1B,10,Noradrenaline & sympathetic nervous system,cg16656826,ADRA1B,,,,no_evidence,,,FALSE,,,,,,,,,,0,,,,,,UNMAPPED,TTC1,,0.3409,B,REQUESTED_GENE_UNAVAILABLE,PWWP2A,,0.0131,B,REQUESTED_GENE_UNAVAILABLE,,,,,,,,,,,,,,,"",no catalogue holds this CpG-gene pair and no distance could be computed,,
cg16671069,cg16671069_BC21_T1_GRM1,GRM1,16,Glutamate & synaptic scaffolding,cg16671069,GRM1,,,,no_evidence,,,FALSE,,,,,,,,,,0,,,,,,UNMAPPED,,,,,UNMAPPED,SHPRH,,0.1474,B,REQUESTED_GENE_UNAVAILABLE,,,,,,,,,,,,,,,"",no catalogue holds this CpG-gene pair and no distance could be computed,,
cg16679650,cg16679650_BC21_T1_CNR2,CNR2,14,Endocannabinoid,cg16679650,CNR2,,,,no_evidence,,,FALSE,,,,,,,,,,0,,GALE,,0.3429,A,REQUESTED_GENE_UNAVAILABLE,GALE,,0.0695,A,REQUESTED_GENE_UNAVAILABLE,,,,,UNMAPPED,,,,,,,,,,,,,,,"",no catalogue holds this CpG-gene pair and no distance could be computed,,
cg16679837,cg16679837_BC11_T1_AR,AR,4,Sex steroids: receptors & metabolism,cg16679837,AR,,,,no_evidence,,,FALSE,,,,,,,,,,0,,,,,,UNMAPPED,,,,,UNMAPPED,,,,,UNMAPPED,,,,,,,,,,,,,,,"",no catalogue holds this CpG-gene pair and no distance could be computed,,
cg16709353,cg16709353_TC11_T1_TPCN2,TPCN2,1,"Oxytocin, vasopressin & CICR",cg16709353,TPCN2,1,higher methylation -> HIGHER expression,,smr_weak,,"0.66-0.75 (SMR tier S3, instruments disagree; validated n=456)",FALSE,1,1,1,S3,4.208e-69,2,19599,TRUE,,0,,MRGPRF-AS1,,0.4648,A,REQUESTED_GENE_UNAVAILABLE,MRPL21,,0.139,A,REQUESTED_GENE_UNAVAILABLE,,,,,UNMAPPED,,,,,,,,,,,,,,,"",causal direction from SMR (blood); consistent with methylation affecting expression AND with linkage - HEIDI not run,0.7,0.85
cg16715977,cg16715977_TC21_T1_DLG2,DLG2,16,Glutamate & synaptic scaffolding,cg16715977,DLG2,,,,no_evidence,,,FALSE,,,,,,,,,,0,,,,,,UNMAPPED,TMEM126B,,0.3409,B,REQUESTED_GENE_UNAVAILABLE,ZSCAN2,,0.0131,B,REQUESTED_GENE_UNAVAILABLE,,,,,,,,,,,,,,,"",no catalogue holds this CpG-gene pair and no distance could be computed,,
cg16716320,cg16716320_TC21_T1_NTRK3,NTRK3,18,Neurotrophins & activity-dependent plasticity,cg16716320,NTRK3,,,,no_evidence,,,FALSE,,,,,,,,,,0,,BMPR1A,,0.1934,B,REQUESTED_GENE_UNAVAILABLE,,,,,UNMAPPED,,,,,UNMAPPED,,,,,,,,,,,,,,,"",no catalogue holds this CpG-gene pair and no distance could be computed,,
cg16742703,cg16742703_BC21_T1_KLK3,KLK3,4,Sex steroids: receptors & metabolism,cg16742703,KLK3,,,,no_evidence,,,FALSE,,,,,,,,,,0,,KLK1,,0.1852,A,REQUESTED_GENE_UNAVAILABLE,KLK6,,0.0695,B,REQUESTED_GENE_UNAVAILABLE,KLK7,,0.0131,B,REQUESTED_GENE_UNAVAILABLE,,,,,,,,,,,,,,,"",no catalogue holds this CpG-gene pair and no distance could be computed,,
cg16744168,cg16744168_TC21_T1_PPP1R1B,PPP1R1B,8,Dopamine,cg16744168,PPP1R1B,,,,no_evidence,,,FALSE,,,,,,,,,,0,,PGAP3,,0.289,A,REQUESTED_GENE_UNAVAILABLE,PGAP3,,0.4852,A,REQUESTED_GENE_UNAVAILABLE,,,,,UNMAPPED,,,,,,,,,,,,,,,"",no catalogue holds this CpG-gene pair and no distance could be computed,,
cg16757984,cg16757984_TC21_T1_NR1D1,NR1D1,23,Circadian & melatonin,cg16757984,NR1D1,1,higher methylation -> HIGHER expression,,smr_moderate,,"0.84-0.86 (SMR tier S2, single instrument; validated n=6,008)",FALSE,1,1,1,S2,2.002e-12,1,4927,TRUE,,0,,RAPGEFL1,,0.0153,A,REQUESTED_GENE_UNAVAILABLE,MSL1,,0.0695,A,REQUESTED_GENE_UNAVAILABLE,MED24,,0.1124,A,REQUESTED_GENE_UNAVAILABLE,,,,,,,,,,,,,,,"",causal direction from SMR (blood); consistent with methylation affecting expression AND with linkage - HEIDI not run,0.7,0.85
cg16769226,cg16769226_BC21_T1_DRD1,DRD1,8,Dopamine,cg16769226,DRD1,,,,no_evidence,,,FALSE,,,,,,,,,,0,,,,,,UNMAPPED,,,,,UNMAPPED,,,,,UNMAPPED,,,,,,,,,,,,,,,"",no catalogue holds this CpG-gene pair and no distance could be computed,,
cg16812503,cg16812503_BC21_T1_DEAF1,DEAF1,9,Serotonin,cg16812503,DEAF1,-1,higher methylation -> LOWER expression,0.5348,catalogue_consensus,A,"0.77-0.87 (tier A, tissues agree)",FALSE,-1,-1,,,,,,,-1,2,1,DEAF1,-1,0.7056,A,PREDICTED,DEAF1,-1,0.3639,A,PREDICTED,TALDO1,,0.0131,A,REQUESTED_GENE_UNAVAILABLE,,,,,,,,,,,,,,,"","",0.5348,0.2326
cg16814786,cg16814786_TC21_T1_NCOA4,NCOA4,4,Sex steroids: receptors & metabolism,cg16814786,NCOA4,,,,no_evidence,,,FALSE,,,,,,,,,,0,,PARG;PARGP1,,0.7056,A,REQUESTED_GENE_UNAVAILABLE,MSMB,,0.3771,A,REQUESTED_GENE_UNAVAILABLE,RAD54L2,,0.4386,B,REQUESTED_GENE_UNAVAILABLE,,,,,,,,,,AGAP4;PARG;PARGP1;AGAP6;AGAP4;AGAP7P,blood,AGAP4;PARG;PARGP1:-1;AGAP6;AGAP4:-1;AGAP7P:-1,,TRUE,"measured association is with AGAP4;PARG;PARGP1;AGAP6;AGAP4;AGAP7P, not the requested gene - check which gene this CpG actually tracks","no catalogue holds this CpG-gene pair and no distance could be computed | measured association is with AGAP4;PARG;PARGP1;AGAP6;AGAP4;AGAP7P, not the requested gene",,
cg16816606,cg16816606_BC21_T1_PGR,PGR,4,Sex steroids: receptors & metabolism,cg16816606,PGR,,,,no_evidence,,,FALSE,,,,,,,,,,0,,LOC101054525,,0.289,B,REQUESTED_GENE_UNAVAILABLE,,,,,UNMAPPED,,,,,UNMAPPED,,,,,,,,,,,,,,,"",no catalogue holds this CpG-gene pair and no distance could be computed,,
cg16816959,cg16816959_BC21_T1_PGR,PGR,4,Sex steroids: receptors & metabolism,cg16816959,PGR,,,,no_evidence,,,FALSE,,,,,,,,,,0,,LOC101054525,,0.4729,B,REQUESTED_GENE_UNAVAILABLE,,,,,UNMAPPED,,,,,UNMAPPED,,,,,,,,,,,,,,,"",no catalogue holds this CpG-gene pair and no distance could be computed,,
cg16816960,cg16816960_TC21_T1_PGR,PGR,4,Sex steroids: receptors & metabolism,cg16816960,PGR,,,,no_evidence,,,FALSE,,,,,,,,,,0,,LOC101054525,,0.4729,B,REQUESTED_GENE_UNAVAILABLE,,,,,UNMAPPED,,,,,UNMAPPED,,,,,,,,,,,,,,,"",no catalogue holds this CpG-gene pair and no distance could be computed,,
cg16833551,cg16833551_TC21_T1_GNAS,GNAS,19,GPCR signalling & second messengers,cg16833551,GNAS,,,,no_evidence,,,FALSE,,,,,,,,,,0,,CTSZ,,0.4648,A,REQUESTED_GENE_UNAVAILABLE,CTSZ,,0.3409,B,REQUESTED_GENE_UNAVAILABLE,,,,,UNMAPPED,,,,,,,,,,,,,,,"",no catalogue holds this CpG-gene pair and no distance could be computed,,
cg16844661,cg16844661_TC21_T1_TH,TH,11,"Monoamine synthesis, transport & degradation",cg16844661,TH,,,,no_evidence,,,FALSE,,,,,,,,,,0,,MAD1L1,,0.0733,A,REQUESTED_GENE_UNAVAILABLE,CD81,,0.4852,A,REQUESTED_GENE_UNAVAILABLE,MAD1L1,,0.0131,B,REQUESTED_GENE_UNAVAILABLE,,,,,,,,,,,,,,,"",no catalogue holds this CpG-gene pair and no distance could be computed,,
cg16854275,cg16854275_TC21_T1_PNOC,PNOC,12,Opioid & melanocortin,cg16854275,PNOC,-1,higher methylation -> LOWER expression,0.3429,catalogue_single,A,"0.62-0.87 (tier A, one tissue only)",FALSE,-1,-1,,,,,,,,1,1,PNOC,-1,0.3429,A,PREDICTED,,,,,UNMAPPED,PNOC,,0.2027,A,ABSTAIN,,,,,,,,,,,,,,,"",only one tissue called; no cross-tissue corroboration,0.3429,0.32855
cg16867657,cg16867657_BC11_T1_ELOVL2,ELOVL2,28,"Ageing, epigenetic clocks & telomere",cg16867657,ELOVL2,,,,no_evidence,,,FALSE,,,,,,,,,,0,,SYCP2L,,0.4517,A,REQUESTED_GENE_UNAVAILABLE,TMED1,,0.3409,B,REQUESTED_GENE_UNAVAILABLE,,,,,UNMAPPED,,,,,,,,,,,,,,,"",no catalogue holds this CpG-gene pair and no distance could be computed,,
cg16867657,cg16867657_BC12_T1_ELOVL2,ELOVL2,28,"Ageing, epigenetic clocks & telomere",cg16867657,ELOVL2,,,,no_evidence,,,FALSE,,,,,,,,,,0,,SYCP2L,,0.4517,A,REQUESTED_GENE_UNAVAILABLE,TMED1,,0.3409,B,REQUESTED_GENE_UNAVAILABLE,,,,,UNMAPPED,,,,,,,,,,,,,,,"",no catalogue holds this CpG-gene pair and no distance could be computed,,
cg16887334,cg16887334_BC11_T1_OXT,OXT,1,"Oxytocin, vasopressin & CICR",cg16887334,OXT,,,,no_evidence,,,FALSE,,,,,,,,,,0,,AVP,,0.4598,A,REQUESTED_GENE_UNAVAILABLE,,,,,UNMAPPED,,,,,UNMAPPED,,,,,,,,,,,,,,,"",no catalogue holds this CpG-gene pair and no distance could be computed,,
cg16888658,cg16888658_BC21_T1_ADCY3,ADCY3,19,GPCR signalling & second messengers,cg16888658,ADCY3,1,higher methylation -> HIGHER expression,,smr_moderate,,"0.84-0.86 (SMR tier S2, single instrument; validated n=6,008)",FALSE,1,1,1,S2,1.33e-16,1,49744,TRUE,,0,,SRRM1,,0.1897,A,REQUESTED_GENE_UNAVAILABLE,PTRHD1,,0.3771,A,REQUESTED_GENE_UNAVAILABLE,SRRM1,,0.4431,A,REQUESTED_GENE_UNAVAILABLE,,,,,,,,,,,,,,,"",causal direction from SMR (blood); consistent with methylation affecting expression AND with linkage - HEIDI not run,0.7,0.85
cg16896038,cg16896038_TC21_T1_IL18,IL18,24,"Immune, inflammation & HLA",cg16896038,IL18,-1,higher methylation -> LOWER expression,0.7056,catalogue_single,A,"0.62-0.87 (tier A, one tissue only)",FALSE,-1,-1,,,,,,,,1,1,IL18,-1,0.7056,A,PREDICTED,PTS,,0.0695,A,REQUESTED_GENE_UNAVAILABLE,,,,,UNMAPPED,,,,,,,,,,,,,,,"",only one tissue called; no cross-tissue corroboration,0.7056,0.1472
cg16896519,cg16896519_BC21_T1_PTS,PTS,11,"Monoamine synthesis, transport & degradation",cg16896519,PTS,-1,higher methylation -> LOWER expression,0.4583,catalogue_single,A,"0.62-0.87 (tier A, one tissue only)",FALSE,-1,-1,,,,,,,,1,1,LOC100132686,,0.2336,A,REQUESTED_GENE_UNAVAILABLE,PTS,-1,0.4583,A,PREDICTED,,,,,UNMAPPED,,,,,,,,,,,,,,,"",only one tissue called; no cross-tissue corroboration,0.4583,0.27085
cg16907400,cg16907400_BC21_T1_AMH,AMH,5,"HPG axis, puberty & KNDy",cg16907400,AMH,,,,no_evidence,,,FALSE,,,,,,,,,,0,,JSRP1,,0.4598,A,REQUESTED_GENE_UNAVAILABLE,PLEKHJ1,,0.9158,A,REQUESTED_GENE_UNAVAILABLE,PLEKHJ1,,0.1667,A,REQUESTED_GENE_UNAVAILABLE,,,,,,,,,,,,,,,"",no catalogue holds this CpG-gene pair and no distance could be computed,,
cg16911196,cg16911196_BC21_T1_HTR3B,HTR3B,9,Serotonin,cg16911196,HTR3B,,,,no_evidence,,,FALSE,,,,,,,,,,0,,,,,,UNMAPPED,,,,,UNMAPPED,,,,,UNMAPPED,,,,,,,,,,,,,,,"",no catalogue holds this CpG-gene pair and no distance could be computed,,
cg16912838,cg16912838_BC21_T1_FKBP5,FKBP5,2,HPA axis & glucocorticoid signalling,cg16912838,FKBP5,,,,no_evidence,,,FALSE,,,,,,,,,,0,,,,,,UNMAPPED,FKBP5,,0.3409,B,ABSTAIN,FKBP5,,0.0131,B,ABSTAIN,,,,,,,,,,,,,,,"",no catalogue holds this CpG-gene pair and no distance could be computed,,
cg16913097,cg16913097_BC21_T1_ZBTB16,ZBTB16,2,HPA axis & glucocorticoid signalling,cg16913097,ZBTB16,,,,no_evidence,,,FALSE,,,,,,,,,,0,,,,,,UNMAPPED,,,,,UNMAPPED,MARCKS,,0.2027,A,REQUESTED_GENE_UNAVAILABLE,,,,,,,,,,,,,,,"",no catalogue holds this CpG-gene pair and no distance could be computed,,
cg16914985,cg16914985_TC11_T1_ZBTB16,ZBTB16,2,HPA axis & glucocorticoid signalling,cg16914985,ZBTB16,,,,no_evidence,,,FALSE,,,,,,,,,,0,,,,,,UNMAPPED,,,,,UNMAPPED,MARCKS,,0.0131,B,REQUESTED_GENE_UNAVAILABLE,,,,,,,,,,,,,,,"",no catalogue holds this CpG-gene pair and no distance could be computed,,
cg16914991,cg16914991_BC21_T1_ZBTB16,ZBTB16,2,HPA axis & glucocorticoid signalling,cg16914991,ZBTB16,,,,no_evidence,,,FALSE,,,,,,,,,,0,,,,,,UNMAPPED,,,,,UNMAPPED,MARCKS,,0.0131,B,REQUESTED_GENE_UNAVAILABLE,,,,,,,,,,,,,,,"",no catalogue holds this CpG-gene pair and no distance could be computed,,
cg16921789,cg16921789_TC21_T1_HTR1F,HTR1F,9,Serotonin,cg16921789,HTR1F,,,,no_evidence,,,FALSE,,,,,,,,,,0,,SLC35A1,,0.0365,B,REQUESTED_GENE_UNAVAILABLE,C3ORF38,,0.3197,B,REQUESTED_GENE_UNAVAILABLE,MEF2C,,0.1124,B,REQUESTED_GENE_UNAVAILABLE,,,,,,,,,,,,,,,"",no catalogue holds this CpG-gene pair and no distance could be computed,,
cg16926196,cg16926196_BC21_T1_DNMT1,DNMT1,20,Epigenetic machinery,cg16926196,DNMT1,,,,no_evidence,,,FALSE,,,,,,,,,,0,,EIF3G,,0.126,B,REQUESTED_GENE_UNAVAILABLE,S1PR2,,0.0695,B,REQUESTED_GENE_UNAVAILABLE,WDR1,,0.0131,B,REQUESTED_GENE_UNAVAILABLE,,,,,,,,,,,,,,,"",no catalogue holds this CpG-gene pair and no distance could be computed,,
cg16959737,cg16959737_TC21_T1_KMT2A,KMT2A,20,Epigenetic machinery,cg16959737,KMT2A,,,,no_evidence,,,FALSE,,,,,,,,,,0,,CD3G,,0.0365,A,REQUESTED_GENE_UNAVAILABLE,ATP5L,,0.0694,A,REQUESTED_GENE_UNAVAILABLE,,,,,UNMAPPED,,,,,,,,,,,,,,,"",no catalogue holds this CpG-gene pair and no distance could be computed,,
cg16959805,cg16959805_TC21_T1_KMT2A,KMT2A,20,Epigenetic machinery,cg16959805,KMT2A,,,,no_evidence,,,FALSE,,,,,,,,,,0,,CD3G,,0.0365,A,REQUESTED_GENE_UNAVAILABLE,ATP5L,,0.0694,A,REQUESTED_GENE_UNAVAILABLE,,,,,UNMAPPED,,,,,,,,,,,,,,,"",no catalogue holds this CpG-gene pair and no distance could be computed,,
cg16960030,cg16960030_TC21_T1_KMT2A,KMT2A,20,Epigenetic machinery,cg16960030,KMT2A,,,,no_evidence,,,FALSE,,,,,,,,,,0,,CD3G,,0.0153,A,REQUESTED_GENE_UNAVAILABLE,ATP5L,,0.0695,A,REQUESTED_GENE_UNAVAILABLE,,,,,UNMAPPED,,,,,,,,,,,,,,,"",no catalogue holds this CpG-gene pair and no distance could be computed,,
cg16960089,cg16960089_TC21_T1_KMT2A,KMT2A,20,Epigenetic machinery,cg16960089,KMT2A,,,,no_evidence,,,FALSE,,,,,,,,,,0,,CD3G,,0.3705,A,REQUESTED_GENE_UNAVAILABLE,ATP5L,,0.1453,A,REQUESTED_GENE_UNAVAILABLE,,,,,UNMAPPED,,,,,,,,,,,,,,,"",no catalogue holds this CpG-gene pair and no distance could be computed,,
cg16963144,cg16963144_BC11_T1_FOXA2,FOXA2,8,Dopamine,cg16963144,FOXA2,,,,no_evidence,,,FALSE,,,,,,,,,,0,,,,,,UNMAPPED,,,,,UNMAPPED,,,,,UNMAPPED,,,,,,,,,,,,,,,"",no catalogue holds this CpG-gene pair and no distance could be computed,,
cg16963869,cg16963869_BC21_T1_SLC1A3,SLC1A3,16,Glutamate & synaptic scaffolding,cg16963869,SLC1A3,-1,higher methylation -> LOWER expression,0.5544,catalogue_consensus,A,"0.77-0.87 (tier A, tissues agree)",FALSE,-1,-1,,,,,,,-1,2,1,AC008957.1,,0.126,B,REQUESTED_GENE_UNAVAILABLE,SLC1A3,-1,0.7399,A,PREDICTED,SLC1A3,-1,0.3688,A,PREDICTED,,,,,,,,,,,,,,,"","",0.5544,0.2228
cg16977539,cg16977539_BC21_T1_FAAH,FAAH,14,Endocannabinoid,cg16977539,FAAH,,,,tissue_conflict,A,,FALSE,,,,,,,,,,2,0.5,FAAH,-1,0.7056,A,PREDICTED,FAAH,1,0.4765,A,PREDICTED,PLA2G7,,0.0131,B,REQUESTED_GENE_UNAVAILABLE,,,,,,,,,,,,,,,"",tissues returned opposite directions; not resolved,,
cg16981002,cg16981002_BC21_T1_GRM4,GRM4,16,Glutamate & synaptic scaffolding,cg16981002,GRM4,,,,no_evidence,,,FALSE,,,,,,,,,,0,,,,,,UNMAPPED,,,,,UNMAPPED,,,,,UNMAPPED,,,,,,,,,,,,,,,"",no catalogue holds this CpG-gene pair and no distance could be computed,,
cg16997558,cg16997558_BC21_T1_ADRB2,ADRB2,10,Noradrenaline & sympathetic nervous system,cg16997558,ADRB2,,,,no_evidence,,,FALSE,,,,,,,,,,0,,,,,,UNMAPPED,,,,,UNMAPPED,,,,,UNMAPPED,,,,,,,,,,,,,,,"",no catalogue holds this CpG-gene pair and no distance could be computed,,
cg17010747,cg17010747_BC21_T1_NR4A1,NR4A1,18,Neurotrophins & activity-dependent plasticity,cg17010747,NR4A1,,,,no_evidence,,,FALSE,,,,,,,,,,0,,ANKRD33,,0.2377,B,REQUESTED_GENE_UNAVAILABLE,ACVRL1,,0.7966,A,REQUESTED_GENE_UNAVAILABLE,KRT7,,0.4326,A,REQUESTED_GENE_UNAVAILABLE,,,,,,,,,,,,,,,"",no catalogue holds this CpG-gene pair and no distance could be computed,,
cg17013696,cg17013696_TC21_T1_SULT2A1,SULT2A1,4,Sex steroids: receptors & metabolism,cg17013696,SULT2A1,,,,no_evidence,,,FALSE,,,,,,,,,,0,,SEPW1,,0.126,B,REQUESTED_GENE_UNAVAILABLE,EHD2,,0.0695,B,REQUESTED_GENE_UNAVAILABLE,EHD2,,0.1815,B,REQUESTED_GENE_UNAVAILABLE,,,,,,,,,,,,,,,"",no catalogue holds this CpG-gene pair and no distance could be computed,,
cg17036624,cg17036624_BC21_T1_OXTR,OXTR,1,"Oxytocin, vasopressin & CICR",cg17036624,OXTR,-1,higher methylation -> LOWER expression,0.8366,catalogue_single,B,"0.55-0.84 (tier B, one tissue only)",FALSE,-1,-1,,,,,,,,1,1,TRIM66,,0.126,B,REQUESTED_GENE_UNAVAILABLE,OXTR,-1,0.8366,B,PREDICTED,TRIM66,,0.1474,A,REQUESTED_GENE_UNAVAILABLE,,,,,,,,,,,,,,,"",only one tissue called; no cross-tissue corroboration,0.8366,0.0817
cg17045653,cg17045653_BC21_T1_GRM1,GRM1,16,Glutamate & synaptic scaffolding,cg17045653,GRM1,,,,no_evidence,,,FALSE,,,,,,,,,,0,,,,,,UNMAPPED,,,,,UNMAPPED,SHPRH,,0.1667,B,REQUESTED_GENE_UNAVAILABLE,,,,,,,,,,,,,,,"",no catalogue holds this CpG-gene pair and no distance could be computed,,
cg17118435,cg17118435_TC21_T1_ABAT,ABAT,17,GABA & excitation-inhibition balance,cg17118435,ABAT,1,higher methylation -> HIGHER expression,1,catalogue_single,A,"0.62-0.87 (tier A, one tissue only)",FALSE,1,1,,,,,,,,1,1,ABAT,1,1,A,PREDICTED,ABAT,,0.1453,B,ABSTAIN,RERE,,0.3688,B,REQUESTED_GENE_UNAVAILABLE,,,,,,,,,,,,,,,"",only one tissue called; no cross-tissue corroboration,1,1
cg17123338,cg17123338_TC21_T1_MECP2,MECP2,20,Epigenetic machinery,cg17123338,MECP2,,,,no_evidence,,,FALSE,,,,,,,,,,0,,,,,,UNMAPPED,,,,,UNMAPPED,,,,,UNMAPPED,,,,,,,,,,,,,,,"",no catalogue holds this CpG-gene pair and no distance could be computed,,
cg17124583,cg17124583_TC11_T1_GATA3,GATA3,9,Serotonin,cg17124583,GATA3,-1,higher methylation -> LOWER expression,0.6626,catalogue_consensus,A,"0.77-0.87 (tier A, tissues agree)",FALSE,-1,-1,,,,,,,-1,2,1,,,,,UNMAPPED,GATA3,-1,0.8866,A,PREDICTED,GATA3,-1,0.4386,A,PREDICTED,,,,,,,,,,,,,,,"","",0.6626,0.1687
cg17152801,cg17152801_BC21_T1_ADCY3,ADCY3,19,GPCR signalling & second messengers,cg17152801,ADCY3,,,,no_evidence,,,FALSE,,,,,,,,,,0,,SRRM1,,0.1897,A,REQUESTED_GENE_UNAVAILABLE,PTRHD1,,0.3771,A,REQUESTED_GENE_UNAVAILABLE,SRRM1,,0.4431,A,REQUESTED_GENE_UNAVAILABLE,,,,,,,,,,,,,,,"",no catalogue holds this CpG-gene pair and no distance could be computed,,
cg17154602,cg17154602_TC21_T1_GALR1,GALR1,6,Libido & sexual function,cg17154602,GALR1,,,,no_evidence,,,FALSE,,,,,,,,,,0,,,,,,UNMAPPED,,,,,UNMAPPED,,,,,UNMAPPED,,,,,,,,,,,,,,,"",no catalogue holds this CpG-gene pair and no distance could be computed,,
cg17158564,cg17158564_TC21_T1_UCN3,UCN3,2,HPA axis & glucocorticoid signalling,cg17158564,UCN3,,,,no_evidence,,,FALSE,,,,,,,,,,0,,MIS12,,0.3429,B,REQUESTED_GENE_UNAVAILABLE,NET1,,0.3639,B,REQUESTED_GENE_UNAVAILABLE,MIS12,,0.1667,B,REQUESTED_GENE_UNAVAILABLE,,,,,,,,,,,,,,,"",no catalogue holds this CpG-gene pair and no distance could be computed,,
cg17161617,cg17161617_TC21_T1_RSPO1,RSPO1,5,"HPG axis, puberty & KNDy",cg17161617,RSPO1,,,,no_evidence,,,FALSE,,,,,,,,,,0,,GNL2,,0.0641,A,REQUESTED_GENE_UNAVAILABLE,GNL2,,0.2222,B,REQUESTED_GENE_UNAVAILABLE,,,,,UNMAPPED,,,,,,,,,,,,,,,"",no catalogue holds this CpG-gene pair and no distance could be computed,,
cg17166338,cg17166338_TC21_T1_TERT,TERT,28,"Ageing, epigenetic clocks & telomere",cg17166338,TERT,,,,no_evidence,,,FALSE,,,,,,,,,,0,,CLPTM1L,,0.3429,A,REQUESTED_GENE_UNAVAILABLE,CLPTM1L,,0.31,B,REQUESTED_GENE_UNAVAILABLE,CLPTM1L,,0.2027,A,REQUESTED_GENE_UNAVAILABLE,,,,,,,,,,,,,,,"",no catalogue holds this CpG-gene pair and no distance could be computed,,
cg17171150,cg17171150_BC11_T1_SETDB1,SETDB1,20,Epigenetic machinery,cg17171150,SETDB1,,,,no_evidence,,,FALSE,,,,,,,,,,0,,ANXA9,,0.3739,A,REQUESTED_GENE_UNAVAILABLE,ANXA9,,0.4583,A,REQUESTED_GENE_UNAVAILABLE,DCLK2,,0.1815,B,REQUESTED_GENE_UNAVAILABLE,,,,,,,,,,,,,,,"",no catalogue holds this CpG-gene pair and no distance could be computed,,
cg17181046,cg17181046_BC21_T1_RORA,RORA,23,Circadian & melatonin,cg17181046,RORA,,,,no_evidence,,,FALSE,,,,,,,,,,0,,,,,,UNMAPPED,OSBPL2,,0.3409,B,REQUESTED_GENE_UNAVAILABLE,,,,,UNMAPPED,,,,,,,,,,,,,,,"",no catalogue holds this CpG-gene pair and no distance could be computed,,
cg17182628,cg17182628_TC21_T1_CACNA1C,CACNA1C,1,"Oxytocin, vasopressin & CICR",cg17182628,CACNA1C,,,,no_evidence,,,FALSE,,,,,,,,,,0,,SH3BP2,,0.126,B,REQUESTED_GENE_UNAVAILABLE,,,,,UNMAPPED,SH3BP2,,0.4326,B,REQUESTED_GENE_UNAVAILABLE,,,,,,,,,,,,,,,"",no catalogue holds this CpG-gene pair and no distance could be computed,,
cg17184278,cg17184278_BC21_T1_FKBP4,FKBP4,2,HPA axis & glucocorticoid signalling,cg17184278,FKBP4,,,,no_evidence,,,FALSE,,,,,,,,,,0,,LOC283440,,0.289,A,REQUESTED_GENE_UNAVAILABLE,,,,,UNMAPPED,SH3BP2,,0.1474,B,REQUESTED_GENE_UNAVAILABLE,,,,,,,,,,,,,,,"",no catalogue holds this CpG-gene pair and no distance could be computed,,
cg17184593,cg17184593_TC21_T1_TET3,TET3,20,Epigenetic machinery,cg17184593,TET3,-1,higher methylation -> LOWER expression,0.9641,catalogue_single,A,"0.62-0.87 (tier A, one tissue only)",FALSE,-1,-1,,,,,,,,1,1,AC073263.1,,0.1897,A,REQUESTED_GENE_UNAVAILABLE,TET3,-1,0.9641,A,PREDICTED,EEF1A1,,0.1667,B,REQUESTED_GENE_UNAVAILABLE,,,,,,,,,,,,,,,"",only one tissue called; no cross-tissue corroboration,0.9641,0.01795
cg17189778,cg17189778_TC21_T1_AVPR2,AVPR2,1,"Oxytocin, vasopressin & CICR",cg17189778,AVPR2,,,,no_evidence,,,FALSE,,,,,,,,,,0,,PNMA6B,,0.1971,A,REQUESTED_GENE_UNAVAILABLE,,,,,UNMAPPED,,,,,UNMAPPED,,,,,,,,,,,,,,,"",no catalogue holds this CpG-gene pair and no distance could be computed,,
cg17245135,cg17245135_BC11_T1_MEF2C,MEF2C,25,Social-synaptic & psychiatric risk,cg17245135,MEF2C,,,,no_evidence,,,FALSE,,,,,,,,,,0,,,,,,UNMAPPED,LINC00461,,0.3409,B,REQUESTED_GENE_UNAVAILABLE,LINC00461,,0.4087,A,REQUESTED_GENE_UNAVAILABLE,,,,,,,,,,,,,,,"",no catalogue holds this CpG-gene pair and no distance could be computed,,
cg17264271,cg17264271_BC21_T1_ESR1,ESR1,4,Sex steroids: receptors & metabolism,cg17264271,ESR1,1,higher methylation -> HIGHER expression,,smr_moderate,,"0.84-0.86 (SMR tier S2, single instrument; validated n=6,008)",FALSE,1,1,1,S2,6.794e-36,1,87352,TRUE,,0,,RIF1,,0.0641,A,REQUESTED_GENE_UNAVAILABLE,,,,,UNMAPPED,,,,,UNMAPPED,,,,,,,,,,,,,,,"",causal direction from SMR (blood); consistent with methylation affecting expression AND with linkage - HEIDI not run,0.7,0.85
cg17268658,cg17268658_BC21_T1_FHL2,FHL2,28,"Ageing, epigenetic clocks & telomere",cg17268658,FHL2,,,,no_evidence,,,FALSE,,,,,,,,,,0,,,,,,UNMAPPED,,,,,UNMAPPED,,,,,UNMAPPED,,,,,,,,,,,,,,,"",no catalogue holds this CpG-gene pair and no distance could be computed,,
cg17327492,cg17327492_TC21_T1_FSHR,FSHR,5,"HPG axis, puberty & KNDy",cg17327492,FSHR,,,,no_evidence,,,FALSE,,,,,,,,,,0,,FSHR,,0.4729,B,ABSTAIN,,,,,UNMAPPED,,,,,UNMAPPED,,,,,,,,,,,,,,,"",no catalogue holds this CpG-gene pair and no distance could be computed,,
cg17328665,cg17328665_TC21_T1_PER3,PER3,23,Circadian & melatonin,cg17328665,PER3,-1,higher methylation -> LOWER expression,1,measured,A,"~1.00 (measured, not predicted)",FALSE,-1,-1,-1,S2,2.139e-27,1,12391,TRUE,,1,1,PER3,-1,0.7056,A,DIRECT_eQTM,PER3,,0.31,B,ABSTAIN,PER3,,0.2027,A,ABSTAIN,,,,,,,,,,PER3;Z98884.1,blood,PER3:-1;Z98884.1:-1,-1,FALSE,"","",1,0
cg17347253,cg17347253_TC21_T1_MEST,MEST,21,Imprinted genes & DMRs,cg17347253,MEST,-1,higher methylation -> LOWER expression,,smr_moderate,,"0.84-0.86 (SMR tier S2, single instrument; validated n=6,008)",FALSE,-1,-1,-1,S2,7.282e-13,1,5801,TRUE,,0,,CPA5,,0.7056,A,REQUESTED_GENE_UNAVAILABLE,ARHGAP18,,0.4852,A,REQUESTED_GENE_UNAVAILABLE,CPA5,,0.2027,A,REQUESTED_GENE_UNAVAILABLE,,,,,,,,,,COPG2,blood,COPG2:-1,,TRUE,"measured association is with COPG2, not the requested gene - check which gene this CpG actually tracks","causal direction from SMR (blood); consistent with methylation affecting expression AND with linkage - HEIDI not run | measured association is with COPG2, not the requested gene",0.7,0.15
cg17361287,cg17361287_BC21_T1_DLG2,DLG2,16,Glutamate & synaptic scaffolding,cg17361287,DLG2,,,,no_evidence,,,FALSE,,,,,,,,,,0,,,,,,UNMAPPED,,,,,UNMAPPED,,,,,UNMAPPED,,,,,,,,,,,,,,,"",no catalogue holds this CpG-gene pair and no distance could be computed,,
cg17375167,cg17375167_BC11_T1_IGF1R,IGF1R,27,Appetite & metabolic programming,cg17375167,IGF1R,-1,higher methylation -> LOWER expression,0.4937,catalogue_consensus,B,"0.64-0.84 (tier B, tissues agree)",FALSE,-1,-1,,,,,,,-1,2,1,IGF1R,-1,0.3739,A,PREDICTED,IGF1R,-1,0.6135,B,PREDICTED,,,,,UNMAPPED,,,,,,,,,,,,,,,"","",0.4937,0.25315
cg17383727,cg17383727_TC21_T1_GDNF,GDNF,18,Neurotrophins & activity-dependent plasticity,cg17383727,GDNF,,,,no_evidence,,,FALSE,,,,,,,,,,0,,PPP1R1B,,0.2377,B,REQUESTED_GENE_UNAVAILABLE,,,,,UNMAPPED,TBC1D1,,0.0131,B,REQUESTED_GENE_UNAVAILABLE,,,,,,,,,,,,,,,"",no catalogue holds this CpG-gene pair and no distance could be computed,,
cg17384009,cg17384009_BC21_T1_ADCY1,ADCY1,19,GPCR signalling & second messengers,cg17384009,ADCY1,,,,no_evidence,,,FALSE,,,,,,,,,,0,,,,,,UNMAPPED,,,,,UNMAPPED,,,,,UNMAPPED,,,,,,,,,,,,,,,"",no catalogue holds this CpG-gene pair and no distance could be computed,,
cg17401282,cg17401282_BC21_T1_GABRG2,GABRG2,17,GABA & excitation-inhibition balance,cg17401282,GABRG2,,,,no_evidence,,,FALSE,,,,,,,,,,0,,FCGR3B,,0.1852,B,REQUESTED_GENE_UNAVAILABLE,,,,,UNMAPPED,,,,,UNMAPPED,,,,,,,,,,,,,,,"",no catalogue holds this CpG-gene pair and no distance could be computed,,
cg17401724,cg17401724_TC21_T1_THRA,THRA,26,Thyroid & neurodevelopment,cg17401724,THRA,,,,no_evidence,,,FALSE,,,,,,,,,,0,,RAPGEFL1,,0.1934,A,REQUESTED_GENE_UNAVAILABLE,CSF3,,0.5716,A,REQUESTED_GENE_UNAVAILABLE,MED24,,0.1667,A,REQUESTED_GENE_UNAVAILABLE,,,,,,,,,,,,,,,"",no catalogue holds this CpG-gene pair and no distance could be computed,,
cg17402907,cg17402907_BC21_T1_KCNQ1OT1,KCNQ1OT1,21,Imprinted genes & DMRs,cg17402907,KCNQ1OT1,,,,no_evidence,,,FALSE,,,,,,,,,,0,,VLDLR,,0.0996,A,REQUESTED_GENE_UNAVAILABLE,CDKN1C,,0.0695,A,REQUESTED_GENE_UNAVAILABLE,CDKN1C,,0.2027,A,REQUESTED_GENE_UNAVAILABLE,,,,,,,,,,,,,,,"",no catalogue holds this CpG-gene pair and no distance could be computed,,
cg17404534,cg17404534_TC21_T1_DAGLB,DAGLB,14,Endocannabinoid,cg17404534,DAGLB,1,higher methylation -> HIGHER expression,,smr_high,,"0.95-0.97 (SMR tier S1, concordant instruments; validated n=2,141)",FALSE,1,1,1,S1,1.462e-40,2,24298,TRUE,,0,,SMPD1,,0.289,A,REQUESTED_GENE_UNAVAILABLE,KDELR2,,0.1453,B,REQUESTED_GENE_UNAVAILABLE,SMPD1,,0.1667,B,REQUESTED_GENE_UNAVAILABLE,,,,,,,,,,,,,,,"",causal direction from SMR (blood); consistent with methylation affecting expression AND with linkage - HEIDI not run,0.7,0.85
cg17414107,cg17414107_TC21_T1_GNAS,GNAS,19,GPCR signalling & second messengers,cg17414107,GNAS,,,,no_evidence,,,FALSE,,,,,,,,,,0,,CTSZ,,0.4648,A,REQUESTED_GENE_UNAVAILABLE,CTSZ,,0.3409,B,REQUESTED_GENE_UNAVAILABLE,,,,,UNMAPPED,,,,,,,,,,,,,,,"",no catalogue holds this CpG-gene pair and no distance could be computed,,
cg17453220,cg17453220_TC21_T1_PDE4D,PDE4D,19,GPCR signalling & second messengers,cg17453220,PDE4D,,,,no_evidence,,,FALSE,,,,,,,,,,0,,ZNF329,,0.1897,B,REQUESTED_GENE_UNAVAILABLE,ZNF587B,,0.1556,B,REQUESTED_GENE_UNAVAILABLE,C14ORF37,,0.1667,B,REQUESTED_GENE_UNAVAILABLE,,,,,,,,,,,,,,,"",no catalogue holds this CpG-gene pair and no distance could be computed,,
cg17453374,cg17453374_BC21_T1_DIO1,DIO1,26,Thyroid & neurodevelopment,cg17453374,DIO1,,,,no_evidence,,,FALSE,,,,,,,,,,0,,SMUG1,,0.7056,A,REQUESTED_GENE_UNAVAILABLE,NDC1,,0.3409,B,REQUESTED_GENE_UNAVAILABLE,NDC1,,0.2027,A,REQUESTED_GENE_UNAVAILABLE,,,,,,,,,,,,,,,"",no catalogue holds this CpG-gene pair and no distance could be computed,,
cg17457241,cg17457241_BC21_T1_ABAT,ABAT,17,GABA & excitation-inhibition balance,cg17457241,ABAT,1,higher methylation -> HIGHER expression,0.9394,catalogue_single,A,"0.62-0.87 (tier A, one tissue only)",FALSE,1,1,,,,,,,,1,1,ABAT,1,0.9394,A,PREDICTED,ABAT,,0.1453,B,ABSTAIN,RERE,,0.2027,B,REQUESTED_GENE_UNAVAILABLE,,,,,,,,,,,,,,,"",only one tissue called; no cross-tissue corroboration,0.9394,0.9697
cg17475857,cg17475857_TC21_T1_DNMT3B,DNMT3B,20,Epigenetic machinery,cg17475857,DNMT3B,,,,no_evidence,,,FALSE,,,,,,,,,,0,,,,,,UNMAPPED,BPIFB2,,0.8457,A,REQUESTED_GENE_UNAVAILABLE,,,,,UNMAPPED,,,,,,,,,,,,,,,"",no catalogue holds this CpG-gene pair and no distance could be computed,,
cg17503663,cg17503663_TC11_T1_SNRPN,SNRPN,21,Imprinted genes & DMRs,cg17503663,SNRPN,,,,no_evidence,,,FALSE,,,,,,,,,,0,,SNRPN;PWAR6;IPW,,0.6737,A,REQUESTED_GENE_UNAVAILABLE,,,,,UNMAPPED,,,,,UNMAPPED,,,,,,,,,,,,,,,"",no catalogue holds this CpG-gene pair and no distance could be computed,,
cg17514431,cg17514431_TC21_T1_HLA_F_AS1,HLA-F-AS1,24,"Immune, inflammation & HLA",cg17514431,HLA-F-AS1,-1,higher methylation -> LOWER expression,1,measured,A,"~1.00 (measured, not predicted)",FALSE,-1,-1,,,,,,,,1,1,HLA-F-AS1,,0.1077,A,DIRECT_eQTM,HLA-F-AS1,-1,0.6135,A,PREDICTED,CDIPT,,0.0131,B,REQUESTED_GENE_UNAVAILABLE,,,,,,,,,,AL645939.5;HLA-F;HLA-F-AS1,blood,AL645939.5:-1;HLA-F-AS1:-1;HLA-F:+1,-1,FALSE,"","",1,0
cg17524136,cg17524136_BC21_T1_DLG2,DLG2,16,Glutamate & synaptic scaffolding,cg17524136,DLG2,,,,no_evidence,,,FALSE,,,,,,,,,,0,,LIN54,,0.2377,B,REQUESTED_GENE_UNAVAILABLE,DLG2,,0.31,B,ABSTAIN,DLG2,,0.0131,B,ABSTAIN,,,,,,,,,,,,,,,"",no catalogue holds this CpG-gene pair and no distance could be computed,,
cg17545445,cg17545445_BC21_T1_PTGS2,PTGS2,7,"Pregnancy, parturition & lactation",cg17545445,PTGS2,,,,no_evidence,,,FALSE,,,,,,,,,,0,,,,,,UNMAPPED,,,,,UNMAPPED,,,,,UNMAPPED,,,,,,,,,,,,,,,"",no catalogue holds this CpG-gene pair and no distance could be computed,,
cg17554194,cg17554194_BC21_T1_HLA_B,HLA-B,24,"Immune, inflammation & HLA",cg17554194,HLA-B,-1,higher methylation -> LOWER expression,1,measured,A,"~1.00 (measured, not predicted)",FALSE,-1,-1,,,,,,,-1,2,1,HLA-B,-1,0.7056,A,DIRECT_eQTM,HLA-B,-1,0.9158,A,PREDICTED,MICA,,0.1667,A,REQUESTED_GENE_UNAVAILABLE,,,,,,,,,,AL671883.2;HLA-B;HLA-C,blood,AL671883.2:-1;HLA-B:-1;HLA-C:-1,-1,FALSE,"","",1,0
cg17557552,cg17557552_BC21_T1_DIO3,DIO3,26,Thyroid & neurodevelopment,cg17557552,DIO3,,,,no_evidence,,,FALSE,,,,,,,,,,0,,PPP2R5C,,0.0153,B,REQUESTED_GENE_UNAVAILABLE,PPP2R5C,,0.3197,B,REQUESTED_GENE_UNAVAILABLE,PPP2R5C,,0.1667,B,REQUESTED_GENE_UNAVAILABLE,,,,,,,,,,,,,,,"",no catalogue holds this CpG-gene pair and no distance could be computed,,
cg17578833,cg17578833_BC21_T1_CRH,CRH,2,HPA axis & glucocorticoid signalling,cg17578833,CRH,,,,no_evidence,,,FALSE,,,,,,,,,,0,,,,,,UNMAPPED,,,,,UNMAPPED,,,,,UNMAPPED,,,,,,,,,,,,,,,"",no catalogue holds this CpG-gene pair and no distance could be computed,,
cg17582637,cg17582637_TC21_T1_AHR,AHR,15,Kynurenine pathway,cg17582637,AHR,,,,no_evidence,,,FALSE,,,,,,,,,,0,,NUCB2,,0.0153,B,REQUESTED_GENE_UNAVAILABLE,,,,,UNMAPPED,NUCB2,,0.1474,B,REQUESTED_GENE_UNAVAILABLE,,,,,,,,,,,,,,,"",no catalogue holds this CpG-gene pair and no distance could be computed,,
cg17588455,cg17588455_TC21_T1_HLA_DPA1,HLA-DPA1,24,"Immune, inflammation & HLA",cg17588455,HLA-DPA1,1,higher methylation -> HIGHER expression,1,measured,A,"~1.00 (measured, not predicted)",FALSE,1,1,-1,S2,3.853e-24,1,8036,FALSE,1,2,1,HLA-DPA1,1,0.9636,A,DIRECT_eQTM,HLA-DPA1,1,0.8509,A,DIRECT_eQTM,DYNLRB1,,0.1244,B,REQUESTED_GENE_UNAVAILABLE,,,,,,,,,,HLA-DPA1,blood;nasal_epithelium,HLA-DPA1:+1,1,FALSE,""," | SMR (causal, blood) says -1 at tier S2 but a stronger layer supplied the opposite sign - inspect before using",1,1
cg17643025,cg17643025_TC21_T1_NNAT,NNAT,21,Imprinted genes & DMRs,cg17643025,NNAT,,,,no_evidence,,,FALSE,,,,,,,,,,0,,,,,,UNMAPPED,BLCAP,,0.3889,A,REQUESTED_GENE_UNAVAILABLE,SRC,,0.1815,B,REQUESTED_GENE_UNAVAILABLE,,,,,,,,,,,,,,,"",no catalogue holds this CpG-gene pair and no distance could be computed,,
cg17643412,cg17643412_TC21_T1_SLC6A1,SLC6A1,17,GABA & excitation-inhibition balance,cg17643412,SLC6A1,,,,no_evidence,,,FALSE,,,,,,,,,,0,,DEXI,,0.126,B,REQUESTED_GENE_UNAVAILABLE,,,,,UNMAPPED,NDUFA4,,0.0131,B,REQUESTED_GENE_UNAVAILABLE,,,,,,,,,,,,,,,"",no catalogue holds this CpG-gene pair and no distance could be computed,,
cg17652507,cg17652507_BC11_T1_GNAS,GNAS,19,GPCR signalling & second messengers,cg17652507,GNAS,,,,no_evidence,,,FALSE,,,,,,,,,,0,,CTSZ,,0.6537,A,REQUESTED_GENE_UNAVAILABLE,CTSZ,,0.3409,B,REQUESTED_GENE_UNAVAILABLE,,,,,UNMAPPED,,,,,,,,,,,,,,,"",no catalogue holds this CpG-gene pair and no distance could be computed,,
cg17654050,cg17654050_TC21_T1_NR4A2,NR4A2,8,Dopamine,cg17654050,NR4A2,,,,no_evidence,,,FALSE,,,,,,,,,,0,,FLJ46875,,0.4598,A,REQUESTED_GENE_UNAVAILABLE,,,,,UNMAPPED,,,,,UNMAPPED,,,,,,,,,,,,,,,"",no catalogue holds this CpG-gene pair and no distance could be computed,,
cg17663463,cg17663463_TC21_T1_PEG3,PEG3,21,Imprinted genes & DMRs,cg17663463,PEG3,,,,no_evidence,,,FALSE,,,,,,,,,,0,,ZNF835,,0.7056,A,REQUESTED_GENE_UNAVAILABLE,,,,,UNMAPPED,,,,,UNMAPPED,,,,,,,,,,,,,,,"",no catalogue holds this CpG-gene pair and no distance could be computed,,
cg17672070,cg17672070_TC21_T1_GRIN2A,GRIN2A,16,Glutamate & synaptic scaffolding,cg17672070,GRIN2A,,,,no_evidence,,,FALSE,,,,,,,,,,0,,VHL,,0.2377,B,REQUESTED_GENE_UNAVAILABLE,,,,,UNMAPPED,CRELD1,,0.0131,B,REQUESTED_GENE_UNAVAILABLE,,,,,,,,,,,,,,,"",no catalogue holds this CpG-gene pair and no distance could be computed,,
cg17683775,cg17683775_TC21_T1_PTGES,PTGES,6,Libido & sexual function,cg17683775,PTGES,,,,no_evidence,,,FALSE,,,,,,,,,,0,,,,,,UNMAPPED,PRRX2,,0.0694,A,REQUESTED_GENE_UNAVAILABLE,,,,,UNMAPPED,,,,,,,,,,,,,,,"",no catalogue holds this CpG-gene pair and no distance could be computed,,
cg17687962,cg17687962_BC21_T1_KLK3,KLK3,4,Sex steroids: receptors & metabolism,cg17687962,KLK3,,,,no_evidence,,,FALSE,,,,,,,,,,0,,KLK1,,0.1852,A,REQUESTED_GENE_UNAVAILABLE,KLK6,,0.0695,B,REQUESTED_GENE_UNAVAILABLE,KLK7,,0.0131,B,REQUESTED_GENE_UNAVAILABLE,,,,,,,,,,,,,,,"",no catalogue holds this CpG-gene pair and no distance could be computed,,
cg17697897,cg17697897_TC21_T1_DNMT3B,DNMT3B,20,Epigenetic machinery,cg17697897,DNMT3B,,,,no_evidence,,,FALSE,,,,,,,,,,0,,,,,,UNMAPPED,BPIFB2,,0.4852,A,REQUESTED_GENE_UNAVAILABLE,,,,,UNMAPPED,,,,,,,,,,,,,,,"",no catalogue holds this CpG-gene pair and no distance could be computed,,
cg17706086,cg17706086_TC21_T1_MEST,MEST,21,Imprinted genes & DMRs,cg17706086,MEST,,,,no_evidence,,,FALSE,,,,,,,,,,0,,CPA5,,0.7056,A,REQUESTED_GENE_UNAVAILABLE,ARHGAP18,,0.4852,A,REQUESTED_GENE_UNAVAILABLE,CPA5,,0.2027,A,REQUESTED_GENE_UNAVAILABLE,,,,,,,,,,,,,,,"",no catalogue holds this CpG-gene pair and no distance could be computed,,
cg17724687,cg17724687_TC11_T1_PER3,PER3,23,Circadian & melatonin,cg17724687,PER3,-1,higher methylation -> LOWER expression,1,measured,A,"~1.00 (measured, not predicted)",FALSE,-1,-1,-1,S2,2.24e-21,1,12538,TRUE,,1,1,PER3,-1,0.7056,A,DIRECT_eQTM,PER3,,0.31,B,ABSTAIN,PER3,,0.2027,A,ABSTAIN,,,,,,,,,,PER3;Z98884.1,blood,PER3:-1;Z98884.1:-1,-1,FALSE,"","",1,0
cg17725605,cg17725605_TC21_T1_HTR3A,HTR3A,9,Serotonin,cg17725605,HTR3A,,,,no_evidence,,,FALSE,,,,,,,,,,0,,,,,,UNMAPPED,,,,,UNMAPPED,,,,,UNMAPPED,,,,,,,,,,,,,,,"",no catalogue holds this CpG-gene pair and no distance could be computed,,
cg17728974,cg17728974_BC21_T1_LIN28B,LIN28B,5,"HPG axis, puberty & KNDy",cg17728974,LIN28B,,,,no_evidence,,,FALSE,,,,,,,,,,0,,ATXN7L1,,0.126,B,REQUESTED_GENE_UNAVAILABLE,,,,,UNMAPPED,ATXN7L1,,0.1815,B,REQUESTED_GENE_UNAVAILABLE,,,,,,,,,,,,,,,"",no catalogue holds this CpG-gene pair and no distance could be computed,,
cg17734802,cg17734802_BC21_T1_DIO1,DIO1,26,Thyroid & neurodevelopment,cg17734802,DIO1,,,,no_evidence,,,FALSE,,,,,,,,,,0,,SMUG1,,0.3467,B,REQUESTED_GENE_UNAVAILABLE,NDC1,,0.3409,B,REQUESTED_GENE_UNAVAILABLE,NDC1,,0.2027,A,REQUESTED_GENE_UNAVAILABLE,,,,,,,,,,,,,,,"",no catalogue holds this CpG-gene pair and no distance could be computed,,
cg17744604,cg17744604_TC21_T1_IL10,IL10,24,"Immune, inflammation & HLA",cg17744604,IL10,-1,higher methylation -> LOWER expression,0.4729,catalogue_single,A,"0.62-0.87 (tier A, one tissue only)",FALSE,-1,-1,,,,,,,,1,1,IL10,-1,0.4729,A,PREDICTED,IL19,,0.6818,A,REQUESTED_GENE_UNAVAILABLE,,,,,UNMAPPED,,,,,,,,,,,,,,,"",only one tissue called; no cross-tissue corroboration,0.4729,0.26355
cg17759252,cg17759252_TC11_T1_CRTC1,CRTC1,18,Neurotrophins & activity-dependent plasticity,cg17759252,CRTC1,,,,no_evidence,,,FALSE,,,,,,,,,,0,,,,,,UNMAPPED,CRLF1,,0.6433,A,REQUESTED_GENE_UNAVAILABLE,,,,,UNMAPPED,,,,,,,,,,,,,,,"",no catalogue holds this CpG-gene pair and no distance could be computed,,
cg17762073,cg17762073_TC11_T1_GRM4,GRM4,16,Glutamate & synaptic scaffolding,cg17762073,GRM4,,,,no_evidence,,,FALSE,,,,,,,,,,0,,,,,,UNMAPPED,,,,,UNMAPPED,,,,,UNMAPPED,,,,,,,,,,,,,,,"",no catalogue holds this CpG-gene pair and no distance could be computed,,
cg17788031,cg17788031_TC11_T1_MAOA,MAOA,11,"Monoamine synthesis, transport & degradation",cg17788031,MAOA,,,,no_evidence,,,FALSE,,,,,,,,,,0,,,,,,UNMAPPED,,,,,UNMAPPED,,,,,UNMAPPED,,,,,,,,,,,,,,,"",no catalogue holds this CpG-gene pair and no distance could be computed,,
cg17826736,cg17826736_BC21_T1_IL6R,IL6R,24,"Immune, inflammation & HLA",cg17826736,IL6R,-1,higher methylation -> LOWER expression,0.6433,catalogue_single,A,"0.62-0.87 (tier A, one tissue only)",FALSE,-1,-1,,,,,,,,1,1,IL6R,,0.298,A,ABSTAIN,IL6R,-1,0.6433,A,PREDICTED,RPRM,,0.1474,B,REQUESTED_GENE_UNAVAILABLE,,,,,,,,,,,,,,,"",only one tissue called; no cross-tissue corroboration,0.6433,0.17835
cg17832704,cg17832704_TC21_T1_SHBG,SHBG,4,Sex steroids: receptors & metabolism,cg17832704,SHBG,,,,no_evidence,,,FALSE,,,,,,,,,,0,,SOX15,,0.298,A,REQUESTED_GENE_UNAVAILABLE,SOX15,,0.3409,A,REQUESTED_GENE_UNAVAILABLE,TNFSF13,,0.1244,A,REQUESTED_GENE_UNAVAILABLE,,,,,,,,,,,,,,,"",no catalogue holds this CpG-gene pair and no distance could be computed,,
cg17835678,cg17835678_BC21_T1_HLA_L,HLA-L,24,"Immune, inflammation & HLA",cg17835678,HLA-L,1,higher methylation -> HIGHER expression,1,measured,A,"~1.00 (measured, not predicted)",FALSE,1,1,-1,S2,2.207e-10,1,15822,FALSE,,2,0.5,HLA-L,1,0.4648,A,DIRECT_eQTM,HLA-L,-1,0.9641,A,PREDICTED,TRIM10,,0.4431,B,REQUESTED_GENE_UNAVAILABLE,,,,,,,,,,HLA-L,blood,HLA-L:+1,1,FALSE,""," | SMR (causal, blood) says -1 at tier S2 but a stronger layer supplied the opposite sign - inspect before using",1,1
cg17841572,cg17841572_TC21_T1_GNAS,GNAS,19,GPCR signalling & second messengers,cg17841572,GNAS,,,,no_evidence,,,FALSE,,,,,,,,,,0,,CTSZ,,0.4648,A,REQUESTED_GENE_UNAVAILABLE,CTSZ,,0.3409,B,REQUESTED_GENE_UNAVAILABLE,,,,,UNMAPPED,,,,,,,,,,,,,,,"",no catalogue holds this CpG-gene pair and no distance could be computed,,
cg17852385,cg17852385_BC21_T1_CYP1A1,CYP1A1,4,Sex steroids: receptors & metabolism,cg17852385,CYP1A1,,,,no_evidence,,,FALSE,,,,,,,,,,0,,MPI,,0.0365,B,REQUESTED_GENE_UNAVAILABLE,MPI,,0.0694,B,REQUESTED_GENE_UNAVAILABLE,COX5A,,0.2694,A,REQUESTED_GENE_UNAVAILABLE,,,,,,,,,,,,,,,"",no catalogue holds this CpG-gene pair and no distance could be computed,,
cg17863337,cg17863337_BC21_T1_PRKACB,PRKACB,19,GPCR signalling & second messengers,cg17863337,PRKACB,,,,no_evidence,,,FALSE,,,,,,,,,,0,,USP10,,0.289,B,REQUESTED_GENE_UNAVAILABLE,PRKACB,,0.0694,B,ABSTAIN,,,,,UNMAPPED,,,,,,,,,,,,,,,"",no catalogue holds this CpG-gene pair and no distance could be computed,,
cg17864156,cg17864156_BC21_T1_CCL2,CCL2,24,"Immune, inflammation & HLA",cg17864156,CCL2,,,,no_evidence,,,FALSE,,,,,,,,,,0,,DDX58,,0.2377,B,REQUESTED_GENE_UNAVAILABLE,,,,,UNMAPPED,TMEM39B,,0.0131,B,REQUESTED_GENE_UNAVAILABLE,,,,,,,,,,,,,,,"",no catalogue holds this CpG-gene pair and no distance could be computed,,
cg17865602,cg17865602_TC21_T1_PLAGL1,PLAGL1,21,Imprinted genes & DMRs,cg17865602,PLAGL1,-1,higher methylation -> LOWER expression,0.5816,catalogue_consensus,B,"0.64-0.84 (tier B, tissues agree)",FALSE,-1,-1,,,,,,,-1,2,1,PLAGL1,-1,0.52,B,PREDICTED,PLAGL1,-1,0.6433,B,PREDICTED,PLAGL1,,0.3688,B,ABSTAIN,,,,,,,,,,,,,,,"","",0.5816,0.2092
cg17881572,cg17881572_TC21_T1_GRIK2,GRIK2,16,Glutamate & synaptic scaffolding,cg17881572,GRIK2,,,,tissue_conflict,A,,FALSE,,,,,,,,,,2,0.5,TGFBR1,,0.298,B,REQUESTED_GENE_UNAVAILABLE,GRIK2,1,0.9338,A,PREDICTED,GRIK2,-1,0.3688,A,PREDICTED,,,,,,,,,,,,,,,"",tissues returned opposite directions; not resolved,,
cg17884729,cg17884729_TC21_T1_DLG2,DLG2,16,Glutamate & synaptic scaffolding,cg17884729,DLG2,,,,no_evidence,,,FALSE,,,,,,,,,,0,,,,,,UNMAPPED,,,,,UNMAPPED,,,,,UNMAPPED,,,,,,,,,,,,,,,"",no catalogue holds this CpG-gene pair and no distance could be computed,,
cg17895149,cg17895149_BC21_T1_PLAGL1,PLAGL1,21,Imprinted genes & DMRs,cg17895149,PLAGL1,-1,higher methylation -> LOWER expression,0.6072,catalogue_consensus,B,"0.64-0.84 (tier B, tissues agree)",FALSE,-1,-1,,,,,,,-1,2,1,PLAGL1,-1,0.571,B,PREDICTED,PLAGL1,-1,0.6433,B,PREDICTED,PLAGL1,,0.4326,B,ABSTAIN,,,,,,,,,,,,,,,"","",0.6072,0.1964
cg17924813,cg17924813_TC21_T1_BST1,BST1,1,"Oxytocin, vasopressin & CICR",cg17924813,BST1,-1,higher methylation -> LOWER expression,1,measured,B,"~1.00 (measured, not predicted)",FALSE,-1,-1,,,,,,,-1,2,1,,,,,UNMAPPED,BST1,-1,0.6433,B,DIRECT_eQTM,BST1,-1,0.4326,A,PREDICTED,,,,,,,,,,BST1,nasal_epithelium,BST1:-1,-1,FALSE,"","",1,0
cg17952826,cg17952826_BC21_T1_SOD2,SOD2,29,Oxidative stress & mitochondria,cg17952826,SOD2,-1,higher methylation -> LOWER expression,0.8366,catalogue_single,B,"0.55-0.84 (tier B, one tissue only)",FALSE,-1,-1,,,,,,,,1,1,LOC401281,,0.4729,A,REQUESTED_GENE_UNAVAILABLE,SOD2,-1,0.8366,B,PREDICTED,SOD2,,0.4326,B,ABSTAIN,,,,,,,,,,,,,,,"",only one tissue called; no cross-tissue corroboration,0.8366,0.0817
cg17963840,cg17963840_TC21_T1_ADRA1A,ADRA1A,10,Noradrenaline & sympathetic nervous system,cg17963840,ADRA1A,,,,no_evidence,,,FALSE,,,,,,,,,,0,,,,,,UNMAPPED,,,,,UNMAPPED,,,,,UNMAPPED,,,,,,,,,,,,,,,"",no catalogue holds this CpG-gene pair and no distance could be computed,,
cg17964359,cg17964359_TC21_T1_AR,AR,4,Sex steroids: receptors & metabolism,cg17964359,AR,,,,no_evidence,,,FALSE,,,,,,,,,,0,,,,,,UNMAPPED,,,,,UNMAPPED,,,,,UNMAPPED,,,,,,,,,,,,,,,"",no catalogue holds this CpG-gene pair and no distance could be computed,,
cg17969540,cg17969540_BC21_T1_GRIN2D,GRIN2D,16,Glutamate & synaptic scaffolding,cg17969540,GRIN2D,,,,no_evidence,,,FALSE,,,,,,,,,,0,,CARD8,,0.3429,A,REQUESTED_GENE_UNAVAILABLE,KDELR1,,0.0695,A,REQUESTED_GENE_UNAVAILABLE,CYTH2,,0.1474,A,REQUESTED_GENE_UNAVAILABLE,,,,,,,,,,,,,,,"",no catalogue holds this CpG-gene pair and no distance could be computed,,
cg17980032,cg17980032_BC21_T1_NOS3,NOS3,6,Libido & sexual function,cg17980032,NOS3,,,,no_evidence,,,FALSE,,,,,,,,,,0,,NOS3;ATG9B,,0.6867,A,REQUESTED_GENE_UNAVAILABLE,ATG9B,,0.0501,A,REQUESTED_GENE_UNAVAILABLE,KCNH2,,0.1815,A,REQUESTED_GENE_UNAVAILABLE,,,,,,,,,,,,,,,"",no catalogue holds this CpG-gene pair and no distance could be computed,,
cg18007957,cg18007957_TC21_T1_ESR1,ESR1,4,Sex steroids: receptors & metabolism,cg18007957,ESR1,-1,higher methylation -> LOWER expression,,smr_high,,"0.95-0.97 (SMR tier S1, concordant instruments; validated n=2,141)",FALSE,-1,-1,-1,S1,1.45e-17,2,202624,TRUE,,0,,,,,,UNMAPPED,,,,,UNMAPPED,,,,,UNMAPPED,,,,,,,,,,,,,,,"",causal direction from SMR (blood); consistent with methylation affecting expression AND with linkage - HEIDI not run,0.7,0.15
cg18020334,cg18020334_TC11_T1_HLA_C,HLA-C,24,"Immune, inflammation & HLA",cg18020334,HLA-C,-1,higher methylation -> LOWER expression,1,measured,A,"~1.00 (measured, not predicted)",FALSE,-1,-1,-1,S1,8.941e-241,3,1027,TRUE,-1,2,1,HLA-C,-1,0.7056,A,DIRECT_eQTM,HLA-C,-1,0.8366,A,PREDICTED,PSORS1C3,,0.1124,B,REQUESTED_GENE_UNAVAILABLE,,,,,,,,,,HLA-B;HLA-C,blood,HLA-B:-1;HLA-C:-1,-1,FALSE,"","",1,0
cg18026055,cg18026055_TC11_T1_HLA_DQB2,HLA-DQB2,24,"Immune, inflammation & HLA",cg18026055,HLA-DQB2,-1,higher methylation -> LOWER expression,,smr_high,A,"0.95-0.97 (SMR tier S1, concordant instruments; validated n=2,141)",FALSE,-1,-1,-1,S1,5.011e-24,2,2003,TRUE,1,2,1,HLA-DQB2,1,0.3705,A,PREDICTED,HLA-DQB2,1,0.7183,A,PREDICTED,PSMB8,,0.1124,B,REQUESTED_GENE_UNAVAILABLE,,,,,,,,,,,,,,,"",causal direction from SMR (blood); consistent with methylation affecting expression AND with linkage - HEIDI not run,0.7,0.15
cg18029503,cg18029503_TC21_T1_NRXN3,NRXN3,25,Social-synaptic & psychiatric risk,cg18029503,NRXN3,,,,no_evidence,,,FALSE,,,,,,,,,,0,,,,,,UNMAPPED,NRXN3,,0.1556,B,ABSTAIN,,,,,UNMAPPED,,,,,,,,,,,,,,,"",no catalogue holds this CpG-gene pair and no distance could be computed,,
cg18035618,cg18035618_BC21_T1_GNAS,GNAS,19,GPCR signalling & second messengers,cg18035618,GNAS,,,,no_evidence,,,FALSE,,,,,,,,,,0,,CTSZ,,0.6537,A,REQUESTED_GENE_UNAVAILABLE,CTSZ,,0.3409,B,REQUESTED_GENE_UNAVAILABLE,,,,,UNMAPPED,,,,,,,,,,,,,,,"",no catalogue holds this CpG-gene pair and no distance could be computed,,
cg18040611,cg18040611_TC21_T1_MEG3,MEG3,21,Imprinted genes & DMRs,cg18040611,MEG3,-1,higher methylation -> LOWER expression,0.4729,catalogue_single,A,"0.62-0.87 (tier A, one tissue only)",FALSE,-1,-1,,,,,,,,1,1,MEG3,-1,0.4729,A,PREDICTED,,,,,UNMAPPED,,,,,UNMAPPED,,,,,,,,,,,,,,,"",only one tissue called; no cross-tissue corroboration,0.4729,0.26355
cg18047595,cg18047595_BC11_T1_SLC18A1,SLC18A1,10,Noradrenaline & sympathetic nervous system,cg18047595,SLC18A1,,,,no_evidence,,,FALSE,,,,,,,,,,0,,LINC00954,,0.0365,B,REQUESTED_GENE_UNAVAILABLE,,,,,UNMAPPED,,,,,UNMAPPED,,,,,,,,,,,,,,,"",no catalogue holds this CpG-gene pair and no distance could be computed,,
cg18063278,cg18063278_TC21_T1_PPARG,PPARG,27,Appetite & metabolic programming,cg18063278,PPARG,1,higher methylation -> HIGHER expression,,smr_moderate,,"0.84-0.86 (SMR tier S2, single instrument; validated n=6,008)",FALSE,1,1,1,S2,1.957e-08,1,73621,TRUE,,0,,,,,,UNMAPPED,TIMP4,,0.1453,B,REQUESTED_GENE_UNAVAILABLE,TIMP4,,0.0131,B,REQUESTED_GENE_UNAVAILABLE,,,,,,,,,,,,,,,"",causal direction from SMR (blood); consistent with methylation affecting expression AND with linkage - HEIDI not run,0.7,0.85
cg18063869,cg18063869_TC21_T1_GRIK2,GRIK2,16,Glutamate & synaptic scaffolding,cg18063869,GRIK2,,,,no_evidence,,,FALSE,,,,,,,,,,0,,ALG2,,0.2377,B,REQUESTED_GENE_UNAVAILABLE,,,,,UNMAPPED,,,,,UNMAPPED,,,,,,,,,,,,,,,"",no catalogue holds this CpG-gene pair and no distance could be computed,,
cg18068537,cg18068537_BC21_T1_CYP11A1,CYP11A1,3,Steroidogenesis (adrenal & gonadal),cg18068537,CYP11A1,-1,higher methylation -> LOWER expression,,smr_moderate,,"0.84-0.86 (SMR tier S2, single instrument; validated n=6,008)",FALSE,-1,-1,-1,S2,1.381e-08,1,14998,TRUE,,0,,MRPL53,,0.126,A,REQUESTED_GENE_UNAVAILABLE,SEMA7A,,0.1453,A,REQUESTED_GENE_UNAVAILABLE,MRPL53,,0.1474,B,REQUESTED_GENE_UNAVAILABLE,,,,,,,,,,,,,,,"",causal direction from SMR (blood); consistent with methylation affecting expression AND with linkage - HEIDI not run,0.7,0.15
cg18077860,cg18077860_TC21_T1_ATP2A2,ATP2A2,1,"Oxytocin, vasopressin & CICR",cg18077860,ATP2A2,,,,no_evidence,,,FALSE,,,,,,,,,,0,,GPN3,,0.2377,B,REQUESTED_GENE_UNAVAILABLE,ARPC3,,0.0695,B,REQUESTED_GENE_UNAVAILABLE,ANAPC7,,0.1474,B,REQUESTED_GENE_UNAVAILABLE,,,,,,,,,,,,,,,"",no catalogue holds this CpG-gene pair and no distance could be computed,,
cg18077861,cg18077861_TC21_T1_ATP2A2,ATP2A2,1,"Oxytocin, vasopressin & CICR",cg18077861,ATP2A2,,,,no_evidence,,,FALSE,,,,,,,,,,0,,GPN3,,0.2377,B,REQUESTED_GENE_UNAVAILABLE,ARPC3,,0.0695,B,REQUESTED_GENE_UNAVAILABLE,ANAPC7,,0.1474,B,REQUESTED_GENE_UNAVAILABLE,,,,,,,,,,,,,,,"",no catalogue holds this CpG-gene pair and no distance could be computed,,
cg18077979,cg18077979_TC21_T1_ATP2A2,ATP2A2,1,"Oxytocin, vasopressin & CICR",cg18077979,ATP2A2,,,,no_evidence,,,FALSE,,,,,,,,,,0,,GPN3,,0.2377,B,REQUESTED_GENE_UNAVAILABLE,ARPC3,,0.0695,B,REQUESTED_GENE_UNAVAILABLE,ANAPC7,,0.0131,B,REQUESTED_GENE_UNAVAILABLE,,,,,,,,,,,,,,,"",no catalogue holds this CpG-gene pair and no distance could be computed,,
cg18087520,cg18087520_BC21_T1_CALM1,CALM1,1,"Oxytocin, vasopressin & CICR",cg18087520,CALM1,-1,higher methylation -> LOWER expression,0.6135,catalogue_single,B,"0.55-0.84 (tier B, one tissue only)",FALSE,-1,-1,,,,,,,,1,1,DGLUCY,,0.2377,B,REQUESTED_GENE_UNAVAILABLE,CALM1,-1,0.6135,B,PREDICTED,,,,,UNMAPPED,,,,,,,,,,,,,,,"",only one tissue called; no cross-tissue corroboration,0.6135,0.19325
cg18092474,cg18092474_TC21_T1_CYP1A1,CYP1A1,4,Sex steroids: receptors & metabolism,cg18092474,CYP1A1,,,,no_evidence,,,FALSE,,,,,,,,,,0,,MPI,,0.0365,B,REQUESTED_GENE_UNAVAILABLE,MPI,,0.0694,B,REQUESTED_GENE_UNAVAILABLE,COX5A,,0.2694,A,REQUESTED_GENE_UNAVAILABLE,,,,,,,,,,,,,,,"",no catalogue holds this CpG-gene pair and no distance could be computed,,
cg18092474,cg18092474_TC22_T1_CYP1A1,CYP1A1,4,Sex steroids: receptors & metabolism,cg18092474,CYP1A1,,,,no_evidence,,,FALSE,,,,,,,,,,0,,MPI,,0.0365,B,REQUESTED_GENE_UNAVAILABLE,MPI,,0.0694,B,REQUESTED_GENE_UNAVAILABLE,COX5A,,0.2694,A,REQUESTED_GENE_UNAVAILABLE,,,,,,,,,,,,,,,"",no catalogue holds this CpG-gene pair and no distance could be computed,,
cg18092474,cg18092474_TC23_T1_CYP1A1,CYP1A1,4,Sex steroids: receptors & metabolism,cg18092474,CYP1A1,,,,no_evidence,,,FALSE,,,,,,,,,,0,,MPI,,0.0365,B,REQUESTED_GENE_UNAVAILABLE,MPI,,0.0694,B,REQUESTED_GENE_UNAVAILABLE,COX5A,,0.2694,A,REQUESTED_GENE_UNAVAILABLE,,,,,,,,,,,,,,,"",no catalogue holds this CpG-gene pair and no distance could be computed,,
cg18096738,cg18096738_TC21_T1_MECP2,MECP2,20,Epigenetic machinery,cg18096738,MECP2,,,,no_evidence,,,FALSE,,,,,,,,,,0,,,,,,UNMAPPED,,,,,UNMAPPED,,,,,UNMAPPED,,,,,,,,,,,,,,,"",no catalogue holds this CpG-gene pair and no distance could be computed,,
cg18097763,cg18097763_TC21_T1_HLA_DRB1,HLA-DRB1,24,"Immune, inflammation & HLA",cg18097763,HLA-DRB1,-1,higher methylation -> LOWER expression,0.3409,catalogue_single,A,"0.62-0.87 (tier A, one tissue only)",FALSE,-1,-1,,,,,,,,1,1,HLA-DRB1,,0.298,A,ABSTAIN,HLA-DRB1,-1,0.3409,A,PREDICTED,,,,,UNMAPPED,,,,,,,,,,HLA-DRB5;HLA-DRB6,blood,HLA-DRB5:-1;HLA-DRB6:-1,,TRUE,"measured association is with HLA-DRB5;HLA-DRB6, not the requested gene - check which gene this CpG actually tracks","only one tissue called; no cross-tissue corroboration | measured association is with HLA-DRB5;HLA-DRB6, not the requested gene",0.3409,0.32955
cg18116554,cg18116554_BC21_T1_HTR3D,HTR3D,9,Serotonin,cg18116554,HTR3D,,,,no_evidence,,,FALSE,,,,,,,,,,0,,ABCC5,,0.0365,A,REQUESTED_GENE_UNAVAILABLE,ABCC5,,0.0694,A,REQUESTED_GENE_UNAVAILABLE,,,,,UNMAPPED,,,,,,,,,,,,,,,"",no catalogue holds this CpG-gene pair and no distance could be computed,,
cg18118021,cg18118021_BC21_T1_TPCN1,TPCN1,1,"Oxytocin, vasopressin & CICR",cg18118021,TPCN1,,,,no_evidence,,,FALSE,,,,,,,,,,0,,DTX1,,0.298,A,REQUESTED_GENE_UNAVAILABLE,SDS,,0.1453,B,REQUESTED_GENE_UNAVAILABLE,,,,,UNMAPPED,,,,,,,,,,,,,,,"",no catalogue holds this CpG-gene pair and no distance could be computed,,
cg18121862,cg18121862_BC21_T1_DLK1,DLK1,21,Imprinted genes & DMRs,cg18121862,DLK1,-1,higher methylation -> LOWER expression,,smr_moderate,,"0.84-0.86 (SMR tier S2, single instrument; validated n=6,008)",FALSE,-1,-1,-1,S2,1.247e-08,1,1478,TRUE,,0,,MEG3,,0.3429,A,REQUESTED_GENE_UNAVAILABLE,,,,,UNMAPPED,BEGAIN,,0.2414,B,REQUESTED_GENE_UNAVAILABLE,,,,,,,,,,MEG3,blood,MEG3:-1,,TRUE,"measured association is with MEG3, not the requested gene - check which gene this CpG actually tracks","causal direction from SMR (blood); consistent with methylation affecting expression AND with linkage - HEIDI not run | measured association is with MEG3, not the requested gene",0.7,0.15
cg18122767,cg18122767_BC11_T1_DLK1,DLK1,21,Imprinted genes & DMRs,cg18122767,DLK1,,,,no_evidence,,,FALSE,,,,,,,,,,0,,MEG3,,0.4598,A,REQUESTED_GENE_UNAVAILABLE,,,,,UNMAPPED,BEGAIN,,0.2414,B,REQUESTED_GENE_UNAVAILABLE,,,,,,,,,,,,,,,"",no catalogue holds this CpG-gene pair and no distance could be computed,,
cg18126557,cg18126557_BC21_T1_NLRP3,NLRP3,24,"Immune, inflammation & HLA",cg18126557,NLRP3,-1,higher methylation -> LOWER expression,,smr_moderate,A,"0.84-0.86 (SMR tier S2, single instrument; validated n=6,008)",FALSE,-1,-1,-1,S2,4.89e-121,1,15908,TRUE,,1,1,GCSAML,,0.2377,B,REQUESTED_GENE_UNAVAILABLE,NLRP3,1,0.3197,A,PREDICTED,GCSAML,,0.0131,B,REQUESTED_GENE_UNAVAILABLE,,,,,,,,,,,,,,,"",causal direction from SMR (blood); consistent with methylation affecting expression AND with linkage - HEIDI not run,0.7,0.15
cg18127889,cg18127889_TC21_T1_PGF,PGF,7,"Pregnancy, parturition & lactation",cg18127889,PGF,,,,no_evidence,,,FALSE,,,,,,,,,,0,,RPS6KL1,,0.571,A,REQUESTED_GENE_UNAVAILABLE,RPS6KL1,,0.4583,A,REQUESTED_GENE_UNAVAILABLE,,,,,UNMAPPED,,,,,,,,,,,,,,,"",no catalogue holds this CpG-gene pair and no distance could be computed,,
cg18129755,cg18129755_TC11_T1_GUCY1B1,GUCY1B1,6,Libido & sexual function,cg18129755,GUCY1B1,,,,no_evidence,,,FALSE,,,,,,,,,,0,,,,,,UNMAPPED,CTSO,,0.139,B,REQUESTED_GENE_UNAVAILABLE,CTSO,,0.0131,B,REQUESTED_GENE_UNAVAILABLE,,,,,,,,,,,,,,,"",no catalogue holds this CpG-gene pair and no distance could be computed,,
cg18138788,cg18138788_TC21_T1_MAOA,MAOA,11,"Monoamine synthesis, transport & degradation",cg18138788,MAOA,,,,no_evidence,,,FALSE,,,,,,,,,,0,,,,,,UNMAPPED,,,,,UNMAPPED,,,,,UNMAPPED,,,,,,,,,,,,,,,"",no catalogue holds this CpG-gene pair and no distance could be computed,,
cg18148870,cg18148870_BC21_T1_AKAP5,AKAP5,19,GPCR signalling & second messengers,cg18148870,AKAP5,,,,no_evidence,,,FALSE,,,,,,,,,,0,,AKAP5,,0.2377,B,ABSTAIN,HSPA2,,0.0694,B,REQUESTED_GENE_UNAVAILABLE,HSPA2,,0.0131,A,REQUESTED_GENE_UNAVAILABLE,,,,,,,,,,,,,,,"",no catalogue holds this CpG-gene pair and no distance could be computed,,
cg18182111,cg18182111_BC21_T1_GDNF,GDNF,18,Neurotrophins & activity-dependent plasticity,cg18182111,GDNF,,,,no_evidence,,,FALSE,,,,,,,,,,0,,PPP1R1B,,0.2377,B,REQUESTED_GENE_UNAVAILABLE,,,,,UNMAPPED,TBC1D1,,0.0131,B,REQUESTED_GENE_UNAVAILABLE,,,,,,,,,,,,,,,"",no catalogue holds this CpG-gene pair and no distance could be computed,,
cg18183941,cg18183941_BC21_T1_NLRP3,NLRP3,24,"Immune, inflammation & HLA",cg18183941,NLRP3,-1,higher methylation -> LOWER expression,0.3409,catalogue_single,A,"0.62-0.87 (tier A, one tissue only)",FALSE,-1,-1,,,,,,,,1,1,GCSAML-AS1,,0.298,B,REQUESTED_GENE_UNAVAILABLE,NLRP3,-1,0.3409,A,PREDICTED,GCSAML,,0.1124,B,REQUESTED_GENE_UNAVAILABLE,,,,,,,,,,,,,,,"",only one tissue called; no cross-tissue corroboration,0.3409,0.32955
cg18186343,cg18186343_TC21_T1_MEG3,MEG3,21,Imprinted genes & DMRs,cg18186343,MEG3,-1,higher methylation -> LOWER expression,,smr_moderate,A,"0.84-0.86 (SMR tier S2, single instrument; validated n=6,008)",FALSE,-1,-1,-1,S2,8.429e-13,1,31063,TRUE,,1,1,MEG3,-1,0.3429,A,PREDICTED,,,,,UNMAPPED,,,,,UNMAPPED,,,,,,,,,,,,,,,"",causal direction from SMR (blood); consistent with methylation affecting expression AND with linkage - HEIDI not run,0.7,0.15
cg18199664,cg18199664_TC21_T1_NRXN3,NRXN3,25,Social-synaptic & psychiatric risk,cg18199664,NRXN3,,,,no_evidence,,,FALSE,,,,,,,,,,0,,,,,,UNMAPPED,NRXN3,,0.1556,B,ABSTAIN,,,,,UNMAPPED,,,,,,,,,,,,,,,"",no catalogue holds this CpG-gene pair and no distance could be computed,,
cg18224653,cg18224653_TC11_T1_GNAS,GNAS,19,GPCR signalling & second messengers,cg18224653,GNAS,,,,no_evidence,,,FALSE,,,,,,,,,,0,,CTSZ,,0.4648,A,REQUESTED_GENE_UNAVAILABLE,CTSZ,,0.3409,B,REQUESTED_GENE_UNAVAILABLE,,,,,UNMAPPED,,,,,,,,,,,,,,,"",no catalogue holds this CpG-gene pair and no distance could be computed,,
cg18228027,cg18228027_BC21_T1_GRM6,GRM6,16,Glutamate & synaptic scaffolding,cg18228027,GRM6,,,,no_evidence,,,FALSE,,,,,,,,,,0,,ZNF354C,,0.3429,A,REQUESTED_GENE_UNAVAILABLE,ZNF454,,0.2479,B,REQUESTED_GENE_UNAVAILABLE,ZNF354B,,0.0131,B,REQUESTED_GENE_UNAVAILABLE,,,,,,,,,,,,,,,"",no catalogue holds this CpG-gene pair and no distance could be computed,,
cg18233497,cg18233497_BC21_T1_MC4R,MC4R,27,Appetite & metabolic programming,cg18233497,MC4R,,,,no_evidence,,,FALSE,,,,,,,,,,0,,,,,,UNMAPPED,,,,,UNMAPPED,,,,,UNMAPPED,,,,,,,,,,,,,,,"",no catalogue holds this CpG-gene pair and no distance could be computed,,
cg18236734,cg18236734_TC21_T1_HTR3E,HTR3E,9,Serotonin,cg18236734,HTR3E,,,,no_evidence,,,FALSE,,,,,,,,,,0,,ABCC5,,0.1852,B,REQUESTED_GENE_UNAVAILABLE,ABCC5,,0.1453,B,REQUESTED_GENE_UNAVAILABLE,,,,,UNMAPPED,,,,,,,,,,,,,,,"",no catalogue holds this CpG-gene pair and no distance could be computed,,
cg18253885,cg18253885_BC21_T1_PPARGC1A,PPARGC1A,27,Appetite & metabolic programming,cg18253885,PPARGC1A,,,,no_evidence,,,FALSE,,,,,,,,,,0,,,,,,UNMAPPED,,,,,UNMAPPED,,,,,UNMAPPED,,,,,,,,,,,,,,,"",no catalogue holds this CpG-gene pair and no distance could be computed,,
cg18258682,cg18258682_BC21_T1_ASPA,ASPA,28,"Ageing, epigenetic clocks & telomere",cg18258682,ASPA,,,,no_evidence,,,FALSE,,,,,,,,,,0,,SDK1,,0.0153,A,REQUESTED_GENE_UNAVAILABLE,SDK1,,0.1453,B,REQUESTED_GENE_UNAVAILABLE,SDK1,,0.4431,B,REQUESTED_GENE_UNAVAILABLE,,,,,,,,,,,,,,,"",no catalogue holds this CpG-gene pair and no distance could be computed,,
cg18261491,cg18261491_BC21_T1_FAAH,FAAH,14,Endocannabinoid,cg18261491,FAAH,-1,higher methylation -> LOWER expression,1,measured,A,"~1.00 (measured, not predicted)",FALSE,-1,-1,-1,S1,4.316e-191,2,9948,TRUE,,2,0.5,FAAH,-1,0.7056,A,DIRECT_eQTM,FAAH,1,0.6327,A,PREDICTED,PLA2G7,,0.0131,B,REQUESTED_GENE_UNAVAILABLE,,,,,,,,,,FAAH,blood,FAAH:-1,-1,FALSE,"","",1,0
cg18279536,cg18279536_BC21_T1_DLK1,DLK1,21,Imprinted genes & DMRs,cg18279536,DLK1,1,higher methylation -> HIGHER expression,,smr_moderate,,"0.84-0.86 (SMR tier S2, single instrument; validated n=6,008)",FALSE,1,1,1,S2,8.886e-21,1,2042,TRUE,,0,,MEG3,,0.6863,A,REQUESTED_GENE_UNAVAILABLE,,,,,UNMAPPED,BEGAIN,,0.2414,B,REQUESTED_GENE_UNAVAILABLE,,,,,,,,,,,,,,,"",causal direction from SMR (blood); consistent with methylation affecting expression AND with linkage - HEIDI not run,0.7,0.85
cg18287711,cg18287711_BC21_T1_RTEL1,RTEL1,28,"Ageing, epigenetic clocks & telomere",cg18287711,RTEL1,,,,no_evidence,,,FALSE,,,,,,,,,,0,,TNFRSF6B;RTEL1;RTEL1-TNFRSF6B,,0.7056,A,REQUESTED_GENE_UNAVAILABLE,STMN3,,0.139,A,REQUESTED_GENE_UNAVAILABLE,STMN3,,0.3688,A,REQUESTED_GENE_UNAVAILABLE,,,,,,,,,,,,,,,"",no catalogue holds this CpG-gene pair and no distance could be computed,,
cg18303397,cg18303397_BC21_T1_MBD4,MBD4,20,Epigenetic machinery,cg18303397,MBD4,-1,higher methylation -> LOWER expression,0.4973,catalogue_consensus,A,"0.77-0.87 (tier A, tissues agree)",FALSE,-1,-1,,,,,,,-1,2,1,MBD4,-1,0.6537,A,PREDICTED,MBD4,-1,0.3409,A,PREDICTED,,,,,UNMAPPED,,,,,,,,,,,,,,,"","",0.4973,0.25135
cg18306115,cg18306115_BC21_T1_RXFP1,RXFP1,7,"Pregnancy, parturition & lactation",cg18306115,RXFP1,,,,no_evidence,,,FALSE,,,,,,,,,,0,,C4ORF46,,0.0365,B,REQUESTED_GENE_UNAVAILABLE,C4ORF46,,0.0694,B,REQUESTED_GENE_UNAVAILABLE,,,,,UNMAPPED,,,,,,,,,,,,,,,"",no catalogue holds this CpG-gene pair and no distance could be computed,,
cg18307303,cg18307303_BC21_T1_IL12B,IL12B,24,"Immune, inflammation & HLA",cg18307303,IL12B,,,,no_evidence,,,FALSE,,,,,,,,,,0,,,,,,UNMAPPED,,,,,UNMAPPED,SERAC1,,0.0131,B,REQUESTED_GENE_UNAVAILABLE,,,,,,,,,,,,,,,"",no catalogue holds this CpG-gene pair and no distance could be computed,,
cg18373878,cg18373878_BC21_T1_DLK1,DLK1,21,Imprinted genes & DMRs,cg18373878,DLK1,,,,no_evidence,,,FALSE,,,,,,,,,,0,,MEG3,,0.4598,A,REQUESTED_GENE_UNAVAILABLE,,,,,UNMAPPED,BEGAIN,,0.2414,B,REQUESTED_GENE_UNAVAILABLE,,,,,,,,,,,,,,,"",no catalogue holds this CpG-gene pair and no distance could be computed,,
cg18380528,cg18380528_BC21_T1_RYR2,RYR2,1,"Oxytocin, vasopressin & CICR",cg18380528,RYR2,,,,no_evidence,,,FALSE,,,,,,,,,,0,,,,,,UNMAPPED,MTR,,0.4765,A,REQUESTED_GENE_UNAVAILABLE,,,,,UNMAPPED,,,,,,,,,,,,,,,"",no catalogue holds this CpG-gene pair and no distance could be computed,,
cg18396357,cg18396357_TC21_T1_NRXN1,NRXN1,25,Social-synaptic & psychiatric risk,cg18396357,NRXN1,,,,no_evidence,,,FALSE,,,,,,,,,,0,,RPL13A,,0.1077,B,REQUESTED_GENE_UNAVAILABLE,,,,,UNMAPPED,,,,,UNMAPPED,,,,,,,,,,,,,,,"",no catalogue holds this CpG-gene pair and no distance could be computed,,
cg18406492,cg18406492_TC21_T1_STAR,STAR,3,Steroidogenesis (adrenal & gonadal),cg18406492,STAR,,,,no_evidence,,,FALSE,,,,,,,,,,0,,LSM1,,0.289,B,REQUESTED_GENE_UNAVAILABLE,LSM1,,0.3409,B,REQUESTED_GENE_UNAVAILABLE,SNIP1,,0.0131,A,REQUESTED_GENE_UNAVAILABLE,,,,,,,,,,,,,,,"",no catalogue holds this CpG-gene pair and no distance could be computed,,
cg18406492,cg18406492_TC23_T1_STAR,STAR,3,Steroidogenesis (adrenal & gonadal),cg18406492,STAR,,,,no_evidence,,,FALSE,,,,,,,,,,0,,LSM1,,0.289,B,REQUESTED_GENE_UNAVAILABLE,LSM1,,0.3409,B,REQUESTED_GENE_UNAVAILABLE,SNIP1,,0.0131,A,REQUESTED_GENE_UNAVAILABLE,,,,,,,,,,,,,,,"",no catalogue holds this CpG-gene pair and no distance could be computed,,
cg18413237,cg18413237_TC21_T1_INHBA,INHBA,5,"HPG axis, puberty & KNDy",cg18413237,INHBA,,,,no_evidence,,,FALSE,,,,,,,,,,0,,NAA16,,0.2377,B,REQUESTED_GENE_UNAVAILABLE,,,,,UNMAPPED,NAA16,,0.0131,B,REQUESTED_GENE_UNAVAILABLE,,,,,,,,,,,,,,,"",no catalogue holds this CpG-gene pair and no distance could be computed,,
cg18427217,cg18427217_TC21_T1_SHANK2,SHANK2,16,Glutamate & synaptic scaffolding,cg18427217,SHANK2,,,,no_evidence,,,FALSE,,,,,,,,,,0,,NAIP,,0.1971,B,REQUESTED_GENE_UNAVAILABLE,SHANK2,,0.3197,B,ABSTAIN,SHANK2,,0.4431,B,ABSTAIN,,,,,,,,,,,,,,,"",no catalogue holds this CpG-gene pair and no distance could be computed,,
cg18433380,cg18433380_BC21_T1_NNAT,NNAT,21,Imprinted genes & DMRs,cg18433380,NNAT,,,,no_evidence,,,FALSE,,,,,,,,,,0,,,,,,UNMAPPED,BLCAP,,0.0695,A,REQUESTED_GENE_UNAVAILABLE,SRC,,0.1815,B,REQUESTED_GENE_UNAVAILABLE,,,,,,,,,,,,,,,"",no catalogue holds this CpG-gene pair and no distance could be computed,,
cg18443629,cg18443629_BC21_T1_GALR1,GALR1,6,Libido & sexual function,cg18443629,GALR1,,,,no_evidence,,,FALSE,,,,,,,,,,0,,,,,,UNMAPPED,,,,,UNMAPPED,,,,,UNMAPPED,,,,,,,,,,,,,,,"",no catalogue holds this CpG-gene pair and no distance could be computed,,
cg18447962,cg18447962_TC21_T1_ATP2A2,ATP2A2,1,"Oxytocin, vasopressin & CICR",cg18447962,ATP2A2,,,,no_evidence,,,FALSE,,,,,,,,,,0,,GPN3,,0.2377,B,REQUESTED_GENE_UNAVAILABLE,IFT81,,0.1453,A,REQUESTED_GENE_UNAVAILABLE,ANAPC7,,0.0131,B,REQUESTED_GENE_UNAVAILABLE,,,,,,,,,,,,,,,"",no catalogue holds this CpG-gene pair and no distance could be computed,,
cg18457085,cg18457085_BC21_T1_RYR3,RYR3,1,"Oxytocin, vasopressin & CICR",cg18457085,RYR3,,,,no_evidence,,,FALSE,,,,,,,,,,0,,SNORA80A,,0.2377,B,REQUESTED_GENE_UNAVAILABLE,,,,,UNMAPPED,,,,,UNMAPPED,,,,,,,,,,,,,,,"",no catalogue holds this CpG-gene pair and no distance could be computed,,
cg18506672,cg18506672_TC21_T1_SNRPN,SNRPN,21,Imprinted genes & DMRs,cg18506672,SNRPN,,,,no_evidence,,,FALSE,,,,,,,,,,0,,SNRPN;PWAR6;IPW,,0.6737,A,REQUESTED_GENE_UNAVAILABLE,,,,,UNMAPPED,,,,,UNMAPPED,,,,,,,,,,,,,,,"",no catalogue holds this CpG-gene pair and no distance could be computed,,
cg18515307,cg18515307_TC11_T1_DLG3,DLG3,16,Glutamate & synaptic scaffolding,cg18515307,DLG3,,,,no_evidence,,,FALSE,,,,,,,,,,0,,,,,,UNMAPPED,,,,,UNMAPPED,,,,,UNMAPPED,,,,,,,,,,,,,,,"",no catalogue holds this CpG-gene pair and no distance could be computed,,
cg18546840,cg18546840_TC21_T1_FOXP2,FOXP2,25,Social-synaptic & psychiatric risk,cg18546840,FOXP2,,,,no_evidence,,,FALSE,,,,,,,,,,0,,MAGI3,,0.2377,B,REQUESTED_GENE_UNAVAILABLE,,,,,UNMAPPED,,,,,UNMAPPED,,,,,,,,,,,,,,,"",no catalogue holds this CpG-gene pair and no distance could be computed,,
cg18552724,cg18552724_TC21_T1_FLT1,FLT1,7,"Pregnancy, parturition & lactation",cg18552724,FLT1,,,,no_evidence,,,FALSE,,,,,,,,,,0,,,,,,UNMAPPED,,,,,UNMAPPED,,,,,UNMAPPED,,,,,,,,,,,,,,,"",no catalogue holds this CpG-gene pair and no distance could be computed,,
cg18552939,cg18552939_BC21_T1_NDN,NDN,21,Imprinted genes & DMRs,cg18552939,NDN,,,,no_evidence,,,FALSE,,,,,,,,,,0,,NR1D2,,0.3429,A,REQUESTED_GENE_UNAVAILABLE,,,,,UNMAPPED,,,,,UNMAPPED,,,,,,,,,,,,,,,"",no catalogue holds this CpG-gene pair and no distance could be computed,,
cg18553312,cg18553312_TC21_T1_FLT1,FLT1,7,"Pregnancy, parturition & lactation",cg18553312,FLT1,,,,no_evidence,,,FALSE,,,,,,,,,,0,,,,,,UNMAPPED,,,,,UNMAPPED,,,,,UNMAPPED,,,,,,,,,,,,,,,"",no catalogue holds this CpG-gene pair and no distance could be computed,,
cg18553317,cg18553317_BC21_T1_FLT1,FLT1,7,"Pregnancy, parturition & lactation",cg18553317,FLT1,,,,no_evidence,,,FALSE,,,,,,,,,,0,,,,,,UNMAPPED,,,,,UNMAPPED,,,,,UNMAPPED,,,,,,,,,,,,,,,"",no catalogue holds this CpG-gene pair and no distance could be computed,,
cg18566177,cg18566177_TC11_T1_SGK1,SGK1,2,HPA axis & glucocorticoid signalling,cg18566177,SGK1,,,,no_evidence,,,FALSE,,,,,,,,,,0,,,,,,UNMAPPED,,,,,UNMAPPED,,,,,UNMAPPED,,,,,,,,,,,,,,,"",no catalogue holds this CpG-gene pair and no distance could be computed,,
cg18586669,cg18586669_TC21_T1_RXFP2,RXFP2,5,"HPG axis, puberty & KNDy",cg18586669,RXFP2,,,,no_evidence,,,FALSE,,,,,,,,,,0,,,,,,UNMAPPED,,,,,UNMAPPED,,,,,UNMAPPED,,,,,,,,,,,,,,,"",no catalogue holds this CpG-gene pair and no distance could be computed,,
cg18593039,cg18593039_BC21_T1_PLAGL1,PLAGL1,21,Imprinted genes & DMRs,cg18593039,PLAGL1,-1,higher methylation -> LOWER expression,0.5816,catalogue_consensus,B,"0.64-0.84 (tier B, tissues agree)",FALSE,-1,-1,,,,,,,-1,2,1,PLAGL1,-1,0.52,B,PREDICTED,PLAGL1,-1,0.6433,B,PREDICTED,PLAGL1,,0.4087,B,ABSTAIN,,,,,,,,,,,,,,,"","",0.5816,0.2092
cg18594811,cg18594811_TC21_T1_SIRT1,SIRT1,20,Epigenetic machinery,cg18594811,SIRT1,,,,no_evidence,,,FALSE,,,,,,,,,,0,,,,,,UNMAPPED,,,,,UNMAPPED,,,,,UNMAPPED,,,,,,,,,,,,,,,"",no catalogue holds this CpG-gene pair and no distance could be computed,,
cg18619067,cg18619067_TC21_T1_GRM4,GRM4,16,Glutamate & synaptic scaffolding,cg18619067,GRM4,,,,no_evidence,,,FALSE,,,,,,,,,,0,,,,,,UNMAPPED,,,,,UNMAPPED,,,,,UNMAPPED,,,,,,,,,,,,,,,"",no catalogue holds this CpG-gene pair and no distance could be computed,,
cg18640030,cg18640030_BC21_T1_CRH,CRH,2,HPA axis & glucocorticoid signalling,cg18640030,CRH,,,,no_evidence,,,FALSE,,,,,,,,,,0,,,,,,UNMAPPED,,,,,UNMAPPED,,,,,UNMAPPED,,,,,,,,,,,,,,,"",no catalogue holds this CpG-gene pair and no distance could be computed,,
cg18642234,cg18642234_BC21_T1_GPX1,GPX1,29,Oxidative stress & mitochondria,cg18642234,GPX1,1,higher methylation -> HIGHER expression,,smr_moderate,,"0.84-0.86 (SMR tier S2, single instrument; validated n=6,008)",FALSE,1,1,1,S2,1.012e-19,1,699,TRUE,,0,,AMT,,0.6537,A,REQUESTED_GENE_UNAVAILABLE,TCTA,,0.8366,A,REQUESTED_GENE_UNAVAILABLE,SHC4,,0.2027,A,REQUESTED_GENE_UNAVAILABLE,,,,,,,,,,,,,,,"",causal direction from SMR (blood); consistent with methylation affecting expression AND with linkage - HEIDI not run,0.7,0.85
cg18644235,cg18644235_BC21_T1_PEG3,PEG3,21,Imprinted genes & DMRs,cg18644235,PEG3,,,,no_evidence,,,FALSE,,,,,,,,,,0,,ZNF835,,0.4598,A,REQUESTED_GENE_UNAVAILABLE,,,,,UNMAPPED,,,,,UNMAPPED,,,,,,,,,,,,,,,"",no catalogue holds this CpG-gene pair and no distance could be computed,,
cg18655282,cg18655282_BC21_T1_PRKACB,PRKACB,19,GPCR signalling & second messengers,cg18655282,PRKACB,,,,no_evidence,,,FALSE,,,,,,,,,,0,,USP10,,0.289,B,REQUESTED_GENE_UNAVAILABLE,PRKACB,,0.1453,B,ABSTAIN,,,,,UNMAPPED,,,,,,,,,,,,,,,"",no catalogue holds this CpG-gene pair and no distance could be computed,,
cg18658890,cg18658890_BC21_T1_PRLR,PRLR,6,Libido & sexual function,cg18658890,PRLR,,,,no_evidence,,,FALSE,,,,,,,,,,0,,,,,,UNMAPPED,,,,,UNMAPPED,,,,,UNMAPPED,,,,,,,,,,,,,,,"",no catalogue holds this CpG-gene pair and no distance could be computed,,
cg18664514,cg18664514_TC21_T1_FEV,FEV,9,Serotonin,cg18664514,FEV,,,,no_evidence,,,FALSE,,,,,,,,,,0,,LOC285181,,0.2377,B,REQUESTED_GENE_UNAVAILABLE,CYP27A1,,0.0695,A,REQUESTED_GENE_UNAVAILABLE,ZFAND2B,,0.1667,B,REQUESTED_GENE_UNAVAILABLE,,,,,,,,,,,,,,,"",no catalogue holds this CpG-gene pair and no distance could be computed,,
cg18668753,cg18668753_BC21_T1_PEG3,PEG3,21,Imprinted genes & DMRs,cg18668753,PEG3,,,,no_evidence,,,FALSE,,,,,,,,,,0,,ZNF835,,0.4598,A,REQUESTED_GENE_UNAVAILABLE,,,,,UNMAPPED,,,,,UNMAPPED,,,,,,,,,,,,,,,"",no catalogue holds this CpG-gene pair and no distance could be computed,,
cg18673409,cg18673409_TC21_T1_AANAT,AANAT,23,Circadian & melatonin,cg18673409,AANAT,,,,no_evidence,,,FALSE,,,,,,,,,,0,,AC079325.1,,0.2377,A,REQUESTED_GENE_UNAVAILABLE,RHBDF2,,0.5716,A,REQUESTED_GENE_UNAVAILABLE,SPHK1,,0.0131,B,REQUESTED_GENE_UNAVAILABLE,,,,,,,,,,,,,,,"",no catalogue holds this CpG-gene pair and no distance could be computed,,
cg18677034,cg18677034_TC11_T1_TSC22D3,TSC22D3,2,HPA axis & glucocorticoid signalling,cg18677034,TSC22D3,,,,no_evidence,,,FALSE,,,,,,,,,,0,,,,,,UNMAPPED,,,,,UNMAPPED,,,,,UNMAPPED,,,,,,,,,,,,,,,"",no catalogue holds this CpG-gene pair and no distance could be computed,,
cg18678599,cg18678599_BC21_T1_NLRP3,NLRP3,24,"Immune, inflammation & HLA",cg18678599,NLRP3,-1,higher methylation -> LOWER expression,0.4852,catalogue_single,A,"0.62-0.87 (tier A, one tissue only)",FALSE,-1,-1,,,,,,,,1,1,GCSAML-AS1,,0.298,B,REQUESTED_GENE_UNAVAILABLE,NLRP3,-1,0.4852,A,PREDICTED,GCSAML,,0.1124,B,REQUESTED_GENE_UNAVAILABLE,,,,,,,,,,,,,,,"",only one tissue called; no cross-tissue corroboration,0.4852,0.2574
cg18706888,cg18706888_BC21_T1_PEG3,PEG3,21,Imprinted genes & DMRs,cg18706888,PEG3,,,,no_evidence,,,FALSE,,,,,,,,,,0,,ZNF835,,0.4598,A,REQUESTED_GENE_UNAVAILABLE,,,,,UNMAPPED,,,,,UNMAPPED,,,,,,,,,,,,,,,"",no catalogue holds this CpG-gene pair and no distance could be computed,,
cg18718518,cg18718518_BC21_T1_NR3C1,NR3C1,2,HPA axis & glucocorticoid signalling,cg18718518,NR3C1,,,,no_evidence,,,FALSE,,,,,,,,,,0,,,,,,UNMAPPED,,,,,UNMAPPED,,,,,UNMAPPED,,,,,,,,,,,,,,,"",no catalogue holds this CpG-gene pair and no distance could be computed,,
cg18725867,cg18725867_BC11_T1_GDNF,GDNF,18,Neurotrophins & activity-dependent plasticity,cg18725867,GDNF,,,,no_evidence,,,FALSE,,,,,,,,,,0,,PPP1R1B,,0.2377,B,REQUESTED_GENE_UNAVAILABLE,,,,,UNMAPPED,TBC1D1,,0.0131,B,REQUESTED_GENE_UNAVAILABLE,,,,,,,,,,,,,,,"",no catalogue holds this CpG-gene pair and no distance could be computed,,
cg18735956,cg18735956_TC11_T1_GRM4,GRM4,16,Glutamate & synaptic scaffolding,cg18735956,GRM4,,,,no_evidence,,,FALSE,,,,,,,,,,0,,,,,,UNMAPPED,,,,,UNMAPPED,,,,,UNMAPPED,,,,,,,,,,,,,,,"",no catalogue holds this CpG-gene pair and no distance could be computed,,
cg18745416,cg18745416_BC21_T1_ESR1,ESR1,4,Sex steroids: receptors & metabolism,cg18745416,ESR1,,,,no_evidence,,,FALSE,,,,,,,,,,0,,,,,,UNMAPPED,,,,,UNMAPPED,,,,,UNMAPPED,,,,,,,,,,,,,,,"",no catalogue holds this CpG-gene pair and no distance could be computed,,
cg18769729,cg18769729_TC21_T1_ASPA,ASPA,28,"Ageing, epigenetic clocks & telomere",cg18769729,ASPA,,,,no_evidence,,,FALSE,,,,,,,,,,0,,SDK1,,0.0153,A,REQUESTED_GENE_UNAVAILABLE,SDK1,,0.1453,B,REQUESTED_GENE_UNAVAILABLE,SDK1,,0.4431,B,REQUESTED_GENE_UNAVAILABLE,,,,,,,,,,,,,,,"",no catalogue holds this CpG-gene pair and no distance could be computed,,
cg18772882,cg18772882_TC21_T1_NTRK3,NTRK3,18,Neurotrophins & activity-dependent plasticity,cg18772882,NTRK3,,,,no_evidence,,,FALSE,,,,,,,,,,0,,BMPR1A,,0.1934,B,REQUESTED_GENE_UNAVAILABLE,,,,,UNMAPPED,,,,,UNMAPPED,,,,,,,,,,,,,,,"",no catalogue holds this CpG-gene pair and no distance could be computed,,
cg18773807,cg18773807_TC11_T1_POR,POR,3,Steroidogenesis (adrenal & gonadal),cg18773807,POR,,,,no_evidence,,,FALSE,,,,,,,,,,0,,POR;MIR4651,,0.126,A,REQUESTED_GENE_UNAVAILABLE,CCL26,,0.0695,A,REQUESTED_GENE_UNAVAILABLE,,,,,UNMAPPED,,,,,,,,,,,,,,,"",no catalogue holds this CpG-gene pair and no distance could be computed,,
cg18804667,cg18804667_BC21_T1_PDE4D,PDE4D,19,GPCR signalling & second messengers,cg18804667,PDE4D,-1,higher methylation -> LOWER expression,0.52,catalogue_single,B,"0.55-0.84 (tier B, one tissue only)",FALSE,-1,-1,,,,,,,,1,1,PDE4D,-1,0.52,B,PREDICTED,,,,,UNMAPPED,,,,,UNMAPPED,,,,,,,,,,,,,,,"",only one tissue called; no cross-tissue corroboration,0.52,0.24
cg18841653,cg18841653_TC21_T1_AKR1C2,AKR1C2,4,Sex steroids: receptors & metabolism,cg18841653,AKR1C2,-1,higher methylation -> LOWER expression,0.7702,catalogue_consensus,B,"0.64-0.84 (tier B, tissues agree)",FALSE,-1,-1,,,,,,,-1,2,1,AKR1C2,-1,0.6537,B,PREDICTED,AKR1C2,-1,0.8866,A,PREDICTED,PPL,,0.0131,B,REQUESTED_GENE_UNAVAILABLE,,,,,,,,,,AKR1E2,blood,AKR1E2:+1,,TRUE,"measured association is with AKR1E2, not the requested gene - check which gene this CpG actually tracks","| measured association is with AKR1E2, not the requested gene",0.7702,0.1149
cg18850333,cg18850333_BC21_T1_HOMER1,HOMER1,16,Glutamate & synaptic scaffolding,cg18850333,HOMER1,,,,no_evidence,,,FALSE,,,,,,,,,,0,,MRPL1,,0.289,B,REQUESTED_GENE_UNAVAILABLE,CMYA5,,0.31,B,REQUESTED_GENE_UNAVAILABLE,,,,,UNMAPPED,,,,,,,,,,,,,,,"",no catalogue holds this CpG-gene pair and no distance could be computed,,
cg18871253,cg18871253_TC21_T1_FOXP2,FOXP2,25,Social-synaptic & psychiatric risk,cg18871253,FOXP2,,,,no_evidence,,,FALSE,,,,,,,,,,0,,MAGI3,,0.2377,B,REQUESTED_GENE_UNAVAILABLE,,,,,UNMAPPED,,,,,UNMAPPED,,,,,,,,,,,,,,,"",no catalogue holds this CpG-gene pair and no distance could be computed,,
cg18884912,cg18884912_BC21_T1_TDO2,TDO2,15,Kynurenine pathway,cg18884912,TDO2,,,,no_evidence,,,FALSE,,,,,,,,,,0,,,,,,UNMAPPED,CTSO,,0.3771,A,REQUESTED_GENE_UNAVAILABLE,CTSO,,0.3688,A,REQUESTED_GENE_UNAVAILABLE,,,,,,,,,,,,,,,"",no catalogue holds this CpG-gene pair and no distance could be computed,,
cg18939363,cg18939363_TC21_T1_GABRA1,GABRA1,17,GABA & excitation-inhibition balance,cg18939363,GABRA1,,,,no_evidence,,,FALSE,,,,,,,,,,0,,,,,,UNMAPPED,,,,,UNMAPPED,,,,,UNMAPPED,,,,,,,,,,,,,,,"",no catalogue holds this CpG-gene pair and no distance could be computed,,
cg18939543,cg18939543_BC21_T1_SYP,SYP,18,Neurotrophins & activity-dependent plasticity,cg18939543,SYP,,,,no_evidence,,,FALSE,,,,,,,,,,0,,,,,,UNMAPPED,,,,,UNMAPPED,,,,,UNMAPPED,,,,,,,,,,,,,,,"",no catalogue holds this CpG-gene pair and no distance could be computed,,
cg18950471,cg18950471_TC21_T1_IL12RB1,IL12RB1,24,"Immune, inflammation & HLA",cg18950471,IL12RB1,-1,higher methylation -> LOWER expression,0.6703,catalogue_consensus,A,"0.77-0.87 (tier A, tissues agree)",FALSE,-1,-1,,,,,,,-1,3,1,IL12RB1,-1,0.6863,A,PREDICTED,IL12RB1,-1,0.9158,A,PREDICTED,IL12RB1,-1,0.4087,A,PREDICTED,,,,,,,,,,,,,,,"","",0.6703,0.16485
cg18960668,cg18960668_BC21_T1_ADORA1,ADORA1,8,Dopamine,cg18960668,ADORA1,,,,no_evidence,,,FALSE,,,,,,,,,,0,,ADORA1,,0.298,A,ABSTAIN,CHI3L1,,0.0695,A,REQUESTED_GENE_UNAVAILABLE,CHI3L1,,0.0131,B,REQUESTED_GENE_UNAVAILABLE,,,,,,,,,,,,,,,"",no catalogue holds this CpG-gene pair and no distance could be computed,,
cg18964582,cg18964582_TC21_T1_EDARADD,EDARADD,28,"Ageing, epigenetic clocks & telomere",cg18964582,EDARADD,,,,no_evidence,,,FALSE,,,,,,,,,,0,,LGALS8,,0.6322,A,REQUESTED_GENE_UNAVAILABLE,HEATR1,,0.3197,B,REQUESTED_GENE_UNAVAILABLE,,,,,UNMAPPED,,,,,,,,,,,,,,,"",no catalogue holds this CpG-gene pair and no distance could be computed,,
cg18997188,cg18997188_TC21_T1_GNAS,GNAS,19,GPCR signalling & second messengers,cg18997188,GNAS,,,,no_evidence,,,FALSE,,,,,,,,,,0,,CTSZ,,0.6537,A,REQUESTED_GENE_UNAVAILABLE,CTSZ,,0.3409,B,REQUESTED_GENE_UNAVAILABLE,,,,,UNMAPPED,,,,,,,,,,,,,,,"",no catalogue holds this CpG-gene pair and no distance could be computed,,
cg19003146,cg19003146_BC21_T1_FSHR,FSHR,5,"HPG axis, puberty & KNDy",cg19003146,FSHR,-1,higher methylation -> LOWER expression,0.52,catalogue_single,B,"0.55-0.84 (tier B, one tissue only)",FALSE,-1,-1,,,,,,,,1,1,FSHR,-1,0.52,B,PREDICTED,,,,,UNMAPPED,,,,,UNMAPPED,,,,,,,,,,,,,,,"",only one tissue called; no cross-tissue corroboration,0.52,0.24
cg19005062,cg19005062_BC11_T1_SYP,SYP,18,Neurotrophins & activity-dependent plasticity,cg19005062,SYP,,,,no_evidence,,,FALSE,,,,,,,,,,0,,,,,,UNMAPPED,,,,,UNMAPPED,,,,,UNMAPPED,,,,,,,,,,,,,,,"",no catalogue holds this CpG-gene pair and no distance could be computed,,
cg19011752,cg19011752_BC21_T1_TRPM2,TRPM2,1,"Oxytocin, vasopressin & CICR",cg19011752,TRPM2,-1,higher methylation -> LOWER expression,,smr_moderate,A,"0.84-0.86 (SMR tier S2, single instrument; validated n=6,008)",FALSE,-1,-1,-1,S2,3.103e-30,1,43867,TRUE,,2,0.5,TRPM2,-1,0.7056,A,PREDICTED,TRPM2,1,0.7183,A,PREDICTED,TRPM2,,0.4326,B,ABSTAIN,,,,,,,,,,,,,,,"",causal direction from SMR (blood); consistent with methylation affecting expression AND with linkage - HEIDI not run,0.7,0.15
cg19023876,cg19023876_TC21_T1_NLRP3,NLRP3,24,"Immune, inflammation & HLA",cg19023876,NLRP3,1,higher methylation -> HIGHER expression,,smr_moderate,A,"0.84-0.86 (SMR tier S2, single instrument; validated n=6,008)",FALSE,1,1,1,S2,1.741e-10,1,15997,TRUE,,1,1,GCSAML,,0.2377,B,REQUESTED_GENE_UNAVAILABLE,NLRP3,1,0.3197,A,PREDICTED,GCSAML,,0.0131,B,REQUESTED_GENE_UNAVAILABLE,,,,,,,,,,,,,,,"",causal direction from SMR (blood); consistent with methylation affecting expression AND with linkage - HEIDI not run,0.7,0.85
cg19025700,cg19025700_BC11_T1_FHL2,FHL2,28,"Ageing, epigenetic clocks & telomere",cg19025700,FHL2,1,higher methylation -> HIGHER expression,,smr_weak,,"0.66-0.75 (SMR tier S3, instruments disagree; validated n=456)",FALSE,1,1,1,S3,3.894e-207,2,1615,TRUE,,0,,,,,,UNMAPPED,,,,,UNMAPPED,,,,,UNMAPPED,,,,,,,,,,,,,,,"",causal direction from SMR (blood); consistent with methylation affecting expression AND with linkage - HEIDI not run,0.7,0.85
cg19035496,cg19035496_BC21_T1_CRH,CRH,2,HPA axis & glucocorticoid signalling,cg19035496,CRH,,,,no_evidence,,,FALSE,,,,,,,,,,0,,,,,,UNMAPPED,,,,,UNMAPPED,,,,,UNMAPPED,,,,,,,,,,,,,,,"",no catalogue holds this CpG-gene pair and no distance could be computed,,
cg19045305,cg19045305_BC21_T1_OPRD1,OPRD1,12,Opioid & melanocortin,cg19045305,OPRD1,,,,no_evidence,,,FALSE,,,,,,,,,,0,,SLC46A3,,0.2377,B,REQUESTED_GENE_UNAVAILABLE,EPB41,,0.4852,B,REQUESTED_GENE_UNAVAILABLE,EPB41,,0.0131,A,REQUESTED_GENE_UNAVAILABLE,,,,,,,,,,,,,,,"",no catalogue holds this CpG-gene pair and no distance could be computed,,
cg19050161,cg19050161_TC21_T1_INHBA,INHBA,5,"HPG axis, puberty & KNDy",cg19050161,INHBA,,,,no_evidence,,,FALSE,,,,,,,,,,0,,NAA16,,0.2377,B,REQUESTED_GENE_UNAVAILABLE,,,,,UNMAPPED,NAA16,,0.0131,B,REQUESTED_GENE_UNAVAILABLE,,,,,,,,,,,,,,,"",no catalogue holds this CpG-gene pair and no distance could be computed,,
cg19053046,cg19053046_BC21_T1_HLA_DPB1,HLA-DPB1,24,"Immune, inflammation & HLA",cg19053046,HLA-DPB1,1,higher methylation -> HIGHER expression,1,measured,A,"~1.00 (measured, not predicted)",FALSE,1,1,1,S3,3.541e-27,2,1086,TRUE,1,2,1,HLA-DPB1,1,0.9636,A,PREDICTED,HLA-DPB1,1,0.8509,A,DIRECT_eQTM,DYNLRB1,,0.1244,B,REQUESTED_GENE_UNAVAILABLE,,,,,,,,,,HLA-DPA1;HLA-DPB1,blood;nasal_epithelium,HLA-DPA1:+1;HLA-DPB1:+1,1,FALSE,"","",1,1
cg19057309,cg19057309_BC21_T1_HCRT,HCRT,13,Orexin / hypocretin & MCH,cg19057309,HCRT,-1,higher methylation -> LOWER expression,0.6,catalogue_single,B,"0.55-0.84 (tier B, one tissue only)",FALSE,-1,-1,,,,,,,,1,1,HCRT,-1,0.6,B,PREDICTED,RAB5C,,0.7399,A,REQUESTED_GENE_UNAVAILABLE,EIF2AK4,,0.1474,B,REQUESTED_GENE_UNAVAILABLE,,,,,,,,,,,,,,,"",only one tissue called; no cross-tissue corroboration,0.6,0.2
cg19077019,cg19077019_BC21_T1_PDYN,PDYN,12,Opioid & melanocortin,cg19077019,PDYN,,,,no_evidence,,,FALSE,,,,,,,,,,0,,,,,,UNMAPPED,LOC388780,,0.1239,B,REQUESTED_GENE_UNAVAILABLE,,,,,UNMAPPED,,,,,,,,,,,,,,,"",no catalogue holds this CpG-gene pair and no distance could be computed,,
cg19089045,cg19089045_TC11_T1_NDN,NDN,21,Imprinted genes & DMRs,cg19089045,NDN,,,,no_evidence,,,FALSE,,,,,,,,,,0,,NR1D2,,0.3429,A,REQUESTED_GENE_UNAVAILABLE,,,,,UNMAPPED,,,,,UNMAPPED,,,,,,,,,,,,,,,"",no catalogue holds this CpG-gene pair and no distance could be computed,,
cg19089328,cg19089328_BC21_T1_NADSYN1,NADSYN1,15,Kynurenine pathway,cg19089328,NADSYN1,1,higher methylation -> HIGHER expression,,smr_moderate,,"0.84-0.86 (SMR tier S2, single instrument; validated n=6,008)",FALSE,1,1,1,S2,3.043e-08,1,8519,TRUE,,0,,FAM104A,,0.561,A,REQUESTED_GENE_UNAVAILABLE,,,,,UNMAPPED,,,,,UNMAPPED,,,,,,,,,,,,,,,"",causal direction from SMR (blood); consistent with methylation affecting expression AND with linkage - HEIDI not run,0.7,0.85
cg19102572,cg19102572_BC11_T1_AR,AR,4,Sex steroids: receptors & metabolism,cg19102572,AR,,,,no_evidence,,,FALSE,,,,,,,,,,0,,,,,,UNMAPPED,,,,,UNMAPPED,,,,,UNMAPPED,,,,,,,,,,,,,,,"",no catalogue holds this CpG-gene pair and no distance could be computed,,
cg19107595,cg19107595_BC21_T1_PEG10,PEG10,21,Imprinted genes & DMRs,cg19107595,PEG10,-1,higher methylation -> LOWER expression,,smr_moderate,,"0.84-0.86 (SMR tier S2, single instrument; validated n=6,008)",FALSE,-1,-1,-1,S2,4.474e-09,1,6680,TRUE,,0,,PEG10,,0.0641,B,ABSTAIN,,,,,UNMAPPED,IDE,,0.1667,B,REQUESTED_GENE_UNAVAILABLE,,,,,,,,,,,,,,,"",causal direction from SMR (blood); consistent with methylation affecting expression AND with linkage - HEIDI not run,0.7,0.15
cg19125393,cg19125393_TC21_T1_GLUL,GLUL,16,Glutamate & synaptic scaffolding,cg19125393,GLUL,,,,no_evidence,,,FALSE,,,,,,,,,,0,,ITGA4,,0.2377,B,REQUESTED_GENE_UNAVAILABLE,GLUL,,0.3889,B,ABSTAIN,,,,,UNMAPPED,,,,,,,,,,,,,,,"",no catalogue holds this CpG-gene pair and no distance could be computed,,
cg19131227,cg19131227_BC21_T1_IGF2,IGF2,21,Imprinted genes & DMRs,cg19131227,IGF2,,,,no_evidence,,,FALSE,,,,,,,,,,0,,MAD1L1,,0.1897,A,REQUESTED_GENE_UNAVAILABLE,TNNT3,,0.0501,A,REQUESTED_GENE_UNAVAILABLE,MAD1L1,,0.0131,B,REQUESTED_GENE_UNAVAILABLE,,,,,,,,,,,,,,,"",no catalogue holds this CpG-gene pair and no distance could be computed,,
cg19137676,cg19137676_BC21_T1_IGF2,IGF2,21,Imprinted genes & DMRs,cg19137676,IGF2,,,,no_evidence,,,FALSE,,,,,,,,,,0,,MAD1L1,,0.1971,A,REQUESTED_GENE_UNAVAILABLE,CD81,,0.3639,A,REQUESTED_GENE_UNAVAILABLE,MAD1L1,,0.0131,B,REQUESTED_GENE_UNAVAILABLE,,,,,,,,,,,,,,,"",no catalogue holds this CpG-gene pair and no distance could be computed,,
cg19139729,cg19139729_BC21_T1_SULT2A1,SULT2A1,4,Sex steroids: receptors & metabolism,cg19139729,SULT2A1,,,,no_evidence,,,FALSE,,,,,,,,,,0,,SEPW1,,0.126,B,REQUESTED_GENE_UNAVAILABLE,EHD2,,0.0695,B,REQUESTED_GENE_UNAVAILABLE,EHD2,,0.1815,B,REQUESTED_GENE_UNAVAILABLE,,,,,,,,,,,,,,,"",no catalogue holds this CpG-gene pair and no distance could be computed,,
cg19144974,cg19144974_TC21_T1_CYP1B1,CYP1B1,4,Sex steroids: receptors & metabolism,cg19144974,CYP1B1,,,,no_evidence,,,FALSE,,,,,,,,,,0,,ZNF37A,,0.3429,A,REQUESTED_GENE_UNAVAILABLE,RMDN2,,0.3197,A,REQUESTED_GENE_UNAVAILABLE,RMDN2,,0.1124,B,REQUESTED_GENE_UNAVAILABLE,,,,,,,,,,,,,,,"",no catalogue holds this CpG-gene pair and no distance could be computed,,
cg19182242,cg19182242_TC21_T1_PPARG,PPARG,27,Appetite & metabolic programming,cg19182242,PPARG,,,,no_evidence,,,FALSE,,,,,,,,,,0,,,,,,UNMAPPED,TIMP4,,0.1453,B,REQUESTED_GENE_UNAVAILABLE,TIMP4,,0.0131,B,REQUESTED_GENE_UNAVAILABLE,,,,,,,,,,,,,,,"",no catalogue holds this CpG-gene pair and no distance could be computed,,
cg19205240,cg19205240_TC21_T1_RELN,RELN,25,Social-synaptic & psychiatric risk,cg19205240,RELN,,,,no_evidence,,,FALSE,,,,,,,,,,0,,,,,,UNMAPPED,PSMC2,,0.3197,A,REQUESTED_GENE_UNAVAILABLE,,,,,UNMAPPED,,,,,,,,,,,,,,,"",no catalogue holds this CpG-gene pair and no distance could be computed,,
cg19226017,cg19226017_TC21_T1_FKBP5,FKBP5,2,HPA axis & glucocorticoid signalling,cg19226017,FKBP5,-1,higher methylation -> LOWER expression,0.3639,catalogue_single,A,"0.62-0.87 (tier A, one tissue only)",FALSE,-1,-1,,,,,,,,1,1,,,,,UNMAPPED,FKBP5,-1,0.3639,A,PREDICTED,FKBP5,,0.0131,A,ABSTAIN,,,,,,,,,,,,,,,"",only one tissue called; no cross-tissue corroboration,0.3639,0.31805
cg19226099,cg19226099_BC21_T1_MC3R,MC3R,27,Appetite & metabolic programming,cg19226099,MC3R,,,,no_evidence,,,FALSE,,,,,,,,,,0,,,,,,UNMAPPED,CASS4,,0.3197,B,REQUESTED_GENE_UNAVAILABLE,,,,,UNMAPPED,,,,,,,,,,,,,,,"",no catalogue holds this CpG-gene pair and no distance could be computed,,
cg19235307,cg19235307_BC21_T1_MBD4,MBD4,20,Epigenetic machinery,cg19235307,MBD4,-1,higher methylation -> LOWER expression,0.5136,catalogue_consensus,A,"0.77-0.87 (tier A, tissues agree)",FALSE,-1,-1,,,,,,,-1,2,1,MBD4,-1,0.6863,A,PREDICTED,MBD4,-1,0.3409,A,PREDICTED,,,,,UNMAPPED,,,,,,,,,,,,,,,"","",0.5136,0.2432
cg19246862,cg19246862_TC21_T1_DEAF1,DEAF1,9,Serotonin,cg19246862,DEAF1,-1,higher methylation -> LOWER expression,0.5348,catalogue_consensus,A,"0.77-0.87 (tier A, tissues agree)",FALSE,-1,-1,-1,S2,1.328e-10,1,31161,TRUE,-1,2,1,DEAF1,-1,0.7056,A,PREDICTED,DEAF1,-1,0.3639,A,PREDICTED,TALDO1,,0.0131,A,REQUESTED_GENE_UNAVAILABLE,,,,,,,,,,TMEM80,blood,TMEM80:-1,,TRUE,"measured association is with TMEM80, not the requested gene - check which gene this CpG actually tracks","| measured association is with TMEM80, not the requested gene",0.5348,0.2326
cg19268453,cg19268453_BC21_T1_HLA_DMB,HLA-DMB,24,"Immune, inflammation & HLA",cg19268453,HLA-DMB,-1,higher methylation -> LOWER expression,,smr_moderate,A,"0.84-0.86 (SMR tier S2, single instrument; validated n=6,008)",FALSE,-1,-1,-1,S2,4.216e-34,1,512,TRUE,,2,0.5,HLA-DMB,-1,0.571,A,PREDICTED,HLA-DMB,1,0.8509,A,PREDICTED,HLA-DMB,,0.1667,A,ABSTAIN,,,,,,,,,,,,,,,"",causal direction from SMR (blood); consistent with methylation affecting expression AND with linkage - HEIDI not run,0.7,0.15
cg19296354,cg19296354_TC21_T1_GNAS,GNAS,19,GPCR signalling & second messengers,cg19296354,GNAS,,,,no_evidence,,,FALSE,,,,,,,,,,0,,CTSZ,,0.6537,A,REQUESTED_GENE_UNAVAILABLE,CTSZ,,0.1556,B,REQUESTED_GENE_UNAVAILABLE,,,,,UNMAPPED,,,,,,,,,,,,,,,"",no catalogue holds this CpG-gene pair and no distance could be computed,,
cg19315653,cg19315653_TC21_T1_ADORA1,ADORA1,8,Dopamine,cg19315653,ADORA1,,,,no_evidence,,,FALSE,,,,,,,,,,0,,ADORA1,,0.298,A,ABSTAIN,CHI3L1,,0.0695,A,REQUESTED_GENE_UNAVAILABLE,CHI3L1,,0.0131,B,REQUESTED_GENE_UNAVAILABLE,,,,,,,,,,,,,,,"",no catalogue holds this CpG-gene pair and no distance could be computed,,
cg19340255,cg19340255_BC21_T1_OPRM1,OPRM1,12,Opioid & melanocortin,cg19340255,OPRM1,,,,no_evidence,,,FALSE,,,,,,,,,,0,,,,,,UNMAPPED,,,,,UNMAPPED,,,,,UNMAPPED,,,,,,,,,,,,,,,"",no catalogue holds this CpG-gene pair and no distance could be computed,,
cg19348286,cg19348286_BC21_T1_ADCY1,ADCY1,19,GPCR signalling & second messengers,cg19348286,ADCY1,,,,no_evidence,,,FALSE,,,,,,,,,,0,,FAM179B,,0.298,B,REQUESTED_GENE_UNAVAILABLE,,,,,UNMAPPED,,,,,UNMAPPED,,,,,,,,,,,,,,,"",no catalogue holds this CpG-gene pair and no distance could be computed,,
cg19350197,cg19350197_TC11_T1_HLA_DOB,HLA-DOB,24,"Immune, inflammation & HLA",cg19350197,HLA-DOB,,,,tissue_conflict,A,,FALSE,,,,,,,,,,2,0.5,HLA-DOB,1,0.7856,A,PREDICTED,HLA-DOB,-1,0.7399,A,PREDICTED,PSMB8,,0.0131,A,REQUESTED_GENE_UNAVAILABLE,,,,,,,,,,TAP2,blood,TAP2:+1,,TRUE,"measured association is with TAP2, not the requested gene - check which gene this CpG actually tracks","tissues returned opposite directions; not resolved | measured association is with TAP2, not the requested gene",,
cg19386484,cg19386484_TC11_T1_MEST,MEST,21,Imprinted genes & DMRs,cg19386484,MEST,,,,no_evidence,,,FALSE,,,,,,,,,,0,,CPA5,,0.7056,A,REQUESTED_GENE_UNAVAILABLE,ARHGAP18,,0.4852,A,REQUESTED_GENE_UNAVAILABLE,CPA5,,0.2027,A,REQUESTED_GENE_UNAVAILABLE,,,,,,,,,,,,,,,"",no catalogue holds this CpG-gene pair and no distance could be computed,,
cg19395706,cg19395706_BC21_T1_NRXN2,NRXN2,25,Social-synaptic & psychiatric risk,cg19395706,NRXN2,,,,no_evidence,,,FALSE,,,,,,,,,,0,,AP003774.3,,0.298,B,REQUESTED_GENE_UNAVAILABLE,DAPK2,,0.0695,A,REQUESTED_GENE_UNAVAILABLE,SYNE2,,0.0131,B,REQUESTED_GENE_UNAVAILABLE,,,,,,,,,,,,,,,"",no catalogue holds this CpG-gene pair and no distance could be computed,,
cg19399225,cg19399225_TC21_T1_FOXA1,FOXA1,4,Sex steroids: receptors & metabolism,cg19399225,FOXA1,,,,no_evidence,,,FALSE,,,,,,,,,,0,,STARD3NL,,0.2377,B,REQUESTED_GENE_UNAVAILABLE,TTC6,,0.3409,A,REQUESTED_GENE_UNAVAILABLE,TTC6,,0.4386,A,REQUESTED_GENE_UNAVAILABLE,,,,,,,,,,,,,,,"",no catalogue holds this CpG-gene pair and no distance could be computed,,
cg19404582,cg19404582_TC21_T1_GRIN1,GRIN1,16,Glutamate & synaptic scaffolding,cg19404582,GRIN1,,,,no_evidence,,,FALSE,,,,,,,,,,0,,DPP7,,0.3429,A,REQUESTED_GENE_UNAVAILABLE,DPP7,,0.4852,A,REQUESTED_GENE_UNAVAILABLE,MAN1B1-AS1,,0.1474,B,REQUESTED_GENE_UNAVAILABLE,,,,,,,,,,,,,,,"",no catalogue holds this CpG-gene pair and no distance could be computed,,
cg19413350,cg19413350_TC11_T1_PENK,PENK,12,Opioid & melanocortin,cg19413350,PENK,,,,no_evidence,,,FALSE,,,,,,,,,,0,,,,,,UNMAPPED,,,,,UNMAPPED,ZDHHC5,,0.1124,B,REQUESTED_GENE_UNAVAILABLE,,,,,,,,,,,,,,,"",no catalogue holds this CpG-gene pair and no distance could be computed,,
cg19432033,cg19432033_BC21_T1_SHBG,SHBG,4,Sex steroids: receptors & metabolism,cg19432033,SHBG,,,,no_evidence,,,FALSE,,,,,,,,,,0,,SOX15,,0.298,A,REQUESTED_GENE_UNAVAILABLE,SOX15,,0.3409,A,REQUESTED_GENE_UNAVAILABLE,TNFSF13,,0.1244,A,REQUESTED_GENE_UNAVAILABLE,,,,,,,,,,,,,,,"",no catalogue holds this CpG-gene pair and no distance could be computed,,
cg19435774,cg19435774_TC21_T1_GRM5,GRM5,16,Glutamate & synaptic scaffolding,cg19435774,GRM5,,,,no_evidence,,,FALSE,,,,,,,,,,0,,,,,,UNMAPPED,GRM5,,0.1556,B,ABSTAIN,,,,,UNMAPPED,,,,,,,,,,,,,,,"",no catalogue holds this CpG-gene pair and no distance could be computed,,
cg19441691,cg19441691_TC21_T1_MAOA,MAOA,11,"Monoamine synthesis, transport & degradation",cg19441691,MAOA,,,,no_evidence,,,FALSE,,,,,,,,,,0,,,,,,UNMAPPED,,,,,UNMAPPED,,,,,UNMAPPED,,,,,,,,,,,,,,,"",no catalogue holds this CpG-gene pair and no distance could be computed,,
cg19447928,cg19447928_BC21_T1_SNRPN,SNRPN,21,Imprinted genes & DMRs,cg19447928,SNRPN,,,,no_evidence,,,FALSE,,,,,,,,,,0,,SNRPN;SNURF,,0.1971,B,REQUESTED_GENE_UNAVAILABLE,,,,,UNMAPPED,,,,,UNMAPPED,,,,,,,,,,,,,,,"",no catalogue holds this CpG-gene pair and no distance could be computed,,
cg19449067,cg19449067_BC21_T1_ESR1,ESR1,4,Sex steroids: receptors & metabolism,cg19449067,ESR1,-1,higher methylation -> LOWER expression,,smr_moderate,,"0.84-0.86 (SMR tier S2, single instrument; validated n=6,008)",FALSE,-1,-1,-1,S2,2.094e-33,1,203187,TRUE,,0,,,,,,UNMAPPED,,,,,UNMAPPED,,,,,UNMAPPED,,,,,,,,,,,,,,,"",causal direction from SMR (blood); consistent with methylation affecting expression AND with linkage - HEIDI not run,0.7,0.15
cg19475224,cg19475224_TC21_T1_NOS3,NOS3,6,Libido & sexual function,cg19475224,NOS3,,,,no_evidence,,,FALSE,,,,,,,,,,0,,NOS3;ATG9B,,0.4729,A,REQUESTED_GENE_UNAVAILABLE,GOLPH3L,,0.0695,A,REQUESTED_GENE_UNAVAILABLE,KCNH2,,0.1244,A,REQUESTED_GENE_UNAVAILABLE,,,,,,,,,,,,,,,"",no catalogue holds this CpG-gene pair and no distance could be computed,,
cg19493242,cg19493242_TC11_T1_AR,AR,4,Sex steroids: receptors & metabolism,cg19493242,AR,,,,no_evidence,,,FALSE,,,,,,,,,,0,,,,,,UNMAPPED,,,,,UNMAPPED,,,,,UNMAPPED,,,,,,,,,,,,,,,"",no catalogue holds this CpG-gene pair and no distance could be computed,,
cg19500607,cg19500607_BC21_T1_HTR4,HTR4,9,Serotonin,cg19500607,HTR4,,,,no_evidence,,,FALSE,,,,,,,,,,0,,,,,,UNMAPPED,,,,,UNMAPPED,,,,,UNMAPPED,,,,,,,,,,,,,,,"",no catalogue holds this CpG-gene pair and no distance could be computed,,
cg19532132,cg19532132_BC21_T1_CAMK2D,CAMK2D,1,"Oxytocin, vasopressin & CICR",cg19532132,CAMK2D,,,,no_evidence,,,FALSE,,,,,,,,,,0,,RABL2A,,0.2377,B,REQUESTED_GENE_UNAVAILABLE,,,,,UNMAPPED,,,,,UNMAPPED,,,,,,,,,,,,,,,"",no catalogue holds this CpG-gene pair and no distance could be computed,,
cg19535672,cg19535672_TC21_T1_UCN,UCN,2,HPA axis & glucocorticoid signalling,cg19535672,UCN,,,,no_evidence,,,FALSE,,,,,,,,,,0,,LOC105374363,,0.058,B,REQUESTED_GENE_UNAVAILABLE,ATRAID,,0.4852,A,REQUESTED_GENE_UNAVAILABLE,,,,,UNMAPPED,,,,,,,,,,,,,,,"",no catalogue holds this CpG-gene pair and no distance could be computed,,
cg19537070,cg19537070_TC21_T1_GABRA6,GABRA6,17,GABA & excitation-inhibition balance,cg19537070,GABRA6,,,,no_evidence,,,FALSE,,,,,,,,,,0,,,,,,UNMAPPED,,,,,UNMAPPED,,,,,UNMAPPED,,,,,,,,,,,,,,,"",no catalogue holds this CpG-gene pair and no distance could be computed,,
cg19563130,cg19563130_TC21_T1_TSHR,TSHR,26,Thyroid & neurodevelopment,cg19563130,TSHR,-1,higher methylation -> LOWER expression,,smr_moderate,,"0.84-0.86 (SMR tier S2, single instrument; validated n=6,008)",FALSE,-1,-1,-1,S2,2.599e-12,1,94891,TRUE,,0,,,,,,UNMAPPED,,,,,UNMAPPED,,,,,UNMAPPED,,,,,,,,,,,,,,,"",causal direction from SMR (blood); consistent with methylation affecting expression AND with linkage - HEIDI not run,0.7,0.15
cg19577206,cg19577206_TC21_T1_EHMT2,EHMT2,20,Epigenetic machinery,cg19577206,EHMT2,,,,no_evidence,,,FALSE,,,,,,,,,,0,,C2,,0.6537,A,REQUESTED_GENE_UNAVAILABLE,C2,,0.8366,A,REQUESTED_GENE_UNAVAILABLE,C2,,0.4087,A,REQUESTED_GENE_UNAVAILABLE,,,,,,,,,,,,,,,"",no catalogue holds this CpG-gene pair and no distance could be computed,,
cg19589727,cg19589727_TC21_T1_GNAS,GNAS,19,GPCR signalling & second messengers,cg19589727,GNAS,,,,no_evidence,,,FALSE,,,,,,,,,,0,,CTSZ,,0.4648,A,REQUESTED_GENE_UNAVAILABLE,CTSZ,,0.3409,B,REQUESTED_GENE_UNAVAILABLE,,,,,UNMAPPED,,,,,,,,,,,,,,,"",no catalogue holds this CpG-gene pair and no distance could be computed,,
cg19592472,cg19592472_BC11_T1_OXT,OXT,1,"Oxytocin, vasopressin & CICR",cg19592472,OXT,,,,no_evidence,,,FALSE,,,,,,,,,,0,,AVP,,0.4598,A,REQUESTED_GENE_UNAVAILABLE,,,,,UNMAPPED,,,,,UNMAPPED,,,,,,,,,,,,,,,"",no catalogue holds this CpG-gene pair and no distance could be computed,,
cg19594666,cg19594666_BC11_T1_LEP,LEP,27,Appetite & metabolic programming,cg19594666,LEP,,,,no_evidence,,,FALSE,,,,,,,,,,0,,IMPDH1,,0.1077,B,REQUESTED_GENE_UNAVAILABLE,IMPDH1,,0.3409,B,REQUESTED_GENE_UNAVAILABLE,IMPDH1,,0.0131,B,REQUESTED_GENE_UNAVAILABLE,,,,,,,,,,,,,,,"",no catalogue holds this CpG-gene pair and no distance could be computed,,
cg19598129,cg19598129_TC21_T1_ESR2,ESR2,4,Sex steroids: receptors & metabolism,cg19598129,ESR2,,,,no_evidence,,,FALSE,,,,,,,,,,0,,AKAP5,,0.1077,A,REQUESTED_GENE_UNAVAILABLE,MTHFD1,,0.1453,B,REQUESTED_GENE_UNAVAILABLE,,,,,UNMAPPED,,,,,,,,,,,,,,,"",no catalogue holds this CpG-gene pair and no distance could be computed,,
cg19616372,cg19616372_TC21_T1_DLG3,DLG3,16,Glutamate & synaptic scaffolding,cg19616372,DLG3,,,,no_evidence,,,FALSE,,,,,,,,,,0,,,,,,UNMAPPED,,,,,UNMAPPED,,,,,UNMAPPED,,,,,,,,,,,,,,,"",no catalogue holds this CpG-gene pair and no distance could be computed,,
cg19621460,cg19621460_BC21_T1_PRKACA,PRKACA,19,GPCR signalling & second messengers,cg19621460,PRKACA,,,,no_evidence,,,FALSE,,,,,,,,,,0,,LOC113230,,0.298,A,REQUESTED_GENE_UNAVAILABLE,IL27RA,,0.0695,A,REQUESTED_GENE_UNAVAILABLE,,,,,UNMAPPED,,,,,,,,,,,,,,,"",no catalogue holds this CpG-gene pair and no distance could be computed,,
cg19631841,cg19631841_TC21_T1_SHBG,SHBG,4,Sex steroids: receptors & metabolism,cg19631841,SHBG,,,,no_evidence,,,FALSE,,,,,,,,,,0,,SOX15,,0.298,A,REQUESTED_GENE_UNAVAILABLE,SOX15,,0.6,A,REQUESTED_GENE_UNAVAILABLE,TNFSF13,,0.1244,B,REQUESTED_GENE_UNAVAILABLE,,,,,,,,,,,,,,,"",no catalogue holds this CpG-gene pair and no distance could be computed,,
cg19640589,cg19640589_BC11_T1_GNAS,GNAS,19,GPCR signalling & second messengers,cg19640589,GNAS,,,,no_evidence,,,FALSE,,,,,,,,,,0,,CTSZ,,0.6537,A,REQUESTED_GENE_UNAVAILABLE,CTSZ,,0.3409,B,REQUESTED_GENE_UNAVAILABLE,,,,,UNMAPPED,,,,,,,,,,,,,,,"",no catalogue holds this CpG-gene pair and no distance could be computed,,
cg19655952,cg19655952_TC21_T1_FOXP2,FOXP2,25,Social-synaptic & psychiatric risk,cg19655952,FOXP2,,,,no_evidence,,,FALSE,,,,,,,,,,0,,MAGI3,,0.2377,B,REQUESTED_GENE_UNAVAILABLE,,,,,UNMAPPED,,,,,UNMAPPED,,,,,,,,,,,,,,,"",no catalogue holds this CpG-gene pair and no distance could be computed,,
cg19705131,cg19705131_TC21_T1_GALR1,GALR1,6,Libido & sexual function,cg19705131,GALR1,,,,no_evidence,,,FALSE,,,,,,,,,,0,,,,,,UNMAPPED,,,,,UNMAPPED,,,,,UNMAPPED,,,,,,,,,,,,,,,"",no catalogue holds this CpG-gene pair and no distance could be computed,,
cg19707787,cg19707787_TC21_T1_PGF,PGF,7,"Pregnancy, parturition & lactation",cg19707787,PGF,,,,no_evidence,,,FALSE,,,,,,,,,,0,,RPS6KL1,,0.5493,A,REQUESTED_GENE_UNAVAILABLE,RPS6KL1,,0.4583,A,REQUESTED_GENE_UNAVAILABLE,,,,,UNMAPPED,,,,,,,,,,,,,,,"",no catalogue holds this CpG-gene pair and no distance could be computed,,
cg19717018,cg19717018_BC21_T1_GDNF,GDNF,18,Neurotrophins & activity-dependent plasticity,cg19717018,GDNF,,,,no_evidence,,,FALSE,,,,,,,,,,0,,PPP1R1B,,0.2377,B,REQUESTED_GENE_UNAVAILABLE,,,,,UNMAPPED,TBC1D1,,0.0131,B,REQUESTED_GENE_UNAVAILABLE,,,,,,,,,,,,,,,"",no catalogue holds this CpG-gene pair and no distance could be computed,,
cg19728345,cg19728345_TC11_T1_SLC6A3,SLC6A3,8,Dopamine,cg19728345,SLC6A3,,,,no_evidence,,,FALSE,,,,,,,,,,0,,INPP5K,,0.1852,A,REQUESTED_GENE_UNAVAILABLE,CLPTM1L,,0.31,B,REQUESTED_GENE_UNAVAILABLE,CLPTM1L,,0.1474,B,REQUESTED_GENE_UNAVAILABLE,,,,,,,,,,,,,,,"",no catalogue holds this CpG-gene pair and no distance could be computed,,
cg19738506,cg19738506_TC21_T1_OPRD1,OPRD1,12,Opioid & melanocortin,cg19738506,OPRD1,,,,no_evidence,,,FALSE,,,,,,,,,,0,,SUZ12P1,,0.6322,A,REQUESTED_GENE_UNAVAILABLE,EPB41,,0.1556,B,REQUESTED_GENE_UNAVAILABLE,EPB41,,0.0131,B,REQUESTED_GENE_UNAVAILABLE,,,,,,,,,,,,,,,"",no catalogue holds this CpG-gene pair and no distance could be computed,,
cg19743168,cg19743168_BC21_T1_HTR1D,HTR1D,9,Serotonin,cg19743168,HTR1D,,,,no_evidence,,,FALSE,,,,,,,,,,0,,DCTN5,,0.1852,B,REQUESTED_GENE_UNAVAILABLE,ZNF436,,0.4583,B,REQUESTED_GENE_UNAVAILABLE,BCL2L2-PABPN1,,0.0131,B,REQUESTED_GENE_UNAVAILABLE,,,,,,,,,,,,,,,"",no catalogue holds this CpG-gene pair and no distance could be computed,,
cg19745415,cg19745415_BC21_T1_IL12RB2,IL12RB2,24,"Immune, inflammation & HLA",cg19745415,IL12RB2,-1,higher methylation -> LOWER expression,1,measured,A,"~1.00 (measured, not predicted)",FALSE,-1,-1,1,S3,1.513e-10,2,44829,FALSE,-1,2,1,IL12RB2,-1,0.7056,A,DIRECT_eQTM,IL12RB2,-1,0.8457,A,PREDICTED,IL12RB2,,0.4386,B,ABSTAIN,,,,,,,,,,IL12RB2,blood,IL12RB2:-1,-1,FALSE,""," | SMR (causal, blood) says +1 at tier S3 but a stronger layer supplied the opposite sign - inspect before using",1,0
cg19749984,cg19749984_BC21_T1_SLC19A1,SLC19A1,22,One-carbon metabolism,cg19749984,SLC19A1,,,,no_evidence,,,FALSE,,,,,,,,,,0,,,,,,UNMAPPED,,,,,UNMAPPED,,,,,UNMAPPED,,,,,,,,,,,,,,,"",no catalogue holds this CpG-gene pair and no distance could be computed,,
cg19760542,cg19760542_BC21_T1_DIO2,DIO2,26,Thyroid & neurodevelopment,cg19760542,DIO2,-1,higher methylation -> LOWER expression,0.3409,catalogue_single,A,"0.62-0.87 (tier A, one tissue only)",FALSE,-1,-1,,,,,,,,1,1,,,,,UNMAPPED,DIO2,-1,0.3409,A,PREDICTED,FAH,,0.2027,B,REQUESTED_GENE_UNAVAILABLE,,,,,,,,,,,,,,,"",only one tissue called; no cross-tissue corroboration,0.3409,0.32955
cg19764418,cg19764418_TC21_T1_RYR2,RYR2,1,"Oxytocin, vasopressin & CICR",cg19764418,RYR2,,,,no_evidence,,,FALSE,,,,,,,,,,0,,,,,,UNMAPPED,MTR,,0.4765,A,REQUESTED_GENE_UNAVAILABLE,,,,,UNMAPPED,,,,,,,,,,,,,,,"",no catalogue holds this CpG-gene pair and no distance could be computed,,
cg19771589,cg19771589_BC21_T1_PEG3,PEG3,21,Imprinted genes & DMRs,cg19771589,PEG3,,,,no_evidence,,,FALSE,,,,,,,,,,0,,ZNF835,,0.7056,A,REQUESTED_GENE_UNAVAILABLE,,,,,UNMAPPED,,,,,UNMAPPED,,,,,,,,,,,,,,,"",no catalogue holds this CpG-gene pair and no distance could be computed,,
cg19776589,cg19776589_TC11_T1_OXT,OXT,1,"Oxytocin, vasopressin & CICR",cg19776589,OXT,,,,no_evidence,,,FALSE,,,,,,,,,,0,,AVP,,0.4598,A,REQUESTED_GENE_UNAVAILABLE,,,,,UNMAPPED,,,,,UNMAPPED,,,,,,,,,,,,,,,"",no catalogue holds this CpG-gene pair and no distance could be computed,,
cg19780389,cg19780389_TC21_T1_INHA,INHA,5,"HPG axis, puberty & KNDy",cg19780389,INHA,,,,no_evidence,,,FALSE,,,,,,,,,,0,,,,,,UNMAPPED,OBSL1,,0.9158,A,REQUESTED_GENE_UNAVAILABLE,OBSL1,,0.4326,A,REQUESTED_GENE_UNAVAILABLE,,,,,,,,,,,,,,,"",no catalogue holds this CpG-gene pair and no distance could be computed,,
cg19781870,cg19781870_TC21_T1_CSNK1E,CSNK1E,23,Circadian & melatonin,cg19781870,CSNK1E,-1,higher methylation -> LOWER expression,,smr_moderate,,"0.84-0.86 (SMR tier S2, single instrument; validated n=6,008)",FALSE,-1,-1,-1,S2,6.099e-40,1,26327,TRUE,,0,,,,,,UNMAPPED,TMEM184B,,0.7966,A,REQUESTED_GENE_UNAVAILABLE,PLA2G6,,0.2027,A,REQUESTED_GENE_UNAVAILABLE,,,,,,,,,,,,,,,"",causal direction from SMR (blood); consistent with methylation affecting expression AND with linkage - HEIDI not run,0.7,0.15
cg19782411,cg19782411_BC21_T1_NNAT,NNAT,21,Imprinted genes & DMRs,cg19782411,NNAT,,,,no_evidence,,,FALSE,,,,,,,,,,0,,,,,,UNMAPPED,BLCAP,,0.0695,A,REQUESTED_GENE_UNAVAILABLE,SRC,,0.1244,B,REQUESTED_GENE_UNAVAILABLE,,,,,,,,,,,,,,,"",no catalogue holds this CpG-gene pair and no distance could be computed,,
cg19784262,cg19784262_BC11_T1_AVPR2,AVPR2,1,"Oxytocin, vasopressin & CICR",cg19784262,AVPR2,,,,no_evidence,,,FALSE,,,,,,,,,,0,,PNMA6B,,0.1971,A,REQUESTED_GENE_UNAVAILABLE,,,,,UNMAPPED,,,,,UNMAPPED,,,,,,,,,,,,,,,"",no catalogue holds this CpG-gene pair and no distance could be computed,,
cg19786359,cg19786359_BC21_T1_SYP,SYP,18,Neurotrophins & activity-dependent plasticity,cg19786359,SYP,,,,no_evidence,,,FALSE,,,,,,,,,,0,,,,,,UNMAPPED,,,,,UNMAPPED,,,,,UNMAPPED,,,,,,,,,,,,,,,"",no catalogue holds this CpG-gene pair and no distance could be computed,,
cg19794207,cg19794207_TC21_T1_GRIN1,GRIN1,16,Glutamate & synaptic scaffolding,cg19794207,GRIN1,,,,no_evidence,,,FALSE,,,,,,,,,,0,,DPP7,,0.298,A,REQUESTED_GENE_UNAVAILABLE,LRRC26,,0.4745,A,REQUESTED_GENE_UNAVAILABLE,MAN1B1-AS1,,0.1474,B,REQUESTED_GENE_UNAVAILABLE,,,,,,,,,,,,,,,"",no catalogue holds this CpG-gene pair and no distance could be computed,,
cg19806221,cg19806221_TC21_T1_ADRB3,ADRB3,10,Noradrenaline & sympathetic nervous system,cg19806221,ADRB3,,,,no_evidence,,,FALSE,,,,,,,,,,0,,ADGRA2,,0.1934,B,REQUESTED_GENE_UNAVAILABLE,LSM1,,0.0695,B,REQUESTED_GENE_UNAVAILABLE,ADGRA2,,0.1244,B,REQUESTED_GENE_UNAVAILABLE,,,,,,,,,,,,,,,"",no catalogue holds this CpG-gene pair and no distance could be computed,,
cg19807685,cg19807685_TC21_T1_HSD17B2,HSD17B2,4,Sex steroids: receptors & metabolism,cg19807685,HSD17B2,-1,higher methylation -> LOWER expression,0.4326,catalogue_single,A,"0.62-0.87 (tier A, one tissue only)",FALSE,-1,-1,,,,,,,,1,1,,,,,UNMAPPED,,,,,UNMAPPED,HSD17B2,-1,0.4326,A,PREDICTED,,,,,,,,,,,,,,,"",only one tissue called; no cross-tissue corroboration,0.4326,0.2837
cg19818473,cg19818473_TC21_T1_STAR,STAR,3,Steroidogenesis (adrenal & gonadal),cg19818473,STAR,,,,no_evidence,,,FALSE,,,,,,,,,,0,,LSM1,,0.289,B,REQUESTED_GENE_UNAVAILABLE,LSM1,,0.3409,B,REQUESTED_GENE_UNAVAILABLE,SNIP1,,0.0788,A,REQUESTED_GENE_UNAVAILABLE,,,,,,,,,,,,,,,"",no catalogue holds this CpG-gene pair and no distance could be computed,,
cg19821988,cg19821988_TC21_T1_ATP2A3,ATP2A3,1,"Oxytocin, vasopressin & CICR",cg19821988,ATP2A3,-1,higher methylation -> LOWER expression,0.4242,catalogue_consensus,A,"0.77-0.87 (tier A, tissues agree)",FALSE,-1,-1,,,,,,,-1,2,1,ATP2A3,-1,0.3739,A,PREDICTED,ATP2A3,-1,0.4745,A,PREDICTED,ATP2A3,,0.1815,A,ABSTAIN,,,,,,,,,,,,,,,"","",0.4242,0.2879
cg19845212,cg19845212_BC21_T1_NLRP3,NLRP3,24,"Immune, inflammation & HLA",cg19845212,NLRP3,-1,higher methylation -> LOWER expression,0.3639,catalogue_single,A,"0.62-0.87 (tier A, one tissue only)",FALSE,-1,-1,,,,,,,,1,1,GCSAML-AS1,,0.298,B,REQUESTED_GENE_UNAVAILABLE,NLRP3,-1,0.3639,A,PREDICTED,GCSAML,,0.1124,B,REQUESTED_GENE_UNAVAILABLE,,,,,,,,,,,,,,,"",only one tissue called; no cross-tissue corroboration,0.3639,0.31805
cg19848940,cg19848940_TC21_T1_ALDH2,ALDH2,11,"Monoamine synthesis, transport & degradation",cg19848940,ALDH2,-1,higher methylation -> LOWER expression,0.4852,catalogue_single,A,"0.62-0.87 (tier A, one tissue only)",FALSE,-1,-1,,,,,,,,1,1,MAPKAPK5-AS1,,0.126,A,REQUESTED_GENE_UNAVAILABLE,ALDH2,-1,0.4852,A,PREDICTED,,,,,UNMAPPED,,,,,,,,,,,,,,,"",only one tissue called; no cross-tissue corroboration,0.4852,0.2574
cg19854896,cg19854896_TC21_T1_TSC22D3,TSC22D3,2,HPA axis & glucocorticoid signalling,cg19854896,TSC22D3,,,,no_evidence,,,FALSE,,,,,,,,,,0,,,,,,UNMAPPED,,,,,UNMAPPED,,,,,UNMAPPED,,,,,,,,,,,,,,,"",no catalogue holds this CpG-gene pair and no distance could be computed,,
cg19868630,cg19868630_TC21_T1_CHGA,CHGA,10,Noradrenaline & sympathetic nervous system,cg19868630,CHGA,,,,no_evidence,,,FALSE,,,,,,,,,,0,,LGMN,,0.2377,B,REQUESTED_GENE_UNAVAILABLE,LGMN,,0.31,B,REQUESTED_GENE_UNAVAILABLE,,,,,UNMAPPED,,,,,,,,,,,,,,,"",no catalogue holds this CpG-gene pair and no distance could be computed,,
cg19877765,cg19877765_BC21_T1_SLC6A1,SLC6A1,17,GABA & excitation-inhibition balance,cg19877765,SLC6A1,,,,no_evidence,,,FALSE,,,,,,,,,,0,,TAS2R14,,0.289,B,REQUESTED_GENE_UNAVAILABLE,,,,,UNMAPPED,HRH1,,0.1124,B,REQUESTED_GENE_UNAVAILABLE,,,,,,,,,,,,,,,"",no catalogue holds this CpG-gene pair and no distance could be computed,,
cg19878200,cg19878200_BC21_T1_TH,TH,11,"Monoamine synthesis, transport & degradation",cg19878200,TH,,,,no_evidence,,,FALSE,,,,,,,,,,0,,MAD1L1,,0.0733,A,REQUESTED_GENE_UNAVAILABLE,CD81,,0.4852,A,REQUESTED_GENE_UNAVAILABLE,MAD1L1,,0.0131,B,REQUESTED_GENE_UNAVAILABLE,,,,,,,,,,,,,,,"",no catalogue holds this CpG-gene pair and no distance could be computed,,
cg19881386,cg19881386_TC21_T1_NR0B1,NR0B1,3,Steroidogenesis (adrenal & gonadal),cg19881386,NR0B1,,,,no_evidence,,,FALSE,,,,,,,,,,0,,,,,,UNMAPPED,,,,,UNMAPPED,,,,,UNMAPPED,,,,,,,,,,,,,,,"",no catalogue holds this CpG-gene pair and no distance could be computed,,
cg19888485,cg19888485_TC11_T1_NRIP1,NRIP1,4,Sex steroids: receptors & metabolism,cg19888485,NRIP1,,,,no_evidence,,,FALSE,,,,,,,,,,0,,,,,,UNMAPPED,,,,,UNMAPPED,,,,,UNMAPPED,,,,,,,,,,,,,,,"",no catalogue holds this CpG-gene pair and no distance could be computed,,
cg19889780,cg19889780_TC21_T1_SPR,SPR,11,"Monoamine synthesis, transport & degradation",cg19889780,SPR,,,,no_evidence,,,FALSE,,,,,,,,,,0,,,,,,UNMAPPED,,,,,UNMAPPED,,,,,UNMAPPED,,,,,,,,,,,,,,,"",no catalogue holds this CpG-gene pair and no distance could be computed,,
cg19909400,cg19909400_BC21_T1_OPRM1,OPRM1,12,Opioid & melanocortin,cg19909400,OPRM1,,,,no_evidence,,,FALSE,,,,,,,,,,0,,,,,,UNMAPPED,,,,,UNMAPPED,,,,,UNMAPPED,,,,,,,,,,,,,,,"",no catalogue holds this CpG-gene pair and no distance could be computed,,
cg19959591,cg19959591_TC21_T1_PGF,PGF,7,"Pregnancy, parturition & lactation",cg19959591,PGF,,,,no_evidence,,,FALSE,,,,,,,,,,0,,RPS6KL1,,0.4729,A,REQUESTED_GENE_UNAVAILABLE,RPS6KL1,,0.4583,A,REQUESTED_GENE_UNAVAILABLE,,,,,UNMAPPED,,,,,,,,,,,,,,,"",no catalogue holds this CpG-gene pair and no distance could be computed,,
cg19961998,cg19961998_TC21_T1_MAGEL2,MAGEL2,1,"Oxytocin, vasopressin & CICR",cg19961998,MAGEL2,,,,no_evidence,,,FALSE,,,,,,,,,,0,,NR1D2,,0.298,A,REQUESTED_GENE_UNAVAILABLE,,,,,UNMAPPED,,,,,UNMAPPED,,,,,,,,,,,,,,,"",no catalogue holds this CpG-gene pair and no distance could be computed,,
cg19965023,cg19965023_TC21_T1_GRIN2C,GRIN2C,16,Glutamate & synaptic scaffolding,cg19965023,GRIN2C,,,,no_evidence,,,FALSE,,,,,,,,,,0,,ARHGEF28,,0.0365,B,REQUESTED_GENE_UNAVAILABLE,NAT9,,0.1455,B,REQUESTED_GENE_UNAVAILABLE,SLC16A5,,0.2414,B,REQUESTED_GENE_UNAVAILABLE,,,,,,,,,,,,,,,"",no catalogue holds this CpG-gene pair and no distance could be computed,,
cg19982922,cg19982922_TC21_T1_NLGN3,NLGN3,25,Social-synaptic & psychiatric risk,cg19982922,NLGN3,,,,no_evidence,,,FALSE,,,,,,,,,,0,,,,,,UNMAPPED,,,,,UNMAPPED,,,,,UNMAPPED,,,,,,,,,,,,,,,"",no catalogue holds this CpG-gene pair and no distance could be computed,,
cg19984742,cg19984742_TC21_T1_MC3R,MC3R,27,Appetite & metabolic programming,cg19984742,MC3R,,,,no_evidence,,,FALSE,,,,,,,,,,0,,,,,,UNMAPPED,CASS4,,0.3197,B,REQUESTED_GENE_UNAVAILABLE,,,,,UNMAPPED,,,,,,,,,,,,,,,"",no catalogue holds this CpG-gene pair and no distance could be computed,,
cg19990651,cg19990651_BC11_T1_HLA_DPB1,HLA-DPB1,24,"Immune, inflammation & HLA",cg19990651,HLA-DPB1,-1,higher methylation -> LOWER expression,,smr_moderate,A,"0.84-0.86 (SMR tier S2, single instrument; validated n=6,008)",FALSE,-1,-1,-1,S2,3.339e-41,1,785,TRUE,,1,1,HLA-DPB1,1,0.9636,A,PREDICTED,HLA-DPB1,,0.2479,A,ABSTAIN,DYNLRB1,,0.1244,B,REQUESTED_GENE_UNAVAILABLE,,,,,,,,,,HLA-DPA1,blood,HLA-DPA1:+1,,TRUE,"measured association is with HLA-DPA1, not the requested gene - check which gene this CpG actually tracks","causal direction from SMR (blood); consistent with methylation affecting expression AND with linkage - HEIDI not run | measured association is with HLA-DPA1, not the requested gene",0.7,0.15
cg19997946,cg19997946_TC21_T1_PDE10A,PDE10A,8,Dopamine,cg19997946,PDE10A,,,,no_evidence,,,FALSE,,,,,,,,,,0,,MSMO1,,0.0365,B,REQUESTED_GENE_UNAVAILABLE,,,,,UNMAPPED,,,,,UNMAPPED,,,,,,,,,,,,,,,"",no catalogue holds this CpG-gene pair and no distance could be computed,,
cg20003638,cg20003638_BC11_T1_SLC12A5,SLC12A5,17,GABA & excitation-inhibition balance,cg20003638,SLC12A5,,,,no_evidence,,,FALSE,,,,,,,,,,0,,CD40,,0.4598,A,REQUESTED_GENE_UNAVAILABLE,MMP9,,0.3409,A,REQUESTED_GENE_UNAVAILABLE,PLTP,,0.1244,A,REQUESTED_GENE_UNAVAILABLE,,,,,,,,,,,,,,,"",no catalogue holds this CpG-gene pair and no distance could be computed,,
cg20005743,cg20005743_BC21_T1_GABRA5,GABRA5,17,GABA & excitation-inhibition balance,cg20005743,GABRA5,,,,no_evidence,,,FALSE,,,,,,,,,,0,,NSMCE1,,0.2377,B,REQUESTED_GENE_UNAVAILABLE,HIST1H2BK,,0.6135,B,REQUESTED_GENE_UNAVAILABLE,GABRB3,,0.6296,A,REQUESTED_GENE_UNAVAILABLE,,,,,,,,,,,,,,,"",no catalogue holds this CpG-gene pair and no distance could be computed,,
cg20008140,cg20008140_BC21_T1_GNAS,GNAS,19,GPCR signalling & second messengers,cg20008140,GNAS,,,,no_evidence,,,FALSE,,,,,,,,,,0,,CTSZ,,0.6537,A,REQUESTED_GENE_UNAVAILABLE,CTSZ,,0.3409,B,REQUESTED_GENE_UNAVAILABLE,,,,,UNMAPPED,,,,,,,,,,,,,,,"",no catalogue holds this CpG-gene pair and no distance could be computed,,
cg20016411,cg20016411_TC11_T1_DRD2,DRD2,8,Dopamine,cg20016411,DRD2,-1,higher methylation -> LOWER expression,0.6,catalogue_single,B,"0.55-0.84 (tier B, one tissue only)",FALSE,-1,-1,,,,,,,,1,1,TTC12,,0.0996,B,REQUESTED_GENE_UNAVAILABLE,DRD2,-1,0.6,B,PREDICTED,,,,,UNMAPPED,,,,,,,,,,,,,,,"",only one tissue called; no cross-tissue corroboration,0.6,0.2
cg20019489,cg20019489_BC21_T1_GNAS,GNAS,19,GPCR signalling & second messengers,cg20019489,GNAS,,,,no_evidence,,,FALSE,,,,,,,,,,0,,CTSZ,,0.5493,A,REQUESTED_GENE_UNAVAILABLE,CTSZ,,0.1556,B,REQUESTED_GENE_UNAVAILABLE,,,,,UNMAPPED,,,,,,,,,,,,,,,"",no catalogue holds this CpG-gene pair and no distance could be computed,,
cg20024110,cg20024110_BC21_T1_HLA_DOA,HLA-DOA,24,"Immune, inflammation & HLA",cg20024110,HLA-DOA,-1,higher methylation -> LOWER expression,,smr_high,A,"0.95-0.97 (SMR tier S1, concordant instruments; validated n=2,141)",FALSE,-1,-1,-1,S1,1.011e-10,2,3036,TRUE,,3,0.667,HLA-DOA,-1,0.6867,A,PREDICTED,HLA-DOA,-1,0.8366,A,PREDICTED,HLA-DOA,1,0.5758,A,PREDICTED,,,,,,,,,,,,,,,"",causal direction from SMR (blood); consistent with methylation affecting expression AND with linkage - HEIDI not run,0.7,0.15
cg20050108,cg20050108_TC21_T1_FOXP2,FOXP2,25,Social-synaptic & psychiatric risk,cg20050108,FOXP2,,,,no_evidence,,,FALSE,,,,,,,,,,0,,MAGI3,,0.2377,B,REQUESTED_GENE_UNAVAILABLE,,,,,UNMAPPED,,,,,UNMAPPED,,,,,,,,,,,,,,,"",no catalogue holds this CpG-gene pair and no distance could be computed,,
cg20051589,cg20051589_BC21_T1_DLG3,DLG3,16,Glutamate & synaptic scaffolding,cg20051589,DLG3,,,,no_evidence,,,FALSE,,,,,,,,,,0,,,,,,UNMAPPED,,,,,UNMAPPED,,,,,UNMAPPED,,,,,,,,,,,,,,,"",no catalogue holds this CpG-gene pair and no distance could be computed,,
cg20085561,cg20085561_BC21_T1_TSC22D3,TSC22D3,2,HPA axis & glucocorticoid signalling,cg20085561,TSC22D3,,,,no_evidence,,,FALSE,,,,,,,,,,0,,,,,,UNMAPPED,,,,,UNMAPPED,,,,,UNMAPPED,,,,,,,,,,,,,,,"",no catalogue holds this CpG-gene pair and no distance could be computed,,
cg20118717,cg20118717_TC21_T1_SYNGAP1,SYNGAP1,16,Glutamate & synaptic scaffolding,cg20118717,SYNGAP1,1,higher methylation -> HIGHER expression,0.3197,catalogue_single,A,"0.62-0.87 (tier A, one tissue only)",FALSE,1,1,,,,,,,,1,1,FAAP24,,0.6825,A,REQUESTED_GENE_UNAVAILABLE,SYNGAP1,1,0.3197,A,PREDICTED,SYNGAP1,,0.0131,A,ABSTAIN,,,,,,,,,,,,,,,"",only one tissue called; no cross-tissue corroboration,0.3197,0.65985
cg20118818,cg20118818_BC21_T1_MKRN3,MKRN3,21,Imprinted genes & DMRs,cg20118818,MKRN3,,,,no_evidence,,,FALSE,,,,,,,,,,0,,NR1D2,,0.1971,B,REQUESTED_GENE_UNAVAILABLE,,,,,UNMAPPED,,,,,UNMAPPED,,,,,,,,,,,,,,,"",no catalogue holds this CpG-gene pair and no distance could be computed,,
cg20118829,cg20118829_BC21_T1_MKRN3,MKRN3,21,Imprinted genes & DMRs,cg20118829,MKRN3,,,,no_evidence,,,FALSE,,,,,,,,,,0,,NR1D2,,0.1971,B,REQUESTED_GENE_UNAVAILABLE,,,,,UNMAPPED,,,,,UNMAPPED,,,,,,,,,,,,,,,"",no catalogue holds this CpG-gene pair and no distance could be computed,,
cg20121427,cg20121427_BC11_T1_MAOA,MAOA,11,"Monoamine synthesis, transport & degradation",cg20121427,MAOA,,,,no_evidence,,,FALSE,,,,,,,,,,0,,,,,,UNMAPPED,,,,,UNMAPPED,,,,,UNMAPPED,,,,,,,,,,,,,,,"",no catalogue holds this CpG-gene pair and no distance could be computed,,
cg20127899,cg20127899_BC21_T1_NRG1,NRG1,25,Social-synaptic & psychiatric risk,cg20127899,NRG1,,,,no_evidence,,,FALSE,,,,,,,,,,0,,LOC105379362,,0.2377,B,REQUESTED_GENE_UNAVAILABLE,,,,,UNMAPPED,AKAP6,,0.0131,B,REQUESTED_GENE_UNAVAILABLE,,,,,,,,,,,,,,,"",no catalogue holds this CpG-gene pair and no distance could be computed,,
cg20128928,cg20128928_TC21_T1_TACR3,TACR3,5,"HPG axis, puberty & KNDy",cg20128928,TACR3,,,,no_evidence,,,FALSE,,,,,,,,,,0,,,,,,UNMAPPED,,,,,UNMAPPED,,,,,UNMAPPED,,,,,,,,,,,,,,,"",no catalogue holds this CpG-gene pair and no distance could be computed,,
cg20128935,cg20128935_TC21_T1_SNRPN,SNRPN,21,Imprinted genes & DMRs,cg20128935,SNRPN,,,,no_evidence,,,FALSE,,,,,,,,,,0,,SNRPN;SNURF,,0.1971,B,REQUESTED_GENE_UNAVAILABLE,,,,,UNMAPPED,,,,,UNMAPPED,,,,,,,,,,,,,,,"",no catalogue holds this CpG-gene pair and no distance could be computed,,
cg20147031,cg20147031_TC11_T1_GABRB3,GABRB3,17,GABA & excitation-inhibition balance,cg20147031,GABRB3,-1,higher methylation -> LOWER expression,0.9961,catalogue_single,A,"0.62-0.87 (tier A, one tissue only)",FALSE,-1,-1,,,,,,,,1,1,,,,,UNMAPPED,GABRB3,-1,0.9961,A,PREDICTED,GABRB3,,0.1244,A,ABSTAIN,,,,,,,,,,,,,,,"",only one tissue called; no cross-tissue corroboration,0.9961,0.00195000000000001
cg20166027,cg20166027_TC21_T1_NCOA4,NCOA4,4,Sex steroids: receptors & metabolism,cg20166027,NCOA4,,,,no_evidence,,,FALSE,,,,,,,,,,0,,PARG;PARGP1,,0.7056,A,REQUESTED_GENE_UNAVAILABLE,MSMB,,0.3771,A,REQUESTED_GENE_UNAVAILABLE,RAD54L2,,0.4326,B,REQUESTED_GENE_UNAVAILABLE,,,,,,,,,,PARG;PARGP1,blood,PARG;PARGP1:-1,,TRUE,"measured association is with PARG;PARGP1, not the requested gene - check which gene this CpG actually tracks","no catalogue holds this CpG-gene pair and no distance could be computed | measured association is with PARG;PARGP1, not the requested gene",,
cg20190127,cg20190127_BC21_T1_CACNA1C,CACNA1C,1,"Oxytocin, vasopressin & CICR",cg20190127,CACNA1C,,,,no_evidence,,,FALSE,,,,,,,,,,0,,SH3BP2,,0.126,B,REQUESTED_GENE_UNAVAILABLE,,,,,UNMAPPED,SH3BP2,,0.2694,B,REQUESTED_GENE_UNAVAILABLE,,,,,,,,,,,,,,,"",no catalogue holds this CpG-gene pair and no distance could be computed,,
cg20213508,cg20213508_BC21_T1_GNAS,GNAS,19,GPCR signalling & second messengers,cg20213508,GNAS,,,,no_evidence,,,FALSE,,,,,,,,,,0,,CTSZ,,0.6537,A,REQUESTED_GENE_UNAVAILABLE,CTSZ,,0.3409,B,REQUESTED_GENE_UNAVAILABLE,,,,,UNMAPPED,,,,,,,,,,,,,,,"",no catalogue holds this CpG-gene pair and no distance could be computed,,
cg20222793,cg20222793_BC21_T1_SHANK1,SHANK1,16,Glutamate & synaptic scaffolding,cg20222793,SHANK1,,,,no_evidence,,,FALSE,,,,,,,,,,0,,CLEC11A,,0.561,A,REQUESTED_GENE_UNAVAILABLE,JOSD2,,0.4583,A,REQUESTED_GENE_UNAVAILABLE,SHANK3,,0.0131,B,REQUESTED_GENE_UNAVAILABLE,,,,,,,,,,,,,,,"",no catalogue holds this CpG-gene pair and no distance could be computed,,
cg20223237,cg20223237_BC11_T1_HLA_DPA1,HLA-DPA1,24,"Immune, inflammation & HLA",cg20223237,HLA-DPA1,1,higher methylation -> HIGHER expression,1,measured,A,"~1.00 (measured, not predicted)",FALSE,1,1,,,,,,,,1,1,HLA-DPA1,1,0.9636,A,DIRECT_eQTM,HLA-DPA1,,0.2113,A,ABSTAIN,DYNLRB1,,0.1244,B,REQUESTED_GENE_UNAVAILABLE,,,,,,,,,,HLA-DPA1,blood,HLA-DPA1:+1,1,FALSE,"","",1,1
cg20237820,cg20237820_TC21_T1_SLC18A1,SLC18A1,10,Noradrenaline & sympathetic nervous system,cg20237820,SLC18A1,1,higher methylation -> HIGHER expression,,smr_moderate,,"0.84-0.86 (SMR tier S2, single instrument; validated n=6,008)",FALSE,1,1,1,S2,2.814e-23,1,18715,TRUE,,0,,LINC00954,,0.0365,B,REQUESTED_GENE_UNAVAILABLE,,,,,UNMAPPED,,,,,UNMAPPED,,,,,,,,,,,,,,,"",causal direction from SMR (blood); consistent with methylation affecting expression AND with linkage - HEIDI not run,0.7,0.85
cg20262097,cg20262097_TC21_T1_QPRT,QPRT,15,Kynurenine pathway,cg20262097,QPRT,1,higher methylation -> HIGHER expression,0.3197,catalogue_single,A,"0.62-0.87 (tier A, one tissue only)",FALSE,1,1,,,,,,,,1,1,SPN,,0.298,A,REQUESTED_GENE_UNAVAILABLE,QPRT,1,0.3197,A,PREDICTED,GABBR1,,0.4431,B,REQUESTED_GENE_UNAVAILABLE,,,,,,,,,,,,,,,"",only one tissue called; no cross-tissue corroboration,0.3197,0.65985
cg20297423,cg20297423_BC21_T1_MEST,MEST,21,Imprinted genes & DMRs,cg20297423,MEST,,,,no_evidence,,,FALSE,,,,,,,,,,0,,CPA5,,0.7056,A,REQUESTED_GENE_UNAVAILABLE,ARHGAP18,,0.4852,A,REQUESTED_GENE_UNAVAILABLE,CPA5,,0.2027,A,REQUESTED_GENE_UNAVAILABLE,,,,,,,,,,,,,,,"",no catalogue holds this CpG-gene pair and no distance could be computed,,
cg20303441,cg20303441_BC11_T1_DNMT3A,DNMT3A,20,Epigenetic machinery,cg20303441,DNMT3A,,,,no_evidence,,,FALSE,,,,,,,,,,0,,POMC,,0.3429,A,REQUESTED_GENE_UNAVAILABLE,POMC,,0.4583,B,REQUESTED_GENE_UNAVAILABLE,POMC,,0.1244,A,REQUESTED_GENE_UNAVAILABLE,,,,,,,,,,,,,,,"",no catalogue holds this CpG-gene pair and no distance could be computed,,
cg20324851,cg20324851_BC21_T1_CC2D1A,CC2D1A,9,Serotonin,cg20324851,CC2D1A,,,,no_evidence,,,FALSE,,,,,,,,,,0,,LOC284454,,0.3429,A,REQUESTED_GENE_UNAVAILABLE,LOC284454,,0.1239,A,REQUESTED_GENE_UNAVAILABLE,,,,,UNMAPPED,,,,,,,,,,,,,,,"",no catalogue holds this CpG-gene pair and no distance could be computed,,
cg20336341,cg20336341_BC21_T1_DDC,DDC,11,"Monoamine synthesis, transport & degradation",cg20336341,DDC,,,,no_evidence,,,FALSE,,,,,,,,,,0,,LIMA1,,0.561,A,REQUESTED_GENE_UNAVAILABLE,GRB10,,0.9158,A,REQUESTED_GENE_UNAVAILABLE,BRD7,,0.2414,B,REQUESTED_GENE_UNAVAILABLE,,,,,,,,,,,,,,,"",no catalogue holds this CpG-gene pair and no distance could be computed,,
cg20358453,cg20358453_TC21_T1_NOS1,NOS1,1,"Oxytocin, vasopressin & CICR",cg20358453,NOS1,,,,no_evidence,,,FALSE,,,,,,,,,,0,,,,,,UNMAPPED,,,,,UNMAPPED,,,,,UNMAPPED,,,,,,,,,,,,,,,"",no catalogue holds this CpG-gene pair and no distance could be computed,,
cg20372821,cg20372821_TC21_T1_HCRT,HCRT,13,Orexin / hypocretin & MCH,cg20372821,HCRT,-1,higher methylation -> LOWER expression,0.52,catalogue_single,B,"0.55-0.84 (tier B, one tissue only)",FALSE,-1,-1,,,,,,,,1,1,HCRT,-1,0.52,B,PREDICTED,RAB5C,,0.7399,A,REQUESTED_GENE_UNAVAILABLE,EIF2AK4,,0.1474,B,REQUESTED_GENE_UNAVAILABLE,,,,,,,,,,,,,,,"",only one tissue called; no cross-tissue corroboration,0.52,0.24
cg20373326,cg20373326_TC21_T1_HSD17B2,HSD17B2,4,Sex steroids: receptors & metabolism,cg20373326,HSD17B2,-1,higher methylation -> LOWER expression,0.4087,catalogue_single,A,"0.62-0.87 (tier A, one tissue only)",FALSE,-1,-1,,,,,,,,1,1,,,,,UNMAPPED,,,,,UNMAPPED,HSD17B2,-1,0.4087,A,PREDICTED,,,,,,,,,,,,,,,"",only one tissue called; no cross-tissue corroboration,0.4087,0.29565
cg20380689,cg20380689_BC21_T1_GDNF,GDNF,18,Neurotrophins & activity-dependent plasticity,cg20380689,GDNF,,,,no_evidence,,,FALSE,,,,,,,,,,0,,PPP1R1B,,0.2377,B,REQUESTED_GENE_UNAVAILABLE,,,,,UNMAPPED,TBC1D1,,0.0131,B,REQUESTED_GENE_UNAVAILABLE,,,,,,,,,,,,,,,"",no catalogue holds this CpG-gene pair and no distance could be computed,,
cg20385525,cg20385525_BC21_T1_CYP19A1,CYP19A1,4,Sex steroids: receptors & metabolism,cg20385525,CYP19A1,,,,no_evidence,,,FALSE,,,,,,,,,,0,,,,,,UNMAPPED,GLDN,,0.8457,A,REQUESTED_GENE_UNAVAILABLE,,,,,UNMAPPED,,,,,,,,,,,,,,,"",no catalogue holds this CpG-gene pair and no distance could be computed,,
cg20388038,cg20388038_TC21_T1_GNAL,GNAL,8,Dopamine,cg20388038,GNAL,,,,no_evidence,,,FALSE,,,,,,,,,,0,,,,,,UNMAPPED,,,,,UNMAPPED,,,,,UNMAPPED,,,,,,,,,,,,,,,"",no catalogue holds this CpG-gene pair and no distance could be computed,,
cg20398418,cg20398418_TC21_T1_NR4A2,NR4A2,8,Dopamine,cg20398418,NR4A2,,,,no_evidence,,,FALSE,,,,,,,,,,0,,FLJ46875,,0.4729,A,REQUESTED_GENE_UNAVAILABLE,,,,,UNMAPPED,,,,,UNMAPPED,,,,,,,,,,,,,,,"",no catalogue holds this CpG-gene pair and no distance could be computed,,
cg20404150,cg20404150_BC11_T1_HSD17B1,HSD17B1,4,Sex steroids: receptors & metabolism,cg20404150,HSD17B1,,,,no_evidence,,,FALSE,,,,,,,,,,0,,MAP3K10,,0.298,A,REQUESTED_GENE_UNAVAILABLE,PLEKHH3,,0.0501,A,REQUESTED_GENE_UNAVAILABLE,PTRF,,0.4431,A,REQUESTED_GENE_UNAVAILABLE,,,,,,,,,,,,,,,"",no catalogue holds this CpG-gene pair and no distance could be computed,,
cg20411756,cg20411756_BC11_T1_DRD4,DRD4,8,Dopamine,cg20411756,DRD4,,,,no_evidence,,,FALSE,,,,,,,,,,0,,TMEM80,,0.52,A,REQUESTED_GENE_UNAVAILABLE,TMEM80,,0.1453,A,REQUESTED_GENE_UNAVAILABLE,TALDO1,,0.0131,A,REQUESTED_GENE_UNAVAILABLE,,,,,,,,,,TMEM80,blood,TMEM80:-1,,TRUE,"measured association is with TMEM80, not the requested gene - check which gene this CpG actually tracks","no catalogue holds this CpG-gene pair and no distance could be computed | measured association is with TMEM80, not the requested gene",,
cg20420783,cg20420783_TC21_T1_NPAS4,NPAS4,18,Neurotrophins & activity-dependent plasticity,cg20420783,NPAS4,,,,no_evidence,,,FALSE,,,,,,,,,,0,,MRPL11,,0.6537,A,REQUESTED_GENE_UNAVAILABLE,MRPL11,,0.8366,A,REQUESTED_GENE_UNAVAILABLE,RIN1,,0.1124,B,REQUESTED_GENE_UNAVAILABLE,,,,,,,,,,,,,,,"",no catalogue holds this CpG-gene pair and no distance could be computed,,
cg20440358,cg20440358_BC21_T1_ADORA2A,ADORA2A,8,Dopamine,cg20440358,ADORA2A,,,,no_evidence,,,FALSE,,,,,,,,,,0,,,,,,UNMAPPED,SPECC1L,,0.0501,A,REQUESTED_GENE_UNAVAILABLE,ADORA2A,,0.2027,A,ABSTAIN,,,,,,,,,,,,,,,"",no catalogue holds this CpG-gene pair and no distance could be computed,,
cg20442078,cg20442078_BC21_T1_UCN,UCN,2,HPA axis & glucocorticoid signalling,cg20442078,UCN,,,,no_evidence,,,FALSE,,,,,,,,,,0,,LOC105374363,,0.058,B,REQUESTED_GENE_UNAVAILABLE,ATRAID,,0.4852,A,REQUESTED_GENE_UNAVAILABLE,,,,,UNMAPPED,,,,,,,,,,,,,,,"",no catalogue holds this CpG-gene pair and no distance could be computed,,
cg20445774,cg20445774_BC21_T1_SYNGAP1,SYNGAP1,16,Glutamate & synaptic scaffolding,cg20445774,SYNGAP1,1,higher methylation -> HIGHER expression,0.3197,catalogue_single,A,"0.62-0.87 (tier A, one tissue only)",FALSE,1,1,,,,,,,,1,1,FAAP24,,0.6825,A,REQUESTED_GENE_UNAVAILABLE,SYNGAP1,1,0.3197,A,PREDICTED,SYNGAP1,,0.1124,A,ABSTAIN,,,,,,,,,,,,,,,"",only one tissue called; no cross-tissue corroboration,0.3197,0.65985
cg20468003,cg20468003_TC21_T1_TRPM2,TRPM2,1,"Oxytocin, vasopressin & CICR",cg20468003,TRPM2,-1,higher methylation -> LOWER expression,0.4326,catalogue_single,A,"0.62-0.87 (tier A, one tissue only)",FALSE,-1,-1,,,,,,,,1,1,TRPM2,,0.0365,B,ABSTAIN,TRPM2,,0.0695,B,ABSTAIN,TRPM2,-1,0.4326,A,PREDICTED,,,,,,,,,,,,,,,"",only one tissue called; no cross-tissue corroboration,0.4326,0.2837
cg20479660,cg20479660_BC21_T1_NNAT,NNAT,21,Imprinted genes & DMRs,cg20479660,NNAT,,,,no_evidence,,,FALSE,,,,,,,,,,0,,,,,,UNMAPPED,BLCAP,,0.0695,A,REQUESTED_GENE_UNAVAILABLE,SRC,,0.1815,B,REQUESTED_GENE_UNAVAILABLE,,,,,,,,,,,,,,,"",no catalogue holds this CpG-gene pair and no distance could be computed,,
cg20494779,cg20494779_TC21_T1_MC2R,MC2R,2,HPA axis & glucocorticoid signalling,cg20494779,MC2R,,,,no_evidence,,,FALSE,,,,,,,,,,0,,,,,,UNMAPPED,,,,,UNMAPPED,,,,,UNMAPPED,,,,,,,,,,,,,,,"",no catalogue holds this CpG-gene pair and no distance could be computed,,
cg20495333,cg20495333_TC11_T1_INHBB,INHBB,5,"HPG axis, puberty & KNDy",cg20495333,INHBB,,,,no_evidence,,,FALSE,,,,,,,,,,0,,,,,,UNMAPPED,RALB,,0.3409,B,REQUESTED_GENE_UNAVAILABLE,,,,,UNMAPPED,,,,,,,,,,,,,,,"",no catalogue holds this CpG-gene pair and no distance could be computed,,
cg20504791,cg20504791_BC11_T1_FOXA2,FOXA2,8,Dopamine,cg20504791,FOXA2,,,,no_evidence,,,FALSE,,,,,,,,,,0,,,,,,UNMAPPED,,,,,UNMAPPED,,,,,UNMAPPED,,,,,,,,,,,,,,,"",no catalogue holds this CpG-gene pair and no distance could be computed,,
cg20509117,cg20509117_BC11_T1_IL6,IL6,24,"Immune, inflammation & HLA",cg20509117,IL6,,,,no_evidence,,,FALSE,,,,,,,,,,0,,LOC541472,,0.7056,A,REQUESTED_GENE_UNAVAILABLE,TOMM7,,0.0694,B,REQUESTED_GENE_UNAVAILABLE,,,,,UNMAPPED,,,,,,,,,,,,,,,"",no catalogue holds this CpG-gene pair and no distance could be computed,,
cg20536469,cg20536469_TC21_T1_NRXN1,NRXN1,25,Social-synaptic & psychiatric risk,cg20536469,NRXN1,,,,no_evidence,,,FALSE,,,,,,,,,,0,,RPL13A,,0.1077,B,REQUESTED_GENE_UNAVAILABLE,,,,,UNMAPPED,,,,,UNMAPPED,,,,,,,,,,,,,,,"",no catalogue holds this CpG-gene pair and no distance could be computed,,
cg20541191,cg20541191_BC21_T1_NRG1,NRG1,25,Social-synaptic & psychiatric risk,cg20541191,NRG1,,,,no_evidence,,,FALSE,,,,,,,,,,0,,,,,,UNMAPPED,,,,,UNMAPPED,,,,,UNMAPPED,,,,,,,,,,,,,,,"",no catalogue holds this CpG-gene pair and no distance could be computed,,
cg20544315,cg20544315_TC21_T1_GABRB1,GABRB1,17,GABA & excitation-inhibition balance,cg20544315,GABRB1,,,,no_evidence,,,FALSE,,,,,,,,,,0,,SNORD67,,0.0153,B,REQUESTED_GENE_UNAVAILABLE,,,,,UNMAPPED,,,,,UNMAPPED,,,,,,,,,,,,,,,"",no catalogue holds this CpG-gene pair and no distance could be computed,,
cg20546935,cg20546935_TC21_T1_TPCN1,TPCN1,1,"Oxytocin, vasopressin & CICR",cg20546935,TPCN1,,,,no_evidence,,,FALSE,,,,,,,,,,0,,DTX1,,0.298,A,REQUESTED_GENE_UNAVAILABLE,SDS,,0.1453,B,REQUESTED_GENE_UNAVAILABLE,,,,,UNMAPPED,,,,,,,,,,,,,,,"",no catalogue holds this CpG-gene pair and no distance could be computed,,
cg20550195,cg20550195_BC21_T1_IL12RB2,IL12RB2,24,"Immune, inflammation & HLA",cg20550195,IL12RB2,-1,higher methylation -> LOWER expression,0.4006,catalogue_consensus,A,"0.77-0.87 (tier A, tissues agree)",FALSE,-1,-1,,,,,,,-1,2,1,IL12RB2,-1,0.3429,A,PREDICTED,IL12RB2,-1,0.4583,A,PREDICTED,IL12RB2,,0.1124,A,ABSTAIN,,,,,,,,,,,,,,,"","",0.4006,0.2997
cg20553766,cg20553766_BC21_T1_MC3R,MC3R,27,Appetite & metabolic programming,cg20553766,MC3R,,,,no_evidence,,,FALSE,,,,,,,,,,0,,,,,,UNMAPPED,CASS4,,0.3197,B,REQUESTED_GENE_UNAVAILABLE,,,,,UNMAPPED,,,,,,,,,,,,,,,"",no catalogue holds this CpG-gene pair and no distance could be computed,,
cg20554943,cg20554943_TC11_T1_GNAS,GNAS,19,GPCR signalling & second messengers,cg20554943,GNAS,,,,no_evidence,,,FALSE,,,,,,,,,,0,,CTSZ,,0.4648,A,REQUESTED_GENE_UNAVAILABLE,CTSZ,,0.3409,B,REQUESTED_GENE_UNAVAILABLE,,,,,UNMAPPED,,,,,,,,,,,,,,,"",no catalogue holds this CpG-gene pair and no distance could be computed,,
cg20570611,cg20570611_BC21_T1_NR4A2,NR4A2,8,Dopamine,cg20570611,NR4A2,,,,no_evidence,,,FALSE,,,,,,,,,,0,,FLJ46875,,0.4598,A,REQUESTED_GENE_UNAVAILABLE,,,,,UNMAPPED,,,,,UNMAPPED,,,,,,,,,,,,,,,"",no catalogue holds this CpG-gene pair and no distance could be computed,,
cg20583095,cg20583095_TC21_T1_ESR1,ESR1,4,Sex steroids: receptors & metabolism,cg20583095,ESR1,,,,no_evidence,,,FALSE,,,,,,,,,,0,,RIF1,,0.0641,A,REQUESTED_GENE_UNAVAILABLE,,,,,UNMAPPED,,,,,UNMAPPED,,,,,,,,,,,,,,,"",no catalogue holds this CpG-gene pair and no distance could be computed,,
cg20600379,cg20600379_BC21_T1_HLA_DMB,HLA-DMB,24,"Immune, inflammation & HLA",cg20600379,HLA-DMB,-1,higher methylation -> LOWER expression,1,measured,A,"~1.00 (measured, not predicted)",FALSE,-1,-1,,,,,,,-1,3,1,HLA-DMB,-1,0.3429,A,PREDICTED,HLA-DMB,-1,0.9961,A,DIRECT_eQTM,HLA-DMB,-1,0.4326,A,PREDICTED,,,,,,,,,,HLA-DMA;HLA-DMB;HLA-DOA;HLA-DPA1;HLA-DPB1;PSMB9;TAP1,nasal_epithelium,HLA-DMA:-1;HLA-DMB:-1;HLA-DOA:-1;HLA-DPA1:-1;HLA-DPB1:-1;PSMB9:-1;TAP1:-1,-1,FALSE,"","",1,0
cg20619456,cg20619456_BC21_T1_MAOA,MAOA,11,"Monoamine synthesis, transport & degradation",cg20619456,MAOA,,,,no_evidence,,,FALSE,,,,,,,,,,0,,,,,,UNMAPPED,,,,,UNMAPPED,,,,,UNMAPPED,,,,,,,,,,,,,,,"",no catalogue holds this CpG-gene pair and no distance could be computed,,
cg20628335,cg20628335_BC21_T1_PEG3,PEG3,21,Imprinted genes & DMRs,cg20628335,PEG3,,,,no_evidence,,,FALSE,,,,,,,,,,0,,ZNF835,,0.4598,A,REQUESTED_GENE_UNAVAILABLE,,,,,UNMAPPED,,,,,UNMAPPED,,,,,,,,,,,,,,,"",no catalogue holds this CpG-gene pair and no distance could be computed,,
cg20646491,cg20646491_TC21_T1_SLC1A3,SLC1A3,16,Glutamate & synaptic scaffolding,cg20646491,SLC1A3,-1,higher methylation -> LOWER expression,0.4912,catalogue_consensus,A,"0.77-0.87 (tier A, tissues agree)",FALSE,-1,-1,,,,,,,-1,2,1,AC008957.1,,0.126,B,REQUESTED_GENE_UNAVAILABLE,SLC1A3,-1,0.6135,A,PREDICTED,SLC1A3,-1,0.3688,A,PREDICTED,,,,,,,,,,,,,,,"","",0.4912,0.2544
cg20663241,cg20663241_BC21_T1_PNOC,PNOC,12,Opioid & melanocortin,cg20663241,PNOC,-1,higher methylation -> LOWER expression,0.4598,catalogue_single,A,"0.62-0.87 (tier A, one tissue only)",FALSE,-1,-1,,,,,,,,1,1,PNOC,-1,0.4598,A,PREDICTED,,,,,UNMAPPED,PNOC,,0.2027,A,ABSTAIN,,,,,,,,,,,,,,,"",only one tissue called; no cross-tissue corroboration,0.4598,0.2701
cg20664654,cg20664654_BC11_T1_AVPR2,AVPR2,1,"Oxytocin, vasopressin & CICR",cg20664654,AVPR2,,,,no_evidence,,,FALSE,,,,,,,,,,0,,PNMA6B,,0.1971,A,REQUESTED_GENE_UNAVAILABLE,,,,,UNMAPPED,,,,,UNMAPPED,,,,,,,,,,,,,,,"",no catalogue holds this CpG-gene pair and no distance could be computed,,
cg20667575,cg20667575_BC21_T1_ANKK1,ANKK1,8,Dopamine,cg20667575,ANKK1,1,higher methylation -> HIGHER expression,,smr_moderate,,"0.84-0.86 (SMR tier S2, single instrument; validated n=6,008)",FALSE,1,1,1,S2,3.775e-24,1,6616,TRUE,,0,,TTC12,,0.3429,A,REQUESTED_GENE_UNAVAILABLE,TTC12,,0.4583,A,REQUESTED_GENE_UNAVAILABLE,,,,,UNMAPPED,,,,,,,,,,,,,,,"",causal direction from SMR (blood); consistent with methylation affecting expression AND with linkage - HEIDI not run,0.7,0.85
cg20680342,cg20680342_BC11_T1_NR4A1,NR4A1,18,Neurotrophins & activity-dependent plasticity,cg20680342,NR4A1,,,,no_evidence,,,FALSE,,,,,,,,,,0,,ANKRD33,,0.3429,A,REQUESTED_GENE_UNAVAILABLE,ACVRL1,,0.3197,A,REQUESTED_GENE_UNAVAILABLE,KRT7,,0.5988,A,REQUESTED_GENE_UNAVAILABLE,,,,,,,,,,,,,,,"",no catalogue holds this CpG-gene pair and no distance could be computed,,
cg20683765,cg20683765_BC21_T1_GDNF,GDNF,18,Neurotrophins & activity-dependent plasticity,cg20683765,GDNF,,,,no_evidence,,,FALSE,,,,,,,,,,0,,PPP1R1B,,0.2377,B,REQUESTED_GENE_UNAVAILABLE,,,,,UNMAPPED,TBC1D1,,0.0131,B,REQUESTED_GENE_UNAVAILABLE,,,,,,,,,,,,,,,"",no catalogue holds this CpG-gene pair and no distance could be computed,,
cg20697768,cg20697768_BC21_T1_NR0B1,NR0B1,3,Steroidogenesis (adrenal & gonadal),cg20697768,NR0B1,,,,no_evidence,,,FALSE,,,,,,,,,,0,,,,,,UNMAPPED,,,,,UNMAPPED,,,,,UNMAPPED,,,,,,,,,,,,,,,"",no catalogue holds this CpG-gene pair and no distance could be computed,,
cg20699548,cg20699548_BC21_T1_NCOA2,NCOA2,4,Sex steroids: receptors & metabolism,cg20699548,NCOA2,,,,no_evidence,,,FALSE,,,,,,,,,,0,,TTC9,,0.3429,B,REQUESTED_GENE_UNAVAILABLE,,,,,UNMAPPED,TTC9,,0.1667,B,REQUESTED_GENE_UNAVAILABLE,,,,,,,,,,,,,,,"",no catalogue holds this CpG-gene pair and no distance could be computed,,
cg20704848,cg20704848_TC21_T1_MRAP,MRAP,2,HPA axis & glucocorticoid signalling,cg20704848,MRAP,,,,no_evidence,,,FALSE,,,,,,,,,,0,,,,,,UNMAPPED,,,,,UNMAPPED,,,,,UNMAPPED,,,,,,,,,,,,,,,"",no catalogue holds this CpG-gene pair and no distance could be computed,,
cg20708254,cg20708254_TC21_T1_DLG2,DLG2,16,Glutamate & synaptic scaffolding,cg20708254,DLG2,,,,no_evidence,,,FALSE,,,,,,,,,,0,,LIN54,,0.2377,B,REQUESTED_GENE_UNAVAILABLE,DLG2,,0.31,B,ABSTAIN,DLG2,,0.0131,B,ABSTAIN,,,,,,,,,,,,,,,"",no catalogue holds this CpG-gene pair and no distance could be computed,,
cg20718319,cg20718319_TC21_T1_NLGN2,NLGN2,25,Social-synaptic & psychiatric risk,cg20718319,NLGN2,1,higher methylation -> HIGHER expression,1,measured,A,"~1.00 (measured, not predicted)",FALSE,1,1,1,S2,3.126e-13,1,4404,TRUE,,2,0.5,TNK1,,0.2712,A,REQUESTED_GENE_UNAVAILABLE,NLGN2,1,0.4852,A,DIRECT_eQTM,NLGN2,-1,0.4326,A,PREDICTED,,,,,,,,,,NLGN2,nasal_epithelium,NLGN2:+1,1,FALSE,"","",1,1
cg20723935,cg20723935_BC21_T1_SHANK2,SHANK2,16,Glutamate & synaptic scaffolding,cg20723935,SHANK2,,,,no_evidence,,,FALSE,,,,,,,,,,0,,NAIP,,0.1897,B,REQUESTED_GENE_UNAVAILABLE,SHANK2,,0.3197,B,ABSTAIN,SHANK2,,0.4431,B,ABSTAIN,,,,,,,,,,,,,,,"",no catalogue holds this CpG-gene pair and no distance could be computed,,
cg20724257,cg20724257_BC21_T1_HLA_DRA,HLA-DRA,24,"Immune, inflammation & HLA",cg20724257,HLA-DRA,-1,higher methylation -> LOWER expression,1,measured,A,"~1.00 (measured, not predicted)",FALSE,-1,-1,,,,,,,-1,2,1,HLA-DRA,-1,0.7056,A,PREDICTED,HLA-DRA,-1,0.9745,A,DIRECT_eQTM,NOTCH4,,0.1667,B,REQUESTED_GENE_UNAVAILABLE,,,,,,,,,,HLA-DQA1;HLA-DRA;HLA-DRB1,nasal_epithelium,HLA-DQA1:-1;HLA-DRA:-1;HLA-DRB1:-1,-1,FALSE,"","",1,0
cg20731136,cg20731136_BC11_T1_CAT,CAT,29,Oxidative stress & mitochondria,cg20731136,CAT,-1,higher methylation -> LOWER expression,,smr_moderate,,"0.84-0.86 (SMR tier S2, single instrument; validated n=6,008)",FALSE,-1,-1,-1,S2,7.208e-73,1,16742,TRUE,,0,,NUDT2,,0.4729,A,REQUESTED_GENE_UNAVAILABLE,ELF5,,0.4852,A,REQUESTED_GENE_UNAVAILABLE,ELF5,,0.0131,B,REQUESTED_GENE_UNAVAILABLE,,,,,,,,,,,,,,,"",causal direction from SMR (blood); consistent with methylation affecting expression AND with linkage - HEIDI not run,0.7,0.15
cg20737505,cg20737505_TC21_T1_PCSK2,PCSK2,2,HPA axis & glucocorticoid signalling,cg20737505,PCSK2,,,,no_evidence,,,FALSE,,,,,,,,,,0,,,,,,UNMAPPED,,,,,UNMAPPED,,,,,UNMAPPED,,,,,,,,,,,,,,,"",no catalogue holds this CpG-gene pair and no distance could be computed,,
cg20748065,cg20748065_TC21_T1_POR,POR,3,Steroidogenesis (adrenal & gonadal),cg20748065,POR,1,higher methylation -> HIGHER expression,,smr_moderate,,"0.84-0.86 (SMR tier S2, single instrument; validated n=6,008)",FALSE,1,1,1,S2,1.842e-23,1,11076,TRUE,,0,,POR;MIR4651,,0.0733,A,REQUESTED_GENE_UNAVAILABLE,CCL26,,0,B,REQUESTED_GENE_UNAVAILABLE,,,,,UNMAPPED,,,,,,,,,,,,,,,"",causal direction from SMR (blood); consistent with methylation affecting expression AND with linkage - HEIDI not run,0.7,0.85
cg20759753,cg20759753_TC21_T1_NTRK3,NTRK3,18,Neurotrophins & activity-dependent plasticity,cg20759753,NTRK3,,,,no_evidence,,,FALSE,,,,,,,,,,0,,BMPR1A,,0.058,B,REQUESTED_GENE_UNAVAILABLE,,,,,UNMAPPED,,,,,UNMAPPED,,,,,,,,,,,,,,,"",no catalogue holds this CpG-gene pair and no distance could be computed,,
cg20769842,cg20769842_BC21_T1_MKRN3,MKRN3,21,Imprinted genes & DMRs,cg20769842,MKRN3,,,,no_evidence,,,FALSE,,,,,,,,,,0,,NR1D2,,0.7056,A,REQUESTED_GENE_UNAVAILABLE,,,,,UNMAPPED,,,,,UNMAPPED,,,,,,,,,,,,,,,"",no catalogue holds this CpG-gene pair and no distance could be computed,,
cg20783699,cg20783699_TC11_T1_NNAT,NNAT,21,Imprinted genes & DMRs,cg20783699,NNAT,,,,no_evidence,,,FALSE,,,,,,,,,,0,,,,,,UNMAPPED,BLCAP,,0.3771,A,REQUESTED_GENE_UNAVAILABLE,SRC,,0.1815,B,REQUESTED_GENE_UNAVAILABLE,,,,,,,,,,,,,,,"",no catalogue holds this CpG-gene pair and no distance could be computed,,
cg20792895,cg20792895_TC11_T1_MKRN3,MKRN3,21,Imprinted genes & DMRs,cg20792895,MKRN3,,,,no_evidence,,,FALSE,,,,,,,,,,0,,NR1D2,,0.7056,A,REQUESTED_GENE_UNAVAILABLE,,,,,UNMAPPED,,,,,UNMAPPED,,,,,,,,,,,,,,,"",no catalogue holds this CpG-gene pair and no distance could be computed,,
cg20793193,cg20793193_BC11_T1_SYP,SYP,18,Neurotrophins & activity-dependent plasticity,cg20793193,SYP,,,,no_evidence,,,FALSE,,,,,,,,,,0,,,,,,UNMAPPED,,,,,UNMAPPED,,,,,UNMAPPED,,,,,,,,,,,,,,,"",no catalogue holds this CpG-gene pair and no distance could be computed,,
cg20801491,cg20801491_TC21_T1_CRHBP,CRHBP,2,HPA axis & glucocorticoid signalling,cg20801491,CRHBP,,,,no_evidence,,,FALSE,,,,,,,,,,0,,S100Z,,0.2377,B,REQUESTED_GENE_UNAVAILABLE,,,,,UNMAPPED,,,,,UNMAPPED,,,,,,,,,,,,,,,"",no catalogue holds this CpG-gene pair and no distance could be computed,,
cg20813486,cg20813486_BC21_T1_SOD1,SOD1,29,Oxidative stress & mitochondria,cg20813486,SOD1,-1,higher methylation -> LOWER expression,0.6422,catalogue_consensus,A,"0.77-0.87 (tier A, tissues agree)",FALSE,-1,-1,,,,,,,-1,2,1,,,,,UNMAPPED,SOD1,-1,0.8457,A,PREDICTED,SOD1,-1,0.4386,A,PREDICTED,,,,,,,,,,,,,,,"","",0.6422,0.1789
cg20821042,cg20821042_BC21_T1_HLA_DQA2,HLA-DQA2,24,"Immune, inflammation & HLA",cg20821042,HLA-DQA2,-1,higher methylation -> LOWER expression,1,measured,A,"~1.00 (measured, not predicted)",FALSE,-1,-1,-1,S1,5.32e-179,2,2897,TRUE,-1,2,1,HLA-DQA2,-1,0.3429,A,DIRECT_eQTM,HLA-DQA2,-1,0.8457,A,PREDICTED,PSMB8,,0.0131,B,REQUESTED_GENE_UNAVAILABLE,,,,,,,,,,HLA-DQA1;HLA-DQA2;HLA-DQB1;HLA-DQB2,blood,HLA-DQA1:+1;HLA-DQA2:-1;HLA-DQB1:+1;HLA-DQB2:-1,-1,FALSE,"","",1,0
cg20826277,cg20826277_BC21_T1_MEST,MEST,21,Imprinted genes & DMRs,cg20826277,MEST,-1,higher methylation -> LOWER expression,,smr_moderate,,"0.84-0.86 (SMR tier S2, single instrument; validated n=6,008)",FALSE,-1,-1,-1,S2,3.575e-12,1,5611,TRUE,,0,,CPA5,,0.7056,A,REQUESTED_GENE_UNAVAILABLE,ARHGAP18,,0.4852,A,REQUESTED_GENE_UNAVAILABLE,CPA5,,0.2027,A,REQUESTED_GENE_UNAVAILABLE,,,,,,,,,,,,,,,"",causal direction from SMR (blood); consistent with methylation affecting expression AND with linkage - HEIDI not run,0.7,0.15
cg20828207,cg20828207_BC21_T1_PLAGL1,PLAGL1,21,Imprinted genes & DMRs,cg20828207,PLAGL1,,,,no_evidence,,,FALSE,,,,,,,,,,0,,PLAGL1,,0.2377,B,ABSTAIN,PLAGL1,,0.31,B,ABSTAIN,PLAGL1,,0.0131,B,ABSTAIN,,,,,,,,,,,,,,,"",no catalogue holds this CpG-gene pair and no distance could be computed,,
cg20840426,cg20840426_BC21_T1_NOS1,NOS1,1,"Oxytocin, vasopressin & CICR",cg20840426,NOS1,,,,no_evidence,,,FALSE,,,,,,,,,,0,,,,,,UNMAPPED,,,,,UNMAPPED,,,,,UNMAPPED,,,,,,,,,,,,,,,"",no catalogue holds this CpG-gene pair and no distance could be computed,,
cg20851325,cg20851325_TC21_T1_AVPR2,AVPR2,1,"Oxytocin, vasopressin & CICR",cg20851325,AVPR2,,,,no_evidence,,,FALSE,,,,,,,,,,0,,PNMA6B,,0.1971,A,REQUESTED_GENE_UNAVAILABLE,,,,,UNMAPPED,,,,,UNMAPPED,,,,,,,,,,,,,,,"",no catalogue holds this CpG-gene pair and no distance could be computed,,
cg20851802,cg20851802_BC21_T1_MTNR1A,MTNR1A,23,Circadian & melatonin,cg20851802,MTNR1A,-1,higher methylation -> LOWER expression,0.3688,catalogue_single,A,"0.62-0.87 (tier A, one tissue only)",FALSE,-1,-1,,,,,,,,1,1,FAT1,,0.3429,A,REQUESTED_GENE_UNAVAILABLE,MTNR1A,,0.0501,A,ABSTAIN,MTNR1A,-1,0.3688,A,PREDICTED,,,,,,,,,,,,,,,"",only one tissue called; no cross-tissue corroboration,0.3688,0.3156
cg20860265,cg20860265_TC21_T1_MEF2C,MEF2C,25,Social-synaptic & psychiatric risk,cg20860265,MEF2C,,,,no_evidence,,,FALSE,,,,,,,,,,0,,,,,,UNMAPPED,LINC00461,,0.3409,B,REQUESTED_GENE_UNAVAILABLE,LINC00461,,0.1124,B,REQUESTED_GENE_UNAVAILABLE,,,,,,,,,,,,,,,"",no catalogue holds this CpG-gene pair and no distance could be computed,,
cg20871407,cg20871407_BC21_T1_MAGEL2,MAGEL2,1,"Oxytocin, vasopressin & CICR",cg20871407,MAGEL2,,,,no_evidence,,,FALSE,,,,,,,,,,0,,NR1D2,,0.298,A,REQUESTED_GENE_UNAVAILABLE,,,,,UNMAPPED,,,,,UNMAPPED,,,,,,,,,,,,,,,"",no catalogue holds this CpG-gene pair and no distance could be computed,,
cg20878850,cg20878850_BC21_T1_AR,AR,4,Sex steroids: receptors & metabolism,cg20878850,AR,,,,no_evidence,,,FALSE,,,,,,,,,,0,,,,,,UNMAPPED,,,,,UNMAPPED,,,,,UNMAPPED,,,,,,,,,,,,,,,"",no catalogue holds this CpG-gene pair and no distance could be computed,,
cg20878879,cg20878879_BC21_T1_IGF1R,IGF1R,27,Appetite & metabolic programming,cg20878879,IGF1R,,,,no_evidence,,,FALSE,,,,,,,,,,0,,IGF1R,,0.1291,A,ABSTAIN,IGF1R,,0.0695,B,ABSTAIN,ZNF782,,0.0131,B,REQUESTED_GENE_UNAVAILABLE,,,,,,,,,,,,,,,"",no catalogue holds this CpG-gene pair and no distance could be computed,,
cg20878902,cg20878902_TC21_T1_IGF1R,IGF1R,27,Appetite & metabolic programming,cg20878902,IGF1R,,,,no_evidence,,,FALSE,,,,,,,,,,0,,AC015660.4,,0.3429,A,REQUESTED_GENE_UNAVAILABLE,,,,,UNMAPPED,ZNF782,,0.0131,B,REQUESTED_GENE_UNAVAILABLE,,,,,,,,,,,,,,,"",no catalogue holds this CpG-gene pair and no distance could be computed,,
cg20893956,cg20893956_TC21_T1_ESR1,ESR1,4,Sex steroids: receptors & metabolism,cg20893956,ESR1,,,,no_evidence,,,FALSE,,,,,,,,,,0,,RIF1,,0.0641,A,REQUESTED_GENE_UNAVAILABLE,,,,,UNMAPPED,,,,,UNMAPPED,,,,,,,,,,,,,,,"",no catalogue holds this CpG-gene pair and no distance could be computed,,
cg20897136,cg20897136_TC21_T1_DDIT4,DDIT4,2,HPA axis & glucocorticoid signalling,cg20897136,DDIT4,,,,no_evidence,,,FALSE,,,,,,,,,,0,,SPOCK2,,0.3429,A,REQUESTED_GENE_UNAVAILABLE,SPOCK2,,0.1453,B,REQUESTED_GENE_UNAVAILABLE,,,,,UNMAPPED,,,,,,,,,,,,,,,"",no catalogue holds this CpG-gene pair and no distance could be computed,,
cg20931603,cg20931603_BC21_T1_ADRA2C,ADRA2C,10,Noradrenaline & sympathetic nervous system,cg20931603,ADRA2C,,,,no_evidence,,,FALSE,,,,,,,,,,0,,TPRG1L,,0.126,A,REQUESTED_GENE_UNAVAILABLE,,,,,UNMAPPED,,,,,UNMAPPED,,,,,,,,,,,,,,,"",no catalogue holds this CpG-gene pair and no distance could be computed,,
cg20932440,cg20932440_BC11_T1_DIO1,DIO1,26,Thyroid & neurodevelopment,cg20932440,DIO1,,,,no_evidence,,,FALSE,,,,,,,,,,0,,SMUG1,,0.7056,A,REQUESTED_GENE_UNAVAILABLE,NDC1,,0.3409,B,REQUESTED_GENE_UNAVAILABLE,NDC1,,0.2027,A,REQUESTED_GENE_UNAVAILABLE,,,,,,,,,,,,,,,"",no catalogue holds this CpG-gene pair and no distance could be computed,,
cg20948740,cg20948740_BC21_T1_DNMT3A,DNMT3A,20,Epigenetic machinery,cg20948740,DNMT3A,,,,no_evidence,,,FALSE,,,,,,,,,,0,,POMC,,0.7056,A,REQUESTED_GENE_UNAVAILABLE,POMC,,0.3639,B,REQUESTED_GENE_UNAVAILABLE,POMC,,0.1124,B,REQUESTED_GENE_UNAVAILABLE,,,,,,,,,,,,,,,"",no catalogue holds this CpG-gene pair and no distance could be computed,,
cg20967585,cg20967585_TC21_T1_HTR5A,HTR5A,9,Serotonin,cg20967585,HTR5A,,,,no_evidence,,,FALSE,,,,,,,,,,0,,,,,,UNMAPPED,,,,,UNMAPPED,,,,,UNMAPPED,,,,,,,,,,,,,,,"",no catalogue holds this CpG-gene pair and no distance could be computed,,
cg20991421,cg20991421_BC21_T1_HTR1E,HTR1E,9,Serotonin,cg20991421,HTR1E,,,,no_evidence,,,FALSE,,,,,,,,,,0,,SRI,,0.2377,B,REQUESTED_GENE_UNAVAILABLE,,,,,UNMAPPED,JPH3,,0.4431,B,REQUESTED_GENE_UNAVAILABLE,,,,,,,,,,,,,,,"",no catalogue holds this CpG-gene pair and no distance could be computed,,
cg20991997,cg20991997_BC21_T1_HTR3A,HTR3A,9,Serotonin,cg20991997,HTR3A,,,,no_evidence,,,FALSE,,,,,,,,,,0,,,,,,UNMAPPED,,,,,UNMAPPED,,,,,UNMAPPED,,,,,,,,,,,,,,,"",no catalogue holds this CpG-gene pair and no distance could be computed,,
cg21002528,cg21002528_TC21_T1_CRY2,CRY2,23,Circadian & melatonin,cg21002528,CRY2,1,higher methylation -> HIGHER expression,,smr_moderate,,"0.84-0.86 (SMR tier S2, single instrument; validated n=6,008)",FALSE,1,1,1,S2,3.011e-40,1,17021,TRUE,,0,,LARGE2,,0.298,A,REQUESTED_GENE_UNAVAILABLE,LARGE2,,0.0695,A,REQUESTED_GENE_UNAVAILABLE,TBKBP1,,0.6296,A,REQUESTED_GENE_UNAVAILABLE,,,,,,,,,,,,,,,"",causal direction from SMR (blood); consistent with methylation affecting expression AND with linkage - HEIDI not run,0.7,0.85
cg21006686,cg21006686_BC21_T1_NOS1,NOS1,1,"Oxytocin, vasopressin & CICR",cg21006686,NOS1,,,,no_evidence,,,FALSE,,,,,,,,,,0,,,,,,UNMAPPED,,,,,UNMAPPED,,,,,UNMAPPED,,,,,,,,,,,,,,,"",no catalogue holds this CpG-gene pair and no distance could be computed,,
cg21032551,cg21032551_BC21_T1_CREBBP,CREBBP,20,Epigenetic machinery,cg21032551,CREBBP,,,,no_evidence,,,FALSE,,,,,,,,,,0,,DNASE1,,0.1291,A,REQUESTED_GENE_UNAVAILABLE,SLX4,,0.3409,B,REQUESTED_GENE_UNAVAILABLE,DNASE1,,0.1667,A,REQUESTED_GENE_UNAVAILABLE,,,,,,,,,,,,,,,"",no catalogue holds this CpG-gene pair and no distance could be computed,,
cg21051972,cg21051972_BC21_T1_TPH1,TPH1,9,Serotonin,cg21051972,TPH1,,,,no_evidence,,,FALSE,,,,,,,,,,0,,,,,,UNMAPPED,SAA4,,0.1453,B,REQUESTED_GENE_UNAVAILABLE,RPL18A,,0.0131,B,REQUESTED_GENE_UNAVAILABLE,,,,,,,,,,,,,,,"",no catalogue holds this CpG-gene pair and no distance could be computed,,
cg21115216,cg21115216_BC21_T1_GRIN2A,GRIN2A,16,Glutamate & synaptic scaffolding,cg21115216,GRIN2A,,,,no_evidence,,,FALSE,,,,,,,,,,0,,IL17RC,,0.3429,B,REQUESTED_GENE_UNAVAILABLE,,,,,UNMAPPED,CRELD1,,0.0131,B,REQUESTED_GENE_UNAVAILABLE,,,,,,,,,,,,,,,"",no catalogue holds this CpG-gene pair and no distance could be computed,,
cg21120436,cg21120436_TC21_T1_NLGN1,NLGN1,25,Social-synaptic & psychiatric risk,cg21120436,NLGN1,,,,no_evidence,,,FALSE,,,,,,,,,,0,,,,,,UNMAPPED,,,,,UNMAPPED,,,,,UNMAPPED,,,,,,,,,,,,,,,"",no catalogue holds this CpG-gene pair and no distance could be computed,,
cg21141346,cg21141346_BC21_T1_EHMT2,EHMT2,20,Epigenetic machinery,cg21141346,EHMT2,,,,no_evidence,,,FALSE,,,,,,,,,,0,,SLC44A4,,0.1077,A,REQUESTED_GENE_UNAVAILABLE,SLC44A4,,0.6135,A,REQUESTED_GENE_UNAVAILABLE,SLC44A4,,0.3688,A,REQUESTED_GENE_UNAVAILABLE,,,,,,,,,,,,,,,"",no catalogue holds this CpG-gene pair and no distance could be computed,,
cg21154876,cg21154876_BC21_T1_POR,POR,3,Steroidogenesis (adrenal & gonadal),cg21154876,POR,,,,no_evidence,,,FALSE,,,,,,,,,,0,,POR;MIR4651,,0.126,A,REQUESTED_GENE_UNAVAILABLE,CCL26,,0.1453,B,REQUESTED_GENE_UNAVAILABLE,,,,,UNMAPPED,,,,,,,,,,,,,,,"",no catalogue holds this CpG-gene pair and no distance could be computed,,
cg21156386,cg21156386_BC21_T1_DEAF1,DEAF1,9,Serotonin,cg21156386,DEAF1,-1,higher methylation -> LOWER expression,1,measured,A,"~1.00 (measured, not predicted)",FALSE,-1,-1,-1,S2,4.266e-18,1,17509,TRUE,-1,2,1,DEAF1,-1,0.7056,A,DIRECT_eQTM,DEAF1,-1,0.7399,A,PREDICTED,TALDO1,,0.0131,B,REQUESTED_GENE_UNAVAILABLE,,,,,,,,,,DEAF1,blood,DEAF1:-1,-1,FALSE,"","",1,0
cg21157690,cg21157690_BC21_T1_ESR1,ESR1,4,Sex steroids: receptors & metabolism,cg21157690,ESR1,1,higher methylation -> HIGHER expression,,smr_moderate,,"0.84-0.86 (SMR tier S2, single instrument; validated n=6,008)",FALSE,1,1,1,S2,3.32e-15,1,87395,TRUE,,0,,RIF1,,0.058,A,REQUESTED_GENE_UNAVAILABLE,,,,,UNMAPPED,,,,,UNMAPPED,,,,,,,,,,,,,,,"",causal direction from SMR (blood); consistent with methylation affecting expression AND with linkage - HEIDI not run,0.7,0.85
cg21163347,cg21163347_BC11_T1_SLC6A3,SLC6A3,8,Dopamine,cg21163347,SLC6A3,,,,no_evidence,,,FALSE,,,,,,,,,,0,,INPP5K,,0.1852,A,REQUESTED_GENE_UNAVAILABLE,CLPTM1L,,0.31,B,REQUESTED_GENE_UNAVAILABLE,CLPTM1L,,0.1474,B,REQUESTED_GENE_UNAVAILABLE,,,,,,,,,,,,,,,"",no catalogue holds this CpG-gene pair and no distance could be computed,,
cg21163960,cg21163960_BC11_T1_SLC1A2,SLC1A2,16,Glutamate & synaptic scaffolding,cg21163960,SLC1A2,,,,no_evidence,,,FALSE,,,,,,,,,,0,,,,,,UNMAPPED,,,,,UNMAPPED,,,,,UNMAPPED,,,,,,,,,,,,,,,"",no catalogue holds this CpG-gene pair and no distance could be computed,,
cg21165978,cg21165978_BC21_T1_RSPO1,RSPO1,5,"HPG axis, puberty & KNDy",cg21165978,RSPO1,,,,no_evidence,,,FALSE,,,,,,,,,,0,,GNL2,,0.0733,A,REQUESTED_GENE_UNAVAILABLE,GNL2,,0.4583,B,REQUESTED_GENE_UNAVAILABLE,,,,,UNMAPPED,,,,,,,,,,,,,,,"",no catalogue holds this CpG-gene pair and no distance could be computed,,
cg21191514,cg21191514_TC11_T1_TH,TH,11,"Monoamine synthesis, transport & degradation",cg21191514,TH,,,,no_evidence,,,FALSE,,,,,,,,,,0,,MAD1L1,,0.0733,A,REQUESTED_GENE_UNAVAILABLE,CD81,,0.4852,A,REQUESTED_GENE_UNAVAILABLE,MAD1L1,,0.0131,B,REQUESTED_GENE_UNAVAILABLE,,,,,,,,,,,,,,,"",no catalogue holds this CpG-gene pair and no distance could be computed,,
cg21194066,cg21194066_TC21_T1_GRK2,GRK2,19,GPCR signalling & second messengers,cg21194066,GRK2,,,,no_evidence,,,FALSE,,,,,,,,,,0,,CARNS1,,0.2712,A,REQUESTED_GENE_UNAVAILABLE,POLD4,,0.378,A,REQUESTED_GENE_UNAVAILABLE,CLCF1,,0.1124,B,REQUESTED_GENE_UNAVAILABLE,,,,,,,,,,,,,,,"",no catalogue holds this CpG-gene pair and no distance could be computed,,
cg21213853,cg21213853_BC21_T1_GRM2,GRM2,16,Glutamate & synaptic scaffolding,cg21213853,GRM2,,,,no_evidence,,,FALSE,,,,,,,,,,0,,IQCF4,,0.1971,B,REQUESTED_GENE_UNAVAILABLE,PARP3,,0.8793,A,REQUESTED_GENE_UNAVAILABLE,EPS15,,0.3688,A,REQUESTED_GENE_UNAVAILABLE,,,,,,,,,,PARP3,nasal_epithelium,PARP3:+1,,TRUE,"measured association is with PARP3, not the requested gene - check which gene this CpG actually tracks","no catalogue holds this CpG-gene pair and no distance could be computed | measured association is with PARP3, not the requested gene",,
cg21223481,cg21223481_TC21_T1_GAD1,GAD1,17,GABA & excitation-inhibition balance,cg21223481,GAD1,1,higher methylation -> HIGHER expression,0.378,catalogue_single,A,"0.62-0.87 (tier A, one tissue only)",FALSE,1,1,,,,,,,,1,1,,,,,UNMAPPED,GAD1,1,0.378,A,PREDICTED,,,,,UNMAPPED,,,,,,,,,,,,,,,"",only one tissue called; no cross-tissue corroboration,0.378,0.689
cg21226516,cg21226516_TC21_T1_NR4A2,NR4A2,8,Dopamine,cg21226516,NR4A2,,,,no_evidence,,,FALSE,,,,,,,,,,0,,FLJ46875,,0.4729,A,REQUESTED_GENE_UNAVAILABLE,,,,,UNMAPPED,,,,,UNMAPPED,,,,,,,,,,,,,,,"",no catalogue holds this CpG-gene pair and no distance could be computed,,
cg21232620,cg21232620_TC21_T1_HTR1B,HTR1B,9,Serotonin,cg21232620,HTR1B,,,,no_evidence,,,FALSE,,,,,,,,,,0,,LHFPL2,,0.126,A,REQUESTED_GENE_UNAVAILABLE,,,,,UNMAPPED,LHFPL2,,0.0131,B,REQUESTED_GENE_UNAVAILABLE,,,,,,,,,,,,,,,"",no catalogue holds this CpG-gene pair and no distance could be computed,,
cg21252909,cg21252909_BC21_T1_NR0B1,NR0B1,3,Steroidogenesis (adrenal & gonadal),cg21252909,NR0B1,,,,no_evidence,,,FALSE,,,,,,,,,,0,,,,,,UNMAPPED,,,,,UNMAPPED,,,,,UNMAPPED,,,,,,,,,,,,,,,"",no catalogue holds this CpG-gene pair and no distance could be computed,,
cg21255706,cg21255706_BC21_T1_HSD17B1,HSD17B1,4,Sex steroids: receptors & metabolism,cg21255706,HSD17B1,,,,no_evidence,,,FALSE,,,,,,,,,,0,,MAP3K10,,0.298,A,REQUESTED_GENE_UNAVAILABLE,PLEKHH3,,0.1453,A,REQUESTED_GENE_UNAVAILABLE,PTRF,,0.2414,A,REQUESTED_GENE_UNAVAILABLE,,,,,,,,,,,,,,,"",no catalogue holds this CpG-gene pair and no distance could be computed,,
cg21269598,cg21269598_BC11_T1_HSD17B6,HSD17B6,4,Sex steroids: receptors & metabolism,cg21269598,HSD17B6,,,,no_evidence,,,FALSE,,,,,,,,,,0,,ZNF471,,0.6863,A,REQUESTED_GENE_UNAVAILABLE,NACA,,0.0695,B,REQUESTED_GENE_UNAVAILABLE,,,,,UNMAPPED,,,,,,,,,,,,,,,"",no catalogue holds this CpG-gene pair and no distance could be computed,,
cg21279603,cg21279603_BC21_T1_SLC19A1,SLC19A1,22,One-carbon metabolism,cg21279603,SLC19A1,,,,no_evidence,,,FALSE,,,,,,,,,,0,,,,,,UNMAPPED,,,,,UNMAPPED,,,,,UNMAPPED,,,,,,,,,,,,,,,"",no catalogue holds this CpG-gene pair and no distance could be computed,,
cg21286419,cg21286419_TC21_T1_GDNF,GDNF,18,Neurotrophins & activity-dependent plasticity,cg21286419,GDNF,,,,no_evidence,,,FALSE,,,,,,,,,,0,,PPP1R1B,,0.2377,B,REQUESTED_GENE_UNAVAILABLE,,,,,UNMAPPED,TBC1D1,,0.0131,B,REQUESTED_GENE_UNAVAILABLE,,,,,,,,,,,,,,,"",no catalogue holds this CpG-gene pair and no distance could be computed,,
cg21290814,cg21290814_TC21_T1_CRTC1,CRTC1,18,Neurotrophins & activity-dependent plasticity,cg21290814,CRTC1,,,,no_evidence,,,FALSE,,,,,,,,,,0,,,,,,UNMAPPED,CRLF1,,0.6433,A,REQUESTED_GENE_UNAVAILABLE,ISYNA1,,0.4326,A,REQUESTED_GENE_UNAVAILABLE,,,,,,,,,,,,,,,"",no catalogue holds this CpG-gene pair and no distance could be computed,,
cg21298978,cg21298978_BC21_T1_CYP11B1,CYP11B1,3,Steroidogenesis (adrenal & gonadal),cg21298978,CYP11B1,,,,no_evidence,,,FALSE,,,,,,,,,,0,,LOC100288181,,0.0451,A,REQUESTED_GENE_UNAVAILABLE,LY6D,,0.6135,B,REQUESTED_GENE_UNAVAILABLE,PSCA,,0.1667,B,REQUESTED_GENE_UNAVAILABLE,,,,,,,,,,,,,,,"",no catalogue holds this CpG-gene pair and no distance could be computed,,
cg21322436,cg21322436_TC11_T1_CNTNAP2,CNTNAP2,25,Social-synaptic & psychiatric risk,cg21322436,CNTNAP2,,,,no_evidence,,,FALSE,,,,,,,,,,0,,,,,,UNMAPPED,,,,,UNMAPPED,CNTNAP2,,0.2027,A,ABSTAIN,,,,,,,,,,,,,,,"",no catalogue holds this CpG-gene pair and no distance could be computed,,
cg21327581,cg21327581_TC11_T1_SYN1,SYN1,18,Neurotrophins & activity-dependent plasticity,cg21327581,SYN1,,,,no_evidence,,,FALSE,,,,,,,,,,0,,,,,,UNMAPPED,,,,,UNMAPPED,,,,,UNMAPPED,,,,,,,,,,,,,,,"",no catalogue holds this CpG-gene pair and no distance could be computed,,
cg21342728,cg21342728_TC21_T1_MCHR1,MCHR1,13,Orexin / hypocretin & MCH,cg21342728,MCHR1,,,,no_evidence,,,FALSE,,,,,,,,,,0,,XPNPEP3;RBX1,,0.289,A,REQUESTED_GENE_UNAVAILABLE,,,,,UNMAPPED,,,,,UNMAPPED,,,,,,,,,,,,,,,"",no catalogue holds this CpG-gene pair and no distance could be computed,,
cg21359903,cg21359903_BC21_T1_CHGA,CHGA,10,Noradrenaline & sympathetic nervous system,cg21359903,CHGA,,,,no_evidence,,,FALSE,,,,,,,,,,0,,LGMN,,0.2377,B,REQUESTED_GENE_UNAVAILABLE,LGMN,,0.31,B,REQUESTED_GENE_UNAVAILABLE,,,,,UNMAPPED,,,,,,,,,,,,,,,"",no catalogue holds this CpG-gene pair and no distance could be computed,,
cg21366688,cg21366688_TC11_T1_SGK1,SGK1,2,HPA axis & glucocorticoid signalling,cg21366688,SGK1,,,,no_evidence,,,FALSE,,,,,,,,,,0,,,,,,UNMAPPED,,,,,UNMAPPED,,,,,UNMAPPED,,,,,,,,,,,,,,,"",no catalogue holds this CpG-gene pair and no distance could be computed,,
cg21401292,cg21401292_TC21_T1_SGK1,SGK1,2,HPA axis & glucocorticoid signalling,cg21401292,SGK1,,,,no_evidence,,,FALSE,,,,,,,,,,0,,,,,,UNMAPPED,,,,,UNMAPPED,,,,,UNMAPPED,,,,,,,,,,,,,,,"",no catalogue holds this CpG-gene pair and no distance could be computed,,
cg21448226,cg21448226_TC21_T1_GABRA6,GABRA6,17,GABA & excitation-inhibition balance,cg21448226,GABRA6,,,,no_evidence,,,FALSE,,,,,,,,,,0,,,,,,UNMAPPED,,,,,UNMAPPED,,,,,UNMAPPED,,,,,,,,,,,,,,,"",no catalogue holds this CpG-gene pair and no distance could be computed,,
cg21456313,cg21456313_TC21_T1_TSC22D3,TSC22D3,2,HPA axis & glucocorticoid signalling,cg21456313,TSC22D3,,,,no_evidence,,,FALSE,,,,,,,,,,0,,,,,,UNMAPPED,,,,,UNMAPPED,,,,,UNMAPPED,,,,,,,,,,,,,,,"",no catalogue holds this CpG-gene pair and no distance could be computed,,
cg21459792,cg21459792_BC21_T1_SOD2,SOD2,29,Oxidative stress & mitochondria,cg21459792,SOD2,,,,no_evidence,,,FALSE,,,,,,,,,,0,,LOC401281,,0.3429,A,REQUESTED_GENE_UNAVAILABLE,SOD2,,0.0695,B,ABSTAIN,SOD2,,0.2027,A,ABSTAIN,,,,,,,,,,,,,,,"",no catalogue holds this CpG-gene pair and no distance could be computed,,
cg21470947,cg21470947_TC21_T1_HLA_DMB,HLA-DMB,24,"Immune, inflammation & HLA",cg21470947,HLA-DMB,-1,higher methylation -> LOWER expression,1,measured,A,"~1.00 (measured, not predicted)",FALSE,-1,-1,-1,S2,6.482e-16,1,3867,TRUE,-1,3,1,HLA-DMB,-1,0.3429,A,PREDICTED,HLA-DMB,-1,0.9961,A,DIRECT_eQTM,HLA-DMB,-1,0.4326,A,PREDICTED,,,,,,,,,,HLA-DMA;HLA-DMB;HLA-DOA;HLA-DPA1;HLA-DPB1;PSMB9;TAP1,nasal_epithelium,HLA-DMA:-1;HLA-DMB:-1;HLA-DOA:-1;HLA-DPA1:-1;HLA-DPB1:-1;PSMB9:-1;TAP1:-1,-1,FALSE,"","",1,0
cg21472546,cg21472546_TC21_T1_GABRB1,GABRB1,17,GABA & excitation-inhibition balance,cg21472546,GABRB1,,,,no_evidence,,,FALSE,,,,,,,,,,0,,SNORD67,,0.0153,B,REQUESTED_GENE_UNAVAILABLE,,,,,UNMAPPED,,,,,UNMAPPED,,,,,,,,,,,,,,,"",no catalogue holds this CpG-gene pair and no distance could be computed,,
cg21484170,cg21484170_BC21_T1_PNOC,PNOC,12,Opioid & melanocortin,cg21484170,PNOC,-1,higher methylation -> LOWER expression,0.4598,catalogue_single,A,"0.62-0.87 (tier A, one tissue only)",FALSE,-1,-1,,,,,,,,1,1,PNOC,-1,0.4598,A,PREDICTED,,,,,UNMAPPED,PNOC,,0.2027,A,ABSTAIN,,,,,,,,,,,,,,,"",only one tissue called; no cross-tissue corroboration,0.4598,0.2701
cg21517055,cg21517055_TC11_T1_CC2D1A,CC2D1A,9,Serotonin,cg21517055,CC2D1A,,,,no_evidence,,,FALSE,,,,,,,,,,0,,LOC284454,,0.3429,A,REQUESTED_GENE_UNAVAILABLE,LOC284454,,0.1239,A,REQUESTED_GENE_UNAVAILABLE,,,,,UNMAPPED,,,,,,,,,,,,,,,"",no catalogue holds this CpG-gene pair and no distance could be computed,,
cg21520933,cg21520933_BC11_T1_KLF14,KLF14,28,"Ageing, epigenetic clocks & telomere",cg21520933,KLF14,,,,no_evidence,,,FALSE,,,,,,,,,,0,,PIK3R4,,0.2377,B,REQUESTED_GENE_UNAVAILABLE,COPG2,,0.1556,B,REQUESTED_GENE_UNAVAILABLE,COPG2,,0.0131,B,REQUESTED_GENE_UNAVAILABLE,,,,,,,,,,,,,,,"",no catalogue holds this CpG-gene pair and no distance could be computed,,
cg21526106,cg21526106_BC21_T1_CHRNA7,CHRNA7,25,Social-synaptic & psychiatric risk,cg21526106,CHRNA7,,,,no_evidence,,,FALSE,,,,,,,,,,0,,CMTM8,,0.0153,A,REQUESTED_GENE_UNAVAILABLE,,,,,UNMAPPED,MTMR12,,0.0131,B,REQUESTED_GENE_UNAVAILABLE,,,,,,,,,,,,,,,"",no catalogue holds this CpG-gene pair and no distance could be computed,,
cg21572722,cg21572722_BC21_T1_ELOVL2,ELOVL2,28,"Ageing, epigenetic clocks & telomere",cg21572722,ELOVL2,,,,no_evidence,,,FALSE,,,,,,,,,,0,,SYCP2L,,0.4517,A,REQUESTED_GENE_UNAVAILABLE,TMED1,,0.3409,B,REQUESTED_GENE_UNAVAILABLE,,,,,UNMAPPED,,,,,,,,,,,,,,,"",no catalogue holds this CpG-gene pair and no distance could be computed,,
cg21578596,cg21578596_TC21_T1_HLA_DMB,HLA-DMB,24,"Immune, inflammation & HLA",cg21578596,HLA-DMB,,,,tissue_conflict,A,,FALSE,,,,,,,,,,3,0.667,HLA-DMB,-1,0.4729,A,PREDICTED,HLA-DMB,1,0.8509,A,PREDICTED,HLA-DMB,-1,0.3688,A,PREDICTED,,,,,,,,,,,,,,,"",tissues returned opposite directions; not resolved,,
cg21588305,cg21588305_BC21_T1_NNAT,NNAT,21,Imprinted genes & DMRs,cg21588305,NNAT,,,,no_evidence,,,FALSE,,,,,,,,,,0,,,,,,UNMAPPED,BLCAP,,0.0694,A,REQUESTED_GENE_UNAVAILABLE,SRC,,0.1815,B,REQUESTED_GENE_UNAVAILABLE,,,,,,,,,,,,,,,"",no catalogue holds this CpG-gene pair and no distance could be computed,,
cg21590264,cg21590264_TC21_T1_GDNF,GDNF,18,Neurotrophins & activity-dependent plasticity,cg21590264,GDNF,,,,no_evidence,,,FALSE,,,,,,,,,,0,,PPP1R1B,,0.2377,B,REQUESTED_GENE_UNAVAILABLE,,,,,UNMAPPED,TBC1D1,,0.0131,B,REQUESTED_GENE_UNAVAILABLE,,,,,,,,,,,,,,,"",no catalogue holds this CpG-gene pair and no distance could be computed,,
cg21608605,cg21608605_TC21_T1_ESR1,ESR1,4,Sex steroids: receptors & metabolism,cg21608605,ESR1,,,,no_evidence,,,FALSE,,,,,,,,,,0,,RIF1,,0.1077,A,REQUESTED_GENE_UNAVAILABLE,,,,,UNMAPPED,,,,,UNMAPPED,,,,,,,,,,,,,,,"",no catalogue holds this CpG-gene pair and no distance could be computed,,
cg21644468,cg21644468_BC21_T1_TH,TH,11,"Monoamine synthesis, transport & degradation",cg21644468,TH,,,,no_evidence,,,FALSE,,,,,,,,,,0,,MAD1L1,,0.4517,A,REQUESTED_GENE_UNAVAILABLE,CD81,,0.4852,A,REQUESTED_GENE_UNAVAILABLE,MAD1L1,,0.0131,B,REQUESTED_GENE_UNAVAILABLE,,,,,,,,,,,,,,,"",no catalogue holds this CpG-gene pair and no distance could be computed,,
cg21648376,cg21648376_BC11_T1_CASQ2,CASQ2,1,"Oxytocin, vasopressin & CICR",cg21648376,CASQ2,,,,no_evidence,,,FALSE,,,,,,,,,,0,,CAV2,,0.2377,B,REQUESTED_GENE_UNAVAILABLE,VANGL1,,0.4852,A,REQUESTED_GENE_UNAVAILABLE,AFAP1L2,,0.0131,B,REQUESTED_GENE_UNAVAILABLE,,,,,,,,,,,,,,,"",no catalogue holds this CpG-gene pair and no distance could be computed,,
cg21650436,cg21650436_TC21_T1_ADCY6,ADCY6,19,GPCR signalling & second messengers,cg21650436,ADCY6,-1,higher methylation -> LOWER expression,0.4583,catalogue_single,A,"0.62-0.87 (tier A, one tissue only)",FALSE,-1,-1,,,,,,,,1,1,CACNB3,,0.0597,B,REQUESTED_GENE_UNAVAILABLE,ADCY6,-1,0.4583,A,PREDICTED,ADCY6,,0.1667,A,ABSTAIN,,,,,,,,,,,,,,,"",only one tissue called; no cross-tissue corroboration,0.4583,0.27085
cg21676440,cg21676440_BC21_T1_SGK1,SGK1,2,HPA axis & glucocorticoid signalling,cg21676440,SGK1,,,,no_evidence,,,FALSE,,,,,,,,,,0,,,,,,UNMAPPED,,,,,UNMAPPED,,,,,UNMAPPED,,,,,,,,,,,,,,,"",no catalogue holds this CpG-gene pair and no distance could be computed,,
cg21710918,cg21710918_BC21_T1_GHRL,GHRL,27,Appetite & metabolic programming,cg21710918,GHRL,,,,no_evidence,,,FALSE,,,,,,,,,,0,,GHRLOS,,0.9957,A,REQUESTED_GENE_UNAVAILABLE,GHRLOS,,0.0694,A,REQUESTED_GENE_UNAVAILABLE,SLX4IP,,0.1124,B,REQUESTED_GENE_UNAVAILABLE,,,,,,,,,,,,,,,"",no catalogue holds this CpG-gene pair and no distance could be computed,,
cg21752601,cg21752601_TC11_T1_UCN,UCN,2,HPA axis & glucocorticoid signalling,cg21752601,UCN,,,,no_evidence,,,FALSE,,,,,,,,,,0,,LOC105374363,,0.058,B,REQUESTED_GENE_UNAVAILABLE,ATRAID,,0.4852,A,REQUESTED_GENE_UNAVAILABLE,,,,,UNMAPPED,,,,,,,,,,,,,,,"",no catalogue holds this CpG-gene pair and no distance could be computed,,
cg21758126,cg21758126_TC21_T1_NR4A2,NR4A2,8,Dopamine,cg21758126,NR4A2,,,,no_evidence,,,FALSE,,,,,,,,,,0,,FLJ46875,,0.3467,A,REQUESTED_GENE_UNAVAILABLE,,,,,UNMAPPED,,,,,UNMAPPED,,,,,,,,,,,,,,,"",no catalogue holds this CpG-gene pair and no distance could be computed,,
cg21760140,cg21760140_TC21_T1_ITPR1,ITPR1,1,"Oxytocin, vasopressin & CICR",cg21760140,ITPR1,,,,no_evidence,,,FALSE,,,,,,,,,,0,,,,,,UNMAPPED,BHLHE40-AS1,,0.1453,A,REQUESTED_GENE_UNAVAILABLE,,,,,UNMAPPED,,,,,,,,,,,,,,,"",no catalogue holds this CpG-gene pair and no distance could be computed,,
cg21787323,cg21787323_TC21_T1_DLG2,DLG2,16,Glutamate & synaptic scaffolding,cg21787323,DLG2,,,,no_evidence,,,FALSE,,,,,,,,,,0,,,,,,UNMAPPED,TMEM126B,,0.8366,B,REQUESTED_GENE_UNAVAILABLE,ZSCAN2,,0.0131,B,REQUESTED_GENE_UNAVAILABLE,,,,,,,,,,,,,,,"",no catalogue holds this CpG-gene pair and no distance could be computed,,
cg21797718,cg21797718_TC21_T1_GRM4,GRM4,16,Glutamate & synaptic scaffolding,cg21797718,GRM4,,,,no_evidence,,,FALSE,,,,,,,,,,0,,,,,,UNMAPPED,,,,,UNMAPPED,,,,,UNMAPPED,,,,,,,,,,,,,,,"",no catalogue holds this CpG-gene pair and no distance could be computed,,
cg21824460,cg21824460_BC21_T1_EGR2,EGR2,18,Neurotrophins & activity-dependent plasticity,cg21824460,EGR2,,,,no_evidence,,,FALSE,,,,,,,,,,0,,,,,,UNMAPPED,ADO,,0.3771,A,REQUESTED_GENE_UNAVAILABLE,,,,,UNMAPPED,,,,,,,,,,,,,,,"",no catalogue holds this CpG-gene pair and no distance could be computed,,
cg21845133,cg21845133_BC21_T1_SLC1A3,SLC1A3,16,Glutamate & synaptic scaffolding,cg21845133,SLC1A3,-1,higher methylation -> LOWER expression,0.5862,catalogue_consensus,A,"0.77-0.87 (tier A, tissues agree)",FALSE,-1,-1,,,,,,,-1,2,1,AC008957.1,,0.126,B,REQUESTED_GENE_UNAVAILABLE,SLC1A3,-1,0.7399,A,PREDICTED,SLC1A3,-1,0.4326,A,PREDICTED,,,,,,,,,,,,,,,"","",0.5862,0.2069
cg21864959,cg21864959_BC21_T1_MTHFR,MTHFR,22,One-carbon metabolism,cg21864959,MTHFR,1,higher methylation -> HIGHER expression,,smr_moderate,,"0.84-0.86 (SMR tier S2, single instrument; validated n=6,008)",FALSE,1,1,1,S2,1.872e-288,1,8515,TRUE,,0,,NPPA,,0.126,A,REQUESTED_GENE_UNAVAILABLE,AGTRAP,,0.0695,A,REQUESTED_GENE_UNAVAILABLE,AGTRAP,,0.2027,A,REQUESTED_GENE_UNAVAILABLE,,,,,,,,,,,,,,,"",causal direction from SMR (blood); consistent with methylation affecting expression AND with linkage - HEIDI not run,0.7,0.85
cg21870640,cg21870640_TC21_T1_HLA_DPB2,HLA-DPB2,24,"Immune, inflammation & HLA",cg21870640,HLA-DPB2,-1,higher methylation -> LOWER expression,,smr_high,,"0.95-0.97 (SMR tier S1, concordant instruments; validated n=2,141)",FALSE,-1,-1,-1,S1,8.243e-72,2,6711,TRUE,,0,,DYNLRB1,,0.9394,A,REQUESTED_GENE_UNAVAILABLE,HLA-DPB1,,0.8509,A,REQUESTED_GENE_UNAVAILABLE,DYNLRB1,,0.0131,A,REQUESTED_GENE_UNAVAILABLE,,,,,,,,,,,,,,,"",causal direction from SMR (blood); consistent with methylation affecting expression AND with linkage - HEIDI not run,0.7,0.15
cg21878004,cg21878004_BC21_T1_PRL,PRL,6,Libido & sexual function,cg21878004,PRL,,,,no_evidence,,,FALSE,,,,,,,,,,0,,ANO5,,0.0451,B,REQUESTED_GENE_UNAVAILABLE,,,,,UNMAPPED,,,,,UNMAPPED,,,,,,,,,,,,,,,"",no catalogue holds this CpG-gene pair and no distance could be computed,,
cg21883757,cg21883757_BC21_T1_SHANK3,SHANK3,16,Glutamate & synaptic scaffolding,cg21883757,SHANK3,,,,no_evidence,,,FALSE,,,,,,,,,,0,,MAPK8IP2,,0.126,A,REQUESTED_GENE_UNAVAILABLE,MAPK8IP2,,0.1453,B,REQUESTED_GENE_UNAVAILABLE,,,,,UNMAPPED,,,,,,,,,,,,,,,"",no catalogue holds this CpG-gene pair and no distance could be computed,,
cg21899500,cg21899500_BC21_T1_GRM2,GRM2,16,Glutamate & synaptic scaffolding,cg21899500,GRM2,,,,no_evidence,,,FALSE,,,,,,,,,,0,,IQCF4,,0.1971,B,REQUESTED_GENE_UNAVAILABLE,PARP3,,0.8793,A,REQUESTED_GENE_UNAVAILABLE,EPS15,,0.3688,A,REQUESTED_GENE_UNAVAILABLE,,,,,,,,,,,,,,,"",no catalogue holds this CpG-gene pair and no distance could be computed,,
cg21902627,cg21902627_BC21_T1_TSC22D3,TSC22D3,2,HPA axis & glucocorticoid signalling,cg21902627,TSC22D3,,,,no_evidence,,,FALSE,,,,,,,,,,0,,,,,,UNMAPPED,,,,,UNMAPPED,,,,,UNMAPPED,,,,,,,,,,,,,,,"",no catalogue holds this CpG-gene pair and no distance could be computed,,
cg21902984,cg21902984_TC21_T1_NOS1,NOS1,1,"Oxytocin, vasopressin & CICR",cg21902984,NOS1,,,,no_evidence,,,FALSE,,,,,,,,,,0,,,,,,UNMAPPED,,,,,UNMAPPED,,,,,UNMAPPED,,,,,,,,,,,,,,,"",no catalogue holds this CpG-gene pair and no distance could be computed,,
cg21919599,cg21919599_TC21_T1_NLRP3,NLRP3,24,"Immune, inflammation & HLA",cg21919599,NLRP3,-1,higher methylation -> LOWER expression,0.3409,catalogue_single,A,"0.62-0.87 (tier A, one tissue only)",FALSE,-1,-1,,,,,,,,1,1,GCSAML-AS1,,0.298,B,REQUESTED_GENE_UNAVAILABLE,NLRP3,-1,0.3409,A,PREDICTED,GCSAML,,0.1124,B,REQUESTED_GENE_UNAVAILABLE,,,,,,,,,,,,,,,"",only one tissue called; no cross-tissue corroboration,0.3409,0.32955
cg21920421,cg21920421_TC21_T1_MECP2,MECP2,20,Epigenetic machinery,cg21920421,MECP2,,,,no_evidence,,,FALSE,,,,,,,,,,0,,PNMA6B,,0.1077,A,REQUESTED_GENE_UNAVAILABLE,,,,,UNMAPPED,,,,,UNMAPPED,,,,,,,,,,,,,,,"",no catalogue holds this CpG-gene pair and no distance could be computed,,
cg21922731,cg21922731_TC21_T1_HSD17B6,HSD17B6,4,Sex steroids: receptors & metabolism,cg21922731,HSD17B6,,,,no_evidence,,,FALSE,,,,,,,,,,0,,ZNF471,,0.289,B,REQUESTED_GENE_UNAVAILABLE,NACA,,0.0695,B,REQUESTED_GENE_UNAVAILABLE,,,,,UNMAPPED,,,,,,,,,,,,,,,"",no catalogue holds this CpG-gene pair and no distance could be computed,,
cg21946824,cg21946824_TC11_T1_NLGN1,NLGN1,25,Social-synaptic & psychiatric risk,cg21946824,NLGN1,,,,no_evidence,,,FALSE,,,,,,,,,,0,,,,,,UNMAPPED,,,,,UNMAPPED,,,,,UNMAPPED,,,,,,,,,,,,,,,"",no catalogue holds this CpG-gene pair and no distance could be computed,,
cg21949305,cg21949305_TC21_T1_ADORA2A,ADORA2A,8,Dopamine,cg21949305,ADORA2A,,,,no_evidence,,,FALSE,,,,,,,,,,0,,,,,,UNMAPPED,GGT1,,0.4852,A,REQUESTED_GENE_UNAVAILABLE,ADORA2A,,0.0131,A,ABSTAIN,,,,,,,,,,,,,,,"",no catalogue holds this CpG-gene pair and no distance could be computed,,
cg21966410,cg21966410_TC21_T1_AR,AR,4,Sex steroids: receptors & metabolism,cg21966410,AR,,,,no_evidence,,,FALSE,,,,,,,,,,0,,,,,,UNMAPPED,,,,,UNMAPPED,,,,,UNMAPPED,,,,,,,,,,,,,,,"",no catalogue holds this CpG-gene pair and no distance could be computed,,
cg21970929,cg21970929_BC21_T1_SLC1A3,SLC1A3,16,Glutamate & synaptic scaffolding,cg21970929,SLC1A3,-1,higher methylation -> LOWER expression,0.4912,catalogue_consensus,A,"0.77-0.87 (tier A, tissues agree)",FALSE,-1,-1,,,,,,,-1,2,1,AC008957.1,,0.126,B,REQUESTED_GENE_UNAVAILABLE,SLC1A3,-1,0.6135,A,PREDICTED,SLC1A3,-1,0.3688,A,PREDICTED,,,,,,,,,,,,,,,"","",0.4912,0.2544
cg21979215,cg21979215_BC21_T1_NR3C1,NR3C1,2,HPA axis & glucocorticoid signalling,cg21979215,NR3C1,,,,no_evidence,,,FALSE,,,,,,,,,,0,,,,,,UNMAPPED,,,,,UNMAPPED,,,,,UNMAPPED,,,,,,,,,,,,,,,"",no catalogue holds this CpG-gene pair and no distance could be computed,,
cg21991396,cg21991396_BC21_T1_NLRP3,NLRP3,24,"Immune, inflammation & HLA",cg21991396,NLRP3,-1,higher methylation -> LOWER expression,0.4852,catalogue_single,A,"0.62-0.87 (tier A, one tissue only)",FALSE,-1,-1,,,,,,,,1,1,GCSAML-AS1,,0.298,B,REQUESTED_GENE_UNAVAILABLE,NLRP3,-1,0.4852,A,PREDICTED,GCSAML,,0.1124,B,REQUESTED_GENE_UNAVAILABLE,,,,,,,,,,,,,,,"",only one tissue called; no cross-tissue corroboration,0.4852,0.2574
cg22022010,cg22022010_BC21_T1_TRPM2,TRPM2,1,"Oxytocin, vasopressin & CICR",cg22022010,TRPM2,-1,higher methylation -> LOWER expression,0.4326,catalogue_single,A,"0.62-0.87 (tier A, one tissue only)",FALSE,-1,-1,,,,,,,,1,1,TRPM2,,0.0365,B,ABSTAIN,TRPM2,,0.0695,B,ABSTAIN,TRPM2,-1,0.4326,A,PREDICTED,,,,,,,,,,,,,,,"",only one tissue called; no cross-tissue corroboration,0.4326,0.2837
cg22065526,cg22065526_TC21_T1_INHA,INHA,5,"HPG axis, puberty & KNDy",cg22065526,INHA,,,,no_evidence,,,FALSE,,,,,,,,,,0,,,,,,UNMAPPED,OBSL1,,0.9158,A,REQUESTED_GENE_UNAVAILABLE,OBSL1,,0.4326,A,REQUESTED_GENE_UNAVAILABLE,,,,,,,,,,SLC4A3,nasal_epithelium,SLC4A3:-1,,TRUE,"measured association is with SLC4A3, not the requested gene - check which gene this CpG actually tracks","no catalogue holds this CpG-gene pair and no distance could be computed | measured association is with SLC4A3, not the requested gene",,
cg22073530,cg22073530_BC21_T1_IDO1,IDO1,15,Kynurenine pathway,cg22073530,IDO1,-1,higher methylation -> LOWER expression,0.4973,catalogue_consensus,A,"0.77-0.87 (tier A, tissues agree)",FALSE,-1,-1,,,,,,,-1,2,1,IDO1,-1,0.6537,A,PREDICTED,IDO1,-1,0.3409,A,PREDICTED,PNN,,0.0131,B,REQUESTED_GENE_UNAVAILABLE,,,,,,,,,,,,,,,"","",0.4973,0.25135
cg22078451,cg22078451_TC21_T1_PDE4D,PDE4D,19,GPCR signalling & second messengers,cg22078451,PDE4D,,,,no_evidence,,,FALSE,,,,,,,,,,0,,,,,,UNMAPPED,ZNF587B,,0.4583,B,REQUESTED_GENE_UNAVAILABLE,,,,,UNMAPPED,,,,,,,,,,,,,,,"",no catalogue holds this CpG-gene pair and no distance could be computed,,
cg22082015,cg22082015_BC21_T1_NR1D1,NR1D1,23,Circadian & melatonin,cg22082015,NR1D1,,,,no_evidence,,,FALSE,,,,,,,,,,0,,RAPGEFL1,,0.0365,A,REQUESTED_GENE_UNAVAILABLE,MSL1,,0.0501,A,REQUESTED_GENE_UNAVAILABLE,MED24,,0.1244,A,REQUESTED_GENE_UNAVAILABLE,,,,,,,,,,,,,,,"",no catalogue holds this CpG-gene pair and no distance could be computed,,
cg22091322,cg22091322_TC21_T1_AHR,AHR,15,Kynurenine pathway,cg22091322,AHR,,,,no_evidence,,,FALSE,,,,,,,,,,0,,NUCB2,,0.0451,B,REQUESTED_GENE_UNAVAILABLE,,,,,UNMAPPED,NUCB2,,0.0131,B,REQUESTED_GENE_UNAVAILABLE,,,,,,,,,,,,,,,"",no catalogue holds this CpG-gene pair and no distance could be computed,,
cg22129545,cg22129545_BC11_T1_UCN,UCN,2,HPA axis & glucocorticoid signalling,cg22129545,UCN,,,,no_evidence,,,FALSE,,,,,,,,,,0,,LOC105374363,,0.058,B,REQUESTED_GENE_UNAVAILABLE,ATRAID,,0.4852,A,REQUESTED_GENE_UNAVAILABLE,,,,,UNMAPPED,,,,,,,,,,,,,,,"",no catalogue holds this CpG-gene pair and no distance could be computed,,
cg22134325,cg22134325_BC21_T1_NPAS4,NPAS4,18,Neurotrophins & activity-dependent plasticity,cg22134325,NPAS4,,,,no_evidence,,,FALSE,,,,,,,,,,0,,MRPL11,,0.6537,A,REQUESTED_GENE_UNAVAILABLE,MRPL11,,0.8366,A,REQUESTED_GENE_UNAVAILABLE,RIN1,,0.1124,B,REQUESTED_GENE_UNAVAILABLE,,,,,,,,,,,,,,,"",no catalogue holds this CpG-gene pair and no distance could be computed,,
cg22158248,cg22158248_TC21_T1_ALDH2,ALDH2,11,"Monoamine synthesis, transport & degradation",cg22158248,ALDH2,-1,higher methylation -> LOWER expression,,smr_high,A,"0.95-0.97 (SMR tier S1, concordant instruments; validated n=2,141)",FALSE,-1,-1,-1,S1,4.844e-134,2,22100,TRUE,,1,1,MAPKAPK5-AS1,,0.5422,A,REQUESTED_GENE_UNAVAILABLE,ALDH2,-1,0.3409,A,PREDICTED,,,,,UNMAPPED,,,,,,,,,,,,,,,"",causal direction from SMR (blood); consistent with methylation affecting expression AND with linkage - HEIDI not run,0.7,0.15
cg22159025,cg22159025_BC11_T1_SNRPN,SNRPN,21,Imprinted genes & DMRs,cg22159025,SNRPN,,,,no_evidence,,,FALSE,,,,,,,,,,0,,SNRPN;PWAR6;IPW,,0.4517,A,REQUESTED_GENE_UNAVAILABLE,,,,,UNMAPPED,,,,,UNMAPPED,,,,,,,,,,SNRPN;SNURF,blood,SNRPN;SNURF:+1,,FALSE,"",no catalogue holds this CpG-gene pair and no distance could be computed,,
cg22163768,cg22163768_TC11_T1_HTR3D,HTR3D,9,Serotonin,cg22163768,HTR3D,,,,no_evidence,,,FALSE,,,,,,,,,,0,,ABCC5,,0.6737,A,REQUESTED_GENE_UNAVAILABLE,ABCC5,,0.7183,A,REQUESTED_GENE_UNAVAILABLE,,,,,UNMAPPED,,,,,,,,,,,,,,,"",no catalogue holds this CpG-gene pair and no distance could be computed,,
cg22225856,cg22225856_BC21_T1_KMT2A,KMT2A,20,Epigenetic machinery,cg22225856,KMT2A,,,,no_evidence,,,FALSE,,,,,,,,,,0,,CD3G,,0.0153,A,REQUESTED_GENE_UNAVAILABLE,ATP5L,,0.0695,A,REQUESTED_GENE_UNAVAILABLE,,,,,UNMAPPED,,,,,,,,,,,,,,,"",no catalogue holds this CpG-gene pair and no distance could be computed,,
cg22242216,cg22242216_BC11_T1_GRIN2D,GRIN2D,16,Glutamate & synaptic scaffolding,cg22242216,GRIN2D,,,,no_evidence,,,FALSE,,,,,,,,,,0,,CARD8,,0.298,A,REQUESTED_GENE_UNAVAILABLE,CYTH2,,0.2113,A,REQUESTED_GENE_UNAVAILABLE,CYTH2,,0.0131,A,REQUESTED_GENE_UNAVAILABLE,,,,,,,,,,,,,,,"",no catalogue holds this CpG-gene pair and no distance could be computed,,
cg22275864,cg22275864_TC11_T1_ADRB3,ADRB3,10,Noradrenaline & sympathetic nervous system,cg22275864,ADRB3,,,,no_evidence,,,FALSE,,,,,,,,,,0,,ADGRA2,,0.1934,B,REQUESTED_GENE_UNAVAILABLE,LSM1,,0.1239,B,REQUESTED_GENE_UNAVAILABLE,ADGRA2,,0.1244,B,REQUESTED_GENE_UNAVAILABLE,,,,,,,,,,,,,,,"",no catalogue holds this CpG-gene pair and no distance could be computed,,
cg22290117,cg22290117_TC21_T1_GNAS,GNAS,19,GPCR signalling & second messengers,cg22290117,GNAS,,,,no_evidence,,,FALSE,,,,,,,,,,0,,CTSZ,,0.4648,A,REQUESTED_GENE_UNAVAILABLE,CTSZ,,0.3409,B,REQUESTED_GENE_UNAVAILABLE,,,,,UNMAPPED,,,,,,,,,,,,,,,"",no catalogue holds this CpG-gene pair and no distance could be computed,,
cg22296149,cg22296149_TC21_T1_AMH,AMH,5,"HPG axis, puberty & KNDy",cg22296149,AMH,1,higher methylation -> HIGHER expression,,smr_moderate,,"0.84-0.86 (SMR tier S2, single instrument; validated n=6,008)",FALSE,1,1,1,S2,2.178e-28,1,1039,TRUE,,0,,JSRP1,,0.3467,A,REQUESTED_GENE_UNAVAILABLE,PLEKHJ1,,0.9158,A,REQUESTED_GENE_UNAVAILABLE,PLEKHJ1,,0.1667,A,REQUESTED_GENE_UNAVAILABLE,,,,,,,,,,,,,,,"",causal direction from SMR (blood); consistent with methylation affecting expression AND with linkage - HEIDI not run,0.7,0.85
cg22298088,cg22298088_TC21_T1_NNAT,NNAT,21,Imprinted genes & DMRs,cg22298088,NNAT,,,,no_evidence,,,FALSE,,,,,,,,,,0,,,,,,UNMAPPED,BLCAP,,0.3409,A,REQUESTED_GENE_UNAVAILABLE,SRC,,0.1815,B,REQUESTED_GENE_UNAVAILABLE,,,,,,,,,,,,,,,"",no catalogue holds this CpG-gene pair and no distance could be computed,,
cg22298860,cg22298860_BC21_T1_HLA_F,HLA-F,24,"Immune, inflammation & HLA",cg22298860,HLA-F,-1,higher methylation -> LOWER expression,1,measured,A,"~1.00 (measured, not predicted)",FALSE,-1,-1,-1,S2,2.693e-106,1,7606,TRUE,-1,2,1,HLA-F,-1,0.7056,A,DIRECT_eQTM,HLA-F,-1,0.9745,A,DIRECT_eQTM,CDIPT,,0.0131,B,REQUESTED_GENE_UNAVAILABLE,,,,,,,,,,HLA-F,blood;nasal_epithelium,HLA-F:-1,-1,FALSE,"","",1,0
cg22302399,cg22302399_BC21_T1_OPRM1,OPRM1,12,Opioid & melanocortin,cg22302399,OPRM1,,,,no_evidence,,,FALSE,,,,,,,,,,0,,,,,,UNMAPPED,,,,,UNMAPPED,,,,,UNMAPPED,,,,,,,,,,,,,,,"",no catalogue holds this CpG-gene pair and no distance could be computed,,
cg22323744,cg22323744_BC21_T1_CRHBP,CRHBP,2,HPA axis & glucocorticoid signalling,cg22323744,CRHBP,,,,no_evidence,,,FALSE,,,,,,,,,,0,,S100Z,,0.2377,B,REQUESTED_GENE_UNAVAILABLE,,,,,UNMAPPED,,,,,UNMAPPED,,,,,,,,,,,,,,,"",no catalogue holds this CpG-gene pair and no distance could be computed,,
cg22333313,cg22333313_BC21_T1_GHRL,GHRL,27,Appetite & metabolic programming,cg22333313,GHRL,,,,no_evidence,,,FALSE,,,,,,,,,,0,,GHRLOS,,0.9957,A,REQUESTED_GENE_UNAVAILABLE,GHRLOS,,0.0694,A,REQUESTED_GENE_UNAVAILABLE,SLX4IP,,0.0131,B,REQUESTED_GENE_UNAVAILABLE,,,,,,,,,,,,,,,"",no catalogue holds this CpG-gene pair and no distance could be computed,,
cg22336184,cg22336184_TC21_T1_SLC1A1,SLC1A1,16,Glutamate & synaptic scaffolding,cg22336184,SLC1A1,,,,no_evidence,,,FALSE,,,,,,,,,,0,,GLIS3,,0.0365,A,REQUESTED_GENE_UNAVAILABLE,GLIS3,,0.1453,B,REQUESTED_GENE_UNAVAILABLE,,,,,UNMAPPED,,,,,,,,,,,,,,,"",no catalogue holds this CpG-gene pair and no distance could be computed,,
cg22350898,cg22350898_TC21_T1_MEF2C,MEF2C,25,Social-synaptic & psychiatric risk,cg22350898,MEF2C,,,,no_evidence,,,FALSE,,,,,,,,,,0,,,,,,UNMAPPED,LINC00461,,0.0695,B,REQUESTED_GENE_UNAVAILABLE,LINC00461,,0.2027,A,REQUESTED_GENE_UNAVAILABLE,,,,,,,,,,,,,,,"",no catalogue holds this CpG-gene pair and no distance could be computed,,
cg22362433,cg22362433_BC21_T1_NOS2,NOS2,6,Libido & sexual function,cg22362433,NOS2,,,,no_evidence,,,FALSE,,,,,,,,,,0,,LGALS9,,0.058,B,REQUESTED_GENE_UNAVAILABLE,LGALS9,,0.2479,B,REQUESTED_GENE_UNAVAILABLE,,,,,UNMAPPED,,,,,,,,,,,,,,,"",no catalogue holds this CpG-gene pair and no distance could be computed,,
cg22364075,cg22364075_TC21_T1_MC2R,MC2R,2,HPA axis & glucocorticoid signalling,cg22364075,MC2R,,,,no_evidence,,,FALSE,,,,,,,,,,0,,,,,,UNMAPPED,,,,,UNMAPPED,,,,,UNMAPPED,,,,,,,,,,,,,,,"",no catalogue holds this CpG-gene pair and no distance could be computed,,
cg22366618,cg22366618_TC11_T1_MAOA,MAOA,11,"Monoamine synthesis, transport & degradation",cg22366618,MAOA,,,,no_evidence,,,FALSE,,,,,,,,,,0,,,,,,UNMAPPED,,,,,UNMAPPED,,,,,UNMAPPED,,,,,,,,,,,,,,,"",no catalogue holds this CpG-gene pair and no distance could be computed,,
cg22370378,cg22370378_BC21_T1_IL6ST,IL6ST,24,"Immune, inflammation & HLA",cg22370378,IL6ST,,,,no_evidence,,,FALSE,,,,,,,,,,0,,TTC4,,0.0153,A,REQUESTED_GENE_UNAVAILABLE,,,,,UNMAPPED,,,,,UNMAPPED,,,,,,,,,,,,,,,"",no catalogue holds this CpG-gene pair and no distance could be computed,,
cg22378853,cg22378853_BC21_T1_NNAT,NNAT,21,Imprinted genes & DMRs,cg22378853,NNAT,,,,no_evidence,,,FALSE,,,,,,,,,,0,,,,,,UNMAPPED,BLCAP,,0.0695,A,REQUESTED_GENE_UNAVAILABLE,SRC,,0.1244,B,REQUESTED_GENE_UNAVAILABLE,,,,,,,,,,,,,,,"",no catalogue holds this CpG-gene pair and no distance could be computed,,
cg22395539,cg22395539_TC21_T1_HSD17B2,HSD17B2,4,Sex steroids: receptors & metabolism,cg22395539,HSD17B2,-1,higher methylation -> LOWER expression,0.4326,catalogue_single,A,"0.62-0.87 (tier A, one tissue only)",FALSE,-1,-1,,,,,,,,1,1,,,,,UNMAPPED,,,,,UNMAPPED,HSD17B2,-1,0.4326,A,PREDICTED,,,,,,,,,,,,,,,"",only one tissue called; no cross-tissue corroboration,0.4326,0.2837
cg22402007,cg22402007_TC21_T1_NTRK2,NTRK2,18,Neurotrophins & activity-dependent plasticity,cg22402007,NTRK2,-1,higher methylation -> LOWER expression,0.5253,catalogue_consensus,A,"0.77-0.87 (tier A, tissues agree)",FALSE,-1,-1,,,,,,,-1,2,1,,,,,UNMAPPED,NTRK2,-1,0.6818,A,PREDICTED,NTRK2,-1,0.3688,A,PREDICTED,,,,,,,,,,,,,,,"","",0.5253,0.23735
cg22407822,cg22407822_TC11_T1_GNAS,GNAS,19,GPCR signalling & second messengers,cg22407822,GNAS,,,,no_evidence,,,FALSE,,,,,,,,,,0,,CTSZ,,0.6537,A,REQUESTED_GENE_UNAVAILABLE,CTSZ,,0.3409,B,REQUESTED_GENE_UNAVAILABLE,,,,,UNMAPPED,,,,,,,,,,,,,,,"",no catalogue holds this CpG-gene pair and no distance could be computed,,
cg22416183,cg22416183_BC21_T1_HTR6,HTR6,9,Serotonin,cg22416183,HTR6,,,,no_evidence,,,FALSE,,,,,,,,,,0,,MINOS1-NBL1,,0.4729,A,REQUESTED_GENE_UNAVAILABLE,NBL1,,0.8366,A,REQUESTED_GENE_UNAVAILABLE,GPRC5B,,0.1815,B,REQUESTED_GENE_UNAVAILABLE,,,,,,,,,,,,,,,"",no catalogue holds this CpG-gene pair and no distance could be computed,,
cg22421148,cg22421148_BC21_T1_NNAT,NNAT,21,Imprinted genes & DMRs,cg22421148,NNAT,,,,no_evidence,,,FALSE,,,,,,,,,,0,,,,,,UNMAPPED,BLCAP,,0.0695,A,REQUESTED_GENE_UNAVAILABLE,SRC,,0.1815,B,REQUESTED_GENE_UNAVAILABLE,,,,,,,,,,,,,,,"",no catalogue holds this CpG-gene pair and no distance could be computed,,
cg22438603,cg22438603_TC11_T1_SLC12A2,SLC12A2,17,GABA & excitation-inhibition balance,cg22438603,SLC12A2,-1,higher methylation -> LOWER expression,0.6433,catalogue_single,B,"0.55-0.84 (tier B, one tissue only)",FALSE,-1,-1,,,,,,,,1,1,PODXL2,,0.3429,B,REQUESTED_GENE_UNAVAILABLE,SLC12A2,-1,0.6433,B,PREDICTED,PODXL2,,0.0131,B,REQUESTED_GENE_UNAVAILABLE,,,,,,,,,,,,,,,"",only one tissue called; no cross-tissue corroboration,0.6433,0.17835
cg22441882,cg22441882_BC21_T1_SLC18A1,SLC18A1,10,Noradrenaline & sympathetic nervous system,cg22441882,SLC18A1,1,higher methylation -> HIGHER expression,,smr_moderate,,"0.84-0.86 (SMR tier S2, single instrument; validated n=6,008)",FALSE,1,1,1,S2,9.613e-87,1,19113,TRUE,,0,,LINC00954,,0.0365,B,REQUESTED_GENE_UNAVAILABLE,,,,,UNMAPPED,,,,,UNMAPPED,,,,,,,,,,,,,,,"",causal direction from SMR (blood); consistent with methylation affecting expression AND with linkage - HEIDI not run,0.7,0.85
cg22454769,cg22454769_TC11_T1_FHL2,FHL2,28,"Ageing, epigenetic clocks & telomere",cg22454769,FHL2,1,higher methylation -> HIGHER expression,,smr_weak,,"0.66-0.75 (SMR tier S3, instruments disagree; validated n=456)",FALSE,1,1,1,S3,1.137e-139,2,1203,TRUE,,0,,,,,,UNMAPPED,,,,,UNMAPPED,,,,,UNMAPPED,,,,,,,,,,,,,,,"",causal direction from SMR (blood); consistent with methylation affecting expression AND with linkage - HEIDI not run,0.7,0.85
cg22454769,cg22454769_TC12_T1_FHL2,FHL2,28,"Ageing, epigenetic clocks & telomere",cg22454769,FHL2,1,higher methylation -> HIGHER expression,,smr_weak,,"0.66-0.75 (SMR tier S3, instruments disagree; validated n=456)",FALSE,1,1,1,S3,1.137e-139,2,1203,TRUE,,0,,,,,,UNMAPPED,,,,,UNMAPPED,,,,,UNMAPPED,,,,,,,,,,,,,,,"",causal direction from SMR (blood); consistent with methylation affecting expression AND with linkage - HEIDI not run,0.7,0.85
cg22457516,cg22457516_TC21_T1_DLG2,DLG2,16,Glutamate & synaptic scaffolding,cg22457516,DLG2,,,,no_evidence,,,FALSE,,,,,,,,,,0,,,,,,UNMAPPED,,,,,UNMAPPED,,,,,UNMAPPED,,,,,,,,,,,,,,,"",no catalogue holds this CpG-gene pair and no distance could be computed,,
cg22472023,cg22472023_TC21_T1_SULT2A1,SULT2A1,4,Sex steroids: receptors & metabolism,cg22472023,SULT2A1,,,,no_evidence,,,FALSE,,,,,,,,,,0,,SEPW1,,0.126,B,REQUESTED_GENE_UNAVAILABLE,EHD2,,0.0695,B,REQUESTED_GENE_UNAVAILABLE,EHD2,,0.1815,B,REQUESTED_GENE_UNAVAILABLE,,,,,,,,,,,,,,,"",no catalogue holds this CpG-gene pair and no distance could be computed,,
cg22499652,cg22499652_TC21_T1_PRKACB,PRKACB,19,GPCR signalling & second messengers,cg22499652,PRKACB,,,,no_evidence,,,FALSE,,,,,,,,,,0,,USP10,,0.289,B,REQUESTED_GENE_UNAVAILABLE,PRKACB,,0.0694,B,ABSTAIN,,,,,UNMAPPED,,,,,,,,,,,,,,,"",no catalogue holds this CpG-gene pair and no distance could be computed,,
cg22509732,cg22509732_BC21_T1_PPP1R1B,PPP1R1B,8,Dopamine,cg22509732,PPP1R1B,,,,no_evidence,,,FALSE,,,,,,,,,,0,,PGAP3,,0.2377,A,REQUESTED_GENE_UNAVAILABLE,PGAP3,,0.3889,A,REQUESTED_GENE_UNAVAILABLE,,,,,UNMAPPED,,,,,,,,,,,,,,,"",no catalogue holds this CpG-gene pair and no distance could be computed,,
cg22509760,cg22509760_BC21_T1_PPP1R1B,PPP1R1B,8,Dopamine,cg22509760,PPP1R1B,,,,no_evidence,,,FALSE,,,,,,,,,,0,,PGAP3,,0.2377,A,REQUESTED_GENE_UNAVAILABLE,PGAP3,,0.4852,A,REQUESTED_GENE_UNAVAILABLE,,,,,UNMAPPED,,,,,,,,,,,,,,,"",no catalogue holds this CpG-gene pair and no distance could be computed,,
cg22509761,cg22509761_TC21_T1_PPP1R1B,PPP1R1B,8,Dopamine,cg22509761,PPP1R1B,,,,no_evidence,,,FALSE,,,,,,,,,,0,,PGAP3,,0.2377,A,REQUESTED_GENE_UNAVAILABLE,PGAP3,,0.4852,A,REQUESTED_GENE_UNAVAILABLE,,,,,UNMAPPED,,,,,,,,,,,,,,,"",no catalogue holds this CpG-gene pair and no distance could be computed,,
cg22509769,cg22509769_BC21_T1_PPP1R1B,PPP1R1B,8,Dopamine,cg22509769,PPP1R1B,,,,no_evidence,,,FALSE,,,,,,,,,,0,,PGAP3,,0.2377,A,REQUESTED_GENE_UNAVAILABLE,PGAP3,,0.4852,A,REQUESTED_GENE_UNAVAILABLE,,,,,UNMAPPED,,,,,,,,,,,,,,,"",no catalogue holds this CpG-gene pair and no distance could be computed,,
cg22509781,cg22509781_BC21_T1_PPP1R1B,PPP1R1B,8,Dopamine,cg22509781,PPP1R1B,,,,no_evidence,,,FALSE,,,,,,,,,,0,,PGAP3,,0.2377,A,REQUESTED_GENE_UNAVAILABLE,PGAP3,,0.4852,A,REQUESTED_GENE_UNAVAILABLE,,,,,UNMAPPED,,,,,,,,,,,,,,,"",no catalogue holds this CpG-gene pair and no distance could be computed,,
cg22509782,cg22509782_TC21_T1_PPP1R1B,PPP1R1B,8,Dopamine,cg22509782,PPP1R1B,,,,no_evidence,,,FALSE,,,,,,,,,,0,,PGAP3,,0.2377,A,REQUESTED_GENE_UNAVAILABLE,PGAP3,,0.4852,A,REQUESTED_GENE_UNAVAILABLE,,,,,UNMAPPED,,,,,,,,,,,,,,,"",no catalogue holds this CpG-gene pair and no distance could be computed,,
cg22510412,cg22510412_TC21_T1_NNAT,NNAT,21,Imprinted genes & DMRs,cg22510412,NNAT,,,,no_evidence,,,FALSE,,,,,,,,,,0,,,,,,UNMAPPED,BLCAP,,0.0695,A,REQUESTED_GENE_UNAVAILABLE,SRC,,0.1815,B,REQUESTED_GENE_UNAVAILABLE,,,,,,,,,,,,,,,"",no catalogue holds this CpG-gene pair and no distance could be computed,,
cg22517153,cg22517153_TC21_T1_THRA,THRA,26,Thyroid & neurodevelopment,cg22517153,THRA,,,,no_evidence,,,FALSE,,,,,,,,,,0,,RAPGEFL1,,0.0365,A,REQUESTED_GENE_UNAVAILABLE,MSL1,,0.0501,A,REQUESTED_GENE_UNAVAILABLE,MED24,,0.1244,A,REQUESTED_GENE_UNAVAILABLE,,,,,,,,,,,,,,,"",no catalogue holds this CpG-gene pair and no distance could be computed,,
cg22517270,cg22517270_BC21_T1_NR1D1,NR1D1,23,Circadian & melatonin,cg22517270,NR1D1,,,,no_evidence,,,FALSE,,,,,,,,,,0,,RAPGEFL1,,0.289,A,REQUESTED_GENE_UNAVAILABLE,MSL1,,0.3197,A,REQUESTED_GENE_UNAVAILABLE,MED24,,0.1244,A,REQUESTED_GENE_UNAVAILABLE,,,,,,,,,,,,,,,"",no catalogue holds this CpG-gene pair and no distance could be computed,,
cg22536770,cg22536770_TC11_T1_CRTC1,CRTC1,18,Neurotrophins & activity-dependent plasticity,cg22536770,CRTC1,,,,no_evidence,,,FALSE,,,,,,,,,,0,,,,,,UNMAPPED,CRLF1,,0.6433,A,REQUESTED_GENE_UNAVAILABLE,,,,,UNMAPPED,,,,,,,,,,,,,,,"",no catalogue holds this CpG-gene pair and no distance could be computed,,
cg22541962,cg22541962_TC21_T1_NCOA4,NCOA4,4,Sex steroids: receptors & metabolism,cg22541962,NCOA4,,,,no_evidence,,,FALSE,,,,,,,,,,0,,PARG;PARGP1,,0.6863,A,REQUESTED_GENE_UNAVAILABLE,MSMB,,0.3771,A,REQUESTED_GENE_UNAVAILABLE,RAD54L2,,0.4386,B,REQUESTED_GENE_UNAVAILABLE,,,,,,,,,,,,,,,"",no catalogue holds this CpG-gene pair and no distance could be computed,,
cg22546130,cg22546130_TC21_T1_COMT,COMT,8,Dopamine,cg22546130,COMT,-1,higher methylation -> LOWER expression,,smr_weak,,"0.66-0.75 (SMR tier S3, instruments disagree; validated n=456)",FALSE,-1,-1,-1,S3,6.377e-38,2,6712,TRUE,,0,,COMT;MIR4761,,0.3429,A,REQUESTED_GENE_UNAVAILABLE,ARVCF,,0.3409,A,REQUESTED_GENE_UNAVAILABLE,TBX1,,0.1667,A,REQUESTED_GENE_UNAVAILABLE,,,,,,,,,,,,,,,"",causal direction from SMR (blood); consistent with methylation affecting expression AND with linkage - HEIDI not run,0.7,0.15
cg22549041,cg22549041_TC11_T1_CYP1A1,CYP1A1,4,Sex steroids: receptors & metabolism,cg22549041,CYP1A1,,,,no_evidence,,,FALSE,,,,,,,,,,0,,MPI,,0.0365,B,REQUESTED_GENE_UNAVAILABLE,MPI,,0.0694,B,REQUESTED_GENE_UNAVAILABLE,COX5A,,0.2694,A,REQUESTED_GENE_UNAVAILABLE,,,,,,,,,,,,,,,"",no catalogue holds this CpG-gene pair and no distance could be computed,,
cg22549881,cg22549881_TC11_T1_SRD5A2,SRD5A2,4,Sex steroids: receptors & metabolism,cg22549881,SRD5A2,,,,no_evidence,,,FALSE,,,,,,,,,,0,,,,,,UNMAPPED,XDH,,0.0694,B,REQUESTED_GENE_UNAVAILABLE,EHMT2,,0.0131,B,REQUESTED_GENE_UNAVAILABLE,,,,,,,,,,,,,,,"",no catalogue holds this CpG-gene pair and no distance could be computed,,
cg22551578,cg22551578_BC11_T1_NNAT,NNAT,21,Imprinted genes & DMRs,cg22551578,NNAT,,,,no_evidence,,,FALSE,,,,,,,,,,0,,,,,,UNMAPPED,BLCAP,,0.3889,A,REQUESTED_GENE_UNAVAILABLE,SRC,,0.1815,B,REQUESTED_GENE_UNAVAILABLE,,,,,,,,,,,,,,,"",no catalogue holds this CpG-gene pair and no distance could be computed,,
cg22552138,cg22552138_TC21_T1_HSD17B1,HSD17B1,4,Sex steroids: receptors & metabolism,cg22552138,HSD17B1,,,,no_evidence,,,FALSE,,,,,,,,,,0,,MAP3K10,,0.298,A,REQUESTED_GENE_UNAVAILABLE,PLEKHH3,,0.1453,A,REQUESTED_GENE_UNAVAILABLE,PTRF,,0.2414,A,REQUESTED_GENE_UNAVAILABLE,,,,,,,,,,,,,,,"",no catalogue holds this CpG-gene pair and no distance could be computed,,
cg22582721,cg22582721_BC21_T1_NNAT,NNAT,21,Imprinted genes & DMRs,cg22582721,NNAT,,,,no_evidence,,,FALSE,,,,,,,,,,0,,,,,,UNMAPPED,BLCAP,,0.0501,A,REQUESTED_GENE_UNAVAILABLE,SRC,,0.1815,B,REQUESTED_GENE_UNAVAILABLE,,,,,,,,,,,,,,,"",no catalogue holds this CpG-gene pair and no distance could be computed,,
cg22592140,cg22592140_TC21_T1_MEST,MEST,21,Imprinted genes & DMRs,cg22592140,MEST,,,,no_evidence,,,FALSE,,,,,,,,,,0,,CPA5,,0.4648,A,REQUESTED_GENE_UNAVAILABLE,ARHGAP18,,0.4852,A,REQUESTED_GENE_UNAVAILABLE,CPA5,,0.2027,A,REQUESTED_GENE_UNAVAILABLE,,,,,,,,,,,,,,,"",no catalogue holds this CpG-gene pair and no distance could be computed,,
cg22597771,cg22597771_TC21_T1_GABRA3,GABRA3,17,GABA & excitation-inhibition balance,cg22597771,GABRA3,,,,no_evidence,,,FALSE,,,,,,,,,,0,,,,,,UNMAPPED,,,,,UNMAPPED,,,,,UNMAPPED,,,,,,,,,,,,,,,"",no catalogue holds this CpG-gene pair and no distance could be computed,,
cg22597914,cg22597914_TC21_T1_DLG2,DLG2,16,Glutamate & synaptic scaffolding,cg22597914,DLG2,-1,higher methylation -> LOWER expression,0.8457,catalogue_single,B,"0.55-0.84 (tier B, one tissue only)",FALSE,-1,-1,,,,,,,,1,1,LIN54,,0.2377,B,REQUESTED_GENE_UNAVAILABLE,DLG2,-1,0.8457,B,PREDICTED,DLG2,,0.4386,B,ABSTAIN,,,,,,,,,,,,,,,"",only one tissue called; no cross-tissue corroboration,0.8457,0.07715
cg22632756,cg22632756_TC21_T1_PNOC,PNOC,12,Opioid & melanocortin,cg22632756,PNOC,-1,higher methylation -> LOWER expression,0.4386,catalogue_single,A,"0.62-0.87 (tier A, one tissue only)",FALSE,-1,-1,,,,,,,,1,1,PNOC,,0.298,A,ABSTAIN,,,,,UNMAPPED,PNOC,-1,0.4386,A,PREDICTED,,,,,,,,,,,,,,,"",only one tissue called; no cross-tissue corroboration,0.4386,0.2807
cg22646108,cg22646108_BC21_T1_HOXB13,HOXB13,4,Sex steroids: receptors & metabolism,cg22646108,HOXB13,,,,no_evidence,,,FALSE,,,,,,,,,,0,,CALCOCO2,,0.0733,A,REQUESTED_GENE_UNAVAILABLE,CALCOCO2,,0.378,A,REQUESTED_GENE_UNAVAILABLE,GPT2,,0.1474,B,REQUESTED_GENE_UNAVAILABLE,,,,,,,,,,,,,,,"",no catalogue holds this CpG-gene pair and no distance could be computed,,
cg22646119,cg22646119_BC21_T1_HOXB13,HOXB13,4,Sex steroids: receptors & metabolism,cg22646119,HOXB13,,,,no_evidence,,,FALSE,,,,,,,,,,0,,CALCOCO2,,0.0733,A,REQUESTED_GENE_UNAVAILABLE,CALCOCO2,,0.378,A,REQUESTED_GENE_UNAVAILABLE,GPT2,,0.1474,B,REQUESTED_GENE_UNAVAILABLE,,,,,,,,,,,,,,,"",no catalogue holds this CpG-gene pair and no distance could be computed,,
cg22646144,cg22646144_TC21_T1_HOXB13,HOXB13,4,Sex steroids: receptors & metabolism,cg22646144,HOXB13,,,,no_evidence,,,FALSE,,,,,,,,,,0,,CALCOCO2,,0.0733,A,REQUESTED_GENE_UNAVAILABLE,CALCOCO2,,0.378,A,REQUESTED_GENE_UNAVAILABLE,GPT2,,0.1474,B,REQUESTED_GENE_UNAVAILABLE,,,,,,,,,,,,,,,"",no catalogue holds this CpG-gene pair and no distance could be computed,,
cg22646149,cg22646149_TC21_T1_SYP,SYP,18,Neurotrophins & activity-dependent plasticity,cg22646149,SYP,,,,no_evidence,,,FALSE,,,,,,,,,,0,,,,,,UNMAPPED,,,,,UNMAPPED,,,,,UNMAPPED,,,,,,,,,,,,,,,"",no catalogue holds this CpG-gene pair and no distance could be computed,,
cg22672790,cg22672790_BC21_T1_GABRA6,GABRA6,17,GABA & excitation-inhibition balance,cg22672790,GABRA6,,,,no_evidence,,,FALSE,,,,,,,,,,0,,,,,,UNMAPPED,,,,,UNMAPPED,,,,,UNMAPPED,,,,,,,,,,,,,,,"",no catalogue holds this CpG-gene pair and no distance could be computed,,
cg22694067,cg22694067_BC21_T1_NDN,NDN,21,Imprinted genes & DMRs,cg22694067,NDN,,,,no_evidence,,,FALSE,,,,,,,,,,0,,NR1D2,,0.3429,A,REQUESTED_GENE_UNAVAILABLE,,,,,UNMAPPED,,,,,UNMAPPED,,,,,,,,,,,,,,,"",no catalogue holds this CpG-gene pair and no distance could be computed,,
cg22696549,cg22696549_TC21_T1_NR0B1,NR0B1,3,Steroidogenesis (adrenal & gonadal),cg22696549,NR0B1,,,,no_evidence,,,FALSE,,,,,,,,,,0,,,,,,UNMAPPED,,,,,UNMAPPED,,,,,UNMAPPED,,,,,,,,,,,,,,,"",no catalogue holds this CpG-gene pair and no distance could be computed,,
cg22705386,cg22705386_BC21_T1_MEST,MEST,21,Imprinted genes & DMRs,cg22705386,MEST,,,,no_evidence,,,FALSE,,,,,,,,,,0,,CPA5,,0.7056,A,REQUESTED_GENE_UNAVAILABLE,ARHGAP18,,0.4852,A,REQUESTED_GENE_UNAVAILABLE,CPA5,,0.0131,B,REQUESTED_GENE_UNAVAILABLE,,,,,,,,,,,,,,,"",no catalogue holds this CpG-gene pair and no distance could be computed,,
cg22705954,cg22705954_TC21_T1_NR0B1,NR0B1,3,Steroidogenesis (adrenal & gonadal),cg22705954,NR0B1,,,,no_evidence,,,FALSE,,,,,,,,,,0,,,,,,UNMAPPED,,,,,UNMAPPED,,,,,UNMAPPED,,,,,,,,,,,,,,,"",no catalogue holds this CpG-gene pair and no distance could be computed,,
cg22719623,cg22719623_TC21_T1_OPRM1,OPRM1,12,Opioid & melanocortin,cg22719623,OPRM1,,,,no_evidence,,,FALSE,,,,,,,,,,0,,,,,,UNMAPPED,,,,,UNMAPPED,,,,,UNMAPPED,,,,,,,,,,,,,,,"",no catalogue holds this CpG-gene pair and no distance could be computed,,
cg22739025,cg22739025_TC21_T1_GRM2,GRM2,16,Glutamate & synaptic scaffolding,cg22739025,GRM2,,,,no_evidence,,,FALSE,,,,,,,,,,0,,IQCF4,,0.1971,B,REQUESTED_GENE_UNAVAILABLE,PARP3,,0.8793,A,REQUESTED_GENE_UNAVAILABLE,EPS15,,0.3688,A,REQUESTED_GENE_UNAVAILABLE,,,,,,,,,,,,,,,"",no catalogue holds this CpG-gene pair and no distance could be computed,,
cg22739961,cg22739961_TC21_T1_GRIA1,GRIA1,16,Glutamate & synaptic scaffolding,cg22739961,GRIA1,,,,no_evidence,,,FALSE,,,,,,,,,,0,,,,,,UNMAPPED,,,,,UNMAPPED,,,,,UNMAPPED,,,,,,,,,,,,,,,"",no catalogue holds this CpG-gene pair and no distance could be computed,,
cg22741626,cg22741626_BC21_T1_GNAS,GNAS,19,GPCR signalling & second messengers,cg22741626,GNAS,,,,no_evidence,,,FALSE,,,,,,,,,,0,,CTSZ,,0.6537,A,REQUESTED_GENE_UNAVAILABLE,CTSZ,,0.3409,B,REQUESTED_GENE_UNAVAILABLE,,,,,UNMAPPED,,,,,,,,,,,,,,,"",no catalogue holds this CpG-gene pair and no distance could be computed,,
cg22743002,cg22743002_TC21_T1_GRM4,GRM4,16,Glutamate & synaptic scaffolding,cg22743002,GRM4,,,,no_evidence,,,FALSE,,,,,,,,,,0,,,,,,UNMAPPED,,,,,UNMAPPED,,,,,UNMAPPED,,,,,,,,,,,,,,,"",no catalogue holds this CpG-gene pair and no distance could be computed,,
cg22753888,cg22753888_BC21_T1_HCRTR2,HCRTR2,13,Orexin / hypocretin & MCH,cg22753888,HCRTR2,,,,no_evidence,,,FALSE,,,,,,,,,,0,,,,,,UNMAPPED,,,,,UNMAPPED,AURKA,,0.0131,B,REQUESTED_GENE_UNAVAILABLE,,,,,,,,,,,,,,,"",no catalogue holds this CpG-gene pair and no distance could be computed,,
cg22754703,cg22754703_TC21_T1_SLC6A1,SLC6A1,17,GABA & excitation-inhibition balance,cg22754703,SLC6A1,,,,no_evidence,,,FALSE,,,,,,,,,,0,,DEXI,,0.126,B,REQUESTED_GENE_UNAVAILABLE,,,,,UNMAPPED,NDUFA4,,0.0131,B,REQUESTED_GENE_UNAVAILABLE,,,,,,,,,,,,,,,"",no catalogue holds this CpG-gene pair and no distance could be computed,,
cg22758046,cg22758046_TC21_T1_ATP2A2,ATP2A2,1,"Oxytocin, vasopressin & CICR",cg22758046,ATP2A2,,,,no_evidence,,,FALSE,,,,,,,,,,0,,GPN3,,0.2377,B,REQUESTED_GENE_UNAVAILABLE,ARPC3,,0.0695,B,REQUESTED_GENE_UNAVAILABLE,ANAPC7,,0.0131,B,REQUESTED_GENE_UNAVAILABLE,,,,,,,,,,,,,,,"",no catalogue holds this CpG-gene pair and no distance could be computed,,
cg22785561,cg22785561_BC21_T1_GABRA4,GABRA4,17,GABA & excitation-inhibition balance,cg22785561,GABRA4,,,,no_evidence,,,FALSE,,,,,,,,,,0,,SNORD67,,0.0597,B,REQUESTED_GENE_UNAVAILABLE,,,,,UNMAPPED,,,,,UNMAPPED,,,,,,,,,,,,,,,"",no catalogue holds this CpG-gene pair and no distance could be computed,,
cg22797270,cg22797270_TC21_T1_NRXN2,NRXN2,25,Social-synaptic & psychiatric risk,cg22797270,NRXN2,,,,no_evidence,,,FALSE,,,,,,,,,,0,,AP003774.3,,0.4598,B,REQUESTED_GENE_UNAVAILABLE,DAPK2,,0.0694,A,REQUESTED_GENE_UNAVAILABLE,SYNE2,,0.0131,B,REQUESTED_GENE_UNAVAILABLE,,,,,,,,,,,,,,,"",no catalogue holds this CpG-gene pair and no distance could be computed,,
cg22798925,cg22798925_TC11_T1_GNAS,GNAS,19,GPCR signalling & second messengers,cg22798925,GNAS,,,,no_evidence,,,FALSE,,,,,,,,,,0,,CTSZ,,0.6537,A,REQUESTED_GENE_UNAVAILABLE,CTSZ,,0.3409,B,REQUESTED_GENE_UNAVAILABLE,,,,,UNMAPPED,,,,,,,,,,,,,,,"",no catalogue holds this CpG-gene pair and no distance could be computed,,
cg22799420,cg22799420_TC21_T1_DIO3,DIO3,26,Thyroid & neurodevelopment,cg22799420,DIO3,,,,no_evidence,,,FALSE,,,,,,,,,,0,,PPP2R5C,,0.0153,B,REQUESTED_GENE_UNAVAILABLE,PPP2R5C,,0.3197,B,REQUESTED_GENE_UNAVAILABLE,PPP2R5C,,0.1667,B,REQUESTED_GENE_UNAVAILABLE,,,,,,,,,,,,,,,"",no catalogue holds this CpG-gene pair and no distance could be computed,,
cg22802253,cg22802253_BC21_T1_GNA11,GNA11,1,"Oxytocin, vasopressin & CICR",cg22802253,GNA11,,,,no_evidence,,,FALSE,,,,,,,,,,0,,S1PR4,,0.289,A,REQUESTED_GENE_UNAVAILABLE,S1PR4,,0.1453,A,REQUESTED_GENE_UNAVAILABLE,TLE2,,0.0131,B,REQUESTED_GENE_UNAVAILABLE,,,,,,,,,,,,,,,"",no catalogue holds this CpG-gene pair and no distance could be computed,,
cg22804770,cg22804770_TC21_T1_CACNA1C,CACNA1C,1,"Oxytocin, vasopressin & CICR",cg22804770,CACNA1C,,,,no_evidence,,,FALSE,,,,,,,,,,0,,SH3BP2,,0.126,B,REQUESTED_GENE_UNAVAILABLE,,,,,UNMAPPED,SH3BP2,,0.1667,B,REQUESTED_GENE_UNAVAILABLE,,,,,,,,,,,,,,,"",no catalogue holds this CpG-gene pair and no distance could be computed,,
cg22835723,cg22835723_BC21_T1_FOXP2,FOXP2,25,Social-synaptic & psychiatric risk,cg22835723,FOXP2,,,,no_evidence,,,FALSE,,,,,,,,,,0,,MAGI3,,0.2377,B,REQUESTED_GENE_UNAVAILABLE,,,,,UNMAPPED,,,,,UNMAPPED,,,,,,,,,,,,,,,"",no catalogue holds this CpG-gene pair and no distance could be computed,,
cg22845087,cg22845087_TC21_T1_SYN1,SYN1,18,Neurotrophins & activity-dependent plasticity,cg22845087,SYN1,,,,no_evidence,,,FALSE,,,,,,,,,,0,,,,,,UNMAPPED,,,,,UNMAPPED,,,,,UNMAPPED,,,,,,,,,,,,,,,"",no catalogue holds this CpG-gene pair and no distance could be computed,,
cg22847846,cg22847846_BC21_T1_RET,RET,18,Neurotrophins & activity-dependent plasticity,cg22847846,RET,,,,no_evidence,,,FALSE,,,,,,,,,,0,,XPO5,,0.3429,A,REQUESTED_GENE_UNAVAILABLE,,,,,UNMAPPED,,,,,UNMAPPED,,,,,,,,,,,,,,,"",no catalogue holds this CpG-gene pair and no distance could be computed,,
cg22854590,cg22854590_TC21_T1_PDE4D,PDE4D,19,GPCR signalling & second messengers,cg22854590,PDE4D,,,,no_evidence,,,FALSE,,,,,,,,,,0,,,,,,UNMAPPED,ZNF587B,,0.4583,B,REQUESTED_GENE_UNAVAILABLE,,,,,UNMAPPED,,,,,,,,,,,,,,,"",no catalogue holds this CpG-gene pair and no distance could be computed,,
cg22867608,cg22867608_TC11_T1_EGR2,EGR2,18,Neurotrophins & activity-dependent plasticity,cg22867608,EGR2,,,,no_evidence,,,FALSE,,,,,,,,,,0,,,,,,UNMAPPED,ADO,,0.6135,A,REQUESTED_GENE_UNAVAILABLE,,,,,UNMAPPED,,,,,,,,,,,,,,,"",no catalogue holds this CpG-gene pair and no distance could be computed,,
cg22869326,cg22869326_BC21_T1_PRKAR1A,PRKAR1A,19,GPCR signalling & second messengers,cg22869326,PRKAR1A,,,,no_evidence,,,FALSE,,,,,,,,,,0,,PDE7A,,0.0365,B,REQUESTED_GENE_UNAVAILABLE,FAM20A,,0.0694,A,REQUESTED_GENE_UNAVAILABLE,,,,,UNMAPPED,,,,,,,,,,,,,,,"",no catalogue holds this CpG-gene pair and no distance could be computed,,
cg22872376,cg22872376_TC21_T1_MAGEL2,MAGEL2,1,"Oxytocin, vasopressin & CICR",cg22872376,MAGEL2,,,,no_evidence,,,FALSE,,,,,,,,,,0,,NR1D2,,0.298,A,REQUESTED_GENE_UNAVAILABLE,,,,,UNMAPPED,,,,,UNMAPPED,,,,,,,,,,,,,,,"",no catalogue holds this CpG-gene pair and no distance could be computed,,
cg22873959,cg22873959_TC21_T1_PCSK1,PCSK1,2,HPA axis & glucocorticoid signalling,cg22873959,PCSK1,,,,no_evidence,,,FALSE,,,,,,,,,,0,,,,,,UNMAPPED,,,,,UNMAPPED,,,,,UNMAPPED,,,,,,,,,,,,,,,"",no catalogue holds this CpG-gene pair and no distance could be computed,,
cg22875823,cg22875823_BC11_T1_SYNGAP1,SYNGAP1,16,Glutamate & synaptic scaffolding,cg22875823,SYNGAP1,1,higher methylation -> HIGHER expression,0.3197,catalogue_single,A,"0.62-0.87 (tier A, one tissue only)",FALSE,1,1,,,,,,,,1,1,FAAP24,,0.7856,A,REQUESTED_GENE_UNAVAILABLE,SYNGAP1,1,0.3197,A,PREDICTED,SYNGAP1,,0.0131,A,ABSTAIN,,,,,,,,,,BAK1;TAPBP,blood,BAK1:+1;TAPBP:-1,,TRUE,"measured association is with BAK1;TAPBP, not the requested gene - check which gene this CpG actually tracks","only one tissue called; no cross-tissue corroboration | measured association is with BAK1;TAPBP, not the requested gene",0.3197,0.65985
cg22876092,cg22876092_BC11_T1_GRID1,GRID1,16,Glutamate & synaptic scaffolding,cg22876092,GRID1,,,,no_evidence,,,FALSE,,,,,,,,,,0,,C6ORF163,,0.0733,A,REQUESTED_GENE_UNAVAILABLE,,,,,UNMAPPED,,,,,UNMAPPED,,,,,,,,,,,,,,,"",no catalogue holds this CpG-gene pair and no distance could be computed,,
cg22927979,cg22927979_BC21_T1_PEG3,PEG3,21,Imprinted genes & DMRs,cg22927979,PEG3,,,,no_evidence,,,FALSE,,,,,,,,,,0,,ZNF835,,0.4598,A,REQUESTED_GENE_UNAVAILABLE,,,,,UNMAPPED,,,,,UNMAPPED,,,,,,,,,,,,,,,"",no catalogue holds this CpG-gene pair and no distance could be computed,,
cg22938392,cg22938392_BC21_T1_GRIN2C,GRIN2C,16,Glutamate & synaptic scaffolding,cg22938392,GRIN2C,,,,no_evidence,,,FALSE,,,,,,,,,,0,,ARHGEF28,,0.0365,B,REQUESTED_GENE_UNAVAILABLE,NAT9,,0.1455,B,REQUESTED_GENE_UNAVAILABLE,SLC16A5,,0.2414,B,REQUESTED_GENE_UNAVAILABLE,,,,,,,,,,,,,,,"",no catalogue holds this CpG-gene pair and no distance could be computed,,
cg22938798,cg22938798_BC21_T1_FDXR,FDXR,3,Steroidogenesis (adrenal & gonadal),cg22938798,FDXR,,,,no_evidence,,,FALSE,,,,,,,,,,0,,ARHGEF28,,0.0365,B,REQUESTED_GENE_UNAVAILABLE,NAT9,,0.3409,B,REQUESTED_GENE_UNAVAILABLE,SLC16A5,,0.1815,B,REQUESTED_GENE_UNAVAILABLE,,,,,,,,,,,,,,,"",no catalogue holds this CpG-gene pair and no distance could be computed,,
cg22938799,cg22938799_BC21_T1_FDXR,FDXR,3,Steroidogenesis (adrenal & gonadal),cg22938799,FDXR,,,,no_evidence,,,FALSE,,,,,,,,,,0,,ARHGEF28,,0.0365,B,REQUESTED_GENE_UNAVAILABLE,NAT9,,0.3409,B,REQUESTED_GENE_UNAVAILABLE,SLC16A5,,0.1815,B,REQUESTED_GENE_UNAVAILABLE,,,,,,,,,,,,,,,"",no catalogue holds this CpG-gene pair and no distance could be computed,,
cg22938800,cg22938800_TC21_T1_FDXR,FDXR,3,Steroidogenesis (adrenal & gonadal),cg22938800,FDXR,,,,no_evidence,,,FALSE,,,,,,,,,,0,,ARHGEF28,,0.0365,B,REQUESTED_GENE_UNAVAILABLE,NAT9,,0.3409,B,REQUESTED_GENE_UNAVAILABLE,SLC16A5,,0.1815,B,REQUESTED_GENE_UNAVAILABLE,,,,,,,,,,,,,,,"",no catalogue holds this CpG-gene pair and no distance could be computed,,
cg22938826,cg22938826_TC21_T1_FDXR,FDXR,3,Steroidogenesis (adrenal & gonadal),cg22938826,FDXR,,,,no_evidence,,,FALSE,,,,,,,,,,0,,ARHGEF28,,0.0365,B,REQUESTED_GENE_UNAVAILABLE,NAT9,,0.31,B,REQUESTED_GENE_UNAVAILABLE,SLC16A5,,0.1815,B,REQUESTED_GENE_UNAVAILABLE,,,,,,,,,,,,,,,"",no catalogue holds this CpG-gene pair and no distance could be computed,,
cg22940213,cg22940213_BC11_T1_NRXN3,NRXN3,25,Social-synaptic & psychiatric risk,cg22940213,NRXN3,,,,no_evidence,,,FALSE,,,,,,,,,,0,,,,,,UNMAPPED,NRXN3,,0.3409,B,ABSTAIN,,,,,UNMAPPED,,,,,,,,,,,,,,,"",no catalogue holds this CpG-gene pair and no distance could be computed,,
cg22971501,cg22971501_BC21_T1_LDLR,LDLR,3,Steroidogenesis (adrenal & gonadal),cg22971501,LDLR,,,,no_evidence,,,FALSE,,,,,,,,,,0,,SMIM13,,0.2377,A,REQUESTED_GENE_UNAVAILABLE,DOCK6,,0.31,B,REQUESTED_GENE_UNAVAILABLE,DOCK6,,0.0131,B,REQUESTED_GENE_UNAVAILABLE,,,,,,,,,,,,,,,"",no catalogue holds this CpG-gene pair and no distance could be computed,,
cg22999989,cg22999989_TC21_T1_EHMT2,EHMT2,20,Epigenetic machinery,cg22999989,EHMT2,,,,no_evidence,,,FALSE,,,,,,,,,,0,,SLC44A4,,0.1077,A,REQUESTED_GENE_UNAVAILABLE,SLC44A4,,0.6135,A,REQUESTED_GENE_UNAVAILABLE,SLC44A4,,0.3688,A,REQUESTED_GENE_UNAVAILABLE,,,,,,,,,,,,,,,"",no catalogue holds this CpG-gene pair and no distance could be computed,,
cg23013853,cg23013853_TC21_T1_CHGA,CHGA,10,Noradrenaline & sympathetic nervous system,cg23013853,CHGA,,,,no_evidence,,,FALSE,,,,,,,,,,0,,LGMN,,0.2377,B,REQUESTED_GENE_UNAVAILABLE,LGMN,,0.31,B,REQUESTED_GENE_UNAVAILABLE,,,,,UNMAPPED,,,,,,,,,,,,,,,"",no catalogue holds this CpG-gene pair and no distance could be computed,,
cg23046919,cg23046919_TC21_T1_IGF1,IGF1,27,Appetite & metabolic programming,cg23046919,IGF1,,,,no_evidence,,,FALSE,,,,,,,,,,0,,,,,,UNMAPPED,IGF1,,0.1556,B,ABSTAIN,,,,,UNMAPPED,,,,,,,,,,,,,,,"",no catalogue holds this CpG-gene pair and no distance could be computed,,
cg23050442,cg23050442_BC11_T1_GAD2,GAD2,17,GABA & excitation-inhibition balance,cg23050442,GAD2,,,,no_evidence,,,FALSE,,,,,,,,,,0,,ZNF322,,0.0641,B,REQUESTED_GENE_UNAVAILABLE,APBB1IP,,0.4765,B,REQUESTED_GENE_UNAVAILABLE,APBB1IP,,0.1815,B,REQUESTED_GENE_UNAVAILABLE,,,,,,,,,,,,,,,"",no catalogue holds this CpG-gene pair and no distance could be computed,,
cg23065097,cg23065097_BC21_T1_FKBP1B,FKBP1B,1,"Oxytocin, vasopressin & CICR",cg23065097,FKBP1B,,,,no_evidence,,,FALSE,,,,,,,,,,0,,ZNF70,,0.2377,A,REQUESTED_GENE_UNAVAILABLE,SF3B6,,0.0694,A,REQUESTED_GENE_UNAVAILABLE,SRSF10,,0.0131,B,REQUESTED_GENE_UNAVAILABLE,,,,,,,,,,,,,,,"",no catalogue holds this CpG-gene pair and no distance could be computed,,
cg23085154,cg23085154_BC21_T1_CARTPT,CARTPT,27,Appetite & metabolic programming,cg23085154,CARTPT,,,,no_evidence,,,FALSE,,,,,,,,,,0,,,,,,UNMAPPED,,,,,UNMAPPED,TEX261,,0.0131,B,REQUESTED_GENE_UNAVAILABLE,,,,,,,,,,,,,,,"",no catalogue holds this CpG-gene pair and no distance could be computed,,
cg23128386,cg23128386_BC21_T1_DIO2,DIO2,26,Thyroid & neurodevelopment,cg23128386,DIO2,,,,no_evidence,,,FALSE,,,,,,,,,,0,,,,,,UNMAPPED,DIO2,,0.0501,A,ABSTAIN,,,,,UNMAPPED,,,,,,,,,,,,,,,"",no catalogue holds this CpG-gene pair and no distance could be computed,,
cg23143371,cg23143371_BC21_T1_BDNF,BDNF,18,Neurotrophins & activity-dependent plasticity,cg23143371,BDNF,,,,no_evidence,,,FALSE,,,,,,,,,,0,,,,,,UNMAPPED,,,,,UNMAPPED,HIST1H2BN,,0.0131,B,REQUESTED_GENE_UNAVAILABLE,,,,,,,,,,,,,,,"",no catalogue holds this CpG-gene pair and no distance could be computed,,
cg23159236,cg23159236_TC11_T1_GNAS,GNAS,19,GPCR signalling & second messengers,cg23159236,GNAS,,,,no_evidence,,,FALSE,,,,,,,,,,0,,CTSZ,,0.6537,A,REQUESTED_GENE_UNAVAILABLE,CTSZ,,0.3409,B,REQUESTED_GENE_UNAVAILABLE,,,,,UNMAPPED,,,,,,,,,,,,,,,"",no catalogue holds this CpG-gene pair and no distance could be computed,,
cg23164938,cg23164938_BC21_T1_ESR1,ESR1,4,Sex steroids: receptors & metabolism,cg23164938,ESR1,1,higher methylation -> HIGHER expression,,smr_moderate,,"0.84-0.86 (SMR tier S2, single instrument; validated n=6,008)",FALSE,1,1,1,S2,9.982e-17,1,85924,TRUE,,0,,RIF1,,0.1077,A,REQUESTED_GENE_UNAVAILABLE,,,,,UNMAPPED,,,,,UNMAPPED,,,,,,,,,,,,,,,"",causal direction from SMR (blood); consistent with methylation affecting expression AND with linkage - HEIDI not run,0.7,0.85
cg23169111,cg23169111_TC21_T1_AVP,AVP,1,"Oxytocin, vasopressin & CICR",cg23169111,AVP,-1,higher methylation -> LOWER expression,0.571,catalogue_single,A,"0.62-0.87 (tier A, one tissue only)",FALSE,-1,-1,,,,,,,,1,1,AVP,-1,0.571,A,PREDICTED,,,,,UNMAPPED,,,,,UNMAPPED,,,,,,,,,,,,,,,"",only one tissue called; no cross-tissue corroboration,0.571,0.2145
cg23234607,cg23234607_TC21_T1_TSHR,TSHR,26,Thyroid & neurodevelopment,cg23234607,TSHR,,,,no_evidence,,,FALSE,,,,,,,,,,0,,,,,,UNMAPPED,,,,,UNMAPPED,,,,,UNMAPPED,,,,,,,,,,,,,,,"",no catalogue holds this CpG-gene pair and no distance could be computed,,
cg23234999,cg23234999_BC21_T1_MKRN3,MKRN3,21,Imprinted genes & DMRs,cg23234999,MKRN3,,,,no_evidence,,,FALSE,,,,,,,,,,0,,NR1D2,,0.7056,A,REQUESTED_GENE_UNAVAILABLE,,,,,UNMAPPED,,,,,UNMAPPED,,,,,,,,,,,,,,,"",no catalogue holds this CpG-gene pair and no distance could be computed,,
cg23247191,cg23247191_BC21_T1_TPCN2,TPCN2,1,"Oxytocin, vasopressin & CICR",cg23247191,TPCN2,-1,higher methylation -> LOWER expression,,smr_moderate,,"0.84-0.86 (SMR tier S2, single instrument; validated n=6,008)",FALSE,-1,-1,-1,S2,4.42e-10,1,21536,TRUE,,0,,MRGPRF-AS1,,0.3429,A,REQUESTED_GENE_UNAVAILABLE,MRPL21,,0.3409,B,REQUESTED_GENE_UNAVAILABLE,,,,,UNMAPPED,,,,,,,,,,,,,,,"",causal direction from SMR (blood); consistent with methylation affecting expression AND with linkage - HEIDI not run,0.7,0.15
cg23256550,cg23256550_TC21_T1_GNAL,GNAL,8,Dopamine,cg23256550,GNAL,,,,no_evidence,,,FALSE,,,,,,,,,,0,,,,,,UNMAPPED,,,,,UNMAPPED,,,,,UNMAPPED,,,,,,,,,,,,,,,"",no catalogue holds this CpG-gene pair and no distance could be computed,,
cg23264750,cg23264750_BC11_T1_TSC22D3,TSC22D3,2,HPA axis & glucocorticoid signalling,cg23264750,TSC22D3,,,,no_evidence,,,FALSE,,,,,,,,,,0,,,,,,UNMAPPED,,,,,UNMAPPED,,,,,UNMAPPED,,,,,,,,,,,,,,,"",no catalogue holds this CpG-gene pair and no distance could be computed,,
cg23268197,cg23268197_TC11_T1_INSL3,INSL3,5,"HPG axis, puberty & KNDy",cg23268197,INSL3,,,,no_evidence,,,FALSE,,,,,,,,,,0,,B3GNT3,,0.3429,A,REQUESTED_GENE_UNAVAILABLE,B3GNT3,,0.1556,A,REQUESTED_GENE_UNAVAILABLE,KIF13A,,0.2694,A,REQUESTED_GENE_UNAVAILABLE,,,,,,,,,,,,,,,"",no catalogue holds this CpG-gene pair and no distance could be computed,,
cg23279681,cg23279681_BC21_T1_DAGLA,DAGLA,14,Endocannabinoid,cg23279681,DAGLA,-1,higher methylation -> LOWER expression,0.523,catalogue_consensus,A,"0.77-0.87 (tier A, tissues agree)",FALSE,-1,-1,,,,,,,-1,2,1,DAGLA,,0.0597,A,ABSTAIN,DAGLA,-1,0.6135,A,PREDICTED,DAGLA,-1,0.4326,A,PREDICTED,,,,,,,,,,,,,,,"","",0.523,0.2385
cg23350294,cg23350294_TC11_T1_PENK,PENK,12,Opioid & melanocortin,cg23350294,PENK,,,,no_evidence,,,FALSE,,,,,,,,,,0,,,,,,UNMAPPED,,,,,UNMAPPED,ZDHHC5,,0.0131,B,REQUESTED_GENE_UNAVAILABLE,,,,,,,,,,,,,,,"",no catalogue holds this CpG-gene pair and no distance could be computed,,
cg23358661,cg23358661_BC21_T1_AHR,AHR,15,Kynurenine pathway,cg23358661,AHR,,,,no_evidence,,,FALSE,,,,,,,,,,0,,NUCB2,,0.0153,B,REQUESTED_GENE_UNAVAILABLE,,,,,UNMAPPED,NUCB2,,0.1474,B,REQUESTED_GENE_UNAVAILABLE,,,,,,,,,,,,,,,"",no catalogue holds this CpG-gene pair and no distance could be computed,,
cg23397427,cg23397427_BC21_T1_CYP19A1,CYP19A1,4,Sex steroids: receptors & metabolism,cg23397427,CYP19A1,,,,no_evidence,,,FALSE,,,,,,,,,,0,,,,,,UNMAPPED,GLDN,,0.3639,A,REQUESTED_GENE_UNAVAILABLE,,,,,UNMAPPED,,,,,,,,,,,,,,,"",no catalogue holds this CpG-gene pair and no distance could be computed,,
cg23404711,cg23404711_TC21_T1_FOS,FOS,18,Neurotrophins & activity-dependent plasticity,cg23404711,FOS,-1,higher methylation -> LOWER expression,,smr_moderate,,"0.84-0.86 (SMR tier S2, single instrument; validated n=6,008)",FALSE,-1,-1,-1,S2,3.117e-08,1,158,TRUE,,0,,TMEM170A,,0.3429,A,REQUESTED_GENE_UNAVAILABLE,BATF,,0.7966,A,REQUESTED_GENE_UNAVAILABLE,BTC,,0.1815,B,REQUESTED_GENE_UNAVAILABLE,,,,,,,,,,,,,,,"",causal direction from SMR (blood); consistent with methylation affecting expression AND with linkage - HEIDI not run,0.7,0.15
cg23409074,cg23409074_TC21_T1_CRH,CRH,2,HPA axis & glucocorticoid signalling,cg23409074,CRH,,,,no_evidence,,,FALSE,,,,,,,,,,0,,,,,,UNMAPPED,,,,,UNMAPPED,,,,,UNMAPPED,,,,,,,,,,,,,,,"",no catalogue holds this CpG-gene pair and no distance could be computed,,
cg23425348,cg23425348_BC21_T1_NKX2_2,NKX2-2,9,Serotonin,cg23425348,NKX2-2,,,,no_evidence,,,FALSE,,,,,,,,,,0,,,,,,UNMAPPED,,,,,UNMAPPED,,,,,UNMAPPED,,,,,,,,,,,,,,,"",no catalogue holds this CpG-gene pair and no distance could be computed,,
cg23429746,cg23429746_TC11_T1_DLG3,DLG3,16,Glutamate & synaptic scaffolding,cg23429746,DLG3,,,,no_evidence,,,FALSE,,,,,,,,,,0,,,,,,UNMAPPED,,,,,UNMAPPED,,,,,UNMAPPED,,,,,,,,,,,,,,,"",no catalogue holds this CpG-gene pair and no distance could be computed,,
cg23438859,cg23438859_BC21_T1_NLGN3,NLGN3,25,Social-synaptic & psychiatric risk,cg23438859,NLGN3,,,,no_evidence,,,FALSE,,,,,,,,,,0,,,,,,UNMAPPED,,,,,UNMAPPED,,,,,UNMAPPED,,,,,,,,,,,,,,,"",no catalogue holds this CpG-gene pair and no distance could be computed,,
cg23460057,cg23460057_TC21_T1_ADRB3,ADRB3,10,Noradrenaline & sympathetic nervous system,cg23460057,ADRB3,,,,no_evidence,,,FALSE,,,,,,,,,,0,,ADGRA2,,0.1934,B,REQUESTED_GENE_UNAVAILABLE,LSM1,,0.1239,B,REQUESTED_GENE_UNAVAILABLE,ADGRA2,,0.1244,B,REQUESTED_GENE_UNAVAILABLE,,,,,,,,,,,,,,,"",no catalogue holds this CpG-gene pair and no distance could be computed,,
cg23460430,cg23460430_TC21_T1_PLAGL1,PLAGL1,21,Imprinted genes & DMRs,cg23460430,PLAGL1,-1,higher methylation -> LOWER expression,,smr_high,B,"0.95-0.97 (SMR tier S1, concordant instruments; validated n=2,141)",FALSE,-1,-1,-1,S1,5.091e-119,2,6301,TRUE,-1,2,1,PLAGL1,-1,0.571,B,PREDICTED,PLAGL1,-1,0.6433,B,PREDICTED,PLAGL1,,0.4326,B,ABSTAIN,,,,,,,,,,,,,,,"",causal direction from SMR (blood); consistent with methylation affecting expression AND with linkage - HEIDI not run,0.7,0.15
cg23464041,cg23464041_TC21_T1_ITPR3,ITPR3,1,"Oxytocin, vasopressin & CICR",cg23464041,ITPR3,-1,higher methylation -> LOWER expression,,smr_high,,"0.95-0.97 (SMR tier S1, concordant instruments; validated n=2,141)",FALSE,-1,-1,-1,S1,1.575e-129,2,37502,TRUE,,0,,MIR3934,,0.3429,A,REQUESTED_GENE_UNAVAILABLE,IP6K3,,0.0695,A,REQUESTED_GENE_UNAVAILABLE,TRPC4AP,,0.149,A,REQUESTED_GENE_UNAVAILABLE,,,,,,,,,,,,,,,"",causal direction from SMR (blood); consistent with methylation affecting expression AND with linkage - HEIDI not run,0.7,0.15
cg23476076,cg23476076_TC21_T1_DRD1,DRD1,8,Dopamine,cg23476076,DRD1,,,,no_evidence,,,FALSE,,,,,,,,,,0,,,,,,UNMAPPED,,,,,UNMAPPED,,,,,UNMAPPED,,,,,,,,,,,,,,,"",no catalogue holds this CpG-gene pair and no distance could be computed,,
cg23489898,cg23489898_TC21_T1_AFMID,AFMID,15,Kynurenine pathway,cg23489898,AFMID,-1,higher methylation -> LOWER expression,0.3429,catalogue_single,A,"0.62-0.87 (tier A, one tissue only)",FALSE,-1,-1,,,,,,,,1,1,AFMID,-1,0.3429,A,PREDICTED,SYNGR2,,0.6433,A,REQUESTED_GENE_UNAVAILABLE,,,,,UNMAPPED,,,,,,,,,,,,,,,"",only one tissue called; no cross-tissue corroboration,0.3429,0.32855
cg23491435,cg23491435_TC21_T1_PDE4D,PDE4D,19,GPCR signalling & second messengers,cg23491435,PDE4D,,,,no_evidence,,,FALSE,,,,,,,,,,0,,,,,,UNMAPPED,,,,,UNMAPPED,,,,,UNMAPPED,,,,,,,,,,,,,,,"",no catalogue holds this CpG-gene pair and no distance could be computed,,
cg23494863,cg23494863_TC11_T1_STAR,STAR,3,Steroidogenesis (adrenal & gonadal),cg23494863,STAR,,,,no_evidence,,,FALSE,,,,,,,,,,0,,LSM1,,0.289,B,REQUESTED_GENE_UNAVAILABLE,LSM1,,0.3639,B,REQUESTED_GENE_UNAVAILABLE,SNIP1,,0.0131,A,REQUESTED_GENE_UNAVAILABLE,,,,,,,,,,,,,,,"",no catalogue holds this CpG-gene pair and no distance could be computed,,
cg23496597,cg23496597_BC11_T1_GNAS,GNAS,19,GPCR signalling & second messengers,cg23496597,GNAS,,,,no_evidence,,,FALSE,,,,,,,,,,0,,CTSZ,,0.6537,A,REQUESTED_GENE_UNAVAILABLE,CTSZ,,0.3409,B,REQUESTED_GENE_UNAVAILABLE,,,,,UNMAPPED,,,,,,,,,,,,,,,"",no catalogue holds this CpG-gene pair and no distance could be computed,,
cg23511765,cg23511765_BC21_T1_PRL,PRL,6,Libido & sexual function,cg23511765,PRL,,,,no_evidence,,,FALSE,,,,,,,,,,0,,ANO5,,0.0451,B,REQUESTED_GENE_UNAVAILABLE,,,,,UNMAPPED,,,,,UNMAPPED,,,,,,,,,,,,,,,"",no catalogue holds this CpG-gene pair and no distance could be computed,,
cg23513930,cg23513930_BC11_T1_GHRL,GHRL,27,Appetite & metabolic programming,cg23513930,GHRL,,,,no_evidence,,,FALSE,,,,,,,,,,0,,GHRLOS,,0.9398,A,REQUESTED_GENE_UNAVAILABLE,GHRLOS,,0.0694,A,REQUESTED_GENE_UNAVAILABLE,SLX4IP,,0.1124,B,REQUESTED_GENE_UNAVAILABLE,,,,,,,,,,GHRLOS;TATDN2;GHRLOS,blood,GHRLOS:+1;TATDN2;GHRLOS:+1,,TRUE,"measured association is with GHRLOS;TATDN2;GHRLOS, not the requested gene - check which gene this CpG actually tracks","no catalogue holds this CpG-gene pair and no distance could be computed | measured association is with GHRLOS;TATDN2;GHRLOS, not the requested gene",,
cg23514016,cg23514016_BC11_T1_BHMT,BHMT,22,One-carbon metabolism,cg23514016,BHMT,,,,no_evidence,,,FALSE,,,,,,,,,,0,,SLC26A11,,0.8636,A,REQUESTED_GENE_UNAVAILABLE,DMGDH,,0.0694,A,REQUESTED_GENE_UNAVAILABLE,DMGDH,,0.0131,A,REQUESTED_GENE_UNAVAILABLE,,,,,,,,,,,,,,,"",no catalogue holds this CpG-gene pair and no distance could be computed,,
cg23528203,cg23528203_TC21_T1_ADCY3,ADCY3,19,GPCR signalling & second messengers,cg23528203,ADCY3,,,,no_evidence,,,FALSE,,,,,,,,,,0,,SRRM1,,0.2377,A,REQUESTED_GENE_UNAVAILABLE,PTRHD1,,0.8366,A,REQUESTED_GENE_UNAVAILABLE,SRRM1,,0.1815,A,REQUESTED_GENE_UNAVAILABLE,,,,,,,,,,,,,,,"",no catalogue holds this CpG-gene pair and no distance could be computed,,
cg23545098,cg23545098_BC21_T1_CREBBP,CREBBP,20,Epigenetic machinery,cg23545098,CREBBP,,,,no_evidence,,,FALSE,,,,,,,,,,0,,DNASE1,,0.1077,B,REQUESTED_GENE_UNAVAILABLE,ADCY9,,0.31,A,REQUESTED_GENE_UNAVAILABLE,DNASE1,,0.0131,A,REQUESTED_GENE_UNAVAILABLE,,,,,,,,,,,,,,,"",no catalogue holds this CpG-gene pair and no distance could be computed,,
cg23563931,cg23563931_TC21_T1_CAMK2D,CAMK2D,1,"Oxytocin, vasopressin & CICR",cg23563931,CAMK2D,,,,no_evidence,,,FALSE,,,,,,,,,,0,,RABL2A,,0.3429,A,REQUESTED_GENE_UNAVAILABLE,,,,,UNMAPPED,,,,,UNMAPPED,,,,,,,,,,,,,,,"",no catalogue holds this CpG-gene pair and no distance could be computed,,
cg23564931,cg23564931_TC21_T1_PRKAR1A,PRKAR1A,19,GPCR signalling & second messengers,cg23564931,PRKAR1A,,,,no_evidence,,,FALSE,,,,,,,,,,0,,PDE7A,,0.0153,B,REQUESTED_GENE_UNAVAILABLE,FAM20A,,0.0695,B,REQUESTED_GENE_UNAVAILABLE,,,,,UNMAPPED,,,,,,,,,,,,,,,"",no catalogue holds this CpG-gene pair and no distance could be computed,,
cg23566503,cg23566503_TC11_T1_NNAT,NNAT,21,Imprinted genes & DMRs,cg23566503,NNAT,,,,no_evidence,,,FALSE,,,,,,,,,,0,,,,,,UNMAPPED,BLCAP,,0.1453,A,REQUESTED_GENE_UNAVAILABLE,SRC,,0.1815,B,REQUESTED_GENE_UNAVAILABLE,,,,,,,,,,,,,,,"",no catalogue holds this CpG-gene pair and no distance could be computed,,
cg23575527,cg23575527_TC21_T1_PLAGL1,PLAGL1,21,Imprinted genes & DMRs,cg23575527,PLAGL1,,,,no_evidence,,,FALSE,,,,,,,,,,0,,PLAGL1,,0.289,A,ABSTAIN,PLAGL1,,0.3409,B,ABSTAIN,PLAGL1,,0.0131,A,ABSTAIN,,,,,,,,,,,,,,,"",no catalogue holds this CpG-gene pair and no distance could be computed,,
cg23601416,cg23601416_BC11_T1_COMT,COMT,8,Dopamine,cg23601416,COMT,-1,higher methylation -> LOWER expression,,smr_weak,,"0.66-0.75 (SMR tier S3, instruments disagree; validated n=456)",FALSE,-1,-1,-1,S3,5.761e-38,2,6726,TRUE,,0,,COMT;MIR4761,,0.3429,A,REQUESTED_GENE_UNAVAILABLE,ARVCF,,0.3409,A,REQUESTED_GENE_UNAVAILABLE,TBX1,,0.1667,A,REQUESTED_GENE_UNAVAILABLE,,,,,,,,,,,,,,,"",causal direction from SMR (blood); consistent with methylation affecting expression AND with linkage - HEIDI not run,0.7,0.15
cg23605670,cg23605670_TC11_T1_NNAT,NNAT,21,Imprinted genes & DMRs,cg23605670,NNAT,,,,no_evidence,,,FALSE,,,,,,,,,,0,,,,,,UNMAPPED,BLCAP,,0.3771,A,REQUESTED_GENE_UNAVAILABLE,SRC,,0.1815,B,REQUESTED_GENE_UNAVAILABLE,,,,,,,,,,,,,,,"",no catalogue holds this CpG-gene pair and no distance could be computed,,
cg23606396,cg23606396_BC21_T1_HLA_F_AS1,HLA-F-AS1,24,"Immune, inflammation & HLA",cg23606396,HLA-F-AS1,1,higher methylation -> HIGHER expression,,smr_moderate,A,"0.84-0.86 (SMR tier S2, single instrument; validated n=6,008)",FALSE,1,1,1,S2,2.847e-10,1,12315,TRUE,,1,1,HLA-F-AS1,,0.0365,A,ABSTAIN,HLA-F-AS1,-1,0.8169,A,PREDICTED,CDIPT,,0.0131,B,REQUESTED_GENE_UNAVAILABLE,,,,,,,,,,,,,,,"",causal direction from SMR (blood); consistent with methylation affecting expression AND with linkage - HEIDI not run,0.7,0.85
cg23614125,cg23614125_TC21_T1_PGR,PGR,4,Sex steroids: receptors & metabolism,cg23614125,PGR,,,,no_evidence,,,FALSE,,,,,,,,,,0,,LOC101054525,,0.52,B,REQUESTED_GENE_UNAVAILABLE,,,,,UNMAPPED,,,,,UNMAPPED,,,,,,,,,,,,,,,"",no catalogue holds this CpG-gene pair and no distance could be computed,,
cg23624957,cg23624957_BC21_T1_HDAC2,HDAC2,20,Epigenetic machinery,cg23624957,HDAC2,,,,no_evidence,,,FALSE,,,,,,,,,,0,,PTGR1,,0.2377,A,REQUESTED_GENE_UNAVAILABLE,,,,,UNMAPPED,PTGR1,,0.0131,B,REQUESTED_GENE_UNAVAILABLE,,,,,,,,,,,,,,,"",no catalogue holds this CpG-gene pair and no distance could be computed,,
cg23640002,cg23640002_TC21_T1_HLA_DPB2,HLA-DPB2,24,"Immune, inflammation & HLA",cg23640002,HLA-DPB2,,,,no_evidence,,,FALSE,,,,,,,,,,0,,DYNLRB1,,0.9394,A,REQUESTED_GENE_UNAVAILABLE,HLA-DPB1,,0.6327,A,REQUESTED_GENE_UNAVAILABLE,DYNLRB1,,0.0131,A,REQUESTED_GENE_UNAVAILABLE,,,,,,,,,,HLA-DPA1;HLA-DPB1,blood,HLA-DPA1:+1;HLA-DPB1:+1,,TRUE,"measured association is with HLA-DPA1;HLA-DPB1, not the requested gene - check which gene this CpG actually tracks","no catalogue holds this CpG-gene pair and no distance could be computed | measured association is with HLA-DPA1;HLA-DPB1, not the requested gene",,
cg23648616,cg23648616_BC21_T1_MECP2,MECP2,20,Epigenetic machinery,cg23648616,MECP2,,,,no_evidence,,,FALSE,,,,,,,,,,0,,PNMA6B,,0.058,A,REQUESTED_GENE_UNAVAILABLE,,,,,UNMAPPED,,,,,UNMAPPED,,,,,,,,,,,,,,,"",no catalogue holds this CpG-gene pair and no distance could be computed,,
cg23660678,cg23660678_TC11_T1_TSC22D3,TSC22D3,2,HPA axis & glucocorticoid signalling,cg23660678,TSC22D3,,,,no_evidence,,,FALSE,,,,,,,,,,0,,,,,,UNMAPPED,,,,,UNMAPPED,,,,,UNMAPPED,,,,,,,,,,,,,,,"",no catalogue holds this CpG-gene pair and no distance could be computed,,
cg23660703,cg23660703_TC21_T1_CYP11A1,CYP11A1,3,Steroidogenesis (adrenal & gonadal),cg23660703,CYP11A1,,,,no_evidence,,,FALSE,,,,,,,,,,0,,MRPL53,,0.126,A,REQUESTED_GENE_UNAVAILABLE,SEMA7A,,0.1453,A,REQUESTED_GENE_UNAVAILABLE,MRPL53,,0.1474,B,REQUESTED_GENE_UNAVAILABLE,,,,,,,,,,,,,,,"",no catalogue holds this CpG-gene pair and no distance could be computed,,
cg23666299,cg23666299_TC21_T1_GRIK2,GRIK2,16,Glutamate & synaptic scaffolding,cg23666299,GRIK2,,,,no_evidence,,,FALSE,,,,,,,,,,0,,,,,,UNMAPPED,,,,,UNMAPPED,,,,,UNMAPPED,,,,,,,,,,,,,,,"",no catalogue holds this CpG-gene pair and no distance could be computed,,
cg23667955,cg23667955_TC21_T1_NPAS4,NPAS4,18,Neurotrophins & activity-dependent plasticity,cg23667955,NPAS4,,,,no_evidence,,,FALSE,,,,,,,,,,0,,MRPL11,,0.3429,A,REQUESTED_GENE_UNAVAILABLE,MRPL11,,0.6135,A,REQUESTED_GENE_UNAVAILABLE,RIN1,,0.1124,B,REQUESTED_GENE_UNAVAILABLE,,,,,,,,,,,,,,,"",no catalogue holds this CpG-gene pair and no distance could be computed,,
cg23680900,cg23680900_TC21_T1_CYP1A1,CYP1A1,4,Sex steroids: receptors & metabolism,cg23680900,CYP1A1,,,,no_evidence,,,FALSE,,,,,,,,,,0,,MPI,,0.0365,B,REQUESTED_GENE_UNAVAILABLE,MPI,,0.0694,B,REQUESTED_GENE_UNAVAILABLE,COX5A,,0.2694,A,REQUESTED_GENE_UNAVAILABLE,,,,,,,,,,,,,,,"",no catalogue holds this CpG-gene pair and no distance could be computed,,
cg23708288,cg23708288_BC21_T1_DLG3,DLG3,16,Glutamate & synaptic scaffolding,cg23708288,DLG3,,,,no_evidence,,,FALSE,,,,,,,,,,0,,,,,,UNMAPPED,,,,,UNMAPPED,,,,,UNMAPPED,,,,,,,,,,,,,,,"",no catalogue holds this CpG-gene pair and no distance could be computed,,
cg23722168,cg23722168_TC21_T1_MEG3,MEG3,21,Imprinted genes & DMRs,cg23722168,MEG3,-1,higher methylation -> LOWER expression,0.3429,catalogue_single,A,"0.62-0.87 (tier A, one tissue only)",FALSE,-1,-1,,,,,,,,1,1,MEG3,-1,0.3429,A,PREDICTED,,,,,UNMAPPED,,,,,UNMAPPED,,,,,,,,,,,,,,,"",only one tissue called; no cross-tissue corroboration,0.3429,0.32855
cg23729501,cg23729501_TC11_T1_PRKACB,PRKACB,19,GPCR signalling & second messengers,cg23729501,PRKACB,,,,no_evidence,,,FALSE,,,,,,,,,,0,,USP10,,0.289,B,REQUESTED_GENE_UNAVAILABLE,PRKACB,,0.0694,B,ABSTAIN,,,,,UNMAPPED,,,,,,,,,,,,,,,"",no catalogue holds this CpG-gene pair and no distance could be computed,,
cg23757721,cg23757721_TC21_T1_NNAT,NNAT,21,Imprinted genes & DMRs,cg23757721,NNAT,,,,no_evidence,,,FALSE,,,,,,,,,,0,,,,,,UNMAPPED,BLCAP,,0.3889,A,REQUESTED_GENE_UNAVAILABLE,SRC,,0.1815,B,REQUESTED_GENE_UNAVAILABLE,,,,,,,,,,,,,,,"",no catalogue holds this CpG-gene pair and no distance could be computed,,
cg23763137,cg23763137_TC21_T1_ADORA2A,ADORA2A,8,Dopamine,cg23763137,ADORA2A,,,,no_evidence,,,FALSE,,,,,,,,,,0,,,,,,UNMAPPED,GGT1,,0.8457,A,REQUESTED_GENE_UNAVAILABLE,ADORA2A,,0.1667,A,ABSTAIN,,,,,,,,,,,,,,,"",no catalogue holds this CpG-gene pair and no distance could be computed,,
cg23776787,cg23776787_BC21_T1_NR3C1,NR3C1,2,HPA axis & glucocorticoid signalling,cg23776787,NR3C1,,,,no_evidence,,,FALSE,,,,,,,,,,0,,,,,,UNMAPPED,,,,,UNMAPPED,,,,,UNMAPPED,,,,,,,,,,,,,,,"",no catalogue holds this CpG-gene pair and no distance could be computed,,
cg23788212,cg23788212_BC21_T1_CHGA,CHGA,10,Noradrenaline & sympathetic nervous system,cg23788212,CHGA,,,,no_evidence,,,FALSE,,,,,,,,,,0,,LGMN,,0.2377,B,REQUESTED_GENE_UNAVAILABLE,LGMN,,0.31,B,REQUESTED_GENE_UNAVAILABLE,,,,,UNMAPPED,,,,,,,,,,,,,,,"",no catalogue holds this CpG-gene pair and no distance could be computed,,
cg23807570,cg23807570_TC21_T1_ATP2A2,ATP2A2,1,"Oxytocin, vasopressin & CICR",cg23807570,ATP2A2,,,,no_evidence,,,FALSE,,,,,,,,,,0,,GPN3,,0.1971,B,REQUESTED_GENE_UNAVAILABLE,ARPC3,,0.0695,B,REQUESTED_GENE_UNAVAILABLE,ANAPC7,,0.1474,B,REQUESTED_GENE_UNAVAILABLE,,,,,,,,,,,,,,,"",no catalogue holds this CpG-gene pair and no distance could be computed,,
cg23809645,cg23809645_TC21_T1_POMC,POMC,2,HPA axis & glucocorticoid signalling,cg23809645,POMC,-1,higher methylation -> LOWER expression,1,measured,A,"~1.00 (measured, not predicted)",FALSE,-1,-1,-1,S2,1.125e-11,1,3896,TRUE,-1,2,1,POMC,-1,0.7056,A,DIRECT_eQTM,POMC,-1,0.9641,A,DIRECT_eQTM,POMC,,0.1474,A,ABSTAIN,,,,,,,,,,POMC,blood;nasal_epithelium,POMC:-1,-1,FALSE,"","",1,0
cg23823908,cg23823908_BC21_T1_PTGER3,PTGER3,6,Libido & sexual function,cg23823908,PTGER3,,,,no_evidence,,,FALSE,,,,,,,,,,0,,ZNF638,,0.2377,B,REQUESTED_GENE_UNAVAILABLE,,,,,UNMAPPED,,,,,UNMAPPED,,,,,,,,,,,,,,,"",no catalogue holds this CpG-gene pair and no distance could be computed,,
cg23832103,cg23832103_BC21_T1_GABRB3,GABRB3,17,GABA & excitation-inhibition balance,cg23832103,GABRB3,-1,higher methylation -> LOWER expression,0.9745,catalogue_single,A,"0.62-0.87 (tier A, one tissue only)",FALSE,-1,-1,,,,,,,,1,1,,,,,UNMAPPED,GABRB3,-1,0.9745,A,PREDICTED,GABRB3,,0.0131,A,ABSTAIN,,,,,,,,,,,,,,,"",only one tissue called; no cross-tissue corroboration,0.9745,0.01275
cg23837634,cg23837634_BC21_T1_NOS1,NOS1,1,"Oxytocin, vasopressin & CICR",cg23837634,NOS1,,,,no_evidence,,,FALSE,,,,,,,,,,0,,,,,,UNMAPPED,,,,,UNMAPPED,,,,,UNMAPPED,,,,,,,,,,,,,,,"",no catalogue holds this CpG-gene pair and no distance could be computed,,
cg23857909,cg23857909_TC11_T1_MECP2,MECP2,20,Epigenetic machinery,cg23857909,MECP2,,,,no_evidence,,,FALSE,,,,,,,,,,0,,,,,,UNMAPPED,,,,,UNMAPPED,,,,,UNMAPPED,,,,,,,,,,,,,,,"",no catalogue holds this CpG-gene pair and no distance could be computed,,
cg23870378,cg23870378_TC21_T1_MEG3,MEG3,21,Imprinted genes & DMRs,cg23870378,MEG3,-1,higher methylation -> LOWER expression,0.6537,catalogue_single,A,"0.62-0.87 (tier A, one tissue only)",FALSE,-1,-1,,,,,,,,1,1,MEG3,-1,0.6537,A,PREDICTED,,,,,UNMAPPED,,,,,UNMAPPED,,,,,,,,,,,,,,,"",only one tissue called; no cross-tissue corroboration,0.6537,0.17315
cg23923934,cg23923934_TC21_T1_HLA_B,HLA-B,24,"Immune, inflammation & HLA",cg23923934,HLA-B,1,higher methylation -> HIGHER expression,,smr_high,A,"0.95-0.97 (SMR tier S1, concordant instruments; validated n=2,141)",FALSE,1,1,1,S1,1.005e-28,2,393,TRUE,,2,0.5,HLA-B,1,0.4729,A,DIRECT_eQTM,HLA-B,-1,0.8457,A,DIRECT_eQTM,MICA,,0.2694,A,REQUESTED_GENE_UNAVAILABLE,,,,,,,,,,HCP5;HLA-B;HLA-C,blood;nasal_epithelium,HCP5:-1;HLA-B:+1;HLA-B:-1;HLA-C:-1,,FALSE,"",causal direction from SMR (blood); consistent with methylation affecting expression AND with linkage - HEIDI not run,0.7,0.85
cg23946623,cg23946623_BC21_T1_NRXN1,NRXN1,25,Social-synaptic & psychiatric risk,cg23946623,NRXN1,,,,no_evidence,,,FALSE,,,,,,,,,,0,,,,,,UNMAPPED,,,,,UNMAPPED,,,,,UNMAPPED,,,,,,,,,,,,,,,"",no catalogue holds this CpG-gene pair and no distance could be computed,,
cg23957997,cg23957997_BC21_T1_SLC1A1,SLC1A1,16,Glutamate & synaptic scaffolding,cg23957997,SLC1A1,,,,no_evidence,,,FALSE,,,,,,,,,,0,,GLIS3,,0.3108,A,REQUESTED_GENE_UNAVAILABLE,GLIS3,,0.1453,B,REQUESTED_GENE_UNAVAILABLE,,,,,UNMAPPED,,,,,,,,,,,,,,,"",no catalogue holds this CpG-gene pair and no distance could be computed,,
cg23977011,cg23977011_BC11_T1_INHA,INHA,5,"HPG axis, puberty & KNDy",cg23977011,INHA,,,,no_evidence,,,FALSE,,,,,,,,,,0,,,,,,UNMAPPED,OBSL1,,0.9158,A,REQUESTED_GENE_UNAVAILABLE,OBSL1,,0.3688,A,REQUESTED_GENE_UNAVAILABLE,,,,,,,,,,,,,,,"",no catalogue holds this CpG-gene pair and no distance could be computed,,
cg23987322,cg23987322_TC11_T1_BHMT,BHMT,22,One-carbon metabolism,cg23987322,BHMT,,,,no_evidence,,,FALSE,,,,,,,,,,0,,SLC26A11,,0.8636,A,REQUESTED_GENE_UNAVAILABLE,DMGDH,,0.0694,A,REQUESTED_GENE_UNAVAILABLE,DMGDH,,0.0131,A,REQUESTED_GENE_UNAVAILABLE,,,,,,,,,,,,,,,"",no catalogue holds this CpG-gene pair and no distance could be computed,,
cg23988827,cg23988827_TC21_T1_SIRT1,SIRT1,20,Epigenetic machinery,cg23988827,SIRT1,1,higher methylation -> HIGHER expression,,smr_moderate,,"0.84-0.86 (SMR tier S2, single instrument; validated n=6,008)",FALSE,1,1,1,S2,1.181e-76,1,15428,TRUE,,0,,,,,,UNMAPPED,,,,,UNMAPPED,,,,,UNMAPPED,,,,,,,,,,,,,,,"",causal direction from SMR (blood); consistent with methylation affecting expression AND with linkage - HEIDI not run,0.7,0.85
cg24021846,cg24021846_BC21_T1_RELN,RELN,25,Social-synaptic & psychiatric risk,cg24021846,RELN,,,,no_evidence,,,FALSE,,,,,,,,,,0,,,,,,UNMAPPED,,,,,UNMAPPED,,,,,UNMAPPED,,,,,,,,,,,,,,,"",no catalogue holds this CpG-gene pair and no distance could be computed,,
cg24029509,cg24029509_BC21_T1_PCSK2,PCSK2,2,HPA axis & glucocorticoid signalling,cg24029509,PCSK2,,,,no_evidence,,,FALSE,,,,,,,,,,0,,,,,,UNMAPPED,,,,,UNMAPPED,,,,,UNMAPPED,,,,,,,,,,,,,,,"",no catalogue holds this CpG-gene pair and no distance could be computed,,
cg24032393,cg24032393_BC21_T1_NOS3,NOS3,6,Libido & sexual function,cg24032393,NOS3,1,higher methylation -> HIGHER expression,,smr_weak,,"0.66-0.75 (SMR tier S3, instruments disagree; validated n=456)",FALSE,1,1,1,S3,1.244e-31,2,6476,TRUE,,0,,ATG9B,,0.7056,A,REQUESTED_GENE_UNAVAILABLE,ATG9B,,0.3409,A,REQUESTED_GENE_UNAVAILABLE,KCNH2,,0.1244,B,REQUESTED_GENE_UNAVAILABLE,,,,,,,,,,,,,,,"",causal direction from SMR (blood); consistent with methylation affecting expression AND with linkage - HEIDI not run,0.7,0.85
cg24037821,cg24037821_BC21_T1_UHRF1,UHRF1,20,Epigenetic machinery,cg24037821,UHRF1,,,,no_evidence,,,FALSE,,,,,,,,,,0,,ARRDC5,,0.3429,A,REQUESTED_GENE_UNAVAILABLE,KDM4B,,0.1556,B,REQUESTED_GENE_UNAVAILABLE,INCA1,,0.2027,A,REQUESTED_GENE_UNAVAILABLE,,,,,,,,,,,,,,,"",no catalogue holds this CpG-gene pair and no distance could be computed,,
cg24042313,cg24042313_TC21_T1_SLC6A1,SLC6A1,17,GABA & excitation-inhibition balance,cg24042313,SLC6A1,,,,no_evidence,,,FALSE,,,,,,,,,,0,,TAS2R14,,0.289,B,REQUESTED_GENE_UNAVAILABLE,,,,,UNMAPPED,HRH1,,0.1124,B,REQUESTED_GENE_UNAVAILABLE,,,,,,,,,,,,,,,"",no catalogue holds this CpG-gene pair and no distance could be computed,,
cg24059741,cg24059741_BC21_T1_JUN,JUN,18,Neurotrophins & activity-dependent plasticity,cg24059741,JUN,,,,no_evidence,,,FALSE,,,,,,,,,,0,,DACT1,,0.1291,A,REQUESTED_GENE_UNAVAILABLE,OMA1,,0.3197,B,REQUESTED_GENE_UNAVAILABLE,,,,,UNMAPPED,,,,,,,,,,,,,,,"",no catalogue holds this CpG-gene pair and no distance could be computed,,
cg24070673,cg24070673_BC21_T1_PRLR,PRLR,6,Libido & sexual function,cg24070673,PRLR,,,,no_evidence,,,FALSE,,,,,,,,,,0,,,,,,UNMAPPED,,,,,UNMAPPED,,,,,UNMAPPED,,,,,,,,,,,,,,,"",no catalogue holds this CpG-gene pair and no distance could be computed,,
cg24079702,cg24079702_BC11_T1_FHL2,FHL2,28,"Ageing, epigenetic clocks & telomere",cg24079702,FHL2,1,higher methylation -> HIGHER expression,,smr_moderate,,"0.84-0.86 (SMR tier S2, single instrument; validated n=6,008)",FALSE,1,1,1,S2,1.347e-09,1,1207,TRUE,,0,,,,,,UNMAPPED,,,,,UNMAPPED,,,,,UNMAPPED,,,,,,,,,,,,,,,"",causal direction from SMR (blood); consistent with methylation affecting expression AND with linkage - HEIDI not run,0.7,0.85
cg24092659,cg24092659_BC21_T1_DNMT1,DNMT1,20,Epigenetic machinery,cg24092659,DNMT1,,,,no_evidence,,,FALSE,,,,,,,,,,0,,EIF3G,,0.289,A,REQUESTED_GENE_UNAVAILABLE,C19ORF66,,0.3771,A,REQUESTED_GENE_UNAVAILABLE,WDR1,,0.0131,B,REQUESTED_GENE_UNAVAILABLE,,,,,,,,,,,,,,,"",no catalogue holds this CpG-gene pair and no distance could be computed,,
cg24092962,cg24092962_BC21_T1_DNMT1,DNMT1,20,Epigenetic machinery,cg24092962,DNMT1,,,,no_evidence,,,FALSE,,,,,,,,,,0,,EIF3G,,0.6537,A,REQUESTED_GENE_UNAVAILABLE,C19ORF66,,0.3771,A,REQUESTED_GENE_UNAVAILABLE,WDR1,,0.0131,B,REQUESTED_GENE_UNAVAILABLE,,,,,,,,,,,,,,,"",no catalogue holds this CpG-gene pair and no distance could be computed,,
cg24134767,cg24134767_BC21_T1_HTR3A,HTR3A,9,Serotonin,cg24134767,HTR3A,,,,no_evidence,,,FALSE,,,,,,,,,,0,,,,,,UNMAPPED,,,,,UNMAPPED,,,,,UNMAPPED,,,,,,,,,,,,,,,"",no catalogue holds this CpG-gene pair and no distance could be computed,,
cg24137567,cg24137567_BC21_T1_NDN,NDN,21,Imprinted genes & DMRs,cg24137567,NDN,,,,no_evidence,,,FALSE,,,,,,,,,,0,,NR1D2,,0.3429,A,REQUESTED_GENE_UNAVAILABLE,,,,,UNMAPPED,,,,,UNMAPPED,,,,,,,,,,,,,,,"",no catalogue holds this CpG-gene pair and no distance could be computed,,
cg24142775,cg24142775_BC11_T1_TSC22D3,TSC22D3,2,HPA axis & glucocorticoid signalling,cg24142775,TSC22D3,,,,no_evidence,,,FALSE,,,,,,,,,,0,,,,,,UNMAPPED,,,,,UNMAPPED,,,,,UNMAPPED,,,,,,,,,,,,,,,"",no catalogue holds this CpG-gene pair and no distance could be computed,,
cg24153143,cg24153143_BC21_T1_TRDN,TRDN,1,"Oxytocin, vasopressin & CICR",cg24153143,TRDN,,,,no_evidence,,,FALSE,,,,,,,,,,0,,,,,,UNMAPPED,,,,,UNMAPPED,,,,,UNMAPPED,,,,,,,,,,,,,,,"",no catalogue holds this CpG-gene pair and no distance could be computed,,
cg24155084,cg24155084_BC21_T1_CYP11B2,CYP11B2,3,Steroidogenesis (adrenal & gonadal),cg24155084,CYP11B2,,,,no_evidence,,,FALSE,,,,,,,,,,0,,LOC100288181,,0.126,A,REQUESTED_GENE_UNAVAILABLE,LY6D,,0.6433,B,REQUESTED_GENE_UNAVAILABLE,PSCA,,0.0131,B,REQUESTED_GENE_UNAVAILABLE,,,,,,,,,,,,,,,"",no catalogue holds this CpG-gene pair and no distance could be computed,,
cg24158916,cg24158916_TC21_T1_MRAP,MRAP,2,HPA axis & glucocorticoid signalling,cg24158916,MRAP,,,,no_evidence,,,FALSE,,,,,,,,,,0,,,,,,UNMAPPED,,,,,UNMAPPED,,,,,UNMAPPED,,,,,,,,,,,,,,,"",no catalogue holds this CpG-gene pair and no distance could be computed,,
cg24165517,cg24165517_BC11_T1_CYP21A2,CYP21A2,3,Steroidogenesis (adrenal & gonadal),cg24165517,CYP21A2,-1,higher methylation -> LOWER expression,0.3429,catalogue_single,A,"0.62-0.87 (tier A, one tissue only)",FALSE,-1,-1,,,,,,,,1,1,CYP21A2,-1,0.3429,A,PREDICTED,TNXB,,0.3409,A,REQUESTED_GENE_UNAVAILABLE,TNXB,,0.1244,A,REQUESTED_GENE_UNAVAILABLE,,,,,,,,,,,,,,,"",only one tissue called; no cross-tissue corroboration,0.3429,0.32855
cg24177762,cg24177762_BC21_T1_PRKACA,PRKACA,19,GPCR signalling & second messengers,cg24177762,PRKACA,,,,no_evidence,,,FALSE,,,,,,,,,,0,,LOC113230,,0.126,B,REQUESTED_GENE_UNAVAILABLE,IL27RA,,0.3639,A,REQUESTED_GENE_UNAVAILABLE,,,,,UNMAPPED,,,,,,,,,,,,,,,"",no catalogue holds this CpG-gene pair and no distance could be computed,,
cg24188797,cg24188797_BC21_T1_GUCY1B1,GUCY1B1,6,Libido & sexual function,cg24188797,GUCY1B1,,,,no_evidence,,,FALSE,,,,,,,,,,0,,,,,,UNMAPPED,CTSO,,0.139,B,REQUESTED_GENE_UNAVAILABLE,CTSO,,0.0131,B,REQUESTED_GENE_UNAVAILABLE,,,,,,,,,,,,,,,"",no catalogue holds this CpG-gene pair and no distance could be computed,,
cg24202477,cg24202477_BC21_T1_HSP90AA1,HSP90AA1,2,HPA axis & glucocorticoid signalling,cg24202477,HSP90AA1,,,,no_evidence,,,FALSE,,,,,,,,,,0,,NUP37,,0.2377,B,REQUESTED_GENE_UNAVAILABLE,,,,,UNMAPPED,KAZALD1,,0.0131,B,REQUESTED_GENE_UNAVAILABLE,,,,,,,,,,,,,,,"",no catalogue holds this CpG-gene pair and no distance could be computed,,
cg24212267,cg24212267_TC21_T1_AKR1D1,AKR1D1,4,Sex steroids: receptors & metabolism,cg24212267,AKR1D1,,,,no_evidence,,,FALSE,,,,,,,,,,0,,,,,,UNMAPPED,,,,,UNMAPPED,,,,,UNMAPPED,,,,,,,,,,,,,,,"",no catalogue holds this CpG-gene pair and no distance could be computed,,
cg24215869,cg24215869_BC21_T1_NDN,NDN,21,Imprinted genes & DMRs,cg24215869,NDN,,,,no_evidence,,,FALSE,,,,,,,,,,0,,NR1D2,,0.3429,A,REQUESTED_GENE_UNAVAILABLE,,,,,UNMAPPED,,,,,UNMAPPED,,,,,,,,,,,,,,,"",no catalogue holds this CpG-gene pair and no distance could be computed,,
cg24227151,cg24227151_TC21_T1_GRM4,GRM4,16,Glutamate & synaptic scaffolding,cg24227151,GRM4,,,,no_evidence,,,FALSE,,,,,,,,,,0,,,,,,UNMAPPED,,,,,UNMAPPED,,,,,UNMAPPED,,,,,,,,,,,,,,,"",no catalogue holds this CpG-gene pair and no distance could be computed,,
cg24243004,cg24243004_BC21_T1_PDE4D,PDE4D,19,GPCR signalling & second messengers,cg24243004,PDE4D,,,,no_evidence,,,FALSE,,,,,,,,,,0,,PDE4D,,0.2377,B,ABSTAIN,,,,,UNMAPPED,,,,,UNMAPPED,,,,,,,,,,,,,,,"",no catalogue holds this CpG-gene pair and no distance could be computed,,
cg24256078,cg24256078_BC21_T1_IL12RB1,IL12RB1,24,"Immune, inflammation & HLA",cg24256078,IL12RB1,-1,higher methylation -> LOWER expression,0.8107,catalogue_consensus,A,"0.77-0.87 (tier A, tissues agree)",FALSE,-1,-1,,,,,,,-1,2,1,IL12RB1,-1,0.7056,A,PREDICTED,IL12RB1,-1,0.9158,A,PREDICTED,IL12RB1,,0.178,A,ABSTAIN,,,,,,,,,,,,,,,"","",0.8107,0.09465
cg24257309,cg24257309_BC21_T1_AVP,AVP,1,"Oxytocin, vasopressin & CICR",cg24257309,AVP,-1,higher methylation -> LOWER expression,0.4729,catalogue_single,A,"0.62-0.87 (tier A, one tissue only)",FALSE,-1,-1,,,,,,,,1,1,AVP,-1,0.4729,A,PREDICTED,,,,,UNMAPPED,,,,,UNMAPPED,,,,,,,,,,,,,,,"",only one tissue called; no cross-tissue corroboration,0.4729,0.26355
cg24261673,cg24261673_TC21_T1_SLC6A2,SLC6A2,10,Noradrenaline & sympathetic nervous system,cg24261673,SLC6A2,,,,no_evidence,,,FALSE,,,,,,,,,,0,,CES1P2,,0.0153,B,REQUESTED_GENE_UNAVAILABLE,CAPNS2,,0.9158,A,REQUESTED_GENE_UNAVAILABLE,CAPNS2,,0.0131,B,REQUESTED_GENE_UNAVAILABLE,,,,,,,,,,,,,,,"",no catalogue holds this CpG-gene pair and no distance could be computed,,
cg24264287,cg24264287_BC21_T1_IL6R,IL6R,24,"Immune, inflammation & HLA",cg24264287,IL6R,-1,higher methylation -> LOWER expression,0.6135,catalogue_single,A,"0.62-0.87 (tier A, one tissue only)",FALSE,-1,-1,,,,,,,,1,1,IL6R,,0.298,A,ABSTAIN,IL6R,-1,0.6135,A,PREDICTED,RPRM,,0.0131,B,REQUESTED_GENE_UNAVAILABLE,,,,,,,,,,,,,,,"",only one tissue called; no cross-tissue corroboration,0.6135,0.19325
cg24266485,cg24266485_TC21_T1_HLA_DPB2,HLA-DPB2,24,"Immune, inflammation & HLA",cg24266485,HLA-DPB2,-1,higher methylation -> LOWER expression,,smr_moderate,,"0.84-0.86 (SMR tier S2, single instrument; validated n=6,008)",FALSE,-1,-1,-1,S2,6.036e-20,1,6495,TRUE,,0,,DYNLRB1,,0.9394,A,REQUESTED_GENE_UNAVAILABLE,HLA-DPB1,,0.6327,A,REQUESTED_GENE_UNAVAILABLE,DYNLRB1,,0.0131,A,REQUESTED_GENE_UNAVAILABLE,,,,,,,,,,HLA-DPA1;HLA-DPB1,blood,HLA-DPA1:+1;HLA-DPB1:+1,,TRUE,"measured association is with HLA-DPA1;HLA-DPB1, not the requested gene - check which gene this CpG actually tracks","causal direction from SMR (blood); consistent with methylation affecting expression AND with linkage - HEIDI not run | measured association is with HLA-DPA1;HLA-DPB1, not the requested gene",0.7,0.15
cg24278877,cg24278877_TC11_T1_SYP,SYP,18,Neurotrophins & activity-dependent plasticity,cg24278877,SYP,,,,no_evidence,,,FALSE,,,,,,,,,,0,,,,,,UNMAPPED,,,,,UNMAPPED,,,,,UNMAPPED,,,,,,,,,,,,,,,"",no catalogue holds this CpG-gene pair and no distance could be computed,,
cg24287218,cg24287218_BC21_T1_HLA_DPA1,HLA-DPA1,24,"Immune, inflammation & HLA",cg24287218,HLA-DPA1,1,higher methylation -> HIGHER expression,,smr_moderate,A,"0.84-0.86 (SMR tier S2, single instrument; validated n=6,008)",FALSE,1,1,1,S2,2.33e-28,1,819,TRUE,,1,1,HLA-DPA1,,0.2712,A,DIRECT_eQTM,HLA-DPA1,-1,0.9961,A,DIRECT_eQTM,DYNLRB1,,0.1244,B,REQUESTED_GENE_UNAVAILABLE,,,,,,,,,,HLA-DMA;HLA-DMB;HLA-DOA;HLA-DPA1;HLA-DPB1,blood;nasal_epithelium,HLA-DMA:-1;HLA-DMB:-1;HLA-DOA:-1;HLA-DPA1:+1;HLA-DPA1:-1;HLA-DPB1:-1,,FALSE,"",causal direction from SMR (blood); consistent with methylation affecting expression AND with linkage - HEIDI not run,0.7,0.85
cg24298684,cg24298684_BC21_T1_MC3R,MC3R,27,Appetite & metabolic programming,cg24298684,MC3R,,,,no_evidence,,,FALSE,,,,,,,,,,0,,,,,,UNMAPPED,CASS4,,0.3197,B,REQUESTED_GENE_UNAVAILABLE,,,,,UNMAPPED,,,,,,,,,,,,,,,"",no catalogue holds this CpG-gene pair and no distance could be computed,,
cg24310786,cg24310786_BC21_T1_HLA_DPB2,HLA-DPB2,24,"Immune, inflammation & HLA",cg24310786,HLA-DPB2,1,higher methylation -> HIGHER expression,,smr_moderate,,"0.84-0.86 (SMR tier S2, single instrument; validated n=6,008)",FALSE,1,1,1,S2,6.76e-25,1,11281,TRUE,,0,,DYNLRB1,,0.1852,A,REQUESTED_GENE_UNAVAILABLE,HLA-DPB1,,0.5716,A,REQUESTED_GENE_UNAVAILABLE,DYNLRB1,,0.0131,B,REQUESTED_GENE_UNAVAILABLE,,,,,,,,,,,,,,,"",causal direction from SMR (blood); consistent with methylation affecting expression AND with linkage - HEIDI not run,0.7,0.85
cg24318558,cg24318558_TC11_T1_TSC22D3,TSC22D3,2,HPA axis & glucocorticoid signalling,cg24318558,TSC22D3,,,,no_evidence,,,FALSE,,,,,,,,,,0,,,,,,UNMAPPED,,,,,UNMAPPED,,,,,UNMAPPED,,,,,,,,,,,,,,,"",no catalogue holds this CpG-gene pair and no distance could be computed,,
cg24324985,cg24324985_BC11_T1_FOXA2,FOXA2,8,Dopamine,cg24324985,FOXA2,,,,no_evidence,,,FALSE,,,,,,,,,,0,,,,,,UNMAPPED,,,,,UNMAPPED,,,,,UNMAPPED,,,,,,,,,,,,,,,"",no catalogue holds this CpG-gene pair and no distance could be computed,,
cg24334887,cg24334887_BC21_T1_ANKK1,ANKK1,8,Dopamine,cg24334887,ANKK1,,,,no_evidence,,,FALSE,,,,,,,,,,0,,TTC12,,0.058,A,REQUESTED_GENE_UNAVAILABLE,TTC12,,0.4852,A,REQUESTED_GENE_UNAVAILABLE,,,,,UNMAPPED,,,,,,,,,,,,,,,"",no catalogue holds this CpG-gene pair and no distance could be computed,,
cg24338752,cg24338752_TC21_T1_INS,INS,27,Appetite & metabolic programming,cg24338752,INS,,,,no_evidence,,,FALSE,,,,,,,,,,0,,MAD1L1,,0.4517,A,REQUESTED_GENE_UNAVAILABLE,CD81,,0.8169,A,REQUESTED_GENE_UNAVAILABLE,MAD1L1,,0.0131,B,REQUESTED_GENE_UNAVAILABLE,,,,,,,,,,,,,,,"",no catalogue holds this CpG-gene pair and no distance could be computed,,
cg24346429,cg24346429_TC11_T1_GNAS,GNAS,19,GPCR signalling & second messengers,cg24346429,GNAS,,,,no_evidence,,,FALSE,,,,,,,,,,0,,CTSZ,,0.4648,A,REQUESTED_GENE_UNAVAILABLE,CTSZ,,0.3409,B,REQUESTED_GENE_UNAVAILABLE,,,,,UNMAPPED,,,,,,,,,,,,,,,"",no catalogue holds this CpG-gene pair and no distance could be computed,,
cg24346429,cg24346429_TC21_T1_GNAS,GNAS,19,GPCR signalling & second messengers,cg24346429,GNAS,,,,no_evidence,,,FALSE,,,,,,,,,,0,,CTSZ,,0.4648,A,REQUESTED_GENE_UNAVAILABLE,CTSZ,,0.3409,B,REQUESTED_GENE_UNAVAILABLE,,,,,UNMAPPED,,,,,,,,,,,,,,,"",no catalogue holds this CpG-gene pair and no distance could be computed,,
cg24349199,cg24349199_BC21_T1_MKRN3,MKRN3,21,Imprinted genes & DMRs,cg24349199,MKRN3,,,,no_evidence,,,FALSE,,,,,,,,,,0,,NR1D2,,0.1971,B,REQUESTED_GENE_UNAVAILABLE,,,,,UNMAPPED,,,,,UNMAPPED,,,,,,,,,,,,,,,"",no catalogue holds this CpG-gene pair and no distance could be computed,,
cg24351901,cg24351901_TC21_T1_HLA_F,HLA-F,24,"Immune, inflammation & HLA",cg24351901,HLA-F,-1,higher methylation -> LOWER expression,1,measured,A,"~1.00 (measured, not predicted)",FALSE,-1,-1,,,,,,,-1,2,1,HLA-F,-1,0.7056,A,DIRECT_eQTM,HLA-F,-1,0.9745,A,PREDICTED,CDIPT,,0.0131,B,REQUESTED_GENE_UNAVAILABLE,,,,,,,,,,HLA-F;ZFP57,blood,HLA-F:-1;ZFP57:-1,-1,FALSE,"","",1,0
cg24376537,cg24376537_TC21_T1_DLG3,DLG3,16,Glutamate & synaptic scaffolding,cg24376537,DLG3,,,,no_evidence,,,FALSE,,,,,,,,,,0,,,,,,UNMAPPED,,,,,UNMAPPED,,,,,UNMAPPED,,,,,,,,,,,,,,,"",no catalogue holds this CpG-gene pair and no distance could be computed,,
cg24377694,cg24377694_BC11_T1_PDYN,PDYN,12,Opioid & melanocortin,cg24377694,PDYN,,,,no_evidence,,,FALSE,,,,,,,,,,0,,,,,,UNMAPPED,LOC388780,,0.1239,B,REQUESTED_GENE_UNAVAILABLE,,,,,UNMAPPED,,,,,,,,,,,,,,,"",no catalogue holds this CpG-gene pair and no distance could be computed,,
cg24382884,cg24382884_BC21_T1_DBH,DBH,10,Noradrenaline & sympathetic nervous system,cg24382884,DBH,,,,no_evidence,,,FALSE,,,,,,,,,,0,,DBH-AS1,,0.6863,A,REQUESTED_GENE_UNAVAILABLE,SLC2A6,,0.3197,B,REQUESTED_GENE_UNAVAILABLE,ADAMTS13,,0.2414,B,REQUESTED_GENE_UNAVAILABLE,,,,,,,,,,,,,,,"",no catalogue holds this CpG-gene pair and no distance could be computed,,
cg24389182,cg24389182_BC21_T1_CACNA1D,CACNA1D,1,"Oxytocin, vasopressin & CICR",cg24389182,CACNA1D,,,,no_evidence,,,FALSE,,,,,,,,,,0,,ZNF525,,0.1971,B,REQUESTED_GENE_UNAVAILABLE,CHDH,,0.3409,B,REQUESTED_GENE_UNAVAILABLE,,,,,UNMAPPED,,,,,,,,,,,,,,,"",no catalogue holds this CpG-gene pair and no distance could be computed,,
cg24389386,cg24389386_BC21_T1_HLA_H,HLA-H,24,"Immune, inflammation & HLA",cg24389386,HLA-H,-1,higher methylation -> LOWER expression,0.4276,catalogue_single,A,"0.62-0.87 (tier A, one tissue only)",FALSE,-1,-1,,,,,,,,1,1,HLA-H,-1,0.4276,A,PREDICTED,HLA-H,,0.2113,A,ABSTAIN,CDIPT,,0.1474,B,REQUESTED_GENE_UNAVAILABLE,,,,,,,,,,,,,,,"",only one tissue called; no cross-tissue corroboration,0.4276,0.2862
cg24398268,cg24398268_BC11_T1_GDNF,GDNF,18,Neurotrophins & activity-dependent plasticity,cg24398268,GDNF,,,,no_evidence,,,FALSE,,,,,,,,,,0,,PPP1R1B,,0.2377,B,REQUESTED_GENE_UNAVAILABLE,,,,,UNMAPPED,TBC1D1,,0.0131,B,REQUESTED_GENE_UNAVAILABLE,,,,,,,,,,,,,,,"",no catalogue holds this CpG-gene pair and no distance could be computed,,
cg24403338,cg24403338_TC21_T1_DNMT3B,DNMT3B,20,Epigenetic machinery,cg24403338,DNMT3B,,,,no_evidence,,,FALSE,,,,,,,,,,0,,,,,,UNMAPPED,BPIFB2,,0.8457,A,REQUESTED_GENE_UNAVAILABLE,,,,,UNMAPPED,,,,,,,,,,,,,,,"",no catalogue holds this CpG-gene pair and no distance could be computed,,
cg24411778,cg24411778_TC21_T1_PDE4D,PDE4D,19,GPCR signalling & second messengers,cg24411778,PDE4D,,,,no_evidence,,,FALSE,,,,,,,,,,0,,,,,,UNMAPPED,,,,,UNMAPPED,,,,,UNMAPPED,,,,,,,,,,,,,,,"",no catalogue holds this CpG-gene pair and no distance could be computed,,
cg24422188,cg24422188_BC21_T1_SGK1,SGK1,2,HPA axis & glucocorticoid signalling,cg24422188,SGK1,,,,no_evidence,,,FALSE,,,,,,,,,,0,,,,,,UNMAPPED,,,,,UNMAPPED,,,,,UNMAPPED,,,,,,,,,,,,,,,"",no catalogue holds this CpG-gene pair and no distance could be computed,,
cg24429120,cg24429120_BC21_T1_IL12A_AS1,IL12A-AS1,24,"Immune, inflammation & HLA",cg24429120,IL12A-AS1,,,,no_evidence,,,FALSE,,,,,,,,,,0,,,,,,UNMAPPED,,,,,UNMAPPED,,,,,UNMAPPED,,,,,,,,,,,,,,,"",no catalogue holds this CpG-gene pair and no distance could be computed,,
cg24430782,cg24430782_BC21_T1_CACNA1C,CACNA1C,1,"Oxytocin, vasopressin & CICR",cg24430782,CACNA1C,,,,no_evidence,,,FALSE,,,,,,,,,,0,,SH3BP2,,0.0365,B,REQUESTED_GENE_UNAVAILABLE,,,,,UNMAPPED,SH3BP2,,0.0131,B,REQUESTED_GENE_UNAVAILABLE,,,,,,,,,,,,,,,"",no catalogue holds this CpG-gene pair and no distance could be computed,,
cg24439505,cg24439505_TC21_T1_IGF2,IGF2,21,Imprinted genes & DMRs,cg24439505,IGF2,1,higher methylation -> HIGHER expression,,smr_moderate,,"0.84-0.86 (SMR tier S2, single instrument; validated n=6,008)",FALSE,1,1,1,S2,7.991e-14,1,11511,TRUE,,0,,MAD1L1,,0.1971,A,REQUESTED_GENE_UNAVAILABLE,CD81,,0.3639,A,REQUESTED_GENE_UNAVAILABLE,MAD1L1,,0.0131,B,REQUESTED_GENE_UNAVAILABLE,,,,,,,,,,,,,,,"",causal direction from SMR (blood); consistent with methylation affecting expression AND with linkage - HEIDI not run,0.7,0.85
cg24450303,cg24450303_BC11_T1_ARC,ARC,18,Neurotrophins & activity-dependent plasticity,cg24450303,ARC,-1,higher methylation -> LOWER expression,,smr_moderate,,"0.84-0.86 (SMR tier S2, single instrument; validated n=6,008)",FALSE,-1,-1,-1,S2,2.664e-35,1,609,TRUE,,0,,AC105219.1,,0.298,B,REQUESTED_GENE_UNAVAILABLE,PSCA,,0.0694,B,REQUESTED_GENE_UNAVAILABLE,PSCA,,0.0131,B,REQUESTED_GENE_UNAVAILABLE,,,,,,,,,,,,,,,"",causal direction from SMR (blood); consistent with methylation affecting expression AND with linkage - HEIDI not run,0.7,0.15
cg24475391,cg24475391_BC21_T1_VEGFA,VEGFA,7,"Pregnancy, parturition & lactation",cg24475391,VEGFA,,,,no_evidence,,,FALSE,,,,,,,,,,0,,MAD2L1BP,,0.2377,A,REQUESTED_GENE_UNAVAILABLE,C6ORF223,,0.3197,A,REQUESTED_GENE_UNAVAILABLE,C6ORF223,,0.2027,B,REQUESTED_GENE_UNAVAILABLE,,,,,,,,,,,,,,,"",no catalogue holds this CpG-gene pair and no distance could be computed,,
cg24479484,cg24479484_BC21_T1_MECP2,MECP2,20,Epigenetic machinery,cg24479484,MECP2,,,,no_evidence,,,FALSE,,,,,,,,,,0,,,,,,UNMAPPED,,,,,UNMAPPED,,,,,UNMAPPED,,,,,,,,,,,,,,,"",no catalogue holds this CpG-gene pair and no distance could be computed,,
cg24482024,cg24482024_BC21_T1_CYP11A1,CYP11A1,3,Steroidogenesis (adrenal & gonadal),cg24482024,CYP11A1,,,,no_evidence,,,FALSE,,,,,,,,,,0,,MRPL53,,0.126,A,REQUESTED_GENE_UNAVAILABLE,SEMA7A,,0.1453,A,REQUESTED_GENE_UNAVAILABLE,MRPL53,,0.1474,B,REQUESTED_GENE_UNAVAILABLE,,,,,,,,,,,,,,,"",no catalogue holds this CpG-gene pair and no distance could be computed,,
cg24520381,cg24520381_TC21_T1_PPP1R1B,PPP1R1B,8,Dopamine,cg24520381,PPP1R1B,,,,no_evidence,,,FALSE,,,,,,,,,,0,,PGAP3,,0.4517,A,REQUESTED_GENE_UNAVAILABLE,PGAP3,,0.6135,A,REQUESTED_GENE_UNAVAILABLE,,,,,UNMAPPED,,,,,,,,,,,,,,,"",no catalogue holds this CpG-gene pair and no distance could be computed,,
cg24523000,cg24523000_TC21_T1_GABRA1,GABRA1,17,GABA & excitation-inhibition balance,cg24523000,GABRA1,,,,no_evidence,,,FALSE,,,,,,,,,,0,,,,,,UNMAPPED,,,,,UNMAPPED,,,,,UNMAPPED,,,,,,,,,,,,,,,"",no catalogue holds this CpG-gene pair and no distance could be computed,,
cg24539710,cg24539710_TC21_T1_SHBG,SHBG,4,Sex steroids: receptors & metabolism,cg24539710,SHBG,,,,no_evidence,,,FALSE,,,,,,,,,,0,,SOX15,,0.298,A,REQUESTED_GENE_UNAVAILABLE,SOX15,,0.6,A,REQUESTED_GENE_UNAVAILABLE,TNFSF13,,0.1244,B,REQUESTED_GENE_UNAVAILABLE,,,,,,,,,,,,,,,"",no catalogue holds this CpG-gene pair and no distance could be computed,,
cg24547396,cg24547396_TC21_T1_COMT,COMT,8,Dopamine,cg24547396,COMT,-1,higher methylation -> LOWER expression,,smr_moderate,,"0.84-0.86 (SMR tier S2, single instrument; validated n=6,008)",FALSE,-1,-1,-1,S2,4.628e-171,1,14574,TRUE,,0,,COMT;MIR4761,,0.52,B,REQUESTED_GENE_UNAVAILABLE,ARVCF,,0.31,A,REQUESTED_GENE_UNAVAILABLE,TBX1,,0.0131,A,REQUESTED_GENE_UNAVAILABLE,,,,,,,,,,COMT;MIR4761,blood,COMT;MIR4761:-1,,FALSE,"",causal direction from SMR (blood); consistent with methylation affecting expression AND with linkage - HEIDI not run,0.7,0.15
cg24555451,cg24555451_BC21_T1_NTRK2,NTRK2,18,Neurotrophins & activity-dependent plasticity,cg24555451,NTRK2,,,,no_evidence,,,FALSE,,,,,,,,,,0,,,,,,UNMAPPED,NTRK2,,0.31,B,ABSTAIN,NTRK2,,0.1124,B,ABSTAIN,,,,,,,,,,,,,,,"",no catalogue holds this CpG-gene pair and no distance could be computed,,
cg24597512,cg24597512_BC21_T1_GABRB3,GABRB3,17,GABA & excitation-inhibition balance,cg24597512,GABRB3,-1,higher methylation -> LOWER expression,0.9745,catalogue_single,A,"0.62-0.87 (tier A, one tissue only)",FALSE,-1,-1,,,,,,,,1,1,,,,,UNMAPPED,GABRB3,-1,0.9745,A,DIRECT_eQTM,GABRB3,,0.2027,A,DIRECT_eQTM,,,,,,,,,,GABRB3,nasal_epithelium;solid_tissue,GABRB3:+1;GABRB3:-1,,FALSE,"",only one tissue called; no cross-tissue corroboration,0.9745,0.01275
cg24631356,cg24631356_BC21_T1_CALM3,CALM3,1,"Oxytocin, vasopressin & CICR",cg24631356,CALM3,-1,higher methylation -> LOWER expression,0.526,catalogue_consensus,A,"0.77-0.87 (tier A, tissues agree)",FALSE,-1,-1,,,,,,,-1,2,1,CALM3;CALM2,,0.3429,A,REQUESTED_GENE_UNAVAILABLE,CALM3,-1,0.6135,A,PREDICTED,CALM3,-1,0.4386,A,PREDICTED,,,,,,,,,,,,,,,"","",0.526,0.237
cg24641773,cg24641773_TC21_T1_FKBP1A,FKBP1A,1,"Oxytocin, vasopressin & CICR",cg24641773,FKBP1A,,,,no_evidence,,,FALSE,,,,,,,,,,0,,SIRPB2,,0.126,B,REQUESTED_GENE_UNAVAILABLE,SDCBP2,,0.139,B,REQUESTED_GENE_UNAVAILABLE,SDCBP2,,0.1815,B,REQUESTED_GENE_UNAVAILABLE,,,,,,,,,,,,,,,"",no catalogue holds this CpG-gene pair and no distance could be computed,,
cg24647029,cg24647029_BC21_T1_ITPR1,ITPR1,1,"Oxytocin, vasopressin & CICR",cg24647029,ITPR1,,,,no_evidence,,,FALSE,,,,,,,,,,0,,SUMF1,,0.126,B,REQUESTED_GENE_UNAVAILABLE,SUMF1,,0.3409,A,REQUESTED_GENE_UNAVAILABLE,SUMF1,,0.0131,B,REQUESTED_GENE_UNAVAILABLE,,,,,,,,,,,,,,,"",no catalogue holds this CpG-gene pair and no distance could be computed,,
cg24656529,cg24656529_TC21_T1_QDPR,QDPR,11,"Monoamine synthesis, transport & degradation",cg24656529,QDPR,-1,higher methylation -> LOWER expression,0.6847,catalogue_consensus,A,"0.77-0.87 (tier A, tissues agree)",FALSE,-1,-1,1,S2,4.857e-42,1,27249,FALSE,-1,3,1,QDPR,-1,0.7056,A,PREDICTED,QDPR,-1,0.9158,A,PREDICTED,QDPR,-1,0.4326,A,PREDICTED,,,,,,,,,,,,,,,""," | SMR (causal, blood) says +1 at tier S2 but a stronger layer supplied the opposite sign - inspect before using",0.6847,0.15765
cg24658899,cg24658899_BC21_T1_DLG3,DLG3,16,Glutamate & synaptic scaffolding,cg24658899,DLG3,,,,no_evidence,,,FALSE,,,,,,,,,,0,,,,,,UNMAPPED,,,,,UNMAPPED,,,,,UNMAPPED,,,,,,,,,,,,,,,"",no catalogue holds this CpG-gene pair and no distance could be computed,,
cg24660288,cg24660288_BC21_T1_SULT2A1,SULT2A1,4,Sex steroids: receptors & metabolism,cg24660288,SULT2A1,,,,no_evidence,,,FALSE,,,,,,,,,,0,,SEPW1,,0.126,B,REQUESTED_GENE_UNAVAILABLE,EHD2,,0.0695,B,REQUESTED_GENE_UNAVAILABLE,EHD2,,0.1815,B,REQUESTED_GENE_UNAVAILABLE,,,,,,,,,,,,,,,"",no catalogue holds this CpG-gene pair and no distance could be computed,,
cg24663206,cg24663206_TC11_T1_DLG3,DLG3,16,Glutamate & synaptic scaffolding,cg24663206,DLG3,,,,no_evidence,,,FALSE,,,,,,,,,,0,,,,,,UNMAPPED,,,,,UNMAPPED,,,,,UNMAPPED,,,,,,,,,,,,,,,"",no catalogue holds this CpG-gene pair and no distance could be computed,,
cg24675557,cg24675557_BC11_T1_NNAT,NNAT,21,Imprinted genes & DMRs,cg24675557,NNAT,,,,no_evidence,,,FALSE,,,,,,,,,,0,,,,,,UNMAPPED,BLCAP,,0.3409,A,REQUESTED_GENE_UNAVAILABLE,SRC,,0.1815,B,REQUESTED_GENE_UNAVAILABLE,,,,,,,,,,,,,,,"",no catalogue holds this CpG-gene pair and no distance could be computed,,
cg24677395,cg24677395_BC21_T1_FKBP1B,FKBP1B,1,"Oxytocin, vasopressin & CICR",cg24677395,FKBP1B,,,,no_evidence,,,FALSE,,,,,,,,,,0,,ZNF70,,0.2377,A,REQUESTED_GENE_UNAVAILABLE,SF3B6,,0.0694,A,REQUESTED_GENE_UNAVAILABLE,SRSF10,,0.0131,B,REQUESTED_GENE_UNAVAILABLE,,,,,,,,,,,,,,,"",no catalogue holds this CpG-gene pair and no distance could be computed,,
cg24696314,cg24696314_BC21_T1_SPR,SPR,11,"Monoamine synthesis, transport & degradation",cg24696314,SPR,,,,no_evidence,,,FALSE,,,,,,,,,,0,,,,,,UNMAPPED,,,,,UNMAPPED,,,,,UNMAPPED,,,,,,,,,,,,,,,"",no catalogue holds this CpG-gene pair and no distance could be computed,,
cg24707525,cg24707525_TC21_T1_GABRB3,GABRB3,17,GABA & excitation-inhibition balance,cg24707525,GABRB3,1,higher methylation -> HIGHER expression,0.6296,catalogue_single,A,"0.62-0.87 (tier A, one tissue only)",FALSE,1,1,,,,,,,,1,1,,,,,UNMAPPED,GABRB3,,0.4583,B,ABSTAIN,GABRB3,1,0.6296,A,PREDICTED,,,,,,,,,,,,,,,"",only one tissue called; no cross-tissue corroboration,0.6296,0.8148
cg24724428,cg24724428_BC11_T1_ELOVL2,ELOVL2,28,"Ageing, epigenetic clocks & telomere",cg24724428,ELOVL2,,,,no_evidence,,,FALSE,,,,,,,,,,0,,SYCP2L,,0.298,B,REQUESTED_GENE_UNAVAILABLE,TMED1,,0.3409,B,REQUESTED_GENE_UNAVAILABLE,,,,,UNMAPPED,,,,,,,,,,,,,,,"",no catalogue holds this CpG-gene pair and no distance could be computed,,
cg24755266,cg24755266_TC21_T1_IL12RB1,IL12RB1,24,"Immune, inflammation & HLA",cg24755266,IL12RB1,-1,higher methylation -> LOWER expression,0.3429,catalogue_single,A,"0.62-0.87 (tier A, one tissue only)",FALSE,-1,-1,,,,,,,,1,1,IL12RB1,-1,0.3429,A,PREDICTED,IL12RB1,,0.0694,A,ABSTAIN,IL12RB1,,0.1244,A,ABSTAIN,,,,,,,,,,,,,,,"",only one tissue called; no cross-tissue corroboration,0.3429,0.32855
cg24762053,cg24762053_TC21_T1_NNAT,NNAT,21,Imprinted genes & DMRs,cg24762053,NNAT,,,,no_evidence,,,FALSE,,,,,,,,,,0,,,,,,UNMAPPED,BLCAP,,0.3889,A,REQUESTED_GENE_UNAVAILABLE,SRC,,0.1815,B,REQUESTED_GENE_UNAVAILABLE,,,,,,,,,,,,,,,"",no catalogue holds this CpG-gene pair and no distance could be computed,,
cg24764793,cg24764793_BC21_T1_ESR1,ESR1,4,Sex steroids: receptors & metabolism,cg24764793,ESR1,,,,no_evidence,,,FALSE,,,,,,,,,,0,,RIF1,,0.058,A,REQUESTED_GENE_UNAVAILABLE,,,,,UNMAPPED,,,,,UNMAPPED,,,,,,,,,,,,,,,"",no catalogue holds this CpG-gene pair and no distance could be computed,,
cg24769739,cg24769739_BC21_T1_SHANK3,SHANK3,16,Glutamate & synaptic scaffolding,cg24769739,SHANK3,,,,no_evidence,,,FALSE,,,,,,,,,,0,,MAPK8IP2,,0.126,B,REQUESTED_GENE_UNAVAILABLE,MAPK8IP2,,0.1453,B,REQUESTED_GENE_UNAVAILABLE,,,,,UNMAPPED,,,,,,,,,,,,,,,"",no catalogue holds this CpG-gene pair and no distance could be computed,,
cg24781163,cg24781163_BC21_T1_IGF2,IGF2,21,Imprinted genes & DMRs,cg24781163,IGF2,,,,no_evidence,,,FALSE,,,,,,,,,,0,,MAD1L1,,0.1897,A,REQUESTED_GENE_UNAVAILABLE,TNNT3,,0.0501,A,REQUESTED_GENE_UNAVAILABLE,MAD1L1,,0.0131,B,REQUESTED_GENE_UNAVAILABLE,,,,,,,,,,,,,,,"",no catalogue holds this CpG-gene pair and no distance could be computed,,
cg24786986,cg24786986_BC21_T1_FOXP2,FOXP2,25,Social-synaptic & psychiatric risk,cg24786986,FOXP2,,,,no_evidence,,,FALSE,,,,,,,,,,0,,MAGI3,,0.2377,B,REQUESTED_GENE_UNAVAILABLE,,,,,UNMAPPED,,,,,UNMAPPED,,,,,,,,,,,,,,,"",no catalogue holds this CpG-gene pair and no distance could be computed,,
cg24819835,cg24819835_BC21_T1_CD38,CD38,1,"Oxytocin, vasopressin & CICR",cg24819835,CD38,,,,no_evidence,,,FALSE,,,,,,,,,,0,,,,,,UNMAPPED,BST1,,0.1556,B,REQUESTED_GENE_UNAVAILABLE,BST1,,0.0131,B,REQUESTED_GENE_UNAVAILABLE,,,,,,,,,,,,,,,"",no catalogue holds this CpG-gene pair and no distance could be computed,,
cg24831051,cg24831051_TC11_T1_MEF2C,MEF2C,25,Social-synaptic & psychiatric risk,cg24831051,MEF2C,,,,no_evidence,,,FALSE,,,,,,,,,,0,,,,,,UNMAPPED,LINC00461,,0.3409,B,REQUESTED_GENE_UNAVAILABLE,LINC00461,,0.4087,A,REQUESTED_GENE_UNAVAILABLE,,,,,,,,,,,,,,,"",no catalogue holds this CpG-gene pair and no distance could be computed,,
cg24832026,cg24832026_BC21_T1_PEG3,PEG3,21,Imprinted genes & DMRs,cg24832026,PEG3,,,,no_evidence,,,FALSE,,,,,,,,,,0,,ZNF835,,0.7056,A,REQUESTED_GENE_UNAVAILABLE,,,,,UNMAPPED,,,,,UNMAPPED,,,,,,,,,,,,,,,"",no catalogue holds this CpG-gene pair and no distance could be computed,,
cg24836506,cg24836506_BC11_T1_GRIN2B,GRIN2B,16,Glutamate & synaptic scaffolding,cg24836506,GRIN2B,,,,no_evidence,,,FALSE,,,,,,,,,,0,,XPC,,0.126,B,REQUESTED_GENE_UNAVAILABLE,,,,,UNMAPPED,XPC,,0.0131,B,REQUESTED_GENE_UNAVAILABLE,,,,,,,,,,,,,,,"",no catalogue holds this CpG-gene pair and no distance could be computed,,
cg24844211,cg24844211_BC21_T1_PDE4D,PDE4D,19,GPCR signalling & second messengers,cg24844211,PDE4D,,,,no_evidence,,,FALSE,,,,,,,,,,0,,DEPDC1B,,0.6863,A,REQUESTED_GENE_UNAVAILABLE,,,,,UNMAPPED,,,,,UNMAPPED,,,,,,,,,,,,,,,"",no catalogue holds this CpG-gene pair and no distance could be computed,,
cg24844423,cg24844423_TC21_T1_PEG3,PEG3,21,Imprinted genes & DMRs,cg24844423,PEG3,,,,no_evidence,,,FALSE,,,,,,,,,,0,,ZNF835,,0.4598,A,REQUESTED_GENE_UNAVAILABLE,,,,,UNMAPPED,,,,,UNMAPPED,,,,,,,,,,,,,,,"",no catalogue holds this CpG-gene pair and no distance could be computed,,
cg24858440,cg24858440_BC21_T1_GNAL,GNAL,8,Dopamine,cg24858440,GNAL,,,,no_evidence,,,FALSE,,,,,,,,,,0,,,,,,UNMAPPED,,,,,UNMAPPED,,,,,UNMAPPED,,,,,,,,,,,,,,,"",no catalogue holds this CpG-gene pair and no distance could be computed,,
cg24914853,cg24914853_BC21_T1_COMT,COMT,8,Dopamine,cg24914853,COMT,,,,no_evidence,,,FALSE,,,,,,,,,,0,,COMT;MIR4761,,0.4729,A,REQUESTED_GENE_UNAVAILABLE,ARVCF,,0.31,A,REQUESTED_GENE_UNAVAILABLE,TBX1,,0.0131,A,REQUESTED_GENE_UNAVAILABLE,,,,,,,,,,,,,,,"",no catalogue holds this CpG-gene pair and no distance could be computed,,
cg24924607,cg24924607_TC21_T1_GRK2,GRK2,19,GPCR signalling & second messengers,cg24924607,GRK2,,,,no_evidence,,,FALSE,,,,,,,,,,0,,CARNS1,,0.1971,A,REQUESTED_GENE_UNAVAILABLE,POLD4,,0.0695,A,REQUESTED_GENE_UNAVAILABLE,CLCF1,,0.0131,B,REQUESTED_GENE_UNAVAILABLE,,,,,,,,,,,,,,,"",no catalogue holds this CpG-gene pair and no distance could be computed,,
cg24935347,cg24935347_BC21_T1_CHGB,CHGB,10,Noradrenaline & sympathetic nervous system,cg24935347,CHGB,,,,no_evidence,,,FALSE,,,,,,,,,,0,,,,,,UNMAPPED,,,,,UNMAPPED,,,,,UNMAPPED,,,,,,,,,,,,,,,"",no catalogue holds this CpG-gene pair and no distance could be computed,,
cg24937675,cg24937675_TC21_T1_SGK1,SGK1,2,HPA axis & glucocorticoid signalling,cg24937675,SGK1,1,higher methylation -> HIGHER expression,,smr_moderate,,"0.84-0.86 (SMR tier S2, single instrument; validated n=6,008)",FALSE,1,1,1,S2,1.028e-24,1,74665,TRUE,,0,,,,,,UNMAPPED,,,,,UNMAPPED,,,,,UNMAPPED,,,,,,,,,,,,,,,"",causal direction from SMR (blood); consistent with methylation affecting expression AND with linkage - HEIDI not run,0.7,0.85
cg24941047,cg24941047_TC21_T1_MEST,MEST,21,Imprinted genes & DMRs,cg24941047,MEST,-1,higher methylation -> LOWER expression,,smr_moderate,,"0.84-0.86 (SMR tier S2, single instrument; validated n=6,008)",FALSE,-1,-1,-1,S2,2.857e-12,1,5501,TRUE,,0,,CPA5,,0.7056,A,REQUESTED_GENE_UNAVAILABLE,ARHGAP18,,0.4852,A,REQUESTED_GENE_UNAVAILABLE,CPA5,,0.2027,A,REQUESTED_GENE_UNAVAILABLE,,,,,,,,,,,,,,,"",causal direction from SMR (blood); consistent with methylation affecting expression AND with linkage - HEIDI not run,0.7,0.15
cg24954504,cg24954504_BC21_T1_PLCB1,PLCB1,1,"Oxytocin, vasopressin & CICR",cg24954504,PLCB1,,,,no_evidence,,,FALSE,,,,,,,,,,0,,,,,,UNMAPPED,,,,,UNMAPPED,,,,,UNMAPPED,,,,,,,,,,,,,,,"",no catalogue holds this CpG-gene pair and no distance could be computed,,
cg24959106,cg24959106_BC21_T1_PLCB4,PLCB4,1,"Oxytocin, vasopressin & CICR",cg24959106,PLCB4,,,,no_evidence,,,FALSE,,,,,,,,,,0,,THUMPD3-AS1,,0.0365,B,REQUESTED_GENE_UNAVAILABLE,,,,,UNMAPPED,,,,,UNMAPPED,,,,,,,,,,,,,,,"",no catalogue holds this CpG-gene pair and no distance could be computed,,
cg25013726,cg25013726_BC21_T1_ADRA1A,ADRA1A,10,Noradrenaline & sympathetic nervous system,cg25013726,ADRA1A,,,,no_evidence,,,FALSE,,,,,,,,,,0,,,,,,UNMAPPED,,,,,UNMAPPED,,,,,UNMAPPED,,,,,,,,,,,,,,,"",no catalogue holds this CpG-gene pair and no distance could be computed,,
cg25020204,cg25020204_TC21_T1_DBH,DBH,10,Noradrenaline & sympathetic nervous system,cg25020204,DBH,,,,no_evidence,,,FALSE,,,,,,,,,,0,,DBH-AS1,,0.126,A,REQUESTED_GENE_UNAVAILABLE,SLC2A6,,0.2479,B,REQUESTED_GENE_UNAVAILABLE,ADAMTS13,,0.1815,B,REQUESTED_GENE_UNAVAILABLE,,,,,,,,,,SARDH,blood,SARDH:+1,,TRUE,"measured association is with SARDH, not the requested gene - check which gene this CpG actually tracks","no catalogue holds this CpG-gene pair and no distance could be computed | measured association is with SARDH, not the requested gene",,
cg25023568,cg25023568_TC21_T1_NR4A1,NR4A1,18,Neurotrophins & activity-dependent plasticity,cg25023568,NR4A1,,,,no_evidence,,,FALSE,,,,,,,,,,0,,ANKRD33,,0.3429,A,REQUESTED_GENE_UNAVAILABLE,ACVRL1,,0.3197,A,REQUESTED_GENE_UNAVAILABLE,KRT7,,0.5988,A,REQUESTED_GENE_UNAVAILABLE,,,,,,,,,,,,,,,"",no catalogue holds this CpG-gene pair and no distance could be computed,,
cg25028792,cg25028792_TC21_T1_GRIN3B,GRIN3B,16,Glutamate & synaptic scaffolding,cg25028792,GRIN3B,-1,higher methylation -> LOWER expression,0.7399,catalogue_single,A,"0.62-0.87 (tier A, one tissue only)",FALSE,-1,-1,,,,,,,,1,1,WDR18,,0.7056,A,REQUESTED_GENE_UNAVAILABLE,GRIN3B,-1,0.7399,A,PREDICTED,TMEM259,,0.2027,A,REQUESTED_GENE_UNAVAILABLE,,,,,,,,,,WDR18,blood,WDR18:-1,,TRUE,"measured association is with WDR18, not the requested gene - check which gene this CpG actually tracks","only one tissue called; no cross-tissue corroboration | measured association is with WDR18, not the requested gene",0.7399,0.13005
cg25033664,cg25033664_BC21_T1_MEF2C,MEF2C,25,Social-synaptic & psychiatric risk,cg25033664,MEF2C,,,,no_evidence,,,FALSE,,,,,,,,,,0,,,,,,UNMAPPED,LINC00461,,0.0695,B,REQUESTED_GENE_UNAVAILABLE,LINC00461,,0.2027,A,REQUESTED_GENE_UNAVAILABLE,,,,,,,,,,,,,,,"",no catalogue holds this CpG-gene pair and no distance could be computed,,
cg25045942,cg25045942_BC21_T1_HLA_DPB1,HLA-DPB1,24,"Immune, inflammation & HLA",cg25045942,HLA-DPB1,1,higher methylation -> HIGHER expression,1,measured,A,"~1.00 (measured, not predicted)",FALSE,1,1,1,S3,5.713e-25,2,1049,TRUE,1,2,1,HLA-DPB1,1,0.9636,A,PREDICTED,HLA-DPB1,1,0.8509,A,DIRECT_eQTM,DYNLRB1,,0.1244,B,REQUESTED_GENE_UNAVAILABLE,,,,,,,,,,HLA-DOA;HLA-DPA1;HLA-DPB1,blood;nasal_epithelium,HLA-DOA:+1;HLA-DPA1:+1;HLA-DPB1:+1,1,FALSE,"","",1,1
cg25058023,cg25058023_BC11_T1_HTR5A,HTR5A,9,Serotonin,cg25058023,HTR5A,,,,no_evidence,,,FALSE,,,,,,,,,,0,,,,,,UNMAPPED,,,,,UNMAPPED,,,,,UNMAPPED,,,,,,,,,,,,,,,"",no catalogue holds this CpG-gene pair and no distance could be computed,,
cg25061289,cg25061289_BC21_T1_NDN,NDN,21,Imprinted genes & DMRs,cg25061289,NDN,,,,no_evidence,,,FALSE,,,,,,,,,,0,,NR1D2,,0.3429,A,REQUESTED_GENE_UNAVAILABLE,,,,,UNMAPPED,,,,,UNMAPPED,,,,,,,,,,,,,,,"",no catalogue holds this CpG-gene pair and no distance could be computed,,
cg25066281,cg25066281_BC21_T1_DLG2,DLG2,16,Glutamate & synaptic scaffolding,cg25066281,DLG2,,,,no_evidence,,,FALSE,,,,,,,,,,0,,,,,,UNMAPPED,,,,,UNMAPPED,,,,,UNMAPPED,,,,,,,,,,,,,,,"",no catalogue holds this CpG-gene pair and no distance could be computed,,
cg25067242,cg25067242_BC11_T1_NGF,NGF,18,Neurotrophins & activity-dependent plasticity,cg25067242,NGF,,,,no_evidence,,,FALSE,,,,,,,,,,0,,TSPAN2,,0.2377,B,REQUESTED_GENE_UNAVAILABLE,TSPAN2,,0.861,A,REQUESTED_GENE_UNAVAILABLE,,,,,UNMAPPED,,,,,,,,,,,,,,,"",no catalogue holds this CpG-gene pair and no distance could be computed,,
cg25068898,cg25068898_TC21_T1_DTNBP1,DTNBP1,25,Social-synaptic & psychiatric risk,cg25068898,DTNBP1,-1,higher methylation -> LOWER expression,0.4648,catalogue_single,A,"0.62-0.87 (tier A, one tissue only)",FALSE,-1,-1,,,,,,,,1,1,DTNBP1,-1,0.4648,A,PREDICTED,DTNBP1,,0.4583,B,ABSTAIN,DTNBP1,,0.2027,A,ABSTAIN,,,,,,,,,,,,,,,"",only one tissue called; no cross-tissue corroboration,0.4648,0.2676
cg25085537,cg25085537_BC21_T1_OXTR,OXTR,1,"Oxytocin, vasopressin & CICR",cg25085537,OXTR,-1,higher methylation -> LOWER expression,0.6433,catalogue_single,B,"0.55-0.84 (tier B, one tissue only)",FALSE,-1,-1,,,,,,,,1,1,TRIM66,,0.126,B,REQUESTED_GENE_UNAVAILABLE,OXTR,-1,0.6433,B,PREDICTED,TRIM66,,0.1474,A,REQUESTED_GENE_UNAVAILABLE,,,,,,,,,,,,,,,"",only one tissue called; no cross-tissue corroboration,0.6433,0.17835
cg25085925,cg25085925_BC11_T1_AR,AR,4,Sex steroids: receptors & metabolism,cg25085925,AR,,,,no_evidence,,,FALSE,,,,,,,,,,0,,,,,,UNMAPPED,,,,,UNMAPPED,,,,,UNMAPPED,,,,,,,,,,,,,,,"",no catalogue holds this CpG-gene pair and no distance could be computed,,
cg25090051,cg25090051_BC21_T1_GNAS,GNAS,19,GPCR signalling & second messengers,cg25090051,GNAS,,,,no_evidence,,,FALSE,,,,,,,,,,0,,CTSZ,,0.5493,A,REQUESTED_GENE_UNAVAILABLE,CTSZ,,0.1556,B,REQUESTED_GENE_UNAVAILABLE,,,,,UNMAPPED,,,,,,,,,,,,,,,"",no catalogue holds this CpG-gene pair and no distance could be computed,,
cg25101936,cg25101936_BC21_T1_ZBTB16,ZBTB16,2,HPA axis & glucocorticoid signalling,cg25101936,ZBTB16,,,,no_evidence,,,FALSE,,,,,,,,,,0,,,,,,UNMAPPED,,,,,UNMAPPED,MARCKS,,0.2027,A,REQUESTED_GENE_UNAVAILABLE,,,,,,,,,,,,,,,"",no catalogue holds this CpG-gene pair and no distance could be computed,,
cg25114611,cg25114611_TC21_T1_FKBP5,FKBP5,2,HPA axis & glucocorticoid signalling,cg25114611,FKBP5,-1,higher methylation -> LOWER expression,0.3639,catalogue_single,A,"0.62-0.87 (tier A, one tissue only)",FALSE,-1,-1,,,,,,,,1,1,,,,,UNMAPPED,FKBP5,-1,0.3639,A,PREDICTED,FKBP5,,0.0131,A,ABSTAIN,,,,,,,,,,,,,,,"",only one tissue called; no cross-tissue corroboration,0.3639,0.31805
cg25140571,cg25140571_BC21_T1_OXTR,OXTR,1,"Oxytocin, vasopressin & CICR",cg25140571,OXTR,-1,higher methylation -> LOWER expression,0.8567,catalogue_single,B,"0.55-0.84 (tier B, one tissue only)",FALSE,-1,-1,,,,,,,,1,1,TRIM66,,0.126,B,REQUESTED_GENE_UNAVAILABLE,OXTR,-1,0.8567,B,PREDICTED,TRIM66,,0.1474,A,REQUESTED_GENE_UNAVAILABLE,,,,,,,,,,,,,,,"",only one tissue called; no cross-tissue corroboration,0.8567,0.07165
cg25140936,cg25140936_BC21_T1_ARNTL,ARNTL,23,Circadian & melatonin,cg25140936,ARNTL,,,,no_evidence,,,FALSE,,,,,,,,,,0,,,,,,UNMAPPED,,,,,UNMAPPED,,,,,UNMAPPED,,,,,,,,,,,,,,,"",no catalogue holds this CpG-gene pair and no distance could be computed,,
cg25147026,cg25147026_TC21_T1_PTGS2,PTGS2,7,"Pregnancy, parturition & lactation",cg25147026,PTGS2,,,,no_evidence,,,FALSE,,,,,,,,,,0,,,,,,UNMAPPED,,,,,UNMAPPED,,,,,UNMAPPED,,,,,,,,,,,,,,,"",no catalogue holds this CpG-gene pair and no distance could be computed,,
cg25153755,cg25153755_BC21_T1_SYN1,SYN1,18,Neurotrophins & activity-dependent plasticity,cg25153755,SYN1,,,,no_evidence,,,FALSE,,,,,,,,,,0,,,,,,UNMAPPED,,,,,UNMAPPED,,,,,UNMAPPED,,,,,,,,,,,,,,,"",no catalogue holds this CpG-gene pair and no distance could be computed,,
cg25155098,cg25155098_TC21_T1_ESR1,ESR1,4,Sex steroids: receptors & metabolism,cg25155098,ESR1,,,,no_evidence,,,FALSE,,,,,,,,,,0,,,,,,UNMAPPED,,,,,UNMAPPED,,,,,UNMAPPED,,,,,,,,,,,,,,,"",no catalogue holds this CpG-gene pair and no distance could be computed,,
cg25158734,cg25158734_BC21_T1_CREB1,CREB1,19,GPCR signalling & second messengers,cg25158734,CREB1,,,,no_evidence,,,FALSE,,,,,,,,,,0,,PTH2R,,0.298,A,REQUESTED_GENE_UNAVAILABLE,,,,,UNMAPPED,,,,,UNMAPPED,,,,,,,,,,,,,,,"",no catalogue holds this CpG-gene pair and no distance could be computed,,
cg25161491,cg25161491_BC21_T1_DNMT3B,DNMT3B,20,Epigenetic machinery,cg25161491,DNMT3B,,,,no_evidence,,,FALSE,,,,,,,,,,0,,,,,,UNMAPPED,BPIFB2,,0.3771,A,REQUESTED_GENE_UNAVAILABLE,,,,,UNMAPPED,,,,,,,,,,,,,,,"",no catalogue holds this CpG-gene pair and no distance could be computed,,
cg25161584,cg25161584_BC21_T1_DNMT3B,DNMT3B,20,Epigenetic machinery,cg25161584,DNMT3B,,,,no_evidence,,,FALSE,,,,,,,,,,0,,,,,,UNMAPPED,BPIFB2,,0.4583,A,REQUESTED_GENE_UNAVAILABLE,,,,,UNMAPPED,,,,,,,,,,,,,,,"",no catalogue holds this CpG-gene pair and no distance could be computed,,
cg25161584,cg25161584_BC22_T1_DNMT3B,DNMT3B,20,Epigenetic machinery,cg25161584,DNMT3B,,,,no_evidence,,,FALSE,,,,,,,,,,0,,,,,,UNMAPPED,BPIFB2,,0.4583,A,REQUESTED_GENE_UNAVAILABLE,,,,,UNMAPPED,,,,,,,,,,,,,,,"",no catalogue holds this CpG-gene pair and no distance could be computed,,
cg25181655,cg25181655_TC21_T1_GRM6,GRM6,16,Glutamate & synaptic scaffolding,cg25181655,GRM6,,,,no_evidence,,,FALSE,,,,,,,,,,0,,ZNF354C,,0.3429,A,REQUESTED_GENE_UNAVAILABLE,ZNF454,,0.2479,B,REQUESTED_GENE_UNAVAILABLE,ZNF354B,,0.0131,B,REQUESTED_GENE_UNAVAILABLE,,,,,,,,,,,,,,,"",no catalogue holds this CpG-gene pair and no distance could be computed,,
cg25183978,cg25183978_BC21_T1_INSL3,INSL3,5,"HPG axis, puberty & KNDy",cg25183978,INSL3,,,,no_evidence,,,FALSE,,,,,,,,,,0,,B3GNT3,,0.3429,A,REQUESTED_GENE_UNAVAILABLE,JAK3,,0.2479,A,REQUESTED_GENE_UNAVAILABLE,KIF13A,,0.3688,A,REQUESTED_GENE_UNAVAILABLE,,,,,,,,,,,,,,,"",no catalogue holds this CpG-gene pair and no distance could be computed,,
cg25189177,cg25189177_BC21_T1_DLG3,DLG3,16,Glutamate & synaptic scaffolding,cg25189177,DLG3,,,,no_evidence,,,FALSE,,,,,,,,,,0,,,,,,UNMAPPED,,,,,UNMAPPED,,,,,UNMAPPED,,,,,,,,,,,,,,,"",no catalogue holds this CpG-gene pair and no distance could be computed,,
cg25202877,cg25202877_TC11_T1_EHMT2,EHMT2,20,Epigenetic machinery,cg25202877,EHMT2,,,,no_evidence,,,FALSE,,,,,,,,,,0,,C2,,0.4598,A,REQUESTED_GENE_UNAVAILABLE,C2,,0.3197,A,REQUESTED_GENE_UNAVAILABLE,C2,,0.0131,A,REQUESTED_GENE_UNAVAILABLE,,,,,,,,,,,,,,,"",no catalogue holds this CpG-gene pair and no distance could be computed,,
cg25204743,cg25204743_BC21_T1_KCNQ1OT1,KCNQ1OT1,21,Imprinted genes & DMRs,cg25204743,KCNQ1OT1,,,,no_evidence,,,FALSE,,,,,,,,,,0,,VLDLR,,0.3959,A,REQUESTED_GENE_UNAVAILABLE,CDKN1C,,0.0695,A,REQUESTED_GENE_UNAVAILABLE,CDKN1C,,0.4326,A,REQUESTED_GENE_UNAVAILABLE,,,,,,,,,,,,,,,"",no catalogue holds this CpG-gene pair and no distance could be computed,,
cg25229306,cg25229306_TC21_T1_GNAS,GNAS,19,GPCR signalling & second messengers,cg25229306,GNAS,,,,no_evidence,,,FALSE,,,,,,,,,,0,,CTSZ,,0.4648,A,REQUESTED_GENE_UNAVAILABLE,CTSZ,,0.3409,B,REQUESTED_GENE_UNAVAILABLE,,,,,UNMAPPED,,,,,,,,,,,,,,,"",no catalogue holds this CpG-gene pair and no distance could be computed,,
cg25238876,cg25238876_BC21_T1_GRM1,GRM1,16,Glutamate & synaptic scaffolding,cg25238876,GRM1,,,,no_evidence,,,FALSE,,,,,,,,,,0,,,,,,UNMAPPED,,,,,UNMAPPED,SHPRH,,0.1667,B,REQUESTED_GENE_UNAVAILABLE,,,,,,,,,,,,,,,"",no catalogue holds this CpG-gene pair and no distance could be computed,,
cg25306586,cg25306586_BC21_T1_RELN,RELN,25,Social-synaptic & psychiatric risk,cg25306586,RELN,,,,no_evidence,,,FALSE,,,,,,,,,,0,,,,,,UNMAPPED,PSMC2,,0.4765,B,REQUESTED_GENE_UNAVAILABLE,,,,,UNMAPPED,,,,,,,,,,,,,,,"",no catalogue holds this CpG-gene pair and no distance could be computed,,
cg25306939,cg25306939_TC21_T1_KCNQ1OT1,KCNQ1OT1,21,Imprinted genes & DMRs,cg25306939,KCNQ1OT1,,,,no_evidence,,,FALSE,,,,,,,,,,0,,VLDLR,,0.3959,A,REQUESTED_GENE_UNAVAILABLE,CDKN1C,,0.0695,A,REQUESTED_GENE_UNAVAILABLE,CDKN1C,,0.4386,A,REQUESTED_GENE_UNAVAILABLE,,,,,,,,,,,,,,,"",no catalogue holds this CpG-gene pair and no distance could be computed,,
cg25308531,cg25308531_BC21_T1_NCOA4,NCOA4,4,Sex steroids: receptors & metabolism,cg25308531,NCOA4,,,,no_evidence,,,FALSE,,,,,,,,,,0,,PARG;PARGP1,,0.6863,A,REQUESTED_GENE_UNAVAILABLE,MSMB,,0.3771,A,REQUESTED_GENE_UNAVAILABLE,RAD54L2,,0.474,B,REQUESTED_GENE_UNAVAILABLE,,,,,,,,,,,,,,,"",no catalogue holds this CpG-gene pair and no distance could be computed,,
cg25313204,cg25313204_BC21_T1_SLC22A3,SLC22A3,11,"Monoamine synthesis, transport & degradation",cg25313204,SLC22A3,,,,no_evidence,,,FALSE,,,,,,,,,,0,,,,,,UNMAPPED,,,,,UNMAPPED,,,,,UNMAPPED,,,,,,,,,,,,,,,"",no catalogue holds this CpG-gene pair and no distance could be computed,,
cg25326570,cg25326570_TC21_T1_GNAS,GNAS,19,GPCR signalling & second messengers,cg25326570,GNAS,,,,no_evidence,,,FALSE,,,,,,,,,,0,,CTSZ,,0.4648,A,REQUESTED_GENE_UNAVAILABLE,CTSZ,,0.3409,B,REQUESTED_GENE_UNAVAILABLE,,,,,UNMAPPED,,,,,,,,,,,,,,,"",no catalogue holds this CpG-gene pair and no distance could be computed,,
cg25336198,cg25336198_BC21_T1_INS,INS,27,Appetite & metabolic programming,cg25336198,INS,,,,no_evidence,,,FALSE,,,,,,,,,,0,,MAD1L1,,0.1971,A,REQUESTED_GENE_UNAVAILABLE,CD81,,0.8169,A,REQUESTED_GENE_UNAVAILABLE,MAD1L1,,0.0131,B,REQUESTED_GENE_UNAVAILABLE,,,,,,,,,,TSPAN32,blood,TSPAN32:+1,,TRUE,"measured association is with TSPAN32, not the requested gene - check which gene this CpG actually tracks","no catalogue holds this CpG-gene pair and no distance could be computed | measured association is with TSPAN32, not the requested gene",,
cg25338438,cg25338438_BC21_T1_GABRA1,GABRA1,17,GABA & excitation-inhibition balance,cg25338438,GABRA1,,,,no_evidence,,,FALSE,,,,,,,,,,0,,,,,,UNMAPPED,,,,,UNMAPPED,,,,,UNMAPPED,,,,,,,,,,,,,,,"",no catalogue holds this CpG-gene pair and no distance could be computed,,
cg25343661,cg25343661_BC21_T1_VEGFA,VEGFA,7,"Pregnancy, parturition & lactation",cg25343661,VEGFA,,,,no_evidence,,,FALSE,,,,,,,,,,0,,MAD2L1BP,,0.571,A,REQUESTED_GENE_UNAVAILABLE,C6ORF223,,0.3197,A,REQUESTED_GENE_UNAVAILABLE,C6ORF223,,0.2027,B,REQUESTED_GENE_UNAVAILABLE,,,,,,,,,,,,,,,"",no catalogue holds this CpG-gene pair and no distance could be computed,,
cg25373998,cg25373998_TC21_T1_NLGN3,NLGN3,25,Social-synaptic & psychiatric risk,cg25373998,NLGN3,,,,no_evidence,,,FALSE,,,,,,,,,,0,,,,,,UNMAPPED,,,,,UNMAPPED,,,,,UNMAPPED,,,,,,,,,,,,,,,"",no catalogue holds this CpG-gene pair and no distance could be computed,,
cg25410641,cg25410641_BC21_T1_HDAC4,HDAC4,20,Epigenetic machinery,cg25410641,HDAC4,,,,no_evidence,,,FALSE,,,,,,,,,,0,,,,,,UNMAPPED,,,,,UNMAPPED,,,,,UNMAPPED,,,,,,,,,,,,,,,"",no catalogue holds this CpG-gene pair and no distance could be computed,,
cg25415685,cg25415685_BC21_T1_PDYN,PDYN,12,Opioid & melanocortin,cg25415685,PDYN,,,,no_evidence,,,FALSE,,,,,,,,,,0,,,,,,UNMAPPED,LOC388780,,0.1239,B,REQUESTED_GENE_UNAVAILABLE,,,,,UNMAPPED,,,,,,,,,,,,,,,"",no catalogue holds this CpG-gene pair and no distance could be computed,,
cg25415941,cg25415941_TC21_T1_DLG2,DLG2,16,Glutamate & synaptic scaffolding,cg25415941,DLG2,,,,no_evidence,,,FALSE,,,,,,,,,,0,,LIN54,,0.2377,B,REQUESTED_GENE_UNAVAILABLE,DLG2,,0.31,B,ABSTAIN,DLG2,,0.0131,B,ABSTAIN,,,,,,,,,,,,,,,"",no catalogue holds this CpG-gene pair and no distance could be computed,,
cg25422422,cg25422422_TC21_T1_NRG1,NRG1,25,Social-synaptic & psychiatric risk,cg25422422,NRG1,,,,no_evidence,,,FALSE,,,,,,,,,,0,,LOC105379362,,0.2377,B,REQUESTED_GENE_UNAVAILABLE,,,,,UNMAPPED,AKAP6,,0.0131,B,REQUESTED_GENE_UNAVAILABLE,,,,,,,,,,,,,,,"",no catalogue holds this CpG-gene pair and no distance could be computed,,
cg25434856,cg25434856_BC21_T1_SYP,SYP,18,Neurotrophins & activity-dependent plasticity,cg25434856,SYP,,,,no_evidence,,,FALSE,,,,,,,,,,0,,,,,,UNMAPPED,,,,,UNMAPPED,,,,,UNMAPPED,,,,,,,,,,,,,,,"",no catalogue holds this CpG-gene pair and no distance could be computed,,
cg25456593,cg25456593_TC11_T1_SHANK2,SHANK2,16,Glutamate & synaptic scaffolding,cg25456593,SHANK2,1,higher methylation -> HIGHER expression,0.7091,catalogue_single,A,"0.62-0.87 (tier A, one tissue only)",FALSE,1,1,,,,,,,,1,1,COL19A1,,0.2377,B,REQUESTED_GENE_UNAVAILABLE,SHANK2,,0.3197,B,ABSTAIN,SHANK2,1,0.7091,A,PREDICTED,,,,,,,,,,,,,,,"",only one tissue called; no cross-tissue corroboration,0.7091,0.85455
cg25458871,cg25458871_BC21_T1_PEG3,PEG3,21,Imprinted genes & DMRs,cg25458871,PEG3,,,,no_evidence,,,FALSE,,,,,,,,,,0,,ZNF835,,0.4598,A,REQUESTED_GENE_UNAVAILABLE,,,,,UNMAPPED,,,,,UNMAPPED,,,,,,,,,,,,,,,"",no catalogue holds this CpG-gene pair and no distance could be computed,,
cg25485181,cg25485181_TC21_T1_GNAS,GNAS,19,GPCR signalling & second messengers,cg25485181,GNAS,,,,no_evidence,,,FALSE,,,,,,,,,,0,,CTSZ,,0.3429,A,REQUESTED_GENE_UNAVAILABLE,CTSZ,,0.3409,B,REQUESTED_GENE_UNAVAILABLE,,,,,UNMAPPED,,,,,,,,,,,,,,,"",no catalogue holds this CpG-gene pair and no distance could be computed,,
cg25485208,cg25485208_TC21_T1_GNAS,GNAS,19,GPCR signalling & second messengers,cg25485208,GNAS,,,,no_evidence,,,FALSE,,,,,,,,,,0,,CTSZ,,0.3429,A,REQUESTED_GENE_UNAVAILABLE,CTSZ,,0.3409,B,REQUESTED_GENE_UNAVAILABLE,,,,,UNMAPPED,,,,,,,,,,,,,,,"",no catalogue holds this CpG-gene pair and no distance could be computed,,
cg25485251,cg25485251_TC21_T1_GNAS,GNAS,19,GPCR signalling & second messengers,cg25485251,GNAS,,,,no_evidence,,,FALSE,,,,,,,,,,0,,CTSZ,,0.3429,A,REQUESTED_GENE_UNAVAILABLE,CTSZ,,0.3409,B,REQUESTED_GENE_UNAVAILABLE,,,,,UNMAPPED,,,,,,,,,,,,,,,"",no catalogue holds this CpG-gene pair and no distance could be computed,,
cg25489105,cg25489105_BC21_T1_MBD4,MBD4,20,Epigenetic machinery,cg25489105,MBD4,-1,higher methylation -> LOWER expression,0.6537,catalogue_single,A,"0.62-0.87 (tier A, one tissue only)",FALSE,-1,-1,,,,,,,,1,1,MBD4,-1,0.6537,A,PREDICTED,MBD4,,0.2479,A,ABSTAIN,,,,,UNMAPPED,,,,,,,,,,,,,,,"",only one tissue called; no cross-tissue corroboration,0.6537,0.17315
cg25501422,cg25501422_TC21_T1_INHBB,INHBB,5,"HPG axis, puberty & KNDy",cg25501422,INHBB,,,,no_evidence,,,FALSE,,,,,,,,,,0,,,,,,UNMAPPED,RALB,,0.3409,B,REQUESTED_GENE_UNAVAILABLE,,,,,UNMAPPED,,,,,,,,,,,,,,,"",no catalogue holds this CpG-gene pair and no distance could be computed,,
cg25509697,cg25509697_BC21_T1_FOXL2,FOXL2,5,"HPG axis, puberty & KNDy",cg25509697,FOXL2,,,,no_evidence,,,FALSE,,,,,,,,,,0,,,,,,UNMAPPED,,,,,UNMAPPED,,,,,UNMAPPED,,,,,,,,,,,,,,,"",no catalogue holds this CpG-gene pair and no distance could be computed,,
cg25511667,cg25511667_TC11_T1_HLA_DPA1,HLA-DPA1,24,"Immune, inflammation & HLA",cg25511667,HLA-DPA1,1,higher methylation -> HIGHER expression,1,measured,A,"~1.00 (measured, not predicted)",FALSE,1,1,,,,,,,1,2,1,HLA-DPA1,1,0.9636,A,DIRECT_eQTM,HLA-DPA1,1,0.8509,A,DIRECT_eQTM,DYNLRB1,,0.1244,B,REQUESTED_GENE_UNAVAILABLE,,,,,,,,,,HLA-DPA1,blood;nasal_epithelium,HLA-DPA1:+1,1,FALSE,"","",1,1
cg25514301,cg25514301_BC21_T1_GRIN3A,GRIN3A,16,Glutamate & synaptic scaffolding,cg25514301,GRIN3A,,,,no_evidence,,,FALSE,,,,,,,,,,0,,,,,,UNMAPPED,,,,,UNMAPPED,,,,,UNMAPPED,,,,,,,,,,,,,,,"",no catalogue holds this CpG-gene pair and no distance could be computed,,
cg25530661,cg25530661_TC21_T1_CLOCK,CLOCK,23,Circadian & melatonin,cg25530661,CLOCK,,,,no_evidence,,,FALSE,,,,,,,,,,0,,,,,,UNMAPPED,TMEM165,,0.2222,B,REQUESTED_GENE_UNAVAILABLE,,,,,UNMAPPED,,,,,,,,,,,,,,,"",no catalogue holds this CpG-gene pair and no distance could be computed,,
cg25551168,cg25551168_BC21_T1_AVP,AVP,1,"Oxytocin, vasopressin & CICR",cg25551168,AVP,-1,higher methylation -> LOWER expression,0.52,catalogue_single,A,"0.62-0.87 (tier A, one tissue only)",FALSE,-1,-1,,,,,,,,1,1,AVP,-1,0.52,A,PREDICTED,,,,,UNMAPPED,,,,,UNMAPPED,,,,,,,,,,,,,,,"",only one tissue called; no cross-tissue corroboration,0.52,0.24
cg25557995,cg25557995_TC21_T1_CACNA1C,CACNA1C,1,"Oxytocin, vasopressin & CICR",cg25557995,CACNA1C,,,,no_evidence,,,FALSE,,,,,,,,,,0,,SH3BP2,,0.0365,B,REQUESTED_GENE_UNAVAILABLE,,,,,UNMAPPED,SH3BP2,,0.0131,B,REQUESTED_GENE_UNAVAILABLE,,,,,,,,,,,,,,,"",no catalogue holds this CpG-gene pair and no distance could be computed,,
cg25563198,cg25563198_BC21_T1_FKBP5,FKBP5,2,HPA axis & glucocorticoid signalling,cg25563198,FKBP5,-1,higher methylation -> LOWER expression,0.3639,catalogue_single,A,"0.62-0.87 (tier A, one tissue only)",FALSE,-1,-1,,,,,,,,1,1,,,,,UNMAPPED,FKBP5,-1,0.3639,A,PREDICTED,FKBP5,,0.0131,A,ABSTAIN,,,,,,,,,,,,,,,"",only one tissue called; no cross-tissue corroboration,0.3639,0.31805
cg25565192,cg25565192_TC21_T1_NPAS4,NPAS4,18,Neurotrophins & activity-dependent plasticity,cg25565192,NPAS4,,,,no_evidence,,,FALSE,,,,,,,,,,0,,MRPL11,,0.3429,A,REQUESTED_GENE_UNAVAILABLE,MRPL11,,0.8366,A,REQUESTED_GENE_UNAVAILABLE,RIN1,,0.1124,B,REQUESTED_GENE_UNAVAILABLE,,,,,,,,,,,,,,,"",no catalogue holds this CpG-gene pair and no distance could be computed,,
cg25580019,cg25580019_BC21_T1_RTEL1,RTEL1,28,"Ageing, epigenetic clocks & telomere",cg25580019,RTEL1,,,,no_evidence,,,FALSE,,,,,,,,,,0,,TNFRSF6B;RTEL1;RTEL1-TNFRSF6B,,0.7056,A,REQUESTED_GENE_UNAVAILABLE,STMN3,,0.1556,A,REQUESTED_GENE_UNAVAILABLE,STMN3,,0.1667,A,REQUESTED_GENE_UNAVAILABLE,,,,,,,,,,,,,,,"",no catalogue holds this CpG-gene pair and no distance could be computed,,
cg25583503,cg25583503_TC21_T1_UGT2B7,UGT2B7,4,Sex steroids: receptors & metabolism,cg25583503,UGT2B7,-1,higher methylation -> LOWER expression,0.4852,catalogue_single,A,"0.62-0.87 (tier A, one tissue only)",FALSE,-1,-1,,,,,,,,1,1,UGT2B11,,0.126,B,REQUESTED_GENE_UNAVAILABLE,UGT2B7,-1,0.4852,A,PREDICTED,,,,,UNMAPPED,,,,,,,,,,,,,,,"",only one tissue called; no cross-tissue corroboration,0.4852,0.2574
cg25593941,cg25593941_BC21_T1_OPRL1,OPRL1,12,Opioid & melanocortin,cg25593941,OPRL1,,,,no_evidence,,,FALSE,,,,,,,,,,0,,NTSR1,,0.298,A,REQUESTED_GENE_UNAVAILABLE,LKAAEAR1,,0.861,A,REQUESTED_GENE_UNAVAILABLE,RGS19,,0.4326,A,REQUESTED_GENE_UNAVAILABLE,,,,,,,,,,,,,,,"",no catalogue holds this CpG-gene pair and no distance could be computed,,
cg25593971,cg25593971_BC21_T1_OPRL1,OPRL1,12,Opioid & melanocortin,cg25593971,OPRL1,,,,no_evidence,,,FALSE,,,,,,,,,,0,,NTSR1,,0.298,A,REQUESTED_GENE_UNAVAILABLE,LKAAEAR1,,0.861,A,REQUESTED_GENE_UNAVAILABLE,RGS19,,0.4326,A,REQUESTED_GENE_UNAVAILABLE,,,,,,,,,,,,,,,"",no catalogue holds this CpG-gene pair and no distance could be computed,,
cg25594486,cg25594486_TC11_T1_SHANK1,SHANK1,16,Glutamate & synaptic scaffolding,cg25594486,SHANK1,,,,no_evidence,,,FALSE,,,,,,,,,,0,,CLEC11A,,0.561,A,REQUESTED_GENE_UNAVAILABLE,JOSD2,,0.4583,A,REQUESTED_GENE_UNAVAILABLE,SHANK3,,0.0131,B,REQUESTED_GENE_UNAVAILABLE,,,,,,,,,,,,,,,"",no catalogue holds this CpG-gene pair and no distance could be computed,,
cg25602756,cg25602756_TC21_T1_NLRP3,NLRP3,24,"Immune, inflammation & HLA",cg25602756,NLRP3,1,higher methylation -> HIGHER expression,0.3197,catalogue_single,A,"0.62-0.87 (tier A, one tissue only)",FALSE,1,1,,,,,,,,1,1,GCSAML,,0.2377,B,REQUESTED_GENE_UNAVAILABLE,NLRP3,1,0.3197,A,PREDICTED,GCSAML,,0.0131,B,REQUESTED_GENE_UNAVAILABLE,,,,,,,,,,,,,,,"",only one tissue called; no cross-tissue corroboration,0.3197,0.65985
cg25612405,cg25612405_TC21_T1_CREBBP,CREBBP,20,Epigenetic machinery,cg25612405,CREBBP,,,,no_evidence,,,FALSE,,,,,,,,,,0,,DNASE1,,0.0641,A,REQUESTED_GENE_UNAVAILABLE,SLX4,,0.3639,A,REQUESTED_GENE_UNAVAILABLE,DNASE1,,0.2027,A,REQUESTED_GENE_UNAVAILABLE,,,,,,,,,,,,,,,"",no catalogue holds this CpG-gene pair and no distance could be computed,,
cg25616356,cg25616356_TC21_T1_CHGA,CHGA,10,Noradrenaline & sympathetic nervous system,cg25616356,CHGA,,,,no_evidence,,,FALSE,,,,,,,,,,0,,LGMN,,0.2377,B,REQUESTED_GENE_UNAVAILABLE,LGMN,,0.0695,B,REQUESTED_GENE_UNAVAILABLE,,,,,UNMAPPED,,,,,,,,,,,,,,,"",no catalogue holds this CpG-gene pair and no distance could be computed,,
cg25630380,cg25630380_BC21_T1_NTRK1,NTRK1,18,Neurotrophins & activity-dependent plasticity,cg25630380,NTRK1,,,,no_evidence,,,FALSE,,,,,,,,,,0,,SH2D2A,,0.058,A,REQUESTED_GENE_UNAVAILABLE,SH2D2A,,0.8878,A,REQUESTED_GENE_UNAVAILABLE,LRRC71,,0.2414,A,REQUESTED_GENE_UNAVAILABLE,,,,,,,,,,SH2D2A,blood,SH2D2A:-1,,TRUE,"measured association is with SH2D2A, not the requested gene - check which gene this CpG actually tracks","no catalogue holds this CpG-gene pair and no distance could be computed | measured association is with SH2D2A, not the requested gene",,
cg25633383,cg25633383_TC21_T1_EHMT2,EHMT2,20,Epigenetic machinery,cg25633383,EHMT2,,,,no_evidence,,,FALSE,,,,,,,,,,0,,C2,,0.3429,A,REQUESTED_GENE_UNAVAILABLE,C2,,0.8169,A,REQUESTED_GENE_UNAVAILABLE,C2,,0.4386,A,REQUESTED_GENE_UNAVAILABLE,,,,,,,,,,,,,,,"",no catalogue holds this CpG-gene pair and no distance could be computed,,
cg25645732,cg25645732_BC21_T1_CNTNAP2,CNTNAP2,25,Social-synaptic & psychiatric risk,cg25645732,CNTNAP2,-1,higher methylation -> LOWER expression,0.4087,catalogue_single,A,"0.62-0.87 (tier A, one tissue only)",FALSE,-1,-1,,,,,,,,1,1,,,,,UNMAPPED,,,,,UNMAPPED,CNTNAP2,-1,0.4087,A,PREDICTED,,,,,,,,,,,,,,,"",only one tissue called; no cross-tissue corroboration,0.4087,0.29565
cg25652859,cg25652859_BC21_T1_GNAS,GNAS,19,GPCR signalling & second messengers,cg25652859,GNAS,,,,no_evidence,,,FALSE,,,,,,,,,,0,,CTSZ,,0.4648,A,REQUESTED_GENE_UNAVAILABLE,CTSZ,,0.3409,B,REQUESTED_GENE_UNAVAILABLE,,,,,UNMAPPED,,,,,,,,,,,,,,,"",no catalogue holds this CpG-gene pair and no distance could be computed,,
cg25664320,cg25664320_BC21_T1_FSHB,FSHB,5,"HPG axis, puberty & KNDy",cg25664320,FSHB,,,,no_evidence,,,FALSE,,,,,,,,,,0,,,,,,UNMAPPED,,,,,UNMAPPED,,,,,UNMAPPED,,,,,,,,,,,,,,,"",no catalogue holds this CpG-gene pair and no distance could be computed,,
cg25686125,cg25686125_TC21_T1_AR,AR,4,Sex steroids: receptors & metabolism,cg25686125,AR,,,,no_evidence,,,FALSE,,,,,,,,,,0,,,,,,UNMAPPED,,,,,UNMAPPED,,,,,UNMAPPED,,,,,,,,,,,,,,,"",no catalogue holds this CpG-gene pair and no distance could be computed,,
cg25693132,cg25693132_TC21_T1_GRM2,GRM2,16,Glutamate & synaptic scaffolding,cg25693132,GRM2,-1,higher methylation -> LOWER expression,,smr_moderate,,"0.84-0.86 (SMR tier S2, single instrument; validated n=6,008)",FALSE,-1,-1,-1,S2,6.054e-98,1,6116,TRUE,,0,,IQCF4,,0.1971,B,REQUESTED_GENE_UNAVAILABLE,PARP3,,0.8793,A,REQUESTED_GENE_UNAVAILABLE,EPS15,,0.3688,A,REQUESTED_GENE_UNAVAILABLE,,,,,,,,,,,,,,,"",causal direction from SMR (blood); consistent with methylation affecting expression AND with linkage - HEIDI not run,0.7,0.15
cg25702579,cg25702579_TC21_T1_AFMID,AFMID,15,Kynurenine pathway,cg25702579,AFMID,-1,higher methylation -> LOWER expression,0.3429,catalogue_single,A,"0.62-0.87 (tier A, one tissue only)",FALSE,-1,-1,,,,,,,,1,1,AFMID,-1,0.3429,A,PREDICTED,SYNGR2,,0.6433,A,REQUESTED_GENE_UNAVAILABLE,,,,,UNMAPPED,,,,,,,,,,,,,,,"",only one tissue called; no cross-tissue corroboration,0.3429,0.32855
cg25710507,cg25710507_BC21_T1_NTRK2,NTRK2,18,Neurotrophins & activity-dependent plasticity,cg25710507,NTRK2,-1,higher methylation -> LOWER expression,0.6664,catalogue_consensus,A,"0.77-0.87 (tier A, tissues agree)",FALSE,-1,-1,,,,,,,-1,2,1,,,,,UNMAPPED,NTRK2,-1,0.9641,A,PREDICTED,NTRK2,-1,0.3688,A,PREDICTED,,,,,,,,,,,,,,,"","",0.6664,0.1668
cg25712981,cg25712981_TC11_T1_NNAT,NNAT,21,Imprinted genes & DMRs,cg25712981,NNAT,,,,no_evidence,,,FALSE,,,,,,,,,,0,,,,,,UNMAPPED,BLCAP,,0.3771,A,REQUESTED_GENE_UNAVAILABLE,SRC,,0.1815,B,REQUESTED_GENE_UNAVAILABLE,,,,,,,,,,,,,,,"",no catalogue holds this CpG-gene pair and no distance could be computed,,
cg25713558,cg25713558_TC21_T1_DIO2,DIO2,26,Thyroid & neurodevelopment,cg25713558,DIO2,,,,no_evidence,,,FALSE,,,,,,,,,,0,,,,,,UNMAPPED,DIO2,,0.0694,A,ABSTAIN,FAH,,0.2027,B,REQUESTED_GENE_UNAVAILABLE,,,,,,,,,,,,,,,"",no catalogue holds this CpG-gene pair and no distance could be computed,,
cg25736982,cg25736982_BC21_T1_SOD2,SOD2,29,Oxidative stress & mitochondria,cg25736982,SOD2,-1,higher methylation -> LOWER expression,,smr_high,,"0.95-0.97 (SMR tier S1, concordant instruments; validated n=2,141)",FALSE,-1,-1,-1,S1,1.479e-46,2,40726,TRUE,,0,,LOC401281,,0.6537,A,REQUESTED_GENE_UNAVAILABLE,SOD2,,0.3771,B,ABSTAIN,SOD2,,0.4326,B,ABSTAIN,,,,,,,,,,LOC401281,blood,LOC401281:-1,,TRUE,"measured association is with LOC401281, not the requested gene - check which gene this CpG actually tracks","causal direction from SMR (blood); consistent with methylation affecting expression AND with linkage - HEIDI not run | measured association is with LOC401281, not the requested gene",0.7,0.15
cg25738176,cg25738176_BC21_T1_ATP2A3,ATP2A3,1,"Oxytocin, vasopressin & CICR",cg25738176,ATP2A3,-1,higher methylation -> LOWER expression,0.5317,catalogue_consensus,A,"0.77-0.87 (tier A, tissues agree)",FALSE,-1,-1,1,S2,3.43e-23,1,1054,FALSE,-1,2,1,ATP2A3,-1,0.6863,A,PREDICTED,ATP2A3,-1,0.3771,A,PREDICTED,ATP2A3,,0.0131,A,ABSTAIN,,,,,,,,,,,,,,,""," | SMR (causal, blood) says +1 at tier S2 but a stronger layer supplied the opposite sign - inspect before using",0.5317,0.23415
cg25742037,cg25742037_TC21_T1_IGF2,IGF2,21,Imprinted genes & DMRs,cg25742037,IGF2,,,,no_evidence,,,FALSE,,,,,,,,,,0,,MAD1L1,,0.1971,A,REQUESTED_GENE_UNAVAILABLE,CD81,,0.3639,A,REQUESTED_GENE_UNAVAILABLE,MAD1L1,,0.0131,B,REQUESTED_GENE_UNAVAILABLE,,,,,,,,,,,,,,,"",no catalogue holds this CpG-gene pair and no distance could be computed,,
cg25764570,cg25764570_TC21_T1_HLA_DRA,HLA-DRA,24,"Immune, inflammation & HLA",cg25764570,HLA-DRA,-1,higher methylation -> LOWER expression,0.8304,catalogue_consensus,A,"0.77-0.87 (tier A, tissues agree)",FALSE,-1,-1,,,,,,,-1,2,1,HLA-DRA,-1,0.6863,A,PREDICTED,HLA-DRA,-1,0.9745,A,PREDICTED,NOTCH4,,0.1667,B,REQUESTED_GENE_UNAVAILABLE,,,,,,,,,,HLA-DRB5,blood,HLA-DRB5:-1,,TRUE,"measured association is with HLA-DRB5, not the requested gene - check which gene this CpG actually tracks","| measured association is with HLA-DRB5, not the requested gene",0.8304,0.0848
cg25768543,cg25768543_BC21_T1_KYAT1,KYAT1,15,Kynurenine pathway,cg25768543,KYAT1,,,,no_evidence,,,FALSE,,,,,,,,,,0,,SPOUT1,,0.1971,A,REQUESTED_GENE_UNAVAILABLE,KYAT1,,0.1453,B,ABSTAIN,LRRC8A,,0.0131,B,REQUESTED_GENE_UNAVAILABLE,,,,,,,,,,,,,,,"",no catalogue holds this CpG-gene pair and no distance could be computed,,
cg25780543,cg25780543_BC21_T1_HTR5A,HTR5A,9,Serotonin,cg25780543,HTR5A,,,,no_evidence,,,FALSE,,,,,,,,,,0,,,,,,UNMAPPED,,,,,UNMAPPED,,,,,UNMAPPED,,,,,,,,,,,,,,,"",no catalogue holds this CpG-gene pair and no distance could be computed,,
cg25786980,cg25786980_BC21_T1_FDXR,FDXR,3,Steroidogenesis (adrenal & gonadal),cg25786980,FDXR,,,,no_evidence,,,FALSE,,,,,,,,,,0,,ARHGEF28,,0.0365,B,REQUESTED_GENE_UNAVAILABLE,NAT9,,0.3409,B,REQUESTED_GENE_UNAVAILABLE,SLC16A5,,0.1815,B,REQUESTED_GENE_UNAVAILABLE,,,,,,,,,,,,,,,"",no catalogue holds this CpG-gene pair and no distance could be computed,,
cg25805124,cg25805124_BC21_T1_GABRA3,GABRA3,17,GABA & excitation-inhibition balance,cg25805124,GABRA3,,,,no_evidence,,,FALSE,,,,,,,,,,0,,,,,,UNMAPPED,,,,,UNMAPPED,,,,,UNMAPPED,,,,,,,,,,,,,,,"",no catalogue holds this CpG-gene pair and no distance could be computed,,
cg25813109,cg25813109_TC21_T1_AHCY,AHCY,22,One-carbon metabolism,cg25813109,AHCY,,,,no_evidence,,,FALSE,,,,,,,,,,0,,,,,,UNMAPPED,EIF2S2,,0.0695,B,REQUESTED_GENE_UNAVAILABLE,,,,,UNMAPPED,,,,,,,,,,,,,,,"",no catalogue holds this CpG-gene pair and no distance could be computed,,
cg25824411,cg25824411_TC21_T1_SLC12A5,SLC12A5,17,GABA & excitation-inhibition balance,cg25824411,SLC12A5,,,,no_evidence,,,FALSE,,,,,,,,,,0,,CD40,,0.4598,A,REQUESTED_GENE_UNAVAILABLE,MMP9,,0.3409,A,REQUESTED_GENE_UNAVAILABLE,PLTP,,0.0131,B,REQUESTED_GENE_UNAVAILABLE,,,,,,,,,,,,,,,"",no catalogue holds this CpG-gene pair and no distance could be computed,,
cg25835733,cg25835733_TC21_T1_GAD2,GAD2,17,GABA & excitation-inhibition balance,cg25835733,GAD2,,,,no_evidence,,,FALSE,,,,,,,,,,0,,ZNF322,,0.0641,B,REQUESTED_GENE_UNAVAILABLE,APBB1IP,,0.4765,B,REQUESTED_GENE_UNAVAILABLE,APBB1IP,,0.1815,B,REQUESTED_GENE_UNAVAILABLE,,,,,,,,,,,,,,,"",no catalogue holds this CpG-gene pair and no distance could be computed,,
cg25836326,cg25836326_BC21_T1_DRD3,DRD3,8,Dopamine,cg25836326,DRD3,,,,no_evidence,,,FALSE,,,,,,,,,,0,,CUL4A,,0.3429,A,REQUESTED_GENE_UNAVAILABLE,TIGIT,,0.0695,A,REQUESTED_GENE_UNAVAILABLE,CUL4A,,0.0131,B,REQUESTED_GENE_UNAVAILABLE,,,,,,,,,,,,,,,"",no catalogue holds this CpG-gene pair and no distance could be computed,,
cg25853005,cg25853005_BC21_T1_GRK2,GRK2,19,GPCR signalling & second messengers,cg25853005,GRK2,,,,no_evidence,,,FALSE,,,,,,,,,,0,,CARNS1,,0.0733,A,REQUESTED_GENE_UNAVAILABLE,POLD4,,0.378,A,REQUESTED_GENE_UNAVAILABLE,CLCF1,,0.0131,B,REQUESTED_GENE_UNAVAILABLE,,,,,,,,,,,,,,,"",no catalogue holds this CpG-gene pair and no distance could be computed,,
cg25860143,cg25860143_TC21_T1_HLA_DRB6,HLA-DRB6,24,"Immune, inflammation & HLA",cg25860143,HLA-DRB6,-1,higher methylation -> LOWER expression,0.8366,catalogue_single,A,"0.62-0.87 (tier A, one tissue only)",FALSE,-1,-1,,,,,,,,1,1,HLA-DRB6,,0.289,A,ABSTAIN,HLA-DRB6,-1,0.8366,A,PREDICTED,,,,,UNMAPPED,,,,,,,,,,HLA-DQA1;HLA-DQB1;HLA-DRB1;HLA-DRB5,blood,HLA-DQA1:+1;HLA-DQB1:+1;HLA-DRB1:+1;HLA-DRB5:+1,,TRUE,"measured association is with HLA-DQA1;HLA-DQB1;HLA-DRB1;HLA-DRB5, not the requested gene - check which gene this CpG actually tracks","only one tissue called; no cross-tissue corroboration | measured association is with HLA-DQA1;HLA-DQB1;HLA-DRB1;HLA-DRB5, not the requested gene",0.8366,0.0817
cg25889270,cg25889270_TC21_T1_TMPRSS2,TMPRSS2,4,Sex steroids: receptors & metabolism,cg25889270,TMPRSS2,,,,no_evidence,,,FALSE,,,,,,,,,,0,,MX1,,0.4598,A,REQUESTED_GENE_UNAVAILABLE,MX1,,0.1453,A,REQUESTED_GENE_UNAVAILABLE,MX1,,0.3688,A,REQUESTED_GENE_UNAVAILABLE,,,,,,,,,,,,,,,"",no catalogue holds this CpG-gene pair and no distance could be computed,,
cg25889312,cg25889312_BC21_T1_TMPRSS2,TMPRSS2,4,Sex steroids: receptors & metabolism,cg25889312,TMPRSS2,,,,no_evidence,,,FALSE,,,,,,,,,,0,,MX1,,0.4598,A,REQUESTED_GENE_UNAVAILABLE,MX1,,0.1453,A,REQUESTED_GENE_UNAVAILABLE,MX1,,0.3688,A,REQUESTED_GENE_UNAVAILABLE,,,,,,,,,,,,,,,"",no catalogue holds this CpG-gene pair and no distance could be computed,,
cg25889425,cg25889425_BC21_T1_TMPRSS2,TMPRSS2,4,Sex steroids: receptors & metabolism,cg25889425,TMPRSS2,,,,no_evidence,,,FALSE,,,,,,,,,,0,,MX1,,0.1971,A,REQUESTED_GENE_UNAVAILABLE,MX1,,0.1453,A,REQUESTED_GENE_UNAVAILABLE,MX1,,0.1667,B,REQUESTED_GENE_UNAVAILABLE,,,,,,,,,,,,,,,"",no catalogue holds this CpG-gene pair and no distance could be computed,,
cg25889429,cg25889429_BC11_T1_TMPRSS2,TMPRSS2,4,Sex steroids: receptors & metabolism,cg25889429,TMPRSS2,,,,no_evidence,,,FALSE,,,,,,,,,,0,,MX1,,0.1971,A,REQUESTED_GENE_UNAVAILABLE,MX1,,0.1453,A,REQUESTED_GENE_UNAVAILABLE,MX1,,0.1667,B,REQUESTED_GENE_UNAVAILABLE,,,,,,,,,,,,,,,"",no catalogue holds this CpG-gene pair and no distance could be computed,,
cg25892443,cg25892443_BC21_T1_AKR1C2,AKR1C2,4,Sex steroids: receptors & metabolism,cg25892443,AKR1C2,-1,higher methylation -> LOWER expression,0.8457,catalogue_single,A,"0.62-0.87 (tier A, one tissue only)",FALSE,-1,-1,,,,,,,,1,1,AKR1C2,,0.298,A,ABSTAIN,AKR1C2,-1,0.8457,A,PREDICTED,PPL,,0.0131,B,REQUESTED_GENE_UNAVAILABLE,,,,,,,,,,,,,,,"",only one tissue called; no cross-tissue corroboration,0.8457,0.07715
cg25929976,cg25929976_TC21_T1_PPARG,PPARG,27,Appetite & metabolic programming,cg25929976,PPARG,1,higher methylation -> HIGHER expression,,smr_moderate,,"0.84-0.86 (SMR tier S2, single instrument; validated n=6,008)",FALSE,1,1,1,S2,4.509e-18,1,73705,TRUE,,0,,,,,,UNMAPPED,TIMP4,,0.1453,B,REQUESTED_GENE_UNAVAILABLE,TIMP4,,0.0131,B,REQUESTED_GENE_UNAVAILABLE,,,,,,,,,,,,,,,"",causal direction from SMR (blood); consistent with methylation affecting expression AND with linkage - HEIDI not run,0.7,0.85
cg25941631,cg25941631_BC21_T1_TRPM2,TRPM2,1,"Oxytocin, vasopressin & CICR",cg25941631,TRPM2,-1,higher methylation -> LOWER expression,0.4326,catalogue_single,A,"0.62-0.87 (tier A, one tissue only)",FALSE,-1,-1,,,,,,,,1,1,TRPM2,,0.0365,B,ABSTAIN,TRPM2,,0.0695,B,ABSTAIN,TRPM2,-1,0.4326,A,PREDICTED,,,,,,,,,,,,,,,"",only one tissue called; no cross-tissue corroboration,0.4326,0.2837
cg25942095,cg25942095_BC21_T1_TRPM2,TRPM2,1,"Oxytocin, vasopressin & CICR",cg25942095,TRPM2,,,,no_evidence,,,FALSE,,,,,,,,,,0,,TRPM2,,0.0733,A,ABSTAIN,TRPM2,,0.139,B,ABSTAIN,TRPM2,,0.1667,A,ABSTAIN,,,,,,,,,,,,,,,"",no catalogue holds this CpG-gene pair and no distance could be computed,,
cg25947525,cg25947525_TC11_T1_DLG3,DLG3,16,Glutamate & synaptic scaffolding,cg25947525,DLG3,,,,no_evidence,,,FALSE,,,,,,,,,,0,,,,,,UNMAPPED,,,,,UNMAPPED,,,,,UNMAPPED,,,,,,,,,,,,,,,"",no catalogue holds this CpG-gene pair and no distance could be computed,,
cg25954539,cg25954539_BC21_T1_HLA_B,HLA-B,24,"Immune, inflammation & HLA",cg25954539,HLA-B,-1,higher methylation -> LOWER expression,0.8508,catalogue_consensus,A,"0.77-0.87 (tier A, tissues agree)",FALSE,-1,-1,,,,,,,-1,2,1,HLA-B,-1,0.7056,A,PREDICTED,HLA-B,-1,0.9961,A,PREDICTED,MICA,,0.2694,A,REQUESTED_GENE_UNAVAILABLE,,,,,,,,,,,,,,,"","",0.8508,0.0746
cg25962605,cg25962605_TC21_T1_NNAT,NNAT,21,Imprinted genes & DMRs,cg25962605,NNAT,,,,no_evidence,,,FALSE,,,,,,,,,,0,,,,,,UNMAPPED,BLCAP,,0.0694,A,REQUESTED_GENE_UNAVAILABLE,SRC,,0.1815,B,REQUESTED_GENE_UNAVAILABLE,,,,,,,,,,,,,,,"",no catalogue holds this CpG-gene pair and no distance could be computed,,
cg25963980,cg25963980_BC21_T1_SLC1A2,SLC1A2,16,Glutamate & synaptic scaffolding,cg25963980,SLC1A2,,,,no_evidence,,,FALSE,,,,,,,,,,0,,,,,,UNMAPPED,,,,,UNMAPPED,,,,,UNMAPPED,,,,,,,,,,,,,,,"",no catalogue holds this CpG-gene pair and no distance could be computed,,
cg25968433,cg25968433_TC11_T1_SLC19A1,SLC19A1,22,One-carbon metabolism,cg25968433,SLC19A1,,,,no_evidence,,,FALSE,,,,,,,,,,0,,,,,,UNMAPPED,,,,,UNMAPPED,,,,,UNMAPPED,,,,,,,,,,,,,,,"",no catalogue holds this CpG-gene pair and no distance could be computed,,
cg25981315,cg25981315_TC21_T1_IDO2,IDO2,15,Kynurenine pathway,cg25981315,IDO2,-1,higher methylation -> LOWER expression,,smr_moderate,,"0.84-0.86 (SMR tier S2, single instrument; validated n=6,008)",FALSE,-1,-1,-1,S2,1.837e-20,1,26320,TRUE,,0,,IDO1,,0.3429,A,REQUESTED_GENE_UNAVAILABLE,IDO1,,0.3197,A,REQUESTED_GENE_UNAVAILABLE,JUP,,0.0131,B,REQUESTED_GENE_UNAVAILABLE,,,,,,,,,,,,,,,"",causal direction from SMR (blood); consistent with methylation affecting expression AND with linkage - HEIDI not run,0.7,0.15
cg25983380,cg25983380_BC11_T1_GNAS,GNAS,19,GPCR signalling & second messengers,cg25983380,GNAS,1,higher methylation -> HIGHER expression,,smr_moderate,,"0.84-0.86 (SMR tier S2, single instrument; validated n=6,008)",FALSE,1,1,1,S2,1.39e-11,1,14929,TRUE,,0,,CTSZ,,0.5493,A,REQUESTED_GENE_UNAVAILABLE,CTSZ,,0.3409,B,REQUESTED_GENE_UNAVAILABLE,,,,,UNMAPPED,,,,,,,,,,,,,,,"",causal direction from SMR (blood); consistent with methylation affecting expression AND with linkage - HEIDI not run,0.7,0.85
cg25987936,cg25987936_TC21_T1_AR,AR,4,Sex steroids: receptors & metabolism,cg25987936,AR,,,,no_evidence,,,FALSE,,,,,,,,,,0,,,,,,UNMAPPED,,,,,UNMAPPED,,,,,UNMAPPED,,,,,,,,,,,,,,,"",no catalogue holds this CpG-gene pair and no distance could be computed,,
cg25988421,cg25988421_BC21_T1_PDE4D,PDE4D,19,GPCR signalling & second messengers,cg25988421,PDE4D,,,,no_evidence,,,FALSE,,,,,,,,,,0,,PDE4D,,0.2377,B,ABSTAIN,,,,,UNMAPPED,C14ORF37,,0.0131,B,REQUESTED_GENE_UNAVAILABLE,,,,,,,,,,,,,,,"",no catalogue holds this CpG-gene pair and no distance could be computed,,
cg26003280,cg26003280_TC21_T1_AR,AR,4,Sex steroids: receptors & metabolism,cg26003280,AR,,,,no_evidence,,,FALSE,,,,,,,,,,0,,,,,,UNMAPPED,,,,,UNMAPPED,,,,,UNMAPPED,,,,,,,,,,,,,,,"",no catalogue holds this CpG-gene pair and no distance could be computed,,
cg26006951,cg26006951_BC21_T1_TERT,TERT,28,"Ageing, epigenetic clocks & telomere",cg26006951,TERT,,,,no_evidence,,,FALSE,,,,,,,,,,0,,CLPTM1L,,0.6537,A,REQUESTED_GENE_UNAVAILABLE,CLPTM1L,,0.31,B,REQUESTED_GENE_UNAVAILABLE,CLPTM1L,,0.2027,A,REQUESTED_GENE_UNAVAILABLE,,,,,,,,,,,,,,,"",no catalogue holds this CpG-gene pair and no distance could be computed,,
cg26014066,cg26014066_BC21_T1_AR,AR,4,Sex steroids: receptors & metabolism,cg26014066,AR,,,,no_evidence,,,FALSE,,,,,,,,,,0,,,,,,UNMAPPED,,,,,UNMAPPED,,,,,UNMAPPED,,,,,,,,,,,,,,,"",no catalogue holds this CpG-gene pair and no distance could be computed,,
cg26064535,cg26064535_TC21_T1_OPRD1,OPRD1,12,Opioid & melanocortin,cg26064535,OPRD1,,,,no_evidence,,,FALSE,,,,,,,,,,0,,SUZ12P1,,0.6322,A,REQUESTED_GENE_UNAVAILABLE,EPB41,,0.1556,B,REQUESTED_GENE_UNAVAILABLE,EPB41,,0.0131,B,REQUESTED_GENE_UNAVAILABLE,,,,,,,,,,,,,,,"",no catalogue holds this CpG-gene pair and no distance could be computed,,
cg26066837,cg26066837_BC21_T1_GRM6,GRM6,16,Glutamate & synaptic scaffolding,cg26066837,GRM6,,,,no_evidence,,,FALSE,,,,,,,,,,0,,ZNF354C,,0.3429,A,REQUESTED_GENE_UNAVAILABLE,ZNF454,,0.2479,B,REQUESTED_GENE_UNAVAILABLE,ZNF354B,,0.0131,B,REQUESTED_GENE_UNAVAILABLE,,,,,,,,,,,,,,,"",no catalogue holds this CpG-gene pair and no distance could be computed,,
cg26067726,cg26067726_TC21_T1_COMT,COMT,8,Dopamine,cg26067726,COMT,,,,no_evidence,,,FALSE,,,,,,,,,,0,,COMT;MIR4761,,0.4598,A,REQUESTED_GENE_UNAVAILABLE,ARVCF,,0.31,A,REQUESTED_GENE_UNAVAILABLE,TBX1,,0.1667,A,REQUESTED_GENE_UNAVAILABLE,,,,,,,,,,,,,,,"",no catalogue holds this CpG-gene pair and no distance could be computed,,
cg26067942,cg26067942_BC11_T1_COMT,COMT,8,Dopamine,cg26067942,COMT,,,,no_evidence,,,FALSE,,,,,,,,,,0,,COMT;MIR4761,,0.3429,A,REQUESTED_GENE_UNAVAILABLE,ARVCF,,0.3409,A,REQUESTED_GENE_UNAVAILABLE,TBX1,,0.1667,A,REQUESTED_GENE_UNAVAILABLE,,,,,,,,,,,,,,,"",no catalogue holds this CpG-gene pair and no distance could be computed,,
cg26068079,cg26068079_BC21_T1_NRG1,NRG1,25,Social-synaptic & psychiatric risk,cg26068079,NRG1,,,,no_evidence,,,FALSE,,,,,,,,,,0,,,,,,UNMAPPED,,,,,UNMAPPED,,,,,UNMAPPED,,,,,,,,,,,,,,,"",no catalogue holds this CpG-gene pair and no distance could be computed,,
cg26071755,cg26071755_TC21_T1_HTR2C,HTR2C,9,Serotonin,cg26071755,HTR2C,,,,no_evidence,,,FALSE,,,,,,,,,,0,,,,,,UNMAPPED,,,,,UNMAPPED,,,,,UNMAPPED,,,,,,,,,,,,,,,"",no catalogue holds this CpG-gene pair and no distance could be computed,,
cg26079664,cg26079664_BC11_T1_GRM2,GRM2,16,Glutamate & synaptic scaffolding,cg26079664,GRM2,,,,no_evidence,,,FALSE,,,,,,,,,,0,,IQCF4,,0.1971,B,REQUESTED_GENE_UNAVAILABLE,PARP3,,0.8793,A,REQUESTED_GENE_UNAVAILABLE,EPS15,,0.3688,A,REQUESTED_GENE_UNAVAILABLE,,,,,,,,,,,,,,,"",no catalogue holds this CpG-gene pair and no distance could be computed,,
cg26081767,cg26081767_TC21_T1_FOXP2,FOXP2,25,Social-synaptic & psychiatric risk,cg26081767,FOXP2,,,,no_evidence,,,FALSE,,,,,,,,,,0,,MAGI3,,0.298,B,REQUESTED_GENE_UNAVAILABLE,,,,,UNMAPPED,,,,,UNMAPPED,,,,,,,,,,,,,,,"",no catalogue holds this CpG-gene pair and no distance could be computed,,
cg26083330,cg26083330_TC11_T1_NNAT,NNAT,21,Imprinted genes & DMRs,cg26083330,NNAT,,,,no_evidence,,,FALSE,,,,,,,,,,0,,,,,,UNMAPPED,BLCAP,,0.3889,A,REQUESTED_GENE_UNAVAILABLE,SRC,,0.1815,B,REQUESTED_GENE_UNAVAILABLE,,,,,,,,,,,,,,,"",no catalogue holds this CpG-gene pair and no distance could be computed,,
cg26083841,cg26083841_TC21_T1_SLC1A2,SLC1A2,16,Glutamate & synaptic scaffolding,cg26083841,SLC1A2,,,,no_evidence,,,FALSE,,,,,,,,,,0,,,,,,UNMAPPED,CD44,,0.2479,B,REQUESTED_GENE_UNAVAILABLE,UNC13B,,0.0131,B,REQUESTED_GENE_UNAVAILABLE,,,,,,,,,,,,,,,"",no catalogue holds this CpG-gene pair and no distance could be computed,,
cg26093429,cg26093429_BC21_T1_FKBP1A,FKBP1A,1,"Oxytocin, vasopressin & CICR",cg26093429,FKBP1A,,,,no_evidence,,,FALSE,,,,,,,,,,0,,SIRPB2,,0.0733,B,REQUESTED_GENE_UNAVAILABLE,SDCBP2,,0.4745,A,REQUESTED_GENE_UNAVAILABLE,SDCBP2,,0.1244,A,REQUESTED_GENE_UNAVAILABLE,,,,,,,,,,,,,,,"",no catalogue holds this CpG-gene pair and no distance could be computed,,
cg26094482,cg26094482_BC11_T1_KCNQ1OT1,KCNQ1OT1,21,Imprinted genes & DMRs,cg26094482,KCNQ1OT1,,,,no_evidence,,,FALSE,,,,,,,,,,0,,VLDLR,,0.3959,A,REQUESTED_GENE_UNAVAILABLE,CDKN1C,,0.0695,A,REQUESTED_GENE_UNAVAILABLE,CDKN1C,,0.4386,A,REQUESTED_GENE_UNAVAILABLE,,,,,,,,,,,,,,,"",no catalogue holds this CpG-gene pair and no distance could be computed,,
cg26123256,cg26123256_BC11_T1_UCN,UCN,2,HPA axis & glucocorticoid signalling,cg26123256,UCN,,,,no_evidence,,,FALSE,,,,,,,,,,0,,LOC105374363,,0.058,B,REQUESTED_GENE_UNAVAILABLE,ATRAID,,0.4852,A,REQUESTED_GENE_UNAVAILABLE,,,,,UNMAPPED,,,,,,,,,,,,,,,"",no catalogue holds this CpG-gene pair and no distance could be computed,,
cg26125082,cg26125082_TC21_T1_CRY2,CRY2,23,Circadian & melatonin,cg26125082,CRY2,,,,no_evidence,,,FALSE,,,,,,,,,,0,,LARGE2,,0.289,A,REQUESTED_GENE_UNAVAILABLE,LARGE2,,0.1453,A,REQUESTED_GENE_UNAVAILABLE,TBKBP1,,0.4431,A,REQUESTED_GENE_UNAVAILABLE,,,,,,,,,,,,,,,"",no catalogue holds this CpG-gene pair and no distance could be computed,,
cg26136194,cg26136194_BC11_T1_ADORA2A,ADORA2A,8,Dopamine,cg26136194,ADORA2A,,,,no_evidence,,,FALSE,,,,,,,,,,0,,,,,,UNMAPPED,GGT1,,0.8457,A,REQUESTED_GENE_UNAVAILABLE,ADORA2A,,0.1667,A,ABSTAIN,,,,,,,,,,,,,,,"",no catalogue holds this CpG-gene pair and no distance could be computed,,
cg26136195,cg26136195_TC21_T1_ADORA2A,ADORA2A,8,Dopamine,cg26136195,ADORA2A,,,,no_evidence,,,FALSE,,,,,,,,,,0,,,,,,UNMAPPED,GGT1,,0.8457,A,REQUESTED_GENE_UNAVAILABLE,ADORA2A,,0.0131,A,ABSTAIN,,,,,,,,,,,,,,,"",no catalogue holds this CpG-gene pair and no distance could be computed,,
cg26142132,cg26142132_BC21_T1_AANAT,AANAT,23,Circadian & melatonin,cg26142132,AANAT,,,,no_evidence,,,FALSE,,,,,,,,,,0,,AC079325.1,,0.0733,A,REQUESTED_GENE_UNAVAILABLE,RHBDF2,,0.3197,A,REQUESTED_GENE_UNAVAILABLE,CYGB,,0.1124,B,REQUESTED_GENE_UNAVAILABLE,,,,,,,,,,,,,,,"",no catalogue holds this CpG-gene pair and no distance could be computed,,
cg26146287,cg26146287_BC21_T1_CARTPT,CARTPT,27,Appetite & metabolic programming,cg26146287,CARTPT,,,,no_evidence,,,FALSE,,,,,,,,,,0,,,,,,UNMAPPED,,,,,UNMAPPED,TEX261,,0.0131,B,REQUESTED_GENE_UNAVAILABLE,,,,,,,,,,,,,,,"",no catalogue holds this CpG-gene pair and no distance could be computed,,
cg26151675,cg26151675_BC21_T1_CNR2,CNR2,14,Endocannabinoid,cg26151675,CNR2,,,,no_evidence,,,FALSE,,,,,,,,,,0,,GALE,,0.3429,A,REQUESTED_GENE_UNAVAILABLE,GALE,,0.0695,A,REQUESTED_GENE_UNAVAILABLE,,,,,UNMAPPED,,,,,,,,,,,,,,,"",no catalogue holds this CpG-gene pair and no distance could be computed,,
cg26160218,cg26160218_BC11_T1_THRB,THRB,26,Thyroid & neurodevelopment,cg26160218,THRB,,,,no_evidence,,,FALSE,,,,,,,,,,0,,,,,,UNMAPPED,PFN4,,0.3197,B,REQUESTED_GENE_UNAVAILABLE,,,,,UNMAPPED,,,,,,,,,,,,,,,"",no catalogue holds this CpG-gene pair and no distance could be computed,,
cg26161820,cg26161820_BC21_T1_PPP1R1B,PPP1R1B,8,Dopamine,cg26161820,PPP1R1B,,,,no_evidence,,,FALSE,,,,,,,,,,0,,PGAP3,,0.3429,A,REQUESTED_GENE_UNAVAILABLE,PGAP3,,0.3771,A,REQUESTED_GENE_UNAVAILABLE,,,,,UNMAPPED,,,,,,,,,,,,,,,"",no catalogue holds this CpG-gene pair and no distance could be computed,,
cg26173492,cg26173492_BC21_T1_NADSYN1,NADSYN1,15,Kynurenine pathway,cg26173492,NADSYN1,,,,no_evidence,,,FALSE,,,,,,,,,,0,,FAM104A,,0.1934,A,REQUESTED_GENE_UNAVAILABLE,,,,,UNMAPPED,,,,,UNMAPPED,,,,,,,,,,,,,,,"",no catalogue holds this CpG-gene pair and no distance could be computed,,
cg26196496,cg26196496_BC21_T1_CRHBP,CRHBP,2,HPA axis & glucocorticoid signalling,cg26196496,CRHBP,,,,no_evidence,,,FALSE,,,,,,,,,,0,,S100Z,,0.2377,B,REQUESTED_GENE_UNAVAILABLE,,,,,UNMAPPED,,,,,UNMAPPED,,,,,,,,,,,,,,,"",no catalogue holds this CpG-gene pair and no distance could be computed,,
cg26200826,cg26200826_TC21_T1_HTR3B,HTR3B,9,Serotonin,cg26200826,HTR3B,,,,no_evidence,,,FALSE,,,,,,,,,,0,,,,,,UNMAPPED,,,,,UNMAPPED,,,,,UNMAPPED,,,,,,,,,,,,,,,"",no catalogue holds this CpG-gene pair and no distance could be computed,,
cg26261055,cg26261055_TC21_T1_CRHBP,CRHBP,2,HPA axis & glucocorticoid signalling,cg26261055,CRHBP,,,,no_evidence,,,FALSE,,,,,,,,,,0,,S100Z,,0.2377,B,REQUESTED_GENE_UNAVAILABLE,,,,,UNMAPPED,,,,,UNMAPPED,,,,,,,,,,,,,,,"",no catalogue holds this CpG-gene pair and no distance could be computed,,
cg26261298,cg26261298_BC21_T1_PLAGL1,PLAGL1,21,Imprinted genes & DMRs,cg26261298,PLAGL1,1,higher methylation -> HIGHER expression,,smr_high,A,"0.95-0.97 (SMR tier S1, concordant instruments; validated n=2,141)",FALSE,1,1,1,S1,8.314e-15,2,60151,TRUE,,1,1,PLAGL1,-1,0.3429,A,PREDICTED,PLAGL1,,0.1556,B,ABSTAIN,PLAGL1,,0.0131,B,ABSTAIN,,,,,,,,,,,,,,,"",causal direction from SMR (blood); consistent with methylation affecting expression AND with linkage - HEIDI not run,0.7,0.85
cg26261627,cg26261627_TC11_T1_SRD5A2,SRD5A2,4,Sex steroids: receptors & metabolism,cg26261627,SRD5A2,,,,no_evidence,,,FALSE,,,,,,,,,,0,,,,,,UNMAPPED,XDH,,0.0694,B,REQUESTED_GENE_UNAVAILABLE,EHMT2,,0.0131,B,REQUESTED_GENE_UNAVAILABLE,,,,,,,,,,,,,,,"",no catalogue holds this CpG-gene pair and no distance could be computed,,
cg26267561,cg26267561_BC21_T1_OXT,OXT,1,"Oxytocin, vasopressin & CICR",cg26267561,OXT,,,,no_evidence,,,FALSE,,,,,,,,,,0,,AVP,,0.4598,A,REQUESTED_GENE_UNAVAILABLE,,,,,UNMAPPED,,,,,UNMAPPED,,,,,,,,,,,,,,,"",no catalogue holds this CpG-gene pair and no distance could be computed,,
cg26269677,cg26269677_BC21_T1_CRHBP,CRHBP,2,HPA axis & glucocorticoid signalling,cg26269677,CRHBP,,,,no_evidence,,,FALSE,,,,,,,,,,0,,S100Z,,0.1971,B,REQUESTED_GENE_UNAVAILABLE,,,,,UNMAPPED,,,,,UNMAPPED,,,,,,,,,,,,,,,"",no catalogue holds this CpG-gene pair and no distance could be computed,,
cg26275543,cg26275543_BC21_T1_MEST,MEST,21,Imprinted genes & DMRs,cg26275543,MEST,,,,no_evidence,,,FALSE,,,,,,,,,,0,,CPA5,,0.7056,A,REQUESTED_GENE_UNAVAILABLE,ARHGAP18,,0.4852,A,REQUESTED_GENE_UNAVAILABLE,CPA5,,0.2027,A,REQUESTED_GENE_UNAVAILABLE,,,,,,,,,,,,,,,"",no catalogue holds this CpG-gene pair and no distance could be computed,,
cg26281685,cg26281685_BC21_T1_NRXN1,NRXN1,25,Social-synaptic & psychiatric risk,cg26281685,NRXN1,,,,no_evidence,,,FALSE,,,,,,,,,,0,,,,,,UNMAPPED,,,,,UNMAPPED,,,,,UNMAPPED,,,,,,,,,,,,,,,"",no catalogue holds this CpG-gene pair and no distance could be computed,,
cg26283564,cg26283564_TC21_T1_PEG10,PEG10,21,Imprinted genes & DMRs,cg26283564,PEG10,,,,no_evidence,,,FALSE,,,,,,,,,,0,,PEG10,,0.3429,B,ABSTAIN,,,,,UNMAPPED,IDE,,0.1474,B,REQUESTED_GENE_UNAVAILABLE,,,,,,,,,,,,,,,"",no catalogue holds this CpG-gene pair and no distance could be computed,,
cg26315602,cg26315602_BC21_T1_HSD17B2,HSD17B2,4,Sex steroids: receptors & metabolism,cg26315602,HSD17B2,-1,higher methylation -> LOWER expression,0.4326,catalogue_single,A,"0.62-0.87 (tier A, one tissue only)",FALSE,-1,-1,,,,,,,,1,1,,,,,UNMAPPED,,,,,UNMAPPED,HSD17B2,-1,0.4326,A,PREDICTED,,,,,,,,,,,,,,,"",only one tissue called; no cross-tissue corroboration,0.4326,0.2837
cg26333397,cg26333397_BC11_T1_SYP,SYP,18,Neurotrophins & activity-dependent plasticity,cg26333397,SYP,,,,no_evidence,,,FALSE,,,,,,,,,,0,,,,,,UNMAPPED,,,,,UNMAPPED,,,,,UNMAPPED,,,,,,,,,,,,,,,"",no catalogue holds this CpG-gene pair and no distance could be computed,,
cg26353176,cg26353176_BC21_T1_PDE4D,PDE4D,19,GPCR signalling & second messengers,cg26353176,PDE4D,,,,no_evidence,,,FALSE,,,,,,,,,,0,,DEPDC1B,,0.6863,A,REQUESTED_GENE_UNAVAILABLE,,,,,UNMAPPED,,,,,UNMAPPED,,,,,,,,,,,,,,,"",no catalogue holds this CpG-gene pair and no distance could be computed,,
cg26362197,cg26362197_TC21_T1_GRIN2D,GRIN2D,16,Glutamate & synaptic scaffolding,cg26362197,GRIN2D,,,,no_evidence,,,FALSE,,,,,,,,,,0,,CARD8,,0.298,A,REQUESTED_GENE_UNAVAILABLE,CYTH2,,0.2113,A,REQUESTED_GENE_UNAVAILABLE,CYTH2,,0.0131,A,REQUESTED_GENE_UNAVAILABLE,,,,,,,,,,,,,,,"",no catalogue holds this CpG-gene pair and no distance could be computed,,
cg26373601,cg26373601_BC21_T1_EP300,EP300,20,Epigenetic machinery,cg26373601,EP300,,,,no_evidence,,,FALSE,,,,,,,,,,0,,CHADL,,0.2377,A,REQUESTED_GENE_UNAVAILABLE,CHADL,,0.3639,A,REQUESTED_GENE_UNAVAILABLE,,,,,UNMAPPED,,,,,,,,,,,,,,,"",no catalogue holds this CpG-gene pair and no distance could be computed,,
cg26373618,cg26373618_TC21_T1_EP300,EP300,20,Epigenetic machinery,cg26373618,EP300,,,,no_evidence,,,FALSE,,,,,,,,,,0,,CHADL,,0.2377,A,REQUESTED_GENE_UNAVAILABLE,CHADL,,0.3639,A,REQUESTED_GENE_UNAVAILABLE,,,,,UNMAPPED,,,,,,,,,,,,,,,"",no catalogue holds this CpG-gene pair and no distance could be computed,,
cg26374305,cg26374305_BC11_T1_MEG3,MEG3,21,Imprinted genes & DMRs,cg26374305,MEG3,-1,higher methylation -> LOWER expression,,smr_moderate,A,"0.84-0.86 (SMR tier S2, single instrument; validated n=6,008)",FALSE,-1,-1,-1,S2,2.796e-98,1,7299,TRUE,,1,1,MEG3,-1,0.7056,A,PREDICTED,,,,,UNMAPPED,,,,,UNMAPPED,,,,,,,,,,,,,,,"",causal direction from SMR (blood); consistent with methylation affecting expression AND with linkage - HEIDI not run,0.7,0.15
cg26376030,cg26376030_BC11_T1_DEAF1,DEAF1,9,Serotonin,cg26376030,DEAF1,1,higher methylation -> HIGHER expression,,smr_moderate,A,"0.84-0.86 (SMR tier S2, single instrument; validated n=6,008)",FALSE,1,1,1,S2,8.267e-10,1,29101,TRUE,,1,1,DEAF1,,0.298,A,ABSTAIN,DEAF1,-1,0.6135,A,PREDICTED,TALDO1,,0.0131,A,REQUESTED_GENE_UNAVAILABLE,,,,,,,,,,,,,,,"",causal direction from SMR (blood); consistent with methylation affecting expression AND with linkage - HEIDI not run,0.7,0.85
cg26383972,cg26383972_BC11_T1_HTR2C,HTR2C,9,Serotonin,cg26383972,HTR2C,,,,no_evidence,,,FALSE,,,,,,,,,,0,,,,,,UNMAPPED,,,,,UNMAPPED,,,,,UNMAPPED,,,,,,,,,,,,,,,"",no catalogue holds this CpG-gene pair and no distance could be computed,,
cg26418222,cg26418222_TC21_T1_NKX2_2,NKX2-2,9,Serotonin,cg26418222,NKX2-2,,,,no_evidence,,,FALSE,,,,,,,,,,0,,,,,,UNMAPPED,,,,,UNMAPPED,,,,,UNMAPPED,,,,,,,,,,,,,,,"",no catalogue holds this CpG-gene pair and no distance could be computed,,
cg26449680,cg26449680_TC21_T1_CSNK1E,CSNK1E,23,Circadian & melatonin,cg26449680,CSNK1E,-1,higher methylation -> LOWER expression,,smr_moderate,,"0.84-0.86 (SMR tier S2, single instrument; validated n=6,008)",FALSE,-1,-1,-1,S2,2.101e-41,1,26340,TRUE,,0,,,,,,UNMAPPED,TMEM184B,,0.7966,A,REQUESTED_GENE_UNAVAILABLE,PLA2G6,,0.2027,A,REQUESTED_GENE_UNAVAILABLE,,,,,,,,,,PLA2G6,nasal_epithelium,PLA2G6:-1,,TRUE,"measured association is with PLA2G6, not the requested gene - check which gene this CpG actually tracks","causal direction from SMR (blood); consistent with methylation affecting expression AND with linkage - HEIDI not run | measured association is with PLA2G6, not the requested gene",0.7,0.15
cg26452915,cg26452915_TC21_T1_GNAS,GNAS,19,GPCR signalling & second messengers,cg26452915,GNAS,,,,no_evidence,,,FALSE,,,,,,,,,,0,,CTSZ,,0.3429,A,REQUESTED_GENE_UNAVAILABLE,CTSZ,,0.3409,B,REQUESTED_GENE_UNAVAILABLE,,,,,UNMAPPED,,,,,,,,,,,,,,,"",no catalogue holds this CpG-gene pair and no distance could be computed,,
cg26479028,cg26479028_TC21_T1_HSD17B2,HSD17B2,4,Sex steroids: receptors & metabolism,cg26479028,HSD17B2,-1,higher methylation -> LOWER expression,0.3688,catalogue_single,A,"0.62-0.87 (tier A, one tissue only)",FALSE,-1,-1,,,,,,,,1,1,,,,,UNMAPPED,,,,,UNMAPPED,HSD17B2,-1,0.3688,A,PREDICTED,,,,,,,,,,,,,,,"",only one tissue called; no cross-tissue corroboration,0.3688,0.3156
cg26485878,cg26485878_BC21_T1_PDE4D,PDE4D,19,GPCR signalling & second messengers,cg26485878,PDE4D,,,,no_evidence,,,FALSE,,,,,,,,,,0,,PDE4D,,0.2377,B,ABSTAIN,,,,,UNMAPPED,C14ORF37,,0.0131,B,REQUESTED_GENE_UNAVAILABLE,,,,,,,,,,,,,,,"",no catalogue holds this CpG-gene pair and no distance could be computed,,
cg26511972,cg26511972_BC11_T1_HLA_G,HLA-G,24,"Immune, inflammation & HLA",cg26511972,HLA-G,1,higher methylation -> HIGHER expression,,smr_high,A,"0.95-0.97 (SMR tier S1, concordant instruments; validated n=2,141)",FALSE,1,1,1,S1,2.959e-18,2,232,TRUE,,2,0.5,HLA-G,-1,0.6537,A,PREDICTED,HLA-G,1,0.8509,A,PREDICTED,CDIPT,,0.0131,B,REQUESTED_GENE_UNAVAILABLE,,,,,,,,,,,,,,,"",causal direction from SMR (blood); consistent with methylation affecting expression AND with linkage - HEIDI not run,0.7,0.85
cg26516510,cg26516510_BC21_T1_IGF2,IGF2,21,Imprinted genes & DMRs,cg26516510,IGF2,,,,no_evidence,,,FALSE,,,,,,,,,,0,,MAD1L1,,0.1971,A,REQUESTED_GENE_UNAVAILABLE,CD81,,0.3639,A,REQUESTED_GENE_UNAVAILABLE,MAD1L1,,0.0131,B,REQUESTED_GENE_UNAVAILABLE,,,,,,,,,,,,,,,"",no catalogue holds this CpG-gene pair and no distance could be computed,,
cg26519919,cg26519919_BC21_T1_RSPO1,RSPO1,5,"HPG axis, puberty & KNDy",cg26519919,RSPO1,,,,no_evidence,,,FALSE,,,,,,,,,,0,,GNL2,,0.0641,A,REQUESTED_GENE_UNAVAILABLE,GNL2,,0.2222,B,REQUESTED_GENE_UNAVAILABLE,,,,,UNMAPPED,,,,,,,,,,,,,,,"",no catalogue holds this CpG-gene pair and no distance could be computed,,
cg26532826,cg26532826_BC21_T1_TCN2,TCN2,22,One-carbon metabolism,cg26532826,TCN2,1,higher methylation -> HIGHER expression,,smr_moderate,,"0.84-0.86 (SMR tier S2, single instrument; validated n=6,008)",FALSE,1,1,1,S2,6.149e-149,1,9918,TRUE,,0,,SEC14L6,,0.7856,A,REQUESTED_GENE_UNAVAILABLE,SLC35E4,,0.8457,A,REQUESTED_GENE_UNAVAILABLE,,,,,UNMAPPED,,,,,,,,,,,,,,,"",causal direction from SMR (blood); consistent with methylation affecting expression AND with linkage - HEIDI not run,0.7,0.85
cg26534489,cg26534489_TC11_T1_GNAS,GNAS,19,GPCR signalling & second messengers,cg26534489,GNAS,,,,no_evidence,,,FALSE,,,,,,,,,,0,,CTSZ,,0.4648,A,REQUESTED_GENE_UNAVAILABLE,CTSZ,,0.3409,B,REQUESTED_GENE_UNAVAILABLE,,,,,UNMAPPED,,,,,,,,,,,,,,,"",no catalogue holds this CpG-gene pair and no distance could be computed,,
cg26538164,cg26538164_TC21_T1_IL6R_AS1,IL6R-AS1,24,"Immune, inflammation & HLA",cg26538164,IL6R-AS1,,,,no_evidence,,,FALSE,,,,,,,,,,0,,IL6R,,0.571,A,REQUESTED_GENE_UNAVAILABLE,IL6R,,0.6135,A,REQUESTED_GENE_UNAVAILABLE,RPRM,,0.0131,B,REQUESTED_GENE_UNAVAILABLE,,,,,,,,,,,,,,,"",no catalogue holds this CpG-gene pair and no distance could be computed,,
cg26544072,cg26544072_TC11_T1_HLA_G,HLA-G,24,"Immune, inflammation & HLA",cg26544072,HLA-G,,,,tissue_conflict,A,,FALSE,,,,,,,,,,2,0.5,HLA-G,-1,0.7056,A,PREDICTED,HLA-G,1,0.8507,A,PREDICTED,CDIPT,,0.0131,B,REQUESTED_GENE_UNAVAILABLE,,,,,,,,,,HLA-H,blood,HLA-H:+1,,TRUE,"measured association is with HLA-H, not the requested gene - check which gene this CpG actually tracks","tissues returned opposite directions; not resolved | measured association is with HLA-H, not the requested gene",,
cg26554037,cg26554037_TC21_T1_GNRH1,GNRH1,5,"HPG axis, puberty & KNDy",cg26554037,GNRH1,,,,no_evidence,,,FALSE,,,,,,,,,,0,,SNORD116-20,,0.3429,A,REQUESTED_GENE_UNAVAILABLE,,,,,UNMAPPED,,,,,UNMAPPED,,,,,,,,,,,,,,,"",no catalogue holds this CpG-gene pair and no distance could be computed,,
cg26559974,cg26559974_TC11_T1_GDNF,GDNF,18,Neurotrophins & activity-dependent plasticity,cg26559974,GDNF,,,,no_evidence,,,FALSE,,,,,,,,,,0,,PPP1R1B,,0.2377,B,REQUESTED_GENE_UNAVAILABLE,,,,,UNMAPPED,TBC1D1,,0.0131,B,REQUESTED_GENE_UNAVAILABLE,,,,,,,,,,,,,,,"",no catalogue holds this CpG-gene pair and no distance could be computed,,
cg26560871,cg26560871_TC21_T1_GRM1,GRM1,16,Glutamate & synaptic scaffolding,cg26560871,GRM1,,,,no_evidence,,,FALSE,,,,,,,,,,0,,,,,,UNMAPPED,,,,,UNMAPPED,SHPRH,,0.1667,B,REQUESTED_GENE_UNAVAILABLE,,,,,,,,,,,,,,,"",no catalogue holds this CpG-gene pair and no distance could be computed,,
cg26564369,cg26564369_BC21_T1_ADRA2B,ADRA2B,10,Noradrenaline & sympathetic nervous system,cg26564369,ADRA2B,,,,no_evidence,,,FALSE,,,,,,,,,,0,,DUSP2,,0.2377,A,REQUESTED_GENE_UNAVAILABLE,DUSP2,,0.6135,A,REQUESTED_GENE_UNAVAILABLE,,,,,UNMAPPED,,,,,,,,,,,,,,,"",no catalogue holds this CpG-gene pair and no distance could be computed,,
cg26569182,cg26569182_BC21_T1_SHANK3,SHANK3,16,Glutamate & synaptic scaffolding,cg26569182,SHANK3,,,,no_evidence,,,FALSE,,,,,,,,,,0,,MAPK8IP2,,0.126,B,REQUESTED_GENE_UNAVAILABLE,MAPK8IP2,,0.1453,B,REQUESTED_GENE_UNAVAILABLE,,,,,UNMAPPED,,,,,,,,,,,,,,,"",no catalogue holds this CpG-gene pair and no distance could be computed,,
cg26569184,cg26569184_TC21_T1_SHANK3,SHANK3,16,Glutamate & synaptic scaffolding,cg26569184,SHANK3,,,,no_evidence,,,FALSE,,,,,,,,,,0,,MAPK8IP2,,0.126,B,REQUESTED_GENE_UNAVAILABLE,MAPK8IP2,,0.1453,B,REQUESTED_GENE_UNAVAILABLE,,,,,UNMAPPED,,,,,,,,,,,,,,,"",no catalogue holds this CpG-gene pair and no distance could be computed,,
cg26575633,cg26575633_BC21_T1_NTRK1,NTRK1,18,Neurotrophins & activity-dependent plasticity,cg26575633,NTRK1,,,,no_evidence,,,FALSE,,,,,,,,,,0,,CCNL1,,0.298,B,REQUESTED_GENE_UNAVAILABLE,LRRC71,,0.0695,A,REQUESTED_GENE_UNAVAILABLE,LRRC71,,0.1124,B,REQUESTED_GENE_UNAVAILABLE,,,,,,,,,,LRRC71;MRPL24,nasal_epithelium,LRRC71:+1;MRPL24:-1,,TRUE,"measured association is with LRRC71;MRPL24, not the requested gene - check which gene this CpG actually tracks","no catalogue holds this CpG-gene pair and no distance could be computed | measured association is with LRRC71;MRPL24, not the requested gene",,
cg26605398,cg26605398_BC21_T1_ASMT,ASMT,23,Circadian & melatonin,cg26605398,ASMT,,,,no_evidence,,,FALSE,,,,,,,,,,0,,,,,,UNMAPPED,,,,,UNMAPPED,,,,,UNMAPPED,,,,,,,,,,,,,,,"",no catalogue holds this CpG-gene pair and no distance could be computed,,
cg26605407,cg26605407_TC21_T1_ASMT,ASMT,23,Circadian & melatonin,cg26605407,ASMT,,,,no_evidence,,,FALSE,,,,,,,,,,0,,,,,,UNMAPPED,,,,,UNMAPPED,,,,,UNMAPPED,,,,,,,,,,,,,,,"",no catalogue holds this CpG-gene pair and no distance could be computed,,
cg26638505,cg26638505_TC11_T1_SRD5A2,SRD5A2,4,Sex steroids: receptors & metabolism,cg26638505,SRD5A2,,,,no_evidence,,,FALSE,,,,,,,,,,0,,,,,,UNMAPPED,XDH,,0.0694,B,REQUESTED_GENE_UNAVAILABLE,EHMT2,,0.0131,B,REQUESTED_GENE_UNAVAILABLE,,,,,,,,,,,,,,,"",no catalogue holds this CpG-gene pair and no distance could be computed,,
cg26644395,cg26644395_TC21_T1_UCN3,UCN3,2,HPA axis & glucocorticoid signalling,cg26644395,UCN3,,,,no_evidence,,,FALSE,,,,,,,,,,0,,MIS12,,0.3429,B,REQUESTED_GENE_UNAVAILABLE,NET1,,0.3639,B,REQUESTED_GENE_UNAVAILABLE,MIS12,,0.1667,B,REQUESTED_GENE_UNAVAILABLE,,,,,,,,,,,,,,,"",no catalogue holds this CpG-gene pair and no distance could be computed,,
cg26645432,cg26645432_BC21_T1_HLA_DPA1,HLA-DPA1,24,"Immune, inflammation & HLA",cg26645432,HLA-DPA1,1,higher methylation -> HIGHER expression,0.9636,catalogue_single,A,"0.62-0.87 (tier A, one tissue only)",FALSE,1,1,,,,,,,,1,1,HLA-DPA1,1,0.9636,A,PREDICTED,HLA-DPA1,,0.2479,A,ABSTAIN,DYNLRB1,,0.1244,B,REQUESTED_GENE_UNAVAILABLE,,,,,,,,,,,,,,,"",only one tissue called; no cross-tissue corroboration,0.9636,0.9818
cg26684139,cg26684139_TC21_T1_SLC1A3,SLC1A3,16,Glutamate & synaptic scaffolding,cg26684139,SLC1A3,-1,higher methylation -> LOWER expression,0.3639,catalogue_single,A,"0.62-0.87 (tier A, one tissue only)",FALSE,-1,-1,,,,,,,,1,1,AC008957.1,,0.298,A,REQUESTED_GENE_UNAVAILABLE,SLC1A3,-1,0.3639,A,PREDICTED,SLC1A3,,0.1815,A,ABSTAIN,,,,,,,,,,,,,,,"",only one tissue called; no cross-tissue corroboration,0.3639,0.31805
cg26686732,cg26686732_TC21_T1_FOXA2,FOXA2,8,Dopamine,cg26686732,FOXA2,,,,no_evidence,,,FALSE,,,,,,,,,,0,,,,,,UNMAPPED,,,,,UNMAPPED,,,,,UNMAPPED,,,,,,,,,,,,,,,"",no catalogue holds this CpG-gene pair and no distance could be computed,,
cg26706003,cg26706003_BC21_T1_AVPR1A,AVPR1A,1,"Oxytocin, vasopressin & CICR",cg26706003,AVPR1A,,,,no_evidence,,,FALSE,,,,,,,,,,0,,,,,,UNMAPPED,,,,,UNMAPPED,,,,,UNMAPPED,,,,,,,,,,,,,,,"",no catalogue holds this CpG-gene pair and no distance could be computed,,
cg26719629,cg26719629_BC21_T1_IGF2,IGF2,21,Imprinted genes & DMRs,cg26719629,IGF2,,,,no_evidence,,,FALSE,,,,,,,,,,0,,MAD1L1,,0.1897,A,REQUESTED_GENE_UNAVAILABLE,TNNT3,,0.0501,A,REQUESTED_GENE_UNAVAILABLE,MAD1L1,,0.0131,B,REQUESTED_GENE_UNAVAILABLE,,,,,,,,,,,,,,,"",no catalogue holds this CpG-gene pair and no distance could be computed,,
cg26720913,cg26720913_BC21_T1_NR3C1,NR3C1,2,HPA axis & glucocorticoid signalling,cg26720913,NR3C1,,,,no_evidence,,,FALSE,,,,,,,,,,0,,,,,,UNMAPPED,,,,,UNMAPPED,,,,,UNMAPPED,,,,,,,,,,,,,,,"",no catalogue holds this CpG-gene pair and no distance could be computed,,
cg26729380,cg26729380_BC21_T1_TNF,TNF,24,"Immune, inflammation & HLA",cg26729380,TNF,-1,higher methylation -> LOWER expression,1,measured,A,"~1.00 (measured, not predicted)",FALSE,-1,-1,,,,,,,-1,2,1,TNF,-1,0.7056,A,DIRECT_eQTM,TNF,-1,0.8866,A,PREDICTED,LTB,,0.0131,A,REQUESTED_GENE_UNAVAILABLE,,,,,,,,,,TNF,blood,TNF:-1,-1,FALSE,"","",1,0
cg26741576,cg26741576_BC21_T1_MAOA,MAOA,11,"Monoamine synthesis, transport & degradation",cg26741576,MAOA,,,,no_evidence,,,FALSE,,,,,,,,,,0,,,,,,UNMAPPED,,,,,UNMAPPED,,,,,UNMAPPED,,,,,,,,,,,,,,,"",no catalogue holds this CpG-gene pair and no distance could be computed,,
cg26742280,cg26742280_BC21_T1_EDARADD,EDARADD,28,"Ageing, epigenetic clocks & telomere",cg26742280,EDARADD,,,,no_evidence,,,FALSE,,,,,,,,,,0,,LGALS8,,0.3959,A,REQUESTED_GENE_UNAVAILABLE,HEATR1,,0.3197,B,REQUESTED_GENE_UNAVAILABLE,,,,,UNMAPPED,,,,,,,,,,,,,,,"",no catalogue holds this CpG-gene pair and no distance could be computed,,
cg26752663,cg26752663_BC21_T1_ADCY3,ADCY3,19,GPCR signalling & second messengers,cg26752663,ADCY3,1,higher methylation -> HIGHER expression,,smr_moderate,,"0.84-0.86 (SMR tier S2, single instrument; validated n=6,008)",FALSE,1,1,1,S2,6.133e-13,1,49643,TRUE,,0,,SRRM1,,0.1897,A,REQUESTED_GENE_UNAVAILABLE,PTRHD1,,0.3771,A,REQUESTED_GENE_UNAVAILABLE,SRRM1,,0.4431,A,REQUESTED_GENE_UNAVAILABLE,,,,,,,,,,,,,,,"",causal direction from SMR (blood); consistent with methylation affecting expression AND with linkage - HEIDI not run,0.7,0.85
cg26768443,cg26768443_TC21_T1_GRM1,GRM1,16,Glutamate & synaptic scaffolding,cg26768443,GRM1,,,,no_evidence,,,FALSE,,,,,,,,,,0,,,,,,UNMAPPED,,,,,UNMAPPED,SHPRH,,0.1667,B,REQUESTED_GENE_UNAVAILABLE,,,,,,,,,,,,,,,"",no catalogue holds this CpG-gene pair and no distance could be computed,,
cg26778345,cg26778345_BC21_T1_ABAT,ABAT,17,GABA & excitation-inhibition balance,cg26778345,ABAT,1,higher methylation -> HIGHER expression,1,measured,A,"~1.00 (measured, not predicted)",FALSE,1,1,1,S2,2.127e-10,1,16841,TRUE,,1,1,ABAT,1,1,A,DIRECT_eQTM,ABAT,,0.1453,B,ABSTAIN,RERE,,0.3688,B,REQUESTED_GENE_UNAVAILABLE,,,,,,,,,,ABAT,blood,ABAT:+1,1,FALSE,"","",1,1
cg26800429,cg26800429_BC21_T1_NR4A1,NR4A1,18,Neurotrophins & activity-dependent plasticity,cg26800429,NR4A1,,,,no_evidence,,,FALSE,,,,,,,,,,0,,ANKRD33,,0.3429,A,REQUESTED_GENE_UNAVAILABLE,ACVRL1,,0.3197,A,REQUESTED_GENE_UNAVAILABLE,KRT7,,0.5988,A,REQUESTED_GENE_UNAVAILABLE,,,,,,,,,,,,,,,"",no catalogue holds this CpG-gene pair and no distance could be computed,,
cg26801014,cg26801014_BC21_T1_GRM5,GRM5,16,Glutamate & synaptic scaffolding,cg26801014,GRM5,,,,no_evidence,,,FALSE,,,,,,,,,,0,,CTSC,,0.2377,B,REQUESTED_GENE_UNAVAILABLE,CTSC,,0.139,B,REQUESTED_GENE_UNAVAILABLE,,,,,UNMAPPED,,,,,,,,,,,,,,,"",no catalogue holds this CpG-gene pair and no distance could be computed,,
cg26801536,cg26801536_BC21_T1_NADSYN1,NADSYN1,15,Kynurenine pathway,cg26801536,NADSYN1,,,,no_evidence,,,FALSE,,,,,,,,,,0,,FAM104A,,0.0451,A,REQUESTED_GENE_UNAVAILABLE,,,,,UNMAPPED,,,,,UNMAPPED,,,,,,,,,,,,,,,"",no catalogue holds this CpG-gene pair and no distance could be computed,,
cg26811638,cg26811638_BC11_T1_GNAS,GNAS,19,GPCR signalling & second messengers,cg26811638,GNAS,,,,no_evidence,,,FALSE,,,,,,,,,,0,,CTSZ,,0.4648,A,REQUESTED_GENE_UNAVAILABLE,CTSZ,,0.3409,B,REQUESTED_GENE_UNAVAILABLE,,,,,UNMAPPED,,,,,,,,,,,,,,,"",no catalogue holds this CpG-gene pair and no distance could be computed,,
cg26814075,cg26814075_BC11_T1_LEP,LEP,27,Appetite & metabolic programming,cg26814075,LEP,-1,higher methylation -> LOWER expression,,smr_moderate,,"0.84-0.86 (SMR tier S2, single instrument; validated n=6,008)",FALSE,-1,-1,-1,S2,1.433e-08,1,8211,TRUE,,0,,IMPDH1,,0.3467,A,REQUESTED_GENE_UNAVAILABLE,IMPDH1,,0.3409,B,REQUESTED_GENE_UNAVAILABLE,IMPDH1,,0.0131,B,REQUESTED_GENE_UNAVAILABLE,,,,,,,,,,,,,,,"",causal direction from SMR (blood); consistent with methylation affecting expression AND with linkage - HEIDI not run,0.7,0.15
cg26849535,cg26849535_TC21_T1_LDLR,LDLR,3,Steroidogenesis (adrenal & gonadal),cg26849535,LDLR,,,,no_evidence,,,FALSE,,,,,,,,,,0,,SMIM13,,0.2377,A,REQUESTED_GENE_UNAVAILABLE,DOCK6,,0.31,B,REQUESTED_GENE_UNAVAILABLE,DOCK6,,0.0131,B,REQUESTED_GENE_UNAVAILABLE,,,,,,,,,,,,,,,"",no catalogue holds this CpG-gene pair and no distance could be computed,,
cg26851891,cg26851891_BC21_T1_MEF2C,MEF2C,25,Social-synaptic & psychiatric risk,cg26851891,MEF2C,,,,no_evidence,,,FALSE,,,,,,,,,,0,,,,,,UNMAPPED,LINC00461,,0.3409,B,REQUESTED_GENE_UNAVAILABLE,LINC00461,,0.0131,B,REQUESTED_GENE_UNAVAILABLE,,,,,,,,,,,,,,,"",no catalogue holds this CpG-gene pair and no distance could be computed,,
cg26862822,cg26862822_BC21_T1_NKX2_2,NKX2-2,9,Serotonin,cg26862822,NKX2-2,,,,no_evidence,,,FALSE,,,,,,,,,,0,,,,,,UNMAPPED,,,,,UNMAPPED,,,,,UNMAPPED,,,,,,,,,,,,,,,"",no catalogue holds this CpG-gene pair and no distance could be computed,,
cg26875073,cg26875073_BC11_T1_SNRPN,SNRPN,21,Imprinted genes & DMRs,cg26875073,SNRPN,,,,no_evidence,,,FALSE,,,,,,,,,,0,,SNRPN;PWAR6;IPW,,0.6737,A,REQUESTED_GENE_UNAVAILABLE,,,,,UNMAPPED,,,,,UNMAPPED,,,,,,,,,,,,,,,"",no catalogue holds this CpG-gene pair and no distance could be computed,,
cg26890182,cg26890182_BC11_T1_ACMSD,ACMSD,15,Kynurenine pathway,cg26890182,ACMSD,,,,no_evidence,,,FALSE,,,,,,,,,,0,,AC011893.1,,0.1934,A,REQUESTED_GENE_UNAVAILABLE,,,,,UNMAPPED,,,,,UNMAPPED,,,,,,,,,,,,,,,"",no catalogue holds this CpG-gene pair and no distance could be computed,,
cg26890182,cg26890182_BC12_T1_ACMSD,ACMSD,15,Kynurenine pathway,cg26890182,ACMSD,,,,no_evidence,,,FALSE,,,,,,,,,,0,,AC011893.1,,0.1934,A,REQUESTED_GENE_UNAVAILABLE,,,,,UNMAPPED,,,,,UNMAPPED,,,,,,,,,,,,,,,"",no catalogue holds this CpG-gene pair and no distance could be computed,,
cg26890182,cg26890182_BC13_T1_ACMSD,ACMSD,15,Kynurenine pathway,cg26890182,ACMSD,,,,no_evidence,,,FALSE,,,,,,,,,,0,,AC011893.1,,0.1934,A,REQUESTED_GENE_UNAVAILABLE,,,,,UNMAPPED,,,,,UNMAPPED,,,,,,,,,,,,,,,"",no catalogue holds this CpG-gene pair and no distance could be computed,,
cg26901641,cg26901641_BC21_T1_EP300,EP300,20,Epigenetic machinery,cg26901641,EP300,,,,no_evidence,,,FALSE,,,,,,,,,,0,,CHADL,,0.289,A,REQUESTED_GENE_UNAVAILABLE,CHADL,,0.3771,A,REQUESTED_GENE_UNAVAILABLE,,,,,UNMAPPED,,,,,,,,,,,,,,,"",no catalogue holds this CpG-gene pair and no distance could be computed,,
cg26904823,cg26904823_TC21_T1_PCSK1,PCSK1,2,HPA axis & glucocorticoid signalling,cg26904823,PCSK1,,,,no_evidence,,,FALSE,,,,,,,,,,0,,,,,,UNMAPPED,,,,,UNMAPPED,,,,,UNMAPPED,,,,,,,,,,,,,,,"",no catalogue holds this CpG-gene pair and no distance could be computed,,
cg26908876,cg26908876_TC11_T1_KCNQ1OT1,KCNQ1OT1,21,Imprinted genes & DMRs,cg26908876,KCNQ1OT1,,,,no_evidence,,,FALSE,,,,,,,,,,0,,VLDLR,,0.3959,A,REQUESTED_GENE_UNAVAILABLE,CDKN1C,,0.0695,A,REQUESTED_GENE_UNAVAILABLE,CDKN1C,,0.4386,A,REQUESTED_GENE_UNAVAILABLE,,,,,,,,,,,,,,,"",no catalogue holds this CpG-gene pair and no distance could be computed,,
cg26917367,cg26917367_TC21_T1_PEG3,PEG3,21,Imprinted genes & DMRs,cg26917367,PEG3,,,,no_evidence,,,FALSE,,,,,,,,,,0,,ZNF835,,0.4598,A,REQUESTED_GENE_UNAVAILABLE,,,,,UNMAPPED,,,,,UNMAPPED,,,,,,,,,,,,,,,"",no catalogue holds this CpG-gene pair and no distance could be computed,,
cg26920605,cg26920605_BC21_T1_TRPM2,TRPM2,1,"Oxytocin, vasopressin & CICR",cg26920605,TRPM2,,,,tissue_conflict,A,,FALSE,,,,,,,,,,2,0.5,TRPM2,-1,0.7056,A,PREDICTED,TRPM2,1,0.7183,A,PREDICTED,TRPM2,,0.4326,B,ABSTAIN,,,,,,,,,,,,,,,"",tissues returned opposite directions; not resolved,,
cg26924408,cg26924408_BC21_T1_SLC6A3,SLC6A3,8,Dopamine,cg26924408,SLC6A3,,,,no_evidence,,,FALSE,,,,,,,,,,0,,INPP5K,,0.1852,A,REQUESTED_GENE_UNAVAILABLE,CLPTM1L,,0.31,B,REQUESTED_GENE_UNAVAILABLE,CLPTM1L,,0.1474,B,REQUESTED_GENE_UNAVAILABLE,,,,,,,,,,,,,,,"",no catalogue holds this CpG-gene pair and no distance could be computed,,
cg26936230,cg26936230_BC11_T1_SYN1,SYN1,18,Neurotrophins & activity-dependent plasticity,cg26936230,SYN1,,,,no_evidence,,,FALSE,,,,,,,,,,0,,,,,,UNMAPPED,,,,,UNMAPPED,,,,,UNMAPPED,,,,,,,,,,,,,,,"",no catalogue holds this CpG-gene pair and no distance could be computed,,
cg26952303,cg26952303_BC21_T1_SHANK1,SHANK1,16,Glutamate & synaptic scaffolding,cg26952303,SHANK1,,,,no_evidence,,,FALSE,,,,,,,,,,0,,CLEC11A,,0.8636,A,REQUESTED_GENE_UNAVAILABLE,JOSD2,,0.0695,A,REQUESTED_GENE_UNAVAILABLE,SHANK3,,0.0131,B,REQUESTED_GENE_UNAVAILABLE,,,,,,,,,,,,,,,"",no catalogue holds this CpG-gene pair and no distance could be computed,,
cg26955850,cg26955850_TC21_T1_OXT,OXT,1,"Oxytocin, vasopressin & CICR",cg26955850,OXT,,,,no_evidence,,,FALSE,,,,,,,,,,0,,AVP,,0.4598,A,REQUESTED_GENE_UNAVAILABLE,,,,,UNMAPPED,,,,,UNMAPPED,,,,,,,,,,,,,,,"",no catalogue holds this CpG-gene pair and no distance could be computed,,
cg26970087,cg26970087_TC11_T1_MAOB,MAOB,11,"Monoamine synthesis, transport & degradation",cg26970087,MAOB,,,,no_evidence,,,FALSE,,,,,,,,,,0,,,,,,UNMAPPED,,,,,UNMAPPED,,,,,UNMAPPED,,,,,,,,,,,,,,,"",no catalogue holds this CpG-gene pair and no distance could be computed,,
cg26970354,cg26970354_BC21_T1_PDE4D,PDE4D,19,GPCR signalling & second messengers,cg26970354,PDE4D,,,,no_evidence,,,FALSE,,,,,,,,,,0,,PDE4D,,0.2377,B,ABSTAIN,,,,,UNMAPPED,C14ORF37,,0.0131,B,REQUESTED_GENE_UNAVAILABLE,,,,,,,,,,,,,,,"",no catalogue holds this CpG-gene pair and no distance could be computed,,
cg26975066,cg26975066_TC21_T1_PGR,PGR,4,Sex steroids: receptors & metabolism,cg26975066,PGR,,,,no_evidence,,,FALSE,,,,,,,,,,0,,LOC101054525,,0.52,B,REQUESTED_GENE_UNAVAILABLE,,,,,UNMAPPED,,,,,UNMAPPED,,,,,,,,,,,,,,,"",no catalogue holds this CpG-gene pair and no distance could be computed,,
cg26977864,cg26977864_TC21_T1_KLK3,KLK3,4,Sex steroids: receptors & metabolism,cg26977864,KLK3,,,,no_evidence,,,FALSE,,,,,,,,,,0,,KLK1,,0.126,B,REQUESTED_GENE_UNAVAILABLE,KLK6,,0.0695,B,REQUESTED_GENE_UNAVAILABLE,KLK7,,0.0131,B,REQUESTED_GENE_UNAVAILABLE,,,,,,,,,,,,,,,"",no catalogue holds this CpG-gene pair and no distance could be computed,,
cg26993102,cg26993102_TC21_T1_HLA_L,HLA-L,24,"Immune, inflammation & HLA",cg26993102,HLA-L,1,higher methylation -> HIGHER expression,1,measured,A,"~1.00 (measured, not predicted)",FALSE,1,1,-1,S2,3.643e-13,1,15831,FALSE,,2,0.5,HLA-L,1,0.4648,A,DIRECT_eQTM,HLA-L,-1,0.9641,A,PREDICTED,TRIM10,,0.4431,B,REQUESTED_GENE_UNAVAILABLE,,,,,,,,,,HLA-L,blood,HLA-L:+1,1,FALSE,""," | SMR (causal, blood) says -1 at tier S2 but a stronger layer supplied the opposite sign - inspect before using",1,1
cg27011416,cg27011416_BC21_T1_CGA,CGA,5,"HPG axis, puberty & KNDy",cg27011416,CGA,,,,no_evidence,,,FALSE,,,,,,,,,,0,,SRI,,0.2377,B,REQUESTED_GENE_UNAVAILABLE,,,,,UNMAPPED,JPH3,,0.4431,B,REQUESTED_GENE_UNAVAILABLE,,,,,,,,,,,,,,,"",no catalogue holds this CpG-gene pair and no distance could be computed,,
cg27011848,cg27011848_BC21_T1_NRXN1,NRXN1,25,Social-synaptic & psychiatric risk,cg27011848,NRXN1,,,,no_evidence,,,FALSE,,,,,,,,,,0,,,,,,UNMAPPED,,,,,UNMAPPED,,,,,UNMAPPED,,,,,,,,,,,,,,,"",no catalogue holds this CpG-gene pair and no distance could be computed,,
cg27020253,cg27020253_BC21_T1_HLA_L,HLA-L,24,"Immune, inflammation & HLA",cg27020253,HLA-L,-1,higher methylation -> LOWER expression,1,measured,A,"~1.00 (measured, not predicted)",FALSE,-1,-1,,,,,,,-1,2,1,HLA-L,-1,0.7056,A,DIRECT_eQTM,HLA-L,-1,0.9158,A,DIRECT_eQTM,TRIM10,,0.4431,B,REQUESTED_GENE_UNAVAILABLE,,,,,,,,,,AL662795.2;HCG17;HCG18;HLA-L,blood;nasal_epithelium,AL662795.2:-1;HCG17:-1;HCG18:+1;HCG18:-1;HLA-L:-1,-1,FALSE,"","",1,0
cg27029946,cg27029946_BC21_T1_SYP,SYP,18,Neurotrophins & activity-dependent plasticity,cg27029946,SYP,,,,no_evidence,,,FALSE,,,,,,,,,,0,,,,,,UNMAPPED,,,,,UNMAPPED,,,,,UNMAPPED,,,,,,,,,,,,,,,"",no catalogue holds this CpG-gene pair and no distance could be computed,,
cg27047406,cg27047406_BC21_T1_SLC6A2,SLC6A2,10,Noradrenaline & sympathetic nervous system,cg27047406,SLC6A2,,,,no_evidence,,,FALSE,,,,,,,,,,0,,CES1P2,,0.0153,B,REQUESTED_GENE_UNAVAILABLE,CAPNS2,,0.8878,A,REQUESTED_GENE_UNAVAILABLE,CAPNS2,,0.0131,B,REQUESTED_GENE_UNAVAILABLE,,,,,,,,,,,,,,,"",no catalogue holds this CpG-gene pair and no distance could be computed,,
cg27051533,cg27051533_TC21_T1_PPARG,PPARG,27,Appetite & metabolic programming,cg27051533,PPARG,,,,no_evidence,,,FALSE,,,,,,,,,,0,,,,,,UNMAPPED,TIMP4,,0.1453,B,REQUESTED_GENE_UNAVAILABLE,TIMP4,,0.0131,B,REQUESTED_GENE_UNAVAILABLE,,,,,,,,,,,,,,,"",no catalogue holds this CpG-gene pair and no distance could be computed,,
cg27058063,cg27058063_BC21_T1_MTHFR,MTHFR,22,One-carbon metabolism,cg27058063,MTHFR,,,,no_evidence,,,FALSE,,,,,,,,,,0,,CLCN6;NPPA-AS1,,0.4598,A,REQUESTED_GENE_UNAVAILABLE,NPPA-AS1,,0.9542,A,REQUESTED_GENE_UNAVAILABLE,AGTRAP,,0.1474,B,REQUESTED_GENE_UNAVAILABLE,,,,,,,,,,,,,,,"",no catalogue holds this CpG-gene pair and no distance could be computed,,
cg27068143,cg27068143_BC21_T1_HTR2A,HTR2A,9,Serotonin,cg27068143,HTR2A,,,,no_evidence,,,FALSE,,,,,,,,,,0,,ESD,,0.058,B,REQUESTED_GENE_UNAVAILABLE,ESD,,0.8457,A,REQUESTED_GENE_UNAVAILABLE,,,,,UNMAPPED,,,,,,,,,,,,,,,"",no catalogue holds this CpG-gene pair and no distance could be computed,,
cg27073431,cg27073431_BC21_T1_CALM2,CALM2,1,"Oxytocin, vasopressin & CICR",cg27073431,CALM2,,,,no_evidence,,,FALSE,,,,,,,,,,0,,PCED1B,,0.289,B,REQUESTED_GENE_UNAVAILABLE,,,,,UNMAPPED,,,,,UNMAPPED,,,,,,,,,,,,,,,"",no catalogue holds this CpG-gene pair and no distance could be computed,,
cg27086028,cg27086028_TC21_T1_SHANK1,SHANK1,16,Glutamate & synaptic scaffolding,cg27086028,SHANK1,,,,no_evidence,,,FALSE,,,,,,,,,,0,,CLEC11A,,0.8636,A,REQUESTED_GENE_UNAVAILABLE,JOSD2,,0.0695,A,REQUESTED_GENE_UNAVAILABLE,SHANK3,,0.0131,B,REQUESTED_GENE_UNAVAILABLE,,,,,,,,,,,,,,,"",no catalogue holds this CpG-gene pair and no distance could be computed,,
cg27090784,cg27090784_TC11_T1_HTR4,HTR4,9,Serotonin,cg27090784,HTR4,,,,no_evidence,,,FALSE,,,,,,,,,,0,,,,,,UNMAPPED,,,,,UNMAPPED,,,,,UNMAPPED,,,,,,,,,,,,,,,"",no catalogue holds this CpG-gene pair and no distance could be computed,,
cg27103975,cg27103975_TC21_T1_HSD3B2,HSD3B2,3,Steroidogenesis (adrenal & gonadal),cg27103975,HSD3B2,,,,no_evidence,,,FALSE,,,,,,,,,,0,,,,,,UNMAPPED,,,,,UNMAPPED,,,,,UNMAPPED,,,,,,,,,,,,,,,"",no catalogue holds this CpG-gene pair and no distance could be computed,,
cg27107076,cg27107076_TC11_T1_ADCY3,ADCY3,19,GPCR signalling & second messengers,cg27107076,ADCY3,,,,no_evidence,,,FALSE,,,,,,,,,,0,,SRRM1,,0.1291,A,REQUESTED_GENE_UNAVAILABLE,PTRHD1,,0.3889,A,REQUESTED_GENE_UNAVAILABLE,SRRM1,,0.1815,A,REQUESTED_GENE_UNAVAILABLE,,,,,,,,,,,,,,,"",no catalogue holds this CpG-gene pair and no distance could be computed,,
cg27119222,cg27119222_BC21_T1_KCNQ1OT1,KCNQ1OT1,21,Imprinted genes & DMRs,cg27119222,KCNQ1OT1,,,,no_evidence,,,FALSE,,,,,,,,,,0,,VLDLR,,0.3959,A,REQUESTED_GENE_UNAVAILABLE,CDKN1C,,0.0695,A,REQUESTED_GENE_UNAVAILABLE,CDKN1C,,0.4326,A,REQUESTED_GENE_UNAVAILABLE,,,,,,,,,,,,,,,"",no catalogue holds this CpG-gene pair and no distance could be computed,,
cg27121959,cg27121959_TC21_T1_PGR,PGR,4,Sex steroids: receptors & metabolism,cg27121959,PGR,,,,no_evidence,,,FALSE,,,,,,,,,,0,,CDC14A,,0.2377,A,REQUESTED_GENE_UNAVAILABLE,,,,,UNMAPPED,,,,,UNMAPPED,,,,,,,,,,,,,,,"",no catalogue holds this CpG-gene pair and no distance could be computed,,
cg27144120,cg27144120_TC21_T1_AR,AR,4,Sex steroids: receptors & metabolism,cg27144120,AR,,,,no_evidence,,,FALSE,,,,,,,,,,0,,,,,,UNMAPPED,,,,,UNMAPPED,,,,,UNMAPPED,,,,,,,,,,,,,,,"",no catalogue holds this CpG-gene pair and no distance could be computed,,
cg27144194,cg27144194_TC21_T1_AR,AR,4,Sex steroids: receptors & metabolism,cg27144194,AR,,,,no_evidence,,,FALSE,,,,,,,,,,0,,,,,,UNMAPPED,,,,,UNMAPPED,,,,,UNMAPPED,,,,,,,,,,,,,,,"",no catalogue holds this CpG-gene pair and no distance could be computed,,
cg27144752,cg27144752_BC21_T1_AR,AR,4,Sex steroids: receptors & metabolism,cg27144752,AR,,,,no_evidence,,,FALSE,,,,,,,,,,0,,,,,,UNMAPPED,,,,,UNMAPPED,,,,,UNMAPPED,,,,,,,,,,,,,,,"",no catalogue holds this CpG-gene pair and no distance could be computed,,
cg27145133,cg27145133_BC21_T1_AR,AR,4,Sex steroids: receptors & metabolism,cg27145133,AR,,,,no_evidence,,,FALSE,,,,,,,,,,0,,,,,,UNMAPPED,,,,,UNMAPPED,,,,,UNMAPPED,,,,,,,,,,,,,,,"",no catalogue holds this CpG-gene pair and no distance could be computed,,
cg27145164,cg27145164_TC21_T1_AR,AR,4,Sex steroids: receptors & metabolism,cg27145164,AR,,,,no_evidence,,,FALSE,,,,,,,,,,0,,,,,,UNMAPPED,,,,,UNMAPPED,,,,,UNMAPPED,,,,,,,,,,,,,,,"",no catalogue holds this CpG-gene pair and no distance could be computed,,
cg27167627,cg27167627_BC21_T1_DLG3,DLG3,16,Glutamate & synaptic scaffolding,cg27167627,DLG3,,,,no_evidence,,,FALSE,,,,,,,,,,0,,,,,,UNMAPPED,,,,,UNMAPPED,,,,,UNMAPPED,,,,,,,,,,,,,,,"",no catalogue holds this CpG-gene pair and no distance could be computed,,
cg27168191,cg27168191_BC21_T1_DLG3,DLG3,16,Glutamate & synaptic scaffolding,cg27168191,DLG3,,,,no_evidence,,,FALSE,,,,,,,,,,0,,,,,,UNMAPPED,,,,,UNMAPPED,,,,,UNMAPPED,,,,,,,,,,,,,,,"",no catalogue holds this CpG-gene pair and no distance could be computed,,
cg27185772,cg27185772_BC11_T1_TPCN1,TPCN1,1,"Oxytocin, vasopressin & CICR",cg27185772,TPCN1,,,,no_evidence,,,FALSE,,,,,,,,,,0,,DTX1,,0.298,B,REQUESTED_GENE_UNAVAILABLE,SDS,,0.1453,A,REQUESTED_GENE_UNAVAILABLE,,,,,UNMAPPED,,,,,,,,,,,,,,,"",no catalogue holds this CpG-gene pair and no distance could be computed,,
cg27201505,cg27201505_BC21_T1_CREBBP,CREBBP,20,Epigenetic machinery,cg27201505,CREBBP,,,,no_evidence,,,FALSE,,,,,,,,,,0,,DNASE1,,0.0996,B,REQUESTED_GENE_UNAVAILABLE,SLX4,,0.4852,A,REQUESTED_GENE_UNAVAILABLE,DNASE1,,0.0131,B,REQUESTED_GENE_UNAVAILABLE,,,,,,,,,,,,,,,"",no catalogue holds this CpG-gene pair and no distance could be computed,,
cg27233338,cg27233338_BC21_T1_SNRPN,SNRPN,21,Imprinted genes & DMRs,cg27233338,SNRPN,,,,no_evidence,,,FALSE,,,,,,,,,,0,,SNRPN;SNURF,,0.1971,B,REQUESTED_GENE_UNAVAILABLE,,,,,UNMAPPED,,,,,UNMAPPED,,,,,,,,,,,,,,,"",no catalogue holds this CpG-gene pair and no distance could be computed,,
cg27251212,cg27251212_TC21_T1_PPARGC1A,PPARGC1A,27,Appetite & metabolic programming,cg27251212,PPARGC1A,,,,no_evidence,,,FALSE,,,,,,,,,,0,,,,,,UNMAPPED,,,,,UNMAPPED,,,,,UNMAPPED,,,,,,,,,,,,,,,"",no catalogue holds this CpG-gene pair and no distance could be computed,,
cg27263998,cg27263998_TC21_T1_IGF2,IGF2,21,Imprinted genes & DMRs,cg27263998,IGF2,,,,no_evidence,,,FALSE,,,,,,,,,,0,,MAD1L1,,0.1971,A,REQUESTED_GENE_UNAVAILABLE,CD81,,0.3639,A,REQUESTED_GENE_UNAVAILABLE,MAD1L1,,0.0131,B,REQUESTED_GENE_UNAVAILABLE,,,,,,,,,,,,,,,"",no catalogue holds this CpG-gene pair and no distance could be computed,,
cg27277859,cg27277859_BC21_T1_SHANK1,SHANK1,16,Glutamate & synaptic scaffolding,cg27277859,SHANK1,,,,no_evidence,,,FALSE,,,,,,,,,,0,,CLEC11A,,0.561,A,REQUESTED_GENE_UNAVAILABLE,JOSD2,,0.4583,A,REQUESTED_GENE_UNAVAILABLE,SHANK3,,0.0131,B,REQUESTED_GENE_UNAVAILABLE,,,,,,,,,,,,,,,"",no catalogue holds this CpG-gene pair and no distance could be computed,,
cg27304369,cg27304369_BC11_T1_GNAS,GNAS,19,GPCR signalling & second messengers,cg27304369,GNAS,,,,no_evidence,,,FALSE,,,,,,,,,,0,,CTSZ,,0.126,A,REQUESTED_GENE_UNAVAILABLE,CTSZ,,0.3409,B,REQUESTED_GENE_UNAVAILABLE,,,,,UNMAPPED,,,,,,,,,,,,,,,"",no catalogue holds this CpG-gene pair and no distance could be computed,,
cg27307087,cg27307087_BC21_T1_HTR1B,HTR1B,9,Serotonin,cg27307087,HTR1B,,,,no_evidence,,,FALSE,,,,,,,,,,0,,LHFPL2,,0.126,A,REQUESTED_GENE_UNAVAILABLE,,,,,UNMAPPED,LHFPL2,,0.0131,B,REQUESTED_GENE_UNAVAILABLE,,,,,,,,,,,,,,,"",no catalogue holds this CpG-gene pair and no distance could be computed,,
cg27311392,cg27311392_TC21_T1_TSC22D3,TSC22D3,2,HPA axis & glucocorticoid signalling,cg27311392,TSC22D3,,,,no_evidence,,,FALSE,,,,,,,,,,0,,,,,,UNMAPPED,,,,,UNMAPPED,,,,,UNMAPPED,,,,,,,,,,,,,,,"",no catalogue holds this CpG-gene pair and no distance could be computed,,
cg27313853,cg27313853_BC21_T1_AANAT,AANAT,23,Circadian & melatonin,cg27313853,AANAT,,,,no_evidence,,,FALSE,,,,,,,,,,0,,AC079325.1,,0.126,A,REQUESTED_GENE_UNAVAILABLE,RHBDF2,,0.5716,A,REQUESTED_GENE_UNAVAILABLE,SPHK1,,0.0131,B,REQUESTED_GENE_UNAVAILABLE,,,,,,,,,,,,,,,"",no catalogue holds this CpG-gene pair and no distance could be computed,,
cg27317356,cg27317356_TC21_T1_GRID1,GRID1,16,Glutamate & synaptic scaffolding,cg27317356,GRID1,,,,no_evidence,,,FALSE,,,,,,,,,,0,,LINC00863,,0.0597,B,REQUESTED_GENE_UNAVAILABLE,,,,,UNMAPPED,,,,,UNMAPPED,,,,,,,,,,,,,,,"",no catalogue holds this CpG-gene pair and no distance could be computed,,
cg27321439,cg27321439_TC21_T1_SLC12A5,SLC12A5,17,GABA & excitation-inhibition balance,cg27321439,SLC12A5,,,,no_evidence,,,FALSE,,,,,,,,,,0,,CD40,,0.298,A,REQUESTED_GENE_UNAVAILABLE,MMP9,,0.31,A,REQUESTED_GENE_UNAVAILABLE,PLTP,,0.0131,B,REQUESTED_GENE_UNAVAILABLE,,,,,,,,,,,,,,,"",no catalogue holds this CpG-gene pair and no distance could be computed,,
cg27328431,cg27328431_TC11_T1_TRPM2,TRPM2,1,"Oxytocin, vasopressin & CICR",cg27328431,TRPM2,1,higher methylation -> HIGHER expression,0.6564,catalogue_consensus,A,"0.77-0.87 (tier A, tissues agree)",FALSE,1,1,1,S2,6.707e-26,1,27327,TRUE,1,2,1,TRPM2,1,0.4517,A,PREDICTED,TRPM2,1,0.861,A,PREDICTED,TRPM2,,0.1474,B,ABSTAIN,,,,,,,,,,,,,,,"","",0.6564,0.8282
cg27331871,cg27331871_BC21_T1_IGF2,IGF2,21,Imprinted genes & DMRs,cg27331871,IGF2,,,,no_evidence,,,FALSE,,,,,,,,,,0,,MAD1L1,,0.1971,A,REQUESTED_GENE_UNAVAILABLE,CD81,,0.3639,A,REQUESTED_GENE_UNAVAILABLE,MAD1L1,,0.0131,B,REQUESTED_GENE_UNAVAILABLE,,,,,,,,,,,,,,,"",no catalogue holds this CpG-gene pair and no distance could be computed,,
cg27378540,cg27378540_BC21_T1_HMGCR,HMGCR,3,Steroidogenesis (adrenal & gonadal),cg27378540,HMGCR,,,,no_evidence,,,FALSE,,,,,,,,,,0,,ST6GALNAC1,,0.0641,B,REQUESTED_GENE_UNAVAILABLE,ST6GALNAC1,,0.4852,B,REQUESTED_GENE_UNAVAILABLE,HMGCR,,0.0131,A,ABSTAIN,,,,,,,,,,,,,,,"",no catalogue holds this CpG-gene pair and no distance could be computed,,
cg27399558,cg27399558_TC21_T1_COMT,COMT,8,Dopamine,cg27399558,COMT,,,,no_evidence,,,FALSE,,,,,,,,,,0,,COMT;MIR4761,,0.7056,A,REQUESTED_GENE_UNAVAILABLE,ARVCF,,0.31,A,REQUESTED_GENE_UNAVAILABLE,TBX1,,0.0131,A,REQUESTED_GENE_UNAVAILABLE,,,,,,,,,,,,,,,"",no catalogue holds this CpG-gene pair and no distance could be computed,,
cg27413065,cg27413065_TC21_T1_TSC22D3,TSC22D3,2,HPA axis & glucocorticoid signalling,cg27413065,TSC22D3,,,,no_evidence,,,FALSE,,,,,,,,,,0,,,,,,UNMAPPED,,,,,UNMAPPED,,,,,UNMAPPED,,,,,,,,,,,,,,,"",no catalogue holds this CpG-gene pair and no distance could be computed,,
cg27413076,cg27413076_BC21_T1_TSC22D3,TSC22D3,2,HPA axis & glucocorticoid signalling,cg27413076,TSC22D3,,,,no_evidence,,,FALSE,,,,,,,,,,0,,,,,,UNMAPPED,,,,,UNMAPPED,,,,,UNMAPPED,,,,,,,,,,,,,,,"",no catalogue holds this CpG-gene pair and no distance could be computed,,
cg27413080,cg27413080_TC21_T1_TSC22D3,TSC22D3,2,HPA axis & glucocorticoid signalling,cg27413080,TSC22D3,,,,no_evidence,,,FALSE,,,,,,,,,,0,,,,,,UNMAPPED,,,,,UNMAPPED,,,,,UNMAPPED,,,,,,,,,,,,,,,"",no catalogue holds this CpG-gene pair and no distance could be computed,,
cg27417677,cg27417677_TC21_T1_MEST,MEST,21,Imprinted genes & DMRs,cg27417677,MEST,,,,no_evidence,,,FALSE,,,,,,,,,,0,,CPA5,,0.7056,A,REQUESTED_GENE_UNAVAILABLE,ARHGAP18,,0.4852,A,REQUESTED_GENE_UNAVAILABLE,CPA5,,0.2027,A,REQUESTED_GENE_UNAVAILABLE,,,,,,,,,,,,,,,"",no catalogue holds this CpG-gene pair and no distance could be computed,,
cg27449804,cg27449804_BC21_T1_COMT,COMT,8,Dopamine,cg27449804,COMT,,,,no_evidence,,,FALSE,,,,,,,,,,0,,COMT;MIR4761,,0.3429,A,REQUESTED_GENE_UNAVAILABLE,ARVCF,,0.3409,A,REQUESTED_GENE_UNAVAILABLE,TBX1,,0.1667,A,REQUESTED_GENE_UNAVAILABLE,,,,,,,,,,,,,,,"",no catalogue holds this CpG-gene pair and no distance could be computed,,
cg27456788,cg27456788_BC21_T1_HTR2C,HTR2C,9,Serotonin,cg27456788,HTR2C,,,,no_evidence,,,FALSE,,,,,,,,,,0,,,,,,UNMAPPED,,,,,UNMAPPED,,,,,UNMAPPED,,,,,,,,,,,,,,,"",no catalogue holds this CpG-gene pair and no distance could be computed,,
cg27456801,cg27456801_BC21_T1_HTR2C,HTR2C,9,Serotonin,cg27456801,HTR2C,,,,no_evidence,,,FALSE,,,,,,,,,,0,,,,,,UNMAPPED,,,,,UNMAPPED,,,,,UNMAPPED,,,,,,,,,,,,,,,"",no catalogue holds this CpG-gene pair and no distance could be computed,,
cg27456802,cg27456802_BC21_T1_HTR2C,HTR2C,9,Serotonin,cg27456802,HTR2C,,,,no_evidence,,,FALSE,,,,,,,,,,0,,,,,,UNMAPPED,,,,,UNMAPPED,,,,,UNMAPPED,,,,,,,,,,,,,,,"",no catalogue holds this CpG-gene pair and no distance could be computed,,
cg27456807,cg27456807_BC11_T1_HTR2C,HTR2C,9,Serotonin,cg27456807,HTR2C,,,,no_evidence,,,FALSE,,,,,,,,,,0,,,,,,UNMAPPED,,,,,UNMAPPED,,,,,UNMAPPED,,,,,,,,,,,,,,,"",no catalogue holds this CpG-gene pair and no distance could be computed,,
cg27456816,cg27456816_BC21_T1_HTR2C,HTR2C,9,Serotonin,cg27456816,HTR2C,,,,no_evidence,,,FALSE,,,,,,,,,,0,,,,,,UNMAPPED,,,,,UNMAPPED,,,,,UNMAPPED,,,,,,,,,,,,,,,"",no catalogue holds this CpG-gene pair and no distance could be computed,,
cg27461259,cg27461259_BC21_T1_PPARGC1A,PPARGC1A,27,Appetite & metabolic programming,cg27461259,PPARGC1A,1,higher methylation -> HIGHER expression,,smr_high,,"0.95-0.97 (SMR tier S1, concordant instruments; validated n=2,141)",FALSE,1,1,1,S1,1.154e-25,2,61433,TRUE,,0,,,,,,UNMAPPED,,,,,UNMAPPED,,,,,UNMAPPED,,,,,,,,,,,,,,,"",causal direction from SMR (blood); consistent with methylation affecting expression AND with linkage - HEIDI not run,0.7,0.85
cg27477277,cg27477277_TC21_T1_TRPM2,TRPM2,1,"Oxytocin, vasopressin & CICR",cg27477277,TRPM2,,,,no_evidence,,,FALSE,,,,,,,,,,0,,TRPM2,,0.126,A,ABSTAIN,TRPM2,,0.0288,A,ABSTAIN,TRPM2,,0.1667,A,ABSTAIN,,,,,,,,,,,,,,,"",no catalogue holds this CpG-gene pair and no distance could be computed,,
cg27497831,cg27497831_BC21_T1_AVPR2,AVPR2,1,"Oxytocin, vasopressin & CICR",cg27497831,AVPR2,,,,no_evidence,,,FALSE,,,,,,,,,,0,,PNMA6B,,0.1971,A,REQUESTED_GENE_UNAVAILABLE,,,,,UNMAPPED,,,,,UNMAPPED,,,,,,,,,,,,,,,"",no catalogue holds this CpG-gene pair and no distance could be computed,,
cg27504782,cg27504782_BC21_T1_PEG10,PEG10,21,Imprinted genes & DMRs,cg27504782,PEG10,,,,no_evidence,,,FALSE,,,,,,,,,,0,,PEG10,,0.3429,B,ABSTAIN,,,,,UNMAPPED,IDE,,0.1474,B,REQUESTED_GENE_UNAVAILABLE,,,,,,,,,,,,,,,"",no catalogue holds this CpG-gene pair and no distance could be computed,,
cg27514608,cg27514608_BC21_T1_PPARGC1A,PPARGC1A,27,Appetite & metabolic programming,cg27514608,PPARGC1A,,,,no_evidence,,,FALSE,,,,,,,,,,0,,,,,,UNMAPPED,,,,,UNMAPPED,,,,,UNMAPPED,,,,,,,,,,,,,,,"",no catalogue holds this CpG-gene pair and no distance could be computed,,
cg27519373,cg27519373_BC21_T1_PEG3,PEG3,21,Imprinted genes & DMRs,cg27519373,PEG3,,,,no_evidence,,,FALSE,,,,,,,,,,0,,ZNF835,,0.7056,A,REQUESTED_GENE_UNAVAILABLE,,,,,UNMAPPED,,,,,UNMAPPED,,,,,,,,,,,,,,,"",no catalogue holds this CpG-gene pair and no distance could be computed,,
cg27528351,cg27528351_TC21_T1_DDC,DDC,11,"Monoamine synthesis, transport & degradation",cg27528351,DDC,,,,no_evidence,,,FALSE,,,,,,,,,,0,,LIMA1,,0.561,A,REQUESTED_GENE_UNAVAILABLE,GRB10,,0.9158,A,REQUESTED_GENE_UNAVAILABLE,BRD7,,0.2414,B,REQUESTED_GENE_UNAVAILABLE,,,,,,,,,,,,,,,"",no catalogue holds this CpG-gene pair and no distance could be computed,,
cg27531336,cg27531336_TC21_T1_PENK,PENK,12,Opioid & melanocortin,cg27531336,PENK,,,,no_evidence,,,FALSE,,,,,,,,,,0,,,,,,UNMAPPED,,,,,UNMAPPED,ZDHHC5,,0.0131,B,REQUESTED_GENE_UNAVAILABLE,,,,,,,,,,,,,,,"",no catalogue holds this CpG-gene pair and no distance could be computed,,
cg27531490,cg27531490_TC11_T1_TNF,TNF,24,"Immune, inflammation & HLA",cg27531490,TNF,-1,higher methylation -> LOWER expression,0.7708,catalogue_consensus,A,"0.77-0.87 (tier A, tissues agree)",FALSE,-1,-1,,,,,,,-1,2,1,TNF,-1,0.6537,A,PREDICTED,TNF,-1,0.8878,A,PREDICTED,LTB,,0.0131,A,REQUESTED_GENE_UNAVAILABLE,,,,,,,,,,MICB,nasal_epithelium,MICB:-1,,TRUE,"measured association is with MICB, not the requested gene - check which gene this CpG actually tracks","| measured association is with MICB, not the requested gene",0.7708,0.1146
cg27546017,cg27546017_BC11_T1_TLR4,TLR4,24,"Immune, inflammation & HLA",cg27546017,TLR4,,,,no_evidence,,,FALSE,,,,,,,,,,0,,,,,,UNMAPPED,,,,,UNMAPPED,,,,,UNMAPPED,,,,,,,,,,,,,,,"",no catalogue holds this CpG-gene pair and no distance could be computed,,
cg27549720,cg27549720_TC11_T1_HTR6,HTR6,9,Serotonin,cg27549720,HTR6,-1,higher methylation -> LOWER expression,,smr_moderate,,"0.84-0.86 (SMR tier S2, single instrument; validated n=6,008)",FALSE,-1,-1,-1,S2,2.637e-53,1,6750,TRUE,,0,,MINOS1-NBL1,,0.4729,A,REQUESTED_GENE_UNAVAILABLE,NBL1,,0.8366,A,REQUESTED_GENE_UNAVAILABLE,GPRC5B,,0.1815,B,REQUESTED_GENE_UNAVAILABLE,,,,,,,,,,,,,,,"",causal direction from SMR (blood); consistent with methylation affecting expression AND with linkage - HEIDI not run,0.7,0.15
cg27551227,cg27551227_TC21_T1_HTR5A,HTR5A,9,Serotonin,cg27551227,HTR5A,,,,no_evidence,,,FALSE,,,,,,,,,,0,,,,,,UNMAPPED,,,,,UNMAPPED,,,,,UNMAPPED,,,,,,,,,,,,,,,"",no catalogue holds this CpG-gene pair and no distance could be computed,,
cg27589003,cg27589003_TC11_T1_MEST,MEST,21,Imprinted genes & DMRs,cg27589003,MEST,,,,no_evidence,,,FALSE,,,,,,,,,,0,,CPA5,,0.6667,A,REQUESTED_GENE_UNAVAILABLE,ARHGAP18,,0.4852,A,REQUESTED_GENE_UNAVAILABLE,CPA5,,0.2027,A,REQUESTED_GENE_UNAVAILABLE,,,,,,,,,,,,,,,"",no catalogue holds this CpG-gene pair and no distance could be computed,,
cg27602795,cg27602795_TC21_T1_GRM4,GRM4,16,Glutamate & synaptic scaffolding,cg27602795,GRM4,,,,no_evidence,,,FALSE,,,,,,,,,,0,,,,,,UNMAPPED,,,,,UNMAPPED,,,,,UNMAPPED,,,,,,,,,,,,,,,"",no catalogue holds this CpG-gene pair and no distance could be computed,,
cg27604721,cg27604721_TC21_T1_KCNQ1OT1,KCNQ1OT1,21,Imprinted genes & DMRs,cg27604721,KCNQ1OT1,,,,no_evidence,,,FALSE,,,,,,,,,,0,,VLDLR,,0.7856,A,REQUESTED_GENE_UNAVAILABLE,CDKN1C,,0.0695,A,REQUESTED_GENE_UNAVAILABLE,CDKN1C,,0.4386,A,REQUESTED_GENE_UNAVAILABLE,,,,,,,,,,,,,,,"",no catalogue holds this CpG-gene pair and no distance could be computed,,
cg27607273,cg27607273_TC21_T1_UHRF1,UHRF1,20,Epigenetic machinery,cg27607273,UHRF1,,,,no_evidence,,,FALSE,,,,,,,,,,0,,ARRDC5,,0.3705,A,REQUESTED_GENE_UNAVAILABLE,KDM4B,,0.1556,B,REQUESTED_GENE_UNAVAILABLE,INCA1,,0.2694,A,REQUESTED_GENE_UNAVAILABLE,,,,,,,,,,,,,,,"",no catalogue holds this CpG-gene pair and no distance could be computed,,
cg27624424,cg27624424_BC21_T1_SOD2,SOD2,29,Oxidative stress & mitochondria,cg27624424,SOD2,-1,higher methylation -> LOWER expression,,smr_moderate,,"0.84-0.86 (SMR tier S2, single instrument; validated n=6,008)",FALSE,-1,-1,-1,S2,1.949e-11,1,29224,TRUE,,0,,LOC401281,,0.0153,A,REQUESTED_GENE_UNAVAILABLE,SOD2,,0.0695,B,ABSTAIN,SOD2,,0.2027,A,ABSTAIN,,,,,,,,,,,,,,,"",causal direction from SMR (blood); consistent with methylation affecting expression AND with linkage - HEIDI not run,0.7,0.15
cg27661264,cg27661264_TC21_T1_GNAS,GNAS,19,GPCR signalling & second messengers,cg27661264,GNAS,,,,no_evidence,,,FALSE,,,,,,,,,,0,,CTSZ,,0.4648,A,REQUESTED_GENE_UNAVAILABLE,CTSZ,,0.3409,B,REQUESTED_GENE_UNAVAILABLE,,,,,UNMAPPED,,,,,,,,,,,,,,,"",no catalogue holds this CpG-gene pair and no distance could be computed,,
cg27767528,cg27767528_TC21_T1_MECP2,MECP2,20,Epigenetic machinery,cg27767528,MECP2,,,,no_evidence,,,FALSE,,,,,,,,,,0,,,,,,UNMAPPED,,,,,UNMAPPED,,,,,UNMAPPED,,,,,,,,,,,,,,,"",no catalogue holds this CpG-gene pair and no distance could be computed,,
nv-GRCh38-chr19-3118944-3118944-A-C_TC11_T1_GNA11,nv-GRCh38-chr19-3118944-3118944-A-C_TC11_T1_GNA11,GNA11,1,"Oxytocin, vasopressin & CICR",,,,,,,,,,,,,,,,,,,,,,,,,,,,,,,,,,,,,,,,,,,,,,,,,,,,,
nv-GRCh38-chr19-3118944-3118944-A-T_BC11_T1_GNA11,nv-GRCh38-chr19-3118944-3118944-A-T_BC11_T1_GNA11,GNA11,1,"Oxytocin, vasopressin & CICR",,,,,,,,,,,,,,,,,,,,,,,,,,,,,,,,,,,,,,,,,,,,,,,,,,,,,
nv-GRCh38-chr2-177234071-177234071-T-A_BC11_T1_NFE2L2,nv-GRCh38-chr2-177234071-177234071-T-A_BC11_T1_NFE2L2,NFE2L2,29,Oxidative stress & mitochondria,,,,,,,,,,,,,,,,,,,,,,,,,,,,,,,,,,,,,,,,,,,,,,,,,,,,,
nv-GRCh38-chr2-177234071-177234071-T-G_TC11_T1_NFE2L2,nv-GRCh38-chr2-177234071-177234071-T-G_TC11_T1_NFE2L2,NFE2L2,29,Oxidative stress & mitochondria,,,,,,,,,,,,,,,,,,,,,,,,,,,,,,,,,,,,,,,,,,,,,,,,,,,,,
nv-GRCh38-chr2-211562036-211562036-C-A_BC11_T1_ERBB4,nv-GRCh38-chr2-211562036-211562036-C-A_BC11_T1_ERBB4,ERBB4,25,Social-synaptic & psychiatric risk,,,,,,,,,,,,,,,,,,,,,,,,,,,,,,,,,,,,,,,,,,,,,,,,,,,,,
nv-GRCh38-chr9-77797577-77797577-C-A_BC11_T1_GNAQ,nv-GRCh38-chr9-77797577-77797577-C-A_BC11_T1_GNAQ,GNAQ,1,"Oxytocin, vasopressin & CICR",,,,,,,,,,,,,,,,,,,,,,,,,,,,,,,,,,,,,,,,,,,,,,,,,,,,,
